surfaceType,surfaceId,actorType,actorRole,context,intent,transaction,journeyId,servicesInvolved,apisInvolved,registriesInvolved,trustSecurityChecks,dataRecords,eventTopics,uiSurface,mobileSurface,nompiloSupport,relatedFeatures,nextActions,completionCriteria,doctrineCompliance,orchestrationStatus,sourcePath,apiClientHook
"frontend-route","/auth/login","provider","person","facility-bound professional capacity","Sign In","ADMINISTRATIVE_HEALTH:Provider Login & Role Activation","provider-login","tshepo-authz-service; tshepo-identity-service; varapi-service; experience-bff","/internal/v1/auth/*, /internal/v1/identity/providers","varapi-service","ext_authz; step-up; device trust","session; provider registry lookup","auth.session.created","/auth/login","apps/mobile/citizen-app/src/screens/LoginScreen.tsx; apps/mobile/provider-app/src/screens/LoginScreen.tsx","expected","workspace-context-selection; facility-context-selection","session established","Provider signs in with Provider ID, activates role, lands in workspace","mapped-to-core-transaction","coherent","ui/one-ui-shell/src/app/auth/login/page.tsx","hooks/queries/useAuth.ts"
"frontend-route","/auth/login/email","provider","person","facility-bound professional capacity","Sign In with Email","ADMINISTRATIVE_HEALTH:Provider Login & Role Activation","provider-login","tshepo-authz-service; tshepo-identity-service; varapi-service; experience-bff","/internal/v1/auth/*, /internal/v1/identity/providers","varapi-service","ext_authz; step-up; device trust","session; provider registry lookup","auth.session.created","/auth/login/email","apps/mobile/citizen-app/src/screens/LoginScreen.tsx; apps/mobile/provider-app/src/screens/LoginScreen.tsx","expected","workspace-context-selection; facility-context-selection","session established","Provider signs in with Provider ID, activates role, lands in workspace","mapped-to-core-transaction","coherent","ui/one-ui-shell/src/app/auth/login/email/page.tsx","hooks/queries/useAuth.ts"
"frontend-route","/auth/login/provider-id","provider","person","facility-bound professional capacity","Sign In with Provider ID","ADMINISTRATIVE_HEALTH:Provider Login & Role Activation","provider-login","tshepo-authz-service; tshepo-identity-service; varapi-service; experience-bff","/internal/v1/auth/*, /internal/v1/identity/providers","varapi-service","ext_authz; step-up; device trust","session; provider registry lookup","auth.session.created","/auth/login/provider-id","apps/mobile/citizen-app/src/screens/LoginScreen.tsx; apps/mobile/provider-app/src/screens/LoginScreen.tsx","expected","workspace-context-selection; facility-context-selection","session established","Provider signs in with Provider ID, activates role, lands in workspace","mapped-to-core-transaction","coherent","ui/one-ui-shell/src/app/auth/login/provider-id/page.tsx","hooks/queries/useAuth.ts"
"frontend-route","/auth/login/biometric","provider","person","facility-bound professional capacity","Biometric Verification","ADMINISTRATIVE_HEALTH:Provider Login & Role Activation","provider-login","tshepo-authz-service; tshepo-identity-service; varapi-service; experience-bff","/internal/v1/auth/*, /internal/v1/identity/providers","varapi-service","ext_authz; step-up; device trust","session; provider registry lookup","auth.session.created","/auth/login/biometric","apps/mobile/citizen-app/src/screens/LoginScreen.tsx; apps/mobile/provider-app/src/screens/LoginScreen.tsx","expected","workspace-context-selection; facility-context-selection","session established","Provider signs in with Provider ID, activates role, lands in workspace","mapped-to-core-transaction","coherent","ui/one-ui-shell/src/app/auth/login/biometric/page.tsx","hooks/queries/useAuth.ts"
"frontend-route","/auth/forgot-password","citizen","person","authentication","Forgot Password","","","experience-bff","","","none","","","/auth/forgot-password","","optional","","","","unmapped","unclear-intent","ui/one-ui-shell/src/app/auth/forgot-password/page.tsx","hooks/queries/useAuth.ts"
"frontend-route","/auth/reset-password","citizen","person","authentication","Reset Password","","","experience-bff","","","none","","","/auth/reset-password","","optional","","","","unmapped","unclear-intent","ui/one-ui-shell/src/app/auth/reset-password/page.tsx","hooks/queries/useAuth.ts"
"frontend-route","/auth/mfa","provider","person","facility-bound professional capacity","Multi-Factor Authentication","ADMINISTRATIVE_HEALTH:Provider Login & Role Activation","provider-login","tshepo-authz-service; tshepo-identity-service; varapi-service; experience-bff","/internal/v1/auth/*, /internal/v1/identity/providers","varapi-service","ext_authz; step-up; device trust","session; provider registry lookup","auth.session.created","/auth/mfa","apps/mobile/citizen-app/src/screens/LoginScreen.tsx; apps/mobile/provider-app/src/screens/LoginScreen.tsx","expected","workspace-context-selection; facility-context-selection","session established","Provider signs in with Provider ID, activates role, lands in workspace","mapped-to-core-transaction","coherent","ui/one-ui-shell/src/app/auth/mfa/page.tsx","hooks/queries/useAuth.ts"
"frontend-route","/auth/logout","citizen","person","authentication","Signing Out","","","experience-bff","","","none","","","/auth/logout","","optional","","","","unmapped","unclear-intent","ui/one-ui-shell/src/app/auth/logout/page.tsx","hooks/queries/useAuth.ts"
"frontend-route","/auth","citizen","person","self-service registration; assurance level pending","Authentication","ADMINISTRATIVE_HEALTH:Citizen / Client Onboarding","citizen-onboarding","vito-service; tshepo-identity-service; identity-assurance-service; tshepo-consent-service; experience-bff","/internal/v1/auth/*, /internal/v1/identity/*, /internal/v1/vito/*","vito-service","TSHEPO session; identity assurance; consent","VITO clients; identity issuance; consent directives","identity.issued; core.transaction.events","/auth","apps/mobile/citizen-app/src/screens/personal/HealthIdSection.tsx; apps/mobile/citizen-app/src/screens/personal/ProfileSection.tsx","expected","consent-capture; health-id-issuance","consent review","Citizen completes registration, receives Health ID, sees next-step guidance","mapped-to-core-transaction","missing-journey","ui/one-ui-shell/src/app/auth/page.tsx","hooks/queries/useAuth.ts"
"frontend-route","/auth/register","citizen","person","self-service registration; assurance level pending","Create Account","ADMINISTRATIVE_HEALTH:Citizen / Client Onboarding","citizen-onboarding","vito-service; tshepo-identity-service; identity-assurance-service; tshepo-consent-service; experience-bff","/internal/v1/auth/*, /internal/v1/identity/*, /internal/v1/vito/*","vito-service","TSHEPO session; identity assurance; consent","VITO clients; identity issuance; consent directives","identity.issued; core.transaction.events","/auth/register","apps/mobile/citizen-app/src/screens/personal/HealthIdSection.tsx; apps/mobile/citizen-app/src/screens/personal/ProfileSection.tsx","expected","consent-capture; health-id-issuance","consent review","Citizen completes registration, receives Health ID, sees next-step guidance","mapped-to-core-transaction","missing-journey","ui/one-ui-shell/src/app/auth/register/page.tsx","hooks/queries/useAuth.ts"
"frontend-route","/auth/register/assurance","citizen","person","self-service registration; assurance level pending","Identity Assurance","ADMINISTRATIVE_HEALTH:Citizen / Client Onboarding","citizen-onboarding","vito-service; tshepo-identity-service; identity-assurance-service; tshepo-consent-service; experience-bff","/internal/v1/auth/*, /internal/v1/identity/*, /internal/v1/vito/*","vito-service","TSHEPO session; identity assurance; consent","VITO clients; identity issuance; consent directives","identity.issued; core.transaction.events","/auth/register/assurance","apps/mobile/citizen-app/src/screens/personal/HealthIdSection.tsx; apps/mobile/citizen-app/src/screens/personal/ProfileSection.tsx","expected","consent-capture; health-id-issuance","consent review","Citizen completes registration, receives Health ID, sees next-step guidance","mapped-to-core-transaction","missing-journey","ui/one-ui-shell/src/app/auth/register/assurance/page.tsx","hooks/queries/useAuth.ts"
"frontend-route","/auth/register/status","citizen","person","self-service registration; assurance level pending","Registration Status","ADMINISTRATIVE_HEALTH:Citizen / Client Onboarding","citizen-onboarding","vito-service; tshepo-identity-service; identity-assurance-service; tshepo-consent-service; experience-bff","/internal/v1/auth/*, /internal/v1/identity/*, /internal/v1/vito/*","vito-service","TSHEPO session; identity assurance; consent","VITO clients; identity issuance; consent directives","identity.issued; core.transaction.events","/auth/register/status","apps/mobile/citizen-app/src/screens/personal/HealthIdSection.tsx; apps/mobile/citizen-app/src/screens/personal/ProfileSection.tsx","expected","consent-capture; health-id-issuance","consent review","Citizen completes registration, receives Health ID, sees next-step guidance","mapped-to-core-transaction","missing-journey","ui/one-ui-shell/src/app/auth/register/status/page.tsx","hooks/queries/useAuth.ts"
"frontend-route","/auth/resolving","provider","person","facility-bound professional capacity","Resolving Session","ADMINISTRATIVE_HEALTH:Provider Login & Role Activation","provider-login","tshepo-authz-service; tshepo-identity-service; varapi-service; experience-bff","/internal/v1/auth/*, /internal/v1/identity/providers","varapi-service","ext_authz; step-up; device trust","session; provider registry lookup","auth.session.created","/auth/resolving","apps/mobile/citizen-app/src/screens/LoginScreen.tsx; apps/mobile/provider-app/src/screens/LoginScreen.tsx","expected","workspace-context-selection; facility-context-selection","session established","Provider signs in with Provider ID, activates role, lands in workspace","mapped-to-core-transaction","coherent","ui/one-ui-shell/src/app/auth/resolving/page.tsx","hooks/queries/useAuth.ts"
"frontend-route","/privacy","citizen","person","authentication","Privacy Policy","","","experience-bff","","","none","","","/privacy","","optional","","","","unmapped","unclear-intent","ui/one-ui-shell/src/app/privacy/page.tsx","hooks/queries/usePrivacyPreferences.ts"
"frontend-route","/terms","citizen","person","authentication","Terms of Use","","","experience-bff","","","none","","","/terms","","optional","","","","unmapped","isolated-page","ui/one-ui-shell/src/app/terms/page.tsx",""
"frontend-route","/consent","citizen","person","care, telehealth, data sharing","Review Policies","ADMINISTRATIVE_HEALTH:Consent Capture","consent-capture","mvumo-service; tshepo-consent-service; experience-bff","/internal/v1/consent/*, /internal/v1/mvumo/*","","consent evaluation; purpose-of-use","consent directives; mvumo records","trust-governance; core.transaction.events","/consent","apps/mobile/citizen-app/src/screens/personal/PatientConsentScreen.tsx","expected","telemedicine-encounter; citizen-onboarding","enforce","Consent captured, enforced on subsequent clinical access","mapped-to-core-transaction","coherent","ui/one-ui-shell/src/app/consent/page.tsx","hooks/queries/useConsent.ts"
"frontend-route","/account-deletion","citizen","person","authentication","Account Deletion","","","experience-bff","","","none","","","/account-deletion","","optional","","","","unmapped","isolated-page","ui/one-ui-shell/src/app/account-deletion/page.tsx",""
"frontend-route","/privacy/app-stores","citizen","person","authentication","App Store Privacy","","","experience-bff","","","none","","","/privacy/app-stores","","optional","","","","unmapped","unclear-intent","ui/one-ui-shell/src/app/privacy/app-stores/page.tsx","hooks/queries/usePrivacyPreferences.ts"
"frontend-route","/clinical","provider","clinical-staff","outpatient clinic","Clinical Care","FACILITY_WALK_IN:Outpatient Consultation","outpatient-consultation","pct-service; butano-service; oros-service; pharmacy-service; experience-bff","/internal/v1/encounters, /internal/v1/triage, /internal/v1/clinical-notes","","standard clinical authz","encounter; vitals; notes; orders","core.transaction.events; pct-clinical-encounter","/clinical","apps/mobile/provider-app/src/screens/provider/TriageScreen.tsx; apps/mobile/provider-app/src/screens/provider/VitalsMonitorScreen.tsx; apps/mobile/provider-app/src/screens/provider/VitalsPanel.tsx","expected","provider-patient-encounter; prescription-dispense","discharge instructions","Outpatient consult documented with vitals, note, and next steps","mapped-to-core-transaction","missing-journey","ui/one-ui-shell/src/app/clinical/page.tsx","hooks/queries/useClinicalCuration.ts"
"frontend-route","/core-transaction","provider","clinical-staff","EHR encounter workspace","Core Transaction","FACILITY_WALK_IN:Provider Patient Encounter","provider-patient-encounter","pct-service; butano-service; experience-bff; guidance-service","/internal/v1/encounters/*, /internal/v1/core-transactions/*","","provider capacity; consent; break-glass if emergency","encounter lifecycle; clinical notes; vitals","pct.encounter.*; core.transaction.events","/core-transaction","apps/mobile/provider-app/src/screens/provider/EncounterScreen.tsx","expected","outpatient-consultation; lab-order-result; prescription-dispense","complete encounter","Provider completes encounter end-to-end with real PCT data","mapped-to-core-transaction","missing-journey","ui/one-ui-shell/src/app/core-transaction/page.tsx",""
"frontend-route","/client-journey","platform","person","unified transaction spine","Client Journey","FACILITY_WALK_IN:Core Transaction Orchestration Shell","core-transaction-orchestration","experience-bff; workflow-service; pct-service; costing-engine-service","/internal/v1/core-transactions/*, /experience/core-transactions/*","","full trust stack","transaction orchestration state","core.transaction.events","/client-journey","","expected","provider-patient-encounter; payment-billing-claim","complete","Core transaction shell shows live timeline from BFF","mapped-to-core-transaction","missing-journey","ui/one-ui-shell/src/app/client-journey/page.tsx",""
"frontend-route","/provider-workspace","platform","clinical-staff","unified transaction spine","Provider Workspace","FACILITY_WALK_IN:Core Transaction Orchestration Shell","core-transaction-orchestration","experience-bff; workflow-service; pct-service; costing-engine-service","/internal/v1/core-transactions/*, /experience/core-transactions/*","","full trust stack","transaction orchestration state","core.transaction.events","/provider-workspace","","expected","provider-patient-encounter; payment-billing-claim","complete","Core transaction shell shows live timeline from BFF","mapped-to-core-transaction","missing-journey","ui/one-ui-shell/src/app/provider-workspace/page.tsx",""
"frontend-route","/platform-journey","platform","platform-admin","unified transaction spine","Platform Journey","FACILITY_WALK_IN:Core Transaction Orchestration Shell","core-transaction-orchestration","experience-bff; workflow-service; pct-service; costing-engine-service","/internal/v1/core-transactions/*, /experience/core-transactions/*","","full trust stack","transaction orchestration state","core.transaction.events","/platform-journey","","expected","provider-patient-encounter; payment-billing-claim","complete","Core transaction shell shows live timeline from BFF","mapped-to-core-transaction","missing-journey","ui/one-ui-shell/src/app/platform-journey/page.tsx",""
"frontend-route","/clinical-tools","provider","clinical-staff","outpatient clinic","Clinical Tools","FACILITY_WALK_IN:Outpatient Consultation","outpatient-consultation","pct-service; butano-service; oros-service; pharmacy-service; experience-bff","/internal/v1/encounters, /internal/v1/triage, /internal/v1/clinical-notes","","standard clinical authz","encounter; vitals; notes; orders","core.transaction.events; pct-clinical-encounter","/clinical-tools","apps/mobile/provider-app/src/screens/provider/TriageScreen.tsx; apps/mobile/provider-app/src/screens/provider/VitalsMonitorScreen.tsx; apps/mobile/provider-app/src/screens/provider/VitalsPanel.tsx","expected","provider-patient-encounter; prescription-dispense","discharge instructions","Outpatient consult documented with vitals, note, and next steps","mapped-to-core-transaction","missing-journey","ui/one-ui-shell/src/app/clinical-tools/page.tsx",""
"frontend-route","/clinical-tools/rules","provider","clinical-staff","outpatient clinic","Rules Engine","FACILITY_WALK_IN:Outpatient Consultation","outpatient-consultation","pct-service; butano-service; oros-service; pharmacy-service; experience-bff","/internal/v1/encounters, /internal/v1/triage, /internal/v1/clinical-notes","","standard clinical authz","encounter; vitals; notes; orders","core.transaction.events; pct-clinical-encounter","/clinical-tools/rules","apps/mobile/provider-app/src/screens/provider/TriageScreen.tsx; apps/mobile/provider-app/src/screens/provider/VitalsMonitorScreen.tsx; apps/mobile/provider-app/src/screens/provider/VitalsPanel.tsx","expected","provider-patient-encounter; prescription-dispense","discharge instructions","Outpatient consult documented with vitals, note, and next steps","mapped-to-core-transaction","missing-journey","ui/one-ui-shell/src/app/clinical-tools/rules/page.tsx",""
"frontend-route","/clinical-tools/forms","provider","clinical-staff","outpatient clinic","Form Builder","FACILITY_WALK_IN:Outpatient Consultation","outpatient-consultation","pct-service; butano-service; oros-service; pharmacy-service; experience-bff","/internal/v1/encounters, /internal/v1/triage, /internal/v1/clinical-notes","","standard clinical authz","encounter; vitals; notes; orders","core.transaction.events; pct-clinical-encounter","/clinical-tools/forms","apps/mobile/provider-app/src/screens/provider/TriageScreen.tsx; apps/mobile/provider-app/src/screens/provider/VitalsMonitorScreen.tsx; apps/mobile/provider-app/src/screens/provider/VitalsPanel.tsx","expected","provider-patient-encounter; prescription-dispense","discharge instructions","Outpatient consult documented with vitals, note, and next steps","mapped-to-core-transaction","mock-stub","ui/one-ui-shell/src/app/clinical-tools/forms/page.tsx",""
"frontend-route","/clinical/control-tower","provider","clinical-staff","outpatient clinic","Control Tower","FACILITY_WALK_IN:Outpatient Consultation","outpatient-consultation","pct-service; butano-service; oros-service; pharmacy-service; experience-bff","/internal/v1/encounters, /internal/v1/triage, /internal/v1/clinical-notes","","standard clinical authz","encounter; vitals; notes; orders","core.transaction.events; pct-clinical-encounter","/clinical/control-tower","apps/mobile/provider-app/src/screens/provider/TriageScreen.tsx; apps/mobile/provider-app/src/screens/provider/VitalsMonitorScreen.tsx; apps/mobile/provider-app/src/screens/provider/VitalsPanel.tsx","expected","provider-patient-encounter; prescription-dispense","discharge instructions","Outpatient consult documented with vitals, note, and next steps","mapped-to-core-transaction","missing-journey","ui/one-ui-shell/src/app/clinical/control-tower/page.tsx","hooks/queries/useClinicalCuration.ts"
"frontend-route","/clinical/dictation","provider","clinical-staff","outpatient clinic","Voice Dictation","FACILITY_WALK_IN:Outpatient Consultation","outpatient-consultation","pct-service; butano-service; oros-service; pharmacy-service; experience-bff","/internal/v1/encounters, /internal/v1/triage, /internal/v1/clinical-notes","","standard clinical authz","encounter; vitals; notes; orders","core.transaction.events; pct-clinical-encounter","/clinical/dictation","apps/mobile/provider-app/src/screens/provider/TriageScreen.tsx; apps/mobile/provider-app/src/screens/provider/VitalsMonitorScreen.tsx; apps/mobile/provider-app/src/screens/provider/VitalsPanel.tsx","expected","provider-patient-encounter; prescription-dispense","discharge instructions","Outpatient consult documented with vitals, note, and next steps","mapped-to-core-transaction","missing-journey","ui/one-ui-shell/src/app/clinical/dictation/page.tsx","hooks/queries/useClinicalCuration.ts"
"frontend-route","/clinical/emergency","provider","clinical-staff","outpatient clinic","ED / Casualty","FACILITY_WALK_IN:Outpatient Consultation","outpatient-consultation","pct-service; butano-service; oros-service; pharmacy-service; experience-bff","/internal/v1/encounters, /internal/v1/triage, /internal/v1/clinical-notes","","standard clinical authz","encounter; vitals; notes; orders","core.transaction.events; pct-clinical-encounter","/clinical/emergency","apps/mobile/provider-app/src/screens/provider/TriageScreen.tsx; apps/mobile/provider-app/src/screens/provider/VitalsMonitorScreen.tsx; apps/mobile/provider-app/src/screens/provider/VitalsPanel.tsx","expected","provider-patient-encounter; prescription-dispense","discharge instructions","Outpatient consult documented with vitals, note, and next steps","mapped-to-core-transaction","missing-journey","ui/one-ui-shell/src/app/clinical/emergency/page.tsx","hooks/queries/useClinicalCuration.ts"
"frontend-route","/clinical/inpatient","provider","clinical-staff","outpatient clinic","Inpatient Care","FACILITY_WALK_IN:Outpatient Consultation","outpatient-consultation","pct-service; butano-service; oros-service; pharmacy-service; experience-bff","/internal/v1/encounters, /internal/v1/triage, /internal/v1/clinical-notes","","standard clinical authz","encounter; vitals; notes; orders","core.transaction.events; pct-clinical-encounter","/clinical/inpatient","apps/mobile/provider-app/src/screens/provider/TriageScreen.tsx; apps/mobile/provider-app/src/screens/provider/VitalsMonitorScreen.tsx; apps/mobile/provider-app/src/screens/provider/VitalsPanel.tsx","expected","provider-patient-encounter; prescription-dispense","discharge instructions","Outpatient consult documented with vitals, note, and next steps","mapped-to-core-transaction","missing-journey","ui/one-ui-shell/src/app/clinical/inpatient/page.tsx","hooks/queries/useClinicalCuration.ts"
"frontend-route","/clinical/inpatient/admissions","provider","clinical-staff","outpatient clinic","Inpatient Admissions","FACILITY_WALK_IN:Outpatient Consultation","outpatient-consultation","pct-service; butano-service; oros-service; pharmacy-service; experience-bff","/internal/v1/encounters, /internal/v1/triage, /internal/v1/clinical-notes","","standard clinical authz","encounter; vitals; notes; orders","core.transaction.events; pct-clinical-encounter","/clinical/inpatient/admissions","apps/mobile/provider-app/src/screens/provider/TriageScreen.tsx; apps/mobile/provider-app/src/screens/provider/VitalsMonitorScreen.tsx; apps/mobile/provider-app/src/screens/provider/VitalsPanel.tsx","expected","provider-patient-encounter; prescription-dispense","discharge instructions","Outpatient consult documented with vitals, note, and next steps","mapped-to-core-transaction","missing-journey","ui/one-ui-shell/src/app/clinical/inpatient/admissions/page.tsx","hooks/queries/useClinicalCuration.ts"
"frontend-route","/clinical/inpatient/admissions/[admissionId]","provider","clinical-staff","outpatient clinic","Inpatient Episode","FACILITY_WALK_IN:Outpatient Consultation","outpatient-consultation","pct-service; butano-service; oros-service; pharmacy-service; experience-bff","/internal/v1/encounters, /internal/v1/triage, /internal/v1/clinical-notes","","standard clinical authz","encounter; vitals; notes; orders","core.transaction.events; pct-clinical-encounter","/clinical/inpatient/admissions/[admissionId]","apps/mobile/provider-app/src/screens/provider/TriageScreen.tsx; apps/mobile/provider-app/src/screens/provider/VitalsMonitorScreen.tsx; apps/mobile/provider-app/src/screens/provider/VitalsPanel.tsx","expected","provider-patient-encounter; prescription-dispense","discharge instructions","Outpatient consult documented with vitals, note, and next steps","mapped-to-core-transaction","missing-journey","ui/one-ui-shell/src/app/clinical/inpatient/admissions/[admissionId]/page.tsx","hooks/queries/useClinicalCuration.ts"
"frontend-route","/clinical/inpatient/ward-board","provider","clinical-staff","outpatient clinic","Ward Board","FACILITY_WALK_IN:Outpatient Consultation","outpatient-consultation","pct-service; butano-service; oros-service; pharmacy-service; experience-bff","/internal/v1/encounters, /internal/v1/triage, /internal/v1/clinical-notes","","standard clinical authz","encounter; vitals; notes; orders","core.transaction.events; pct-clinical-encounter","/clinical/inpatient/ward-board","apps/mobile/provider-app/src/screens/provider/TriageScreen.tsx; apps/mobile/provider-app/src/screens/provider/VitalsMonitorScreen.tsx; apps/mobile/provider-app/src/screens/provider/VitalsPanel.tsx","expected","provider-patient-encounter; prescription-dispense","discharge instructions","Outpatient consult documented with vitals, note, and next steps","mapped-to-core-transaction","missing-journey","ui/one-ui-shell/src/app/clinical/inpatient/ward-board/page.tsx","hooks/queries/useClinicalCuration.ts"
"frontend-route","/clinical/inpatient/nursing","provider","clinical-staff","outpatient clinic","Nursing Workbench","FACILITY_WALK_IN:Outpatient Consultation","outpatient-consultation","pct-service; butano-service; oros-service; pharmacy-service; experience-bff","/internal/v1/encounters, /internal/v1/triage, /internal/v1/clinical-notes","","standard clinical authz","encounter; vitals; notes; orders","core.transaction.events; pct-clinical-encounter","/clinical/inpatient/nursing","apps/mobile/provider-app/src/screens/provider/TriageScreen.tsx; apps/mobile/provider-app/src/screens/provider/VitalsMonitorScreen.tsx; apps/mobile/provider-app/src/screens/provider/VitalsPanel.tsx","expected","provider-patient-encounter; prescription-dispense","discharge instructions","Outpatient consult documented with vitals, note, and next steps","mapped-to-core-transaction","missing-journey","ui/one-ui-shell/src/app/clinical/inpatient/nursing/page.tsx","hooks/queries/useClinicalCuration.ts"
"frontend-route","/clinical/inpatient/rounds","provider","clinical-staff","outpatient clinic","Medical Rounds","FACILITY_WALK_IN:Outpatient Consultation","outpatient-consultation","pct-service; butano-service; oros-service; pharmacy-service; experience-bff","/internal/v1/encounters, /internal/v1/triage, /internal/v1/clinical-notes","","standard clinical authz","encounter; vitals; notes; orders","core.transaction.events; pct-clinical-encounter","/clinical/inpatient/rounds","apps/mobile/provider-app/src/screens/provider/TriageScreen.tsx; apps/mobile/provider-app/src/screens/provider/VitalsMonitorScreen.tsx; apps/mobile/provider-app/src/screens/provider/VitalsPanel.tsx","expected","provider-patient-encounter; prescription-dispense","discharge instructions","Outpatient consult documented with vitals, note, and next steps","mapped-to-core-transaction","missing-journey","ui/one-ui-shell/src/app/clinical/inpatient/rounds/page.tsx","hooks/queries/useClinicalCuration.ts"
"frontend-route","/clinical/inpatient/discharge/[admissionId]","provider","clinical-staff","outpatient clinic","Inpatient Discharge","FACILITY_WALK_IN:Outpatient Consultation","outpatient-consultation","pct-service; butano-service; oros-service; pharmacy-service; experience-bff","/internal/v1/encounters, /internal/v1/triage, /internal/v1/clinical-notes","","standard clinical authz","encounter; vitals; notes; orders","core.transaction.events; pct-clinical-encounter","/clinical/inpatient/discharge/[admissionId]","apps/mobile/provider-app/src/screens/provider/TriageScreen.tsx; apps/mobile/provider-app/src/screens/provider/VitalsMonitorScreen.tsx; apps/mobile/provider-app/src/screens/provider/VitalsPanel.tsx","expected","provider-patient-encounter; prescription-dispense","discharge instructions","Outpatient consult documented with vitals, note, and next steps","mapped-to-core-transaction","missing-journey","ui/one-ui-shell/src/app/clinical/inpatient/discharge/[admissionId]/page.tsx","hooks/queries/useClinicalCuration.ts"
"frontend-route","/production-command-centre","system-administrator","platform-admin","governance","Production Command Centre","","","experience-bff","","","auth","","","/production-command-centre","","optional","","","","unmapped","isolated-page","ui/one-ui-shell/src/app/production-command-centre/page.tsx",""
"frontend-route","/health-os/command-centre","system-administrator","platform-admin","governance","Health OS Command Centre","","","experience-bff","","","auth","","","/health-os/command-centre","","optional","","","","unmapped","isolated-page","ui/one-ui-shell/src/app/health-os/command-centre/page.tsx",""
"frontend-route","/data-intelligence","data-analyst","auth","operations or public health intelligence","Data & Intelligence","ADMINISTRATIVE_HEALTH:Data / Report / Dashboard Journey","reporting-dashboard","reporting-service; data-warehouse-service; surveillance-service; experience-bff","/internal/v1/reports/*, /internal/v1/intelligence-plane/*","","reporting RBAC; de-identification","report runs; aggregates","analytics.reporting.aggregate","/data-intelligence","apps/mobile/provider-app/src/screens/provider/OpsReportsHubScreen.tsx; apps/mobile/provider-app/src/screens/provider/ReportsScreen.tsx","expected","public-health-outreach; surveillance-outbreak","audit","Analyst runs report with correct scope and audit","mapped-to-core-transaction","missing-journey","ui/one-ui-shell/src/app/data-intelligence/page.tsx",""
"frontend-route","/data-intelligence/quality","data-analyst","auth","operations or public health intelligence","Data Quality","ADMINISTRATIVE_HEALTH:Data / Report / Dashboard Journey","reporting-dashboard","reporting-service; data-warehouse-service; surveillance-service; experience-bff","/internal/v1/reports/*, /internal/v1/intelligence-plane/*","","reporting RBAC; de-identification","report runs; aggregates","analytics.reporting.aggregate","/data-intelligence/quality","apps/mobile/provider-app/src/screens/provider/OpsReportsHubScreen.tsx; apps/mobile/provider-app/src/screens/provider/ReportsScreen.tsx","expected","public-health-outreach; surveillance-outbreak","audit","Analyst runs report with correct scope and audit","mapped-to-core-transaction","missing-journey","ui/one-ui-shell/src/app/data-intelligence/quality/page.tsx",""
"frontend-route","/data-intelligence/pipelines","data-analyst","auth","operations or public health intelligence","Data Pipelines","ADMINISTRATIVE_HEALTH:Data / Report / Dashboard Journey","reporting-dashboard","reporting-service; data-warehouse-service; surveillance-service; experience-bff","/internal/v1/reports/*, /internal/v1/intelligence-plane/*","","reporting RBAC; de-identification","report runs; aggregates","analytics.reporting.aggregate","/data-intelligence/pipelines","apps/mobile/provider-app/src/screens/provider/OpsReportsHubScreen.tsx; apps/mobile/provider-app/src/screens/provider/ReportsScreen.tsx","expected","public-health-outreach; surveillance-outbreak","audit","Analyst runs report with correct scope and audit","mapped-to-core-transaction","missing-journey","ui/one-ui-shell/src/app/data-intelligence/pipelines/page.tsx",""
"frontend-route","/data-intelligence/integration","data-analyst","auth","operations or public health intelligence","Integration Monitor","ADMINISTRATIVE_HEALTH:Data / Report / Dashboard Journey","reporting-dashboard","reporting-service; data-warehouse-service; surveillance-service; experience-bff","/internal/v1/reports/*, /internal/v1/intelligence-plane/*","","reporting RBAC; de-identification","report runs; aggregates","analytics.reporting.aggregate","/data-intelligence/integration","apps/mobile/provider-app/src/screens/provider/OpsReportsHubScreen.tsx; apps/mobile/provider-app/src/screens/provider/ReportsScreen.tsx","expected","public-health-outreach; surveillance-outbreak","audit","Analyst runs report with correct scope and audit","mapped-to-core-transaction","missing-journey","ui/one-ui-shell/src/app/data-intelligence/integration/page.tsx",""
"frontend-route","/data-intelligence/reports","data-analyst","auth","operations or public health intelligence","Reporting Hub","ADMINISTRATIVE_HEALTH:Data / Report / Dashboard Journey","reporting-dashboard","reporting-service; data-warehouse-service; surveillance-service; experience-bff","/internal/v1/reports/*, /internal/v1/intelligence-plane/*","","reporting RBAC; de-identification","report runs; aggregates","analytics.reporting.aggregate","/data-intelligence/reports","apps/mobile/provider-app/src/screens/provider/OpsReportsHubScreen.tsx; apps/mobile/provider-app/src/screens/provider/ReportsScreen.tsx","expected","public-health-outreach; surveillance-outbreak","audit","Analyst runs report with correct scope and audit","mapped-to-core-transaction","missing-journey","ui/one-ui-shell/src/app/data-intelligence/reports/page.tsx",""
"frontend-route","/data-intelligence/audit","data-analyst","auth","operations or public health intelligence","Audit Intelligence","ADMINISTRATIVE_HEALTH:Data / Report / Dashboard Journey","reporting-dashboard","reporting-service; data-warehouse-service; surveillance-service; experience-bff","/internal/v1/reports/*, /internal/v1/intelligence-plane/*","","reporting RBAC; de-identification","report runs; aggregates","analytics.reporting.aggregate","/data-intelligence/audit","apps/mobile/provider-app/src/screens/provider/OpsReportsHubScreen.tsx; apps/mobile/provider-app/src/screens/provider/ReportsScreen.tsx","expected","public-health-outreach; surveillance-outbreak","audit","Analyst runs report with correct scope and audit","mapped-to-core-transaction","missing-journey","ui/one-ui-shell/src/app/data-intelligence/audit/page.tsx",""
"frontend-route","/ndila","health-information-officer","ops","public health intelligence","Ndila Maps","COMMUNITY_OUTREACH:Surveillance / Outbreak Response","surveillance-outbreak","surveillance-service; campaigns-service; ndila-service; experience-bff","/internal/v1/public-health/*","","public health RBAC","surveillance signals; campaigns","campaigns-outbound; ndila-events","/ndila","apps/mobile/citizen-app/src/screens/publicHealth/PublicHealthScreen.tsx; apps/mobile/provider-app/src/screens/provider/PublicHealthFieldTasksScreen.tsx","expected","public-health-outreach; reporting-dashboard","report","Outbreak signal investigated with campaign linkage","mapped-to-core-transaction","missing-journey","ui/one-ui-shell/src/app/ndila/page.tsx","hooks/queries/useNdila.ts"
"frontend-route","/public-health","community-health-worker","platform-admin","field outreach mode","Public Health","COMMUNITY_OUTREACH:Public Health / CHW Outreach","public-health-outreach","community-service; surveillance-service; campaigns-service; indawo-service; experience-bff","/internal/v1/public-health/*, /internal/v1/community/*","","CHW role; outreach authz","outreach visits; screening data","campaigns-outbound","/public-health","apps/mobile/citizen-app/src/screens/publicHealth/PublicHealthScreen.tsx; apps/mobile/provider-app/src/screens/outreach/FollowUpScreen.tsx; apps/mobile/provider-app/src/screens/outreach/HouseholdListScreen.tsx; apps/mobile/provider-app/src/screens/outreach/OutreachDashboardScreen.tsx; apps/mobile/provider-app/src/screens/outreach/ScreeningScreen.tsx; apps/mobile/provider-app/src/screens/provider/PublicHealthFieldTasksScreen.tsx","expected","surveillance-outbreak; reporting-dashboard","follow-up","CHW records outreach visit on mobile","mapped-to-core-transaction","missing-journey","ui/one-ui-shell/src/app/public-health/page.tsx",""
"frontend-route","/public-health/surveillance","community-health-worker","platform-admin","field outreach mode","Surveillance","COMMUNITY_OUTREACH:Public Health / CHW Outreach","public-health-outreach","community-service; surveillance-service; campaigns-service; indawo-service; experience-bff","/internal/v1/public-health/*, /internal/v1/community/*","","CHW role; outreach authz","outreach visits; screening data","campaigns-outbound","/public-health/surveillance","apps/mobile/citizen-app/src/screens/publicHealth/PublicHealthScreen.tsx; apps/mobile/provider-app/src/screens/outreach/FollowUpScreen.tsx; apps/mobile/provider-app/src/screens/outreach/HouseholdListScreen.tsx; apps/mobile/provider-app/src/screens/outreach/OutreachDashboardScreen.tsx; apps/mobile/provider-app/src/screens/outreach/ScreeningScreen.tsx; apps/mobile/provider-app/src/screens/provider/PublicHealthFieldTasksScreen.tsx","expected","surveillance-outbreak; reporting-dashboard","follow-up","CHW records outreach visit on mobile","mapped-to-core-transaction","missing-journey","ui/one-ui-shell/src/app/public-health/surveillance/page.tsx",""
"frontend-route","/public-health/campaigns","community-health-worker","platform-admin","field outreach mode","Campaigns","COMMUNITY_OUTREACH:Public Health / CHW Outreach","public-health-outreach","community-service; surveillance-service; campaigns-service; indawo-service; experience-bff","/internal/v1/public-health/*, /internal/v1/community/*","","CHW role; outreach authz","outreach visits; screening data","campaigns-outbound","/public-health/campaigns","apps/mobile/citizen-app/src/screens/publicHealth/PublicHealthScreen.tsx; apps/mobile/provider-app/src/screens/outreach/FollowUpScreen.tsx; apps/mobile/provider-app/src/screens/outreach/HouseholdListScreen.tsx; apps/mobile/provider-app/src/screens/outreach/OutreachDashboardScreen.tsx; apps/mobile/provider-app/src/screens/outreach/ScreeningScreen.tsx; apps/mobile/provider-app/src/screens/provider/PublicHealthFieldTasksScreen.tsx","expected","surveillance-outbreak; reporting-dashboard","follow-up","CHW records outreach visit on mobile","mapped-to-core-transaction","mock-stub","ui/one-ui-shell/src/app/public-health/campaigns/page.tsx",""
"frontend-route","/public-health/site-registry","community-health-worker","platform-admin","field outreach mode","Site Registry","COMMUNITY_OUTREACH:Public Health / CHW Outreach","public-health-outreach","community-service; surveillance-service; campaigns-service; indawo-service; experience-bff","/internal/v1/public-health/*, /internal/v1/community/*","","CHW role; outreach authz","outreach visits; screening data","campaigns-outbound","/public-health/site-registry","apps/mobile/citizen-app/src/screens/publicHealth/PublicHealthScreen.tsx; apps/mobile/provider-app/src/screens/outreach/FollowUpScreen.tsx; apps/mobile/provider-app/src/screens/outreach/HouseholdListScreen.tsx; apps/mobile/provider-app/src/screens/outreach/OutreachDashboardScreen.tsx; apps/mobile/provider-app/src/screens/outreach/ScreeningScreen.tsx; apps/mobile/provider-app/src/screens/provider/PublicHealthFieldTasksScreen.tsx","expected","surveillance-outbreak; reporting-dashboard","follow-up","CHW records outreach visit on mobile","mapped-to-core-transaction","missing-journey","ui/one-ui-shell/src/app/public-health/site-registry/page.tsx",""
"frontend-route","/public-health/site-registry/[siteId]","community-health-worker","platform-admin","field outreach mode","Site Profile","COMMUNITY_OUTREACH:Public Health / CHW Outreach","public-health-outreach","community-service; surveillance-service; campaigns-service; indawo-service; experience-bff","/internal/v1/public-health/*, /internal/v1/community/*","","CHW role; outreach authz","outreach visits; screening data","campaigns-outbound","/public-health/site-registry/[siteId]","apps/mobile/citizen-app/src/screens/publicHealth/PublicHealthScreen.tsx; apps/mobile/provider-app/src/screens/outreach/FollowUpScreen.tsx; apps/mobile/provider-app/src/screens/outreach/HouseholdListScreen.tsx; apps/mobile/provider-app/src/screens/outreach/OutreachDashboardScreen.tsx; apps/mobile/provider-app/src/screens/outreach/ScreeningScreen.tsx; apps/mobile/provider-app/src/screens/provider/PublicHealthFieldTasksScreen.tsx","expected","surveillance-outbreak; reporting-dashboard","follow-up","CHW records outreach visit on mobile","mapped-to-core-transaction","missing-journey","ui/one-ui-shell/src/app/public-health/site-registry/[siteId]/page.tsx",""
"frontend-route","/omnichannel","platform","platform-admin","omnichannel comms hub","Omnichannel Hub","ADMINISTRATIVE_HEALTH:Notification & Communications","notification-comms","notification-service; channels-service; community-service; experience-bff","/internal/v1/notifications/*, /internal/v1/communication/*, /internal/v1/omnichannel/*","","comms authz; consent for outreach","notification store; delivery status","notification.sent","/omnichannel","apps/mobile/citizen-app/src/screens/messaging/MessagingInboxScreen.tsx; apps/mobile/citizen-app/src/screens/messaging/ThreadViewScreen.tsx; apps/mobile/provider-app/src/screens/provider/MessagingScreen.tsx","expected","consent-capture; appointment-scheduling","feedback","Notification sent and delivery status visible","mapped-to-core-transaction","coherent","ui/one-ui-shell/src/app/omnichannel/page.tsx","hooks/queries/useOmnichannel.ts"
"frontend-route","/coverage","citizen","platform-admin","encounter billing or coverage","Coverage Operations","ADMINISTRATIVE_HEALTH:Payment / Billing / Exemption / Claim","payment-billing-claim","costing-engine-service; mushex-service; coverage-service; mushe-wallet-service; experience-bff","/internal/v1/finance/*, /internal/v1/coverage/*, /internal/v1/wallet/*","","financial authz; purpose-of-use","billing; claims; payments; remittance","core.transaction.events; finance-oros-pharmacy","/coverage","apps/mobile/citizen-app/src/screens/personal/FinanceSection.tsx; apps/mobile/citizen-app/src/screens/personal/WalletSection.tsx; apps/mobile/provider-app/src/screens/provider/BillingScreen.tsx; apps/mobile/provider-app/src/screens/provider/FinanceOverviewScreen.tsx","expected","wallet-payment; coverage-enrollment","remittance","Bill generated, payment or claim completed with audit","mapped-to-core-transaction","missing-journey","ui/one-ui-shell/src/app/coverage/page.tsx","hooks/queries/useCoverage.ts"
"frontend-route","/id-services","citizen","platform-admin","self-service registration; assurance level pending","Identity Services","ADMINISTRATIVE_HEALTH:Citizen / Client Onboarding","citizen-onboarding","vito-service; tshepo-identity-service; identity-assurance-service; tshepo-consent-service; experience-bff","/internal/v1/auth/*, /internal/v1/identity/*, /internal/v1/vito/*","vito-service","TSHEPO session; identity assurance; consent","VITO clients; identity issuance; consent directives","identity.issued; core.transaction.events","/id-services","apps/mobile/citizen-app/src/screens/personal/HealthIdSection.tsx; apps/mobile/citizen-app/src/screens/personal/ProfileSection.tsx","expected","consent-capture; health-id-issuance","consent review","Citizen completes registration, receives Health ID, sees next-step guidance","mapped-to-core-transaction","missing-journey","ui/one-ui-shell/src/app/id-services/page.tsx",""
"frontend-route","/ai-governance","system-administrator","platform-admin","governance","AI Governance","","","experience-bff","","","role","","","/ai-governance","","optional","","","","unmapped","isolated-page","ui/one-ui-shell/src/app/ai-governance/page.tsx",""
"frontend-route","/ai-governance/models/[id]","system-administrator","platform-admin","governance","AI Model","","","experience-bff","","","role","","","/ai-governance/models/[id]","","optional","","","","unmapped","isolated-page","ui/one-ui-shell/src/app/ai-governance/models/[id]/page.tsx",""
"frontend-route","/access","system-administrator","platform-admin","governance","Access Channels","","","experience-bff","","","role","","","/access","","optional","","","","unmapped","unclear-intent","ui/one-ui-shell/src/app/access/page.tsx","hooks/queries/useDataAccessGovernance.ts"
"frontend-route","/kiosk","citizen","person","authentication","Self Check-In","","","experience-bff","","","none","","","/kiosk","","optional","","","","unmapped","isolated-page","ui/one-ui-shell/src/app/kiosk/page.tsx",""
"frontend-route","/","citizen","person","self-service registration; assurance level pending","Home","ADMINISTRATIVE_HEALTH:Citizen / Client Onboarding","citizen-onboarding","vito-service; tshepo-identity-service; identity-assurance-service; tshepo-consent-service; experience-bff","/internal/v1/auth/*, /internal/v1/identity/*, /internal/v1/vito/*","vito-service","TSHEPO session; identity assurance; consent","VITO clients; identity issuance; consent directives","identity.issued; core.transaction.events","/","apps/mobile/citizen-app/src/screens/personal/HealthIdSection.tsx; apps/mobile/citizen-app/src/screens/personal/ProfileSection.tsx","expected","consent-capture; health-id-issuance","consent review","Citizen completes registration, receives Health ID, sees next-step guidance","mapped-to-core-transaction","missing-journey","ui/one-ui-shell/src/app/page.tsx",""
"frontend-route","/home","citizen","person","life-hub","Home","","","experience-bff","","","auth","","","/home","","optional","","","","unmapped","isolated-page","ui/one-ui-shell/src/app/home/page.tsx",""
"frontend-route","/home/notifications","citizen","person","life-hub","Notifications","","","experience-bff","","","auth","","","/home/notifications","","optional","","","","unmapped","isolated-page","ui/one-ui-shell/src/app/home/notifications/page.tsx",""
"frontend-route","/home/profile","citizen","person","life-hub","My Profile","","","experience-bff","","","auth","","","/home/profile","","optional","","","","unmapped","isolated-page","ui/one-ui-shell/src/app/home/profile/page.tsx",""
"frontend-route","/home/preferences","citizen","person","life-hub","Preferences","","","experience-bff","","","auth","","","/home/preferences","","optional","","","","unmapped","isolated-page","ui/one-ui-shell/src/app/home/preferences/page.tsx",""
"frontend-route","/home/credentials","citizen","person","life-hub","Credentials & CPD","","","experience-bff","","","auth","","","/home/credentials","","optional","","","","unmapped","isolated-page","ui/one-ui-shell/src/app/home/credentials/page.tsx",""
"frontend-route","/home/referrals","citizen","person","life-hub","My Referrals","","","experience-bff","","","auth","","","/home/referrals","","optional","","","","unmapped","isolated-page","ui/one-ui-shell/src/app/home/referrals/page.tsx",""
"frontend-route","/home/medications","citizen","person","life-hub","My Medications","","","experience-bff","","","auth","","","/home/medications","","optional","","","","unmapped","isolated-page","ui/one-ui-shell/src/app/home/medications/page.tsx",""
"frontend-route","/home/conditions","citizen","person","life-hub","My Conditions","","","experience-bff","","","auth","","","/home/conditions","","optional","","","","unmapped","isolated-page","ui/one-ui-shell/src/app/home/conditions/page.tsx",""
"frontend-route","/home/allergies","citizen","person","life-hub","My Allergies","","","experience-bff","","","auth","","","/home/allergies","","optional","","","","unmapped","isolated-page","ui/one-ui-shell/src/app/home/allergies/page.tsx",""
"frontend-route","/home/results","citizen","person","life-hub","My Results","","","experience-bff","","","auth","","","/home/results","","optional","","","","unmapped","isolated-page","ui/one-ui-shell/src/app/home/results/page.tsx",""
"frontend-route","/citizen","citizen","person","life-hub","Citizen Services","","","experience-bff","","","auth","","","/citizen","","optional","","","","unmapped","unclear-intent","ui/one-ui-shell/src/app/citizen/page.tsx","hooks/queries/useCitizenHealthSummary.ts"
"frontend-route","/citizen/health-id/qr","citizen","person","life-hub","My Health ID QR","","","experience-bff","","","auth","","","/citizen/health-id/qr","","optional","","","","unmapped","unclear-intent","ui/one-ui-shell/src/app/citizen/health-id/qr/page.tsx","hooks/queries/useCitizenHealthSummary.ts"
"frontend-route","/citizen/health-id/request","citizen","person","life-hub","Request Health ID","","","experience-bff","","","auth","","","/citizen/health-id/request","","optional","","","","unmapped","unclear-intent","ui/one-ui-shell/src/app/citizen/health-id/request/page.tsx","hooks/queries/useCitizenHealthSummary.ts"
"frontend-route","/citizen/id-recovery","citizen","person","life-hub","ID Recovery","","","experience-bff","","","auth","","","/citizen/id-recovery","","optional","","","","unmapped","unclear-intent","ui/one-ui-shell/src/app/citizen/id-recovery/page.tsx","hooks/queries/useCitizenHealthSummary.ts"
"frontend-route","/citizen/delegated-pickup","citizen","person","life-hub","Delegated Pickup","","","experience-bff","","","auth","","","/citizen/delegated-pickup","","optional","","","","unmapped","unclear-intent","ui/one-ui-shell/src/app/citizen/delegated-pickup/page.tsx","hooks/queries/useCitizenHealthSummary.ts"
"frontend-route","/citizen/record-sharing","citizen","person","life-hub","Share My Record","","","experience-bff","","","auth","","","/citizen/record-sharing","","optional","","","","unmapped","unclear-intent","ui/one-ui-shell/src/app/citizen/record-sharing/page.tsx","hooks/queries/useCitizenHealthSummary.ts"
"frontend-route","/verify/credential","facility-administrator","person","provider licensure check","Verify Credential","ADMINISTRATIVE_HEALTH:Credential Verification","credential-verification","credential-verification-service; varapi-service; experience-bff","/internal/v1/credentials/*, /internal/v1/verify/*","varapi-service","verification authz","verification records","credential.verified","/verify/credential","","expected","provider-registry-onboarding; fundo-learning","notify","Credential verified and reflected in provider standing","mapped-to-core-transaction","missing-journey","ui/one-ui-shell/src/app/verify/credential/page.tsx",""
"frontend-route","/share/claim","citizen","person","life-hub","Claim Shared Documents","","","experience-bff","","","none","","","/share/claim","","optional","","","","unmapped","unclear-intent","ui/one-ui-shell/src/app/share/claim/page.tsx","hooks/queries/useVitoPatientShares.ts"
"frontend-route","/collaboration/access","citizen","person","life-hub","Provider collaboration access","","","experience-bff","","","none","","","/collaboration/access","","optional","","","","unmapped","mock-stub","ui/one-ui-shell/src/app/collaboration/access/page.tsx",""
"frontend-route","/facility","provider","auth","department/ward/workspace under facility","Select Facility","ADMINISTRATIVE_HEALTH:Workspace / Shift Context Selection","workspace-context-selection","tuso-service; experience-bff","/internal/v1/workspaces/*, /internal/v1/shifts/*, /internal/v1/facilities","tuso-service","facility guard; X-Workspace-ID; X-Shift-ID headers","TUSO workspace/shift records","workspace.context.changed","/facility","","expected","facility-context-selection; provider-patient-encounter","context headers injected","Provider selects workspace/shift; subsequent requests carry trust context","mapped-to-core-transaction","missing-journey","ui/one-ui-shell/src/app/facility/page.tsx","hooks/queries/useFacilityAdmin.ts"
"frontend-route","/facility/[id]","provider","auth","department/ward/workspace under facility","Facility Details","ADMINISTRATIVE_HEALTH:Workspace / Shift Context Selection","workspace-context-selection","tuso-service; experience-bff","/internal/v1/workspaces/*, /internal/v1/shifts/*, /internal/v1/facilities","tuso-service","facility guard; X-Workspace-ID; X-Shift-ID headers","TUSO workspace/shift records","workspace.context.changed","/facility/[id]","","expected","facility-context-selection; provider-patient-encounter","context headers injected","Provider selects workspace/shift; subsequent requests carry trust context","mapped-to-core-transaction","missing-journey","ui/one-ui-shell/src/app/facility/[id]/page.tsx","hooks/queries/useFacilityAdmin.ts"
"frontend-route","/workspace","provider","facility","department/ward/workspace under facility","Select Workspace","ADMINISTRATIVE_HEALTH:Workspace / Shift Context Selection","workspace-context-selection","tuso-service; experience-bff","/internal/v1/workspaces/*, /internal/v1/shifts/*, /internal/v1/facilities","tuso-service","facility guard; X-Workspace-ID; X-Shift-ID headers","TUSO workspace/shift records","workspace.context.changed","/workspace","","expected","facility-context-selection; provider-patient-encounter","context headers injected","Provider selects workspace/shift; subsequent requests carry trust context","mapped-to-core-transaction","missing-journey","ui/one-ui-shell/src/app/workspace/page.tsx","hooks/queries/useFinanceBillingWorkspace.ts"
"frontend-route","/workspace/[id]","provider","facility","department/ward/workspace under facility","Workspace Details","ADMINISTRATIVE_HEALTH:Workspace / Shift Context Selection","workspace-context-selection","tuso-service; experience-bff","/internal/v1/workspaces/*, /internal/v1/shifts/*, /internal/v1/facilities","tuso-service","facility guard; X-Workspace-ID; X-Shift-ID headers","TUSO workspace/shift records","workspace.context.changed","/workspace/[id]","","expected","facility-context-selection; provider-patient-encounter","context headers injected","Provider selects workspace/shift; subsequent requests carry trust context","mapped-to-core-transaction","missing-journey","ui/one-ui-shell/src/app/workspace/[id]/page.tsx","hooks/queries/useFinanceBillingWorkspace.ts"
"frontend-route","/shift","provider","workspace","department/ward/workspace under facility","Start Shift","ADMINISTRATIVE_HEALTH:Workspace / Shift Context Selection","workspace-context-selection","tuso-service; experience-bff","/internal/v1/workspaces/*, /internal/v1/shifts/*, /internal/v1/facilities","tuso-service","facility guard; X-Workspace-ID; X-Shift-ID headers","TUSO workspace/shift records","workspace.context.changed","/shift","","expected","facility-context-selection; provider-patient-encounter","context headers injected","Provider selects workspace/shift; subsequent requests carry trust context","mapped-to-core-transaction","missing-journey","ui/one-ui-shell/src/app/shift/page.tsx","hooks/queries/useShifts.ts"
"frontend-route","/shift/active","provider","facility","department/ward/workspace under facility","Active Shift","ADMINISTRATIVE_HEALTH:Workspace / Shift Context Selection","workspace-context-selection","tuso-service; experience-bff","/internal/v1/workspaces/*, /internal/v1/shifts/*, /internal/v1/facilities","tuso-service","facility guard; X-Workspace-ID; X-Shift-ID headers","TUSO workspace/shift records","workspace.context.changed","/shift/active","","expected","facility-context-selection; provider-patient-encounter","context headers injected","Provider selects workspace/shift; subsequent requests carry trust context","mapped-to-core-transaction","missing-journey","ui/one-ui-shell/src/app/shift/active/page.tsx","hooks/queries/useShifts.ts"
"frontend-route","/shift/handover","provider","facility","department/ward/workspace under facility","Shift Handover","ADMINISTRATIVE_HEALTH:Workspace / Shift Context Selection","workspace-context-selection","tuso-service; experience-bff","/internal/v1/workspaces/*, /internal/v1/shifts/*, /internal/v1/facilities","tuso-service","facility guard; X-Workspace-ID; X-Shift-ID headers","TUSO workspace/shift records","workspace.context.changed","/shift/handover","","expected","facility-context-selection; provider-patient-encounter","context headers injected","Provider selects workspace/shift; subsequent requests carry trust context","mapped-to-core-transaction","missing-journey","ui/one-ui-shell/src/app/shift/handover/page.tsx","hooks/queries/useShifts.ts"
"frontend-route","/scheduling","citizen","clinical-staff","facility booking","Scheduling","APPOINTMENT:Appointment Scheduling","appointment-scheduling","scheduling-service; tuso-service; notification-service; experience-bff","/internal/v1/appointments/*, /internal/v1/scheduling/*","tuso-service","booking permissions","appointment; booking slots","appointment.booked","/scheduling","apps/mobile/citizen-app/src/screens/personal/AppointmentsSection.tsx; apps/mobile/provider-app/src/screens/provider/ScheduleScreen.tsx","expected","queue-walk-in; citizen-onboarding","check-in","Appointment booked and appears in facility schedule","mapped-to-core-transaction","missing-journey","ui/one-ui-shell/src/app/scheduling/page.tsx",""
"frontend-route","/scheduling/roster","citizen","clinical-staff","facility booking","Staff Roster","APPOINTMENT:Appointment Scheduling","appointment-scheduling","scheduling-service; tuso-service; notification-service; experience-bff","/internal/v1/appointments/*, /internal/v1/scheduling/*","tuso-service","booking permissions","appointment; booking slots","appointment.booked","/scheduling/roster","apps/mobile/citizen-app/src/screens/personal/AppointmentsSection.tsx; apps/mobile/provider-app/src/screens/provider/ScheduleScreen.tsx","expected","queue-walk-in; citizen-onboarding","check-in","Appointment booked and appears in facility schedule","mapped-to-core-transaction","missing-journey","ui/one-ui-shell/src/app/scheduling/roster/page.tsx",""
"frontend-route","/scheduling/on-call","citizen","clinical-staff","facility booking","On-Call Schedule","APPOINTMENT:Appointment Scheduling","appointment-scheduling","scheduling-service; tuso-service; notification-service; experience-bff","/internal/v1/appointments/*, /internal/v1/scheduling/*","tuso-service","booking permissions","appointment; booking slots","appointment.booked","/scheduling/on-call","apps/mobile/citizen-app/src/screens/personal/AppointmentsSection.tsx; apps/mobile/provider-app/src/screens/provider/ScheduleScreen.tsx","expected","queue-walk-in; citizen-onboarding","check-in","Appointment booked and appears in facility schedule","mapped-to-core-transaction","missing-journey","ui/one-ui-shell/src/app/scheduling/on-call/page.tsx",""
"frontend-route","/scheduling/noticeboard","citizen","clinical-staff","facility booking","Provider Noticeboard","APPOINTMENT:Appointment Scheduling","appointment-scheduling","scheduling-service; tuso-service; notification-service; experience-bff","/internal/v1/appointments/*, /internal/v1/scheduling/*","tuso-service","booking permissions","appointment; booking slots","appointment.booked","/scheduling/noticeboard","apps/mobile/citizen-app/src/screens/personal/AppointmentsSection.tsx; apps/mobile/provider-app/src/screens/provider/ScheduleScreen.tsx","expected","queue-walk-in; citizen-onboarding","check-in","Appointment booked and appears in facility schedule","mapped-to-core-transaction","missing-journey","ui/one-ui-shell/src/app/scheduling/noticeboard/page.tsx",""
"frontend-route","/communication","platform","clinical-staff","omnichannel comms hub","Communication Hub","ADMINISTRATIVE_HEALTH:Notification & Communications","notification-comms","notification-service; channels-service; community-service; experience-bff","/internal/v1/notifications/*, /internal/v1/communication/*, /internal/v1/omnichannel/*","","comms authz; consent for outreach","notification store; delivery status","notification.sent","/communication","apps/mobile/citizen-app/src/screens/messaging/MessagingInboxScreen.tsx; apps/mobile/citizen-app/src/screens/messaging/ThreadViewScreen.tsx; apps/mobile/provider-app/src/screens/provider/MessagingScreen.tsx","expected","consent-capture; appointment-scheduling","feedback","Notification sent and delivery status visible","mapped-to-core-transaction","coherent","ui/one-ui-shell/src/app/communication/page.tsx","hooks/queries/useCommunication.ts"
"frontend-route","/communication/secure-messaging","platform","clinical-staff","omnichannel comms hub","Secure Messaging","ADMINISTRATIVE_HEALTH:Notification & Communications","notification-comms","notification-service; channels-service; community-service; experience-bff","/internal/v1/notifications/*, /internal/v1/communication/*, /internal/v1/omnichannel/*","","comms authz; consent for outreach","notification store; delivery status","notification.sent","/communication/secure-messaging","apps/mobile/citizen-app/src/screens/messaging/MessagingInboxScreen.tsx; apps/mobile/citizen-app/src/screens/messaging/ThreadViewScreen.tsx; apps/mobile/provider-app/src/screens/provider/MessagingScreen.tsx","expected","consent-capture; appointment-scheduling","feedback","Notification sent and delivery status visible","mapped-to-core-transaction","coherent","ui/one-ui-shell/src/app/communication/secure-messaging/page.tsx","hooks/queries/useCommunication.ts"
"frontend-route","/queue","provider","clinical-staff","facility outpatient reception","Patient Queue","FACILITY_WALK_IN:Queue / Walk-in Registration","queue-walk-in","pct-service; vito-service; tuso-service; experience-bff","/internal/v1/queue, /internal/v1/queues, /internal/v1/journeys","vito-service; tuso-service","facility context; RBAC","queue items; patient journeys","pct.queue.item.created; core.transaction.events","/queue","apps/mobile/provider-app/src/screens/provider/QueueManagementScreen.tsx","expected","patient-search-selection; outpatient-consultation","call next","Walk-in registered, appears in queue, provider can call","mapped-to-core-transaction","coherent","ui/one-ui-shell/src/app/queue/page.tsx","hooks/queries/useQueue.ts"
"frontend-route","/queue/triage","provider","clinical-staff","facility outpatient reception","Triage Queue","FACILITY_WALK_IN:Queue / Walk-in Registration","queue-walk-in","pct-service; vito-service; tuso-service; experience-bff","/internal/v1/queue, /internal/v1/queues, /internal/v1/journeys","vito-service; tuso-service","facility context; RBAC","queue items; patient journeys","pct.queue.item.created; core.transaction.events","/queue/triage","apps/mobile/provider-app/src/screens/provider/QueueManagementScreen.tsx","expected","patient-search-selection; outpatient-consultation","call next","Walk-in registered, appears in queue, provider can call","mapped-to-core-transaction","coherent","ui/one-ui-shell/src/app/queue/triage/page.tsx","hooks/queries/useQueue.ts"
"frontend-route","/queue/waiting","provider","clinical-staff","facility outpatient reception","Waiting Room","FACILITY_WALK_IN:Queue / Walk-in Registration","queue-walk-in","pct-service; vito-service; tuso-service; experience-bff","/internal/v1/queue, /internal/v1/queues, /internal/v1/journeys","vito-service; tuso-service","facility context; RBAC","queue items; patient journeys","pct.queue.item.created; core.transaction.events","/queue/waiting","apps/mobile/provider-app/src/screens/provider/QueueManagementScreen.tsx","expected","patient-search-selection; outpatient-consultation","call next","Walk-in registered, appears in queue, provider can call","mapped-to-core-transaction","coherent","ui/one-ui-shell/src/app/queue/waiting/page.tsx","hooks/queries/useQueue.ts"
"frontend-route","/queue/search","provider","clinical-staff","facility queue or EHR entry","Patient Search","FACILITY_WALK_IN:Patient Search & Selection","patient-search-selection","vito-service; experience-bff; pct-service","/internal/v1/vito/*, /internal/v1/identity/*, /internal/v1/queue","vito-service","purpose-of-use; subject relationship; consent","client registry read; queue item link","patient.selected","/queue/search","","expected","queue-walk-in; provider-patient-encounter","open chart or queue item","Provider searches patient, selects, opens chart with correct CPID","mapped-to-core-transaction","coherent","ui/one-ui-shell/src/app/queue/search/page.tsx","hooks/queries/useQueue.ts"
"frontend-route","/queue/walk-in","provider","clinical-staff","facility outpatient reception","Walk-in Registration","FACILITY_WALK_IN:Queue / Walk-in Registration","queue-walk-in","pct-service; vito-service; tuso-service; experience-bff","/internal/v1/queue, /internal/v1/queues, /internal/v1/journeys","vito-service; tuso-service","facility context; RBAC","queue items; patient journeys","pct.queue.item.created; core.transaction.events","/queue/walk-in","apps/mobile/provider-app/src/screens/provider/QueueManagementScreen.tsx","expected","patient-search-selection; outpatient-consultation","call next","Walk-in registered, appears in queue, provider can call","mapped-to-core-transaction","coherent","ui/one-ui-shell/src/app/queue/walk-in/page.tsx","hooks/queries/useQueue.ts"
"frontend-route","/queue/scheduled","provider","clinical-staff","facility outpatient reception","Scheduled Visits","FACILITY_WALK_IN:Queue / Walk-in Registration","queue-walk-in","pct-service; vito-service; tuso-service; experience-bff","/internal/v1/queue, /internal/v1/queues, /internal/v1/journeys","vito-service; tuso-service","facility context; RBAC","queue items; patient journeys","pct.queue.item.created; core.transaction.events","/queue/scheduled","apps/mobile/provider-app/src/screens/provider/QueueManagementScreen.tsx","expected","patient-search-selection; outpatient-consultation","call next","Walk-in registered, appears in queue, provider can call","mapped-to-core-transaction","coherent","ui/one-ui-shell/src/app/queue/scheduled/page.tsx","hooks/queries/useQueue.ts"
"frontend-route","/queue/incoming-referrals","provider","clinical-staff","facility outpatient reception","Incoming Referrals","FACILITY_WALK_IN:Queue / Walk-in Registration","queue-walk-in","pct-service; vito-service; tuso-service; experience-bff","/internal/v1/queue, /internal/v1/queues, /internal/v1/journeys","vito-service; tuso-service","facility context; RBAC","queue items; patient journeys","pct.queue.item.created; core.transaction.events","/queue/incoming-referrals","apps/mobile/provider-app/src/screens/provider/QueueManagementScreen.tsx","expected","patient-search-selection; outpatient-consultation","call next","Walk-in registered, appears in queue, provider can call","mapped-to-core-transaction","coherent","ui/one-ui-shell/src/app/queue/incoming-referrals/page.tsx","hooks/queries/useQueue.ts"
"frontend-route","/ehr/[patientId]","provider","clinical-staff","facility queue or EHR entry","Patient Chart","FACILITY_WALK_IN:Patient Search & Selection","patient-search-selection","vito-service; experience-bff; pct-service","/internal/v1/vito/*, /internal/v1/identity/*, /internal/v1/queue","vito-service","purpose-of-use; subject relationship; consent","client registry read; queue item link","patient.selected","/ehr/[patientId]","","expected","queue-walk-in; provider-patient-encounter","open chart or queue item","Provider searches patient, selects, opens chart with correct CPID","mapped-to-core-transaction","missing-journey","ui/one-ui-shell/src/app/ehr/[patientId]/page.tsx",""
"frontend-route","/ehr/[patientId]/summary","provider","clinical-staff","facility queue or EHR entry","Patient Summary","FACILITY_WALK_IN:Patient Search & Selection","patient-search-selection","vito-service; experience-bff; pct-service","/internal/v1/vito/*, /internal/v1/identity/*, /internal/v1/queue","vito-service","purpose-of-use; subject relationship; consent","client registry read; queue item link","patient.selected","/ehr/[patientId]/summary","","expected","queue-walk-in; provider-patient-encounter","open chart or queue item","Provider searches patient, selects, opens chart with correct CPID","mapped-to-core-transaction","missing-journey","ui/one-ui-shell/src/app/ehr/[patientId]/summary/page.tsx",""
"frontend-route","/ehr/[patientId]/ips","provider","clinical-staff","facility queue or EHR entry","International Patient Summary","FACILITY_WALK_IN:Patient Search & Selection","patient-search-selection","vito-service; experience-bff; pct-service","/internal/v1/vito/*, /internal/v1/identity/*, /internal/v1/queue","vito-service","purpose-of-use; subject relationship; consent","client registry read; queue item link","patient.selected","/ehr/[patientId]/ips","","expected","queue-walk-in; provider-patient-encounter","open chart or queue item","Provider searches patient, selects, opens chart with correct CPID","mapped-to-core-transaction","missing-journey","ui/one-ui-shell/src/app/ehr/[patientId]/ips/page.tsx",""
"frontend-route","/ehr/[patientId]/vitals","provider","clinical-staff","facility queue or EHR entry","Vitals","FACILITY_WALK_IN:Patient Search & Selection","patient-search-selection","vito-service; experience-bff; pct-service","/internal/v1/vito/*, /internal/v1/identity/*, /internal/v1/queue","vito-service","purpose-of-use; subject relationship; consent","client registry read; queue item link","patient.selected","/ehr/[patientId]/vitals","","expected","queue-walk-in; provider-patient-encounter","open chart or queue item","Provider searches patient, selects, opens chart with correct CPID","mapped-to-core-transaction","mock-stub","ui/one-ui-shell/src/app/ehr/[patientId]/vitals/page.tsx",""
"frontend-route","/ehr/[patientId]/maternity","provider","clinical-staff","facility queue or EHR entry","Maternity Monitoring","FACILITY_WALK_IN:Patient Search & Selection","patient-search-selection","vito-service; experience-bff; pct-service","/internal/v1/vito/*, /internal/v1/identity/*, /internal/v1/queue","vito-service","purpose-of-use; subject relationship; consent","client registry read; queue item link","patient.selected","/ehr/[patientId]/maternity","","expected","queue-walk-in; provider-patient-encounter","open chart or queue item","Provider searches patient, selects, opens chart with correct CPID","mapped-to-core-transaction","missing-journey","ui/one-ui-shell/src/app/ehr/[patientId]/maternity/page.tsx",""
"frontend-route","/ehr/[patientId]/history","provider","clinical-staff","facility queue or EHR entry","Medical History","FACILITY_WALK_IN:Patient Search & Selection","patient-search-selection","vito-service; experience-bff; pct-service","/internal/v1/vito/*, /internal/v1/identity/*, /internal/v1/queue","vito-service","purpose-of-use; subject relationship; consent","client registry read; queue item link","patient.selected","/ehr/[patientId]/history","","expected","queue-walk-in; provider-patient-encounter","open chart or queue item","Provider searches patient, selects, opens chart with correct CPID","mapped-to-core-transaction","missing-journey","ui/one-ui-shell/src/app/ehr/[patientId]/history/page.tsx",""
"frontend-route","/ehr/[patientId]/conditions","provider","clinical-staff","facility queue or EHR entry","Conditions","FACILITY_WALK_IN:Patient Search & Selection","patient-search-selection","vito-service; experience-bff; pct-service","/internal/v1/vito/*, /internal/v1/identity/*, /internal/v1/queue","vito-service","purpose-of-use; subject relationship; consent","client registry read; queue item link","patient.selected","/ehr/[patientId]/conditions","","expected","queue-walk-in; provider-patient-encounter","open chart or queue item","Provider searches patient, selects, opens chart with correct CPID","mapped-to-core-transaction","missing-journey","ui/one-ui-shell/src/app/ehr/[patientId]/conditions/page.tsx",""
"frontend-route","/ehr/[patientId]/medications","provider","clinical-staff","facility queue or EHR entry","Medications","FACILITY_WALK_IN:Patient Search & Selection","patient-search-selection","vito-service; experience-bff; pct-service","/internal/v1/vito/*, /internal/v1/identity/*, /internal/v1/queue","vito-service","purpose-of-use; subject relationship; consent","client registry read; queue item link","patient.selected","/ehr/[patientId]/medications","","expected","queue-walk-in; provider-patient-encounter","open chart or queue item","Provider searches patient, selects, opens chart with correct CPID","mapped-to-core-transaction","missing-journey","ui/one-ui-shell/src/app/ehr/[patientId]/medications/page.tsx",""
"frontend-route","/ehr/[patientId]/allergies","provider","clinical-staff","facility queue or EHR entry","Allergies","FACILITY_WALK_IN:Patient Search & Selection","patient-search-selection","vito-service; experience-bff; pct-service","/internal/v1/vito/*, /internal/v1/identity/*, /internal/v1/queue","vito-service","purpose-of-use; subject relationship; consent","client registry read; queue item link","patient.selected","/ehr/[patientId]/allergies","","expected","queue-walk-in; provider-patient-encounter","open chart or queue item","Provider searches patient, selects, opens chart with correct CPID","mapped-to-core-transaction","missing-journey","ui/one-ui-shell/src/app/ehr/[patientId]/allergies/page.tsx",""
"frontend-route","/ehr/[patientId]/orders","provider","clinical-staff","facility queue or EHR entry","Orders","FACILITY_WALK_IN:Patient Search & Selection","patient-search-selection","vito-service; experience-bff; pct-service","/internal/v1/vito/*, /internal/v1/identity/*, /internal/v1/queue","vito-service","purpose-of-use; subject relationship; consent","client registry read; queue item link","patient.selected","/ehr/[patientId]/orders","","expected","queue-walk-in; provider-patient-encounter","open chart or queue item","Provider searches patient, selects, opens chart with correct CPID","mapped-to-core-transaction","missing-journey","ui/one-ui-shell/src/app/ehr/[patientId]/orders/page.tsx",""
"frontend-route","/ehr/[patientId]/results","provider","clinical-staff","facility queue or EHR entry","Results","FACILITY_WALK_IN:Patient Search & Selection","patient-search-selection","vito-service; experience-bff; pct-service","/internal/v1/vito/*, /internal/v1/identity/*, /internal/v1/queue","vito-service","purpose-of-use; subject relationship; consent","client registry read; queue item link","patient.selected","/ehr/[patientId]/results","","expected","queue-walk-in; provider-patient-encounter","open chart or queue item","Provider searches patient, selects, opens chart with correct CPID","mapped-to-core-transaction","missing-journey","ui/one-ui-shell/src/app/ehr/[patientId]/results/page.tsx",""
"frontend-route","/ehr/[patientId]/notes","provider","clinical-staff","facility queue or EHR entry","Clinical Notes","FACILITY_WALK_IN:Patient Search & Selection","patient-search-selection","vito-service; experience-bff; pct-service","/internal/v1/vito/*, /internal/v1/identity/*, /internal/v1/queue","vito-service","purpose-of-use; subject relationship; consent","client registry read; queue item link","patient.selected","/ehr/[patientId]/notes","","expected","queue-walk-in; provider-patient-encounter","open chart or queue item","Provider searches patient, selects, opens chart with correct CPID","mapped-to-core-transaction","missing-journey","ui/one-ui-shell/src/app/ehr/[patientId]/notes/page.tsx",""
"frontend-route","/ehr/[patientId]/documents","provider","clinical-staff","facility queue or EHR entry","Documents","FACILITY_WALK_IN:Patient Search & Selection","patient-search-selection","vito-service; experience-bff; pct-service","/internal/v1/vito/*, /internal/v1/identity/*, /internal/v1/queue","vito-service","purpose-of-use; subject relationship; consent","client registry read; queue item link","patient.selected","/ehr/[patientId]/documents","","expected","queue-walk-in; provider-patient-encounter","open chart or queue item","Provider searches patient, selects, opens chart with correct CPID","mapped-to-core-transaction","missing-journey","ui/one-ui-shell/src/app/ehr/[patientId]/documents/page.tsx",""
"frontend-route","/ehr/[patientId]/encounters","provider","clinical-staff","facility queue or EHR entry","Encounters","FACILITY_WALK_IN:Patient Search & Selection","patient-search-selection","vito-service; experience-bff; pct-service","/internal/v1/vito/*, /internal/v1/identity/*, /internal/v1/queue","vito-service","purpose-of-use; subject relationship; consent","client registry read; queue item link","patient.selected","/ehr/[patientId]/encounters","","expected","queue-walk-in; provider-patient-encounter","open chart or queue item","Provider searches patient, selects, opens chart with correct CPID","mapped-to-core-transaction","missing-journey","ui/one-ui-shell/src/app/ehr/[patientId]/encounters/page.tsx",""
"frontend-route","/ehr/[patientId]/encounter/[encounterId]","provider","clinical-staff","facility queue or EHR entry","Encounter","FACILITY_WALK_IN:Patient Search & Selection","patient-search-selection","vito-service; experience-bff; pct-service","/internal/v1/vito/*, /internal/v1/identity/*, /internal/v1/queue","vito-service","purpose-of-use; subject relationship; consent","client registry read; queue item link","patient.selected","/ehr/[patientId]/encounter/[encounterId]","","expected","queue-walk-in; provider-patient-encounter","open chart or queue item","Provider searches patient, selects, opens chart with correct CPID","mapped-to-core-transaction","missing-journey","ui/one-ui-shell/src/app/ehr/[patientId]/encounter/[encounterId]/page.tsx",""
"frontend-route","/ehr/[patientId]/immunizations","provider","clinical-staff","facility queue or EHR entry","Immunizations","FACILITY_WALK_IN:Patient Search & Selection","patient-search-selection","vito-service; experience-bff; pct-service","/internal/v1/vito/*, /internal/v1/identity/*, /internal/v1/queue","vito-service","purpose-of-use; subject relationship; consent","client registry read; queue item link","patient.selected","/ehr/[patientId]/immunizations","","expected","queue-walk-in; provider-patient-encounter","open chart or queue item","Provider searches patient, selects, opens chart with correct CPID","mapped-to-core-transaction","missing-journey","ui/one-ui-shell/src/app/ehr/[patientId]/immunizations/page.tsx",""
"frontend-route","/ehr/[patientId]/consults","provider","clinical-staff","facility queue or EHR entry","Consults & Referrals","FACILITY_WALK_IN:Patient Search & Selection","patient-search-selection","vito-service; experience-bff; pct-service","/internal/v1/vito/*, /internal/v1/identity/*, /internal/v1/queue","vito-service","purpose-of-use; subject relationship; consent","client registry read; queue item link","patient.selected","/ehr/[patientId]/consults","","expected","queue-walk-in; provider-patient-encounter","open chart or queue item","Provider searches patient, selects, opens chart with correct CPID","mapped-to-core-transaction","missing-journey","ui/one-ui-shell/src/app/ehr/[patientId]/consults/page.tsx",""
"frontend-route","/ehr/[patientId]/referrals","provider","clinical-staff","facility queue or EHR entry","Referrals","FACILITY_WALK_IN:Patient Search & Selection","patient-search-selection","vito-service; experience-bff; pct-service","/internal/v1/vito/*, /internal/v1/identity/*, /internal/v1/queue","vito-service","purpose-of-use; subject relationship; consent","client registry read; queue item link","patient.selected","/ehr/[patientId]/referrals","","expected","queue-walk-in; provider-patient-encounter","open chart or queue item","Provider searches patient, selects, opens chart with correct CPID","mapped-to-core-transaction","missing-journey","ui/one-ui-shell/src/app/ehr/[patientId]/referrals/page.tsx",""
"frontend-route","/ehr/[patientId]/teleconsults","provider","clinical-staff","facility queue or EHR entry","Teleconsults","FACILITY_WALK_IN:Patient Search & Selection","patient-search-selection","vito-service; experience-bff; pct-service","/internal/v1/vito/*, /internal/v1/identity/*, /internal/v1/queue","vito-service","purpose-of-use; subject relationship; consent","client registry read; queue item link","patient.selected","/ehr/[patientId]/teleconsults","","expected","queue-walk-in; provider-patient-encounter","open chart or queue item","Provider searches patient, selects, opens chart with correct CPID","mapped-to-core-transaction","missing-journey","ui/one-ui-shell/src/app/ehr/[patientId]/teleconsults/page.tsx",""
"frontend-route","/ehr/[patientId]/timeline","provider","clinical-staff","facility queue or EHR entry","Timeline","FACILITY_WALK_IN:Patient Search & Selection","patient-search-selection","vito-service; experience-bff; pct-service","/internal/v1/vito/*, /internal/v1/identity/*, /internal/v1/queue","vito-service","purpose-of-use; subject relationship; consent","client registry read; queue item link","patient.selected","/ehr/[patientId]/timeline","","expected","queue-walk-in; provider-patient-encounter","open chart or queue item","Provider searches patient, selects, opens chart with correct CPID","mapped-to-core-transaction","missing-journey","ui/one-ui-shell/src/app/ehr/[patientId]/timeline/page.tsx",""
"frontend-route","/ehr/[patientId]/discharge","provider","clinical-staff","facility queue or EHR entry","Discharge","FACILITY_WALK_IN:Patient Search & Selection","patient-search-selection","vito-service; experience-bff; pct-service","/internal/v1/vito/*, /internal/v1/identity/*, /internal/v1/queue","vito-service","purpose-of-use; subject relationship; consent","client registry read; queue item link","patient.selected","/ehr/[patientId]/discharge","","expected","queue-walk-in; provider-patient-encounter","open chart or queue item","Provider searches patient, selects, opens chart with correct CPID","mapped-to-core-transaction","missing-journey","ui/one-ui-shell/src/app/ehr/[patientId]/discharge/page.tsx",""
"frontend-route","/ehr/[patientId]/care-plans","provider","clinical-staff","facility queue or EHR entry","Care Plans","FACILITY_WALK_IN:Patient Search & Selection","patient-search-selection","vito-service; experience-bff; pct-service","/internal/v1/vito/*, /internal/v1/identity/*, /internal/v1/queue","vito-service","purpose-of-use; subject relationship; consent","client registry read; queue item link","patient.selected","/ehr/[patientId]/care-plans","","expected","queue-walk-in; provider-patient-encounter","open chart or queue item","Provider searches patient, selects, opens chart with correct CPID","mapped-to-core-transaction","missing-journey","ui/one-ui-shell/src/app/ehr/[patientId]/care-plans/page.tsx",""
"frontend-route","/ehr/[patientId]/procedures","provider","clinical-staff","facility queue or EHR entry","Procedures","FACILITY_WALK_IN:Patient Search & Selection","patient-search-selection","vito-service; experience-bff; pct-service","/internal/v1/vito/*, /internal/v1/identity/*, /internal/v1/queue","vito-service","purpose-of-use; subject relationship; consent","client registry read; queue item link","patient.selected","/ehr/[patientId]/procedures","","expected","queue-walk-in; provider-patient-encounter","open chart or queue item","Provider searches patient, selects, opens chart with correct CPID","mapped-to-core-transaction","missing-journey","ui/one-ui-shell/src/app/ehr/[patientId]/procedures/page.tsx",""
"frontend-route","/ehr/[patientId]/growth-chart","provider","clinical-staff","facility queue or EHR entry","Growth Chart","FACILITY_WALK_IN:Patient Search & Selection","patient-search-selection","vito-service; experience-bff; pct-service","/internal/v1/vito/*, /internal/v1/identity/*, /internal/v1/queue","vito-service","purpose-of-use; subject relationship; consent","client registry read; queue item link","patient.selected","/ehr/[patientId]/growth-chart","","expected","queue-walk-in; provider-patient-encounter","open chart or queue item","Provider searches patient, selects, opens chart with correct CPID","mapped-to-core-transaction","missing-journey","ui/one-ui-shell/src/app/ehr/[patientId]/growth-chart/page.tsx",""
"frontend-route","/ehr/[patientId]/family-history","provider","clinical-staff","facility queue or EHR entry","Family History","FACILITY_WALK_IN:Patient Search & Selection","patient-search-selection","vito-service; experience-bff; pct-service","/internal/v1/vito/*, /internal/v1/identity/*, /internal/v1/queue","vito-service","purpose-of-use; subject relationship; consent","client registry read; queue item link","patient.selected","/ehr/[patientId]/family-history","","expected","queue-walk-in; provider-patient-encounter","open chart or queue item","Provider searches patient, selects, opens chart with correct CPID","mapped-to-core-transaction","missing-journey","ui/one-ui-shell/src/app/ehr/[patientId]/family-history/page.tsx",""
"frontend-route","/ehr/[patientId]/social-history","provider","clinical-staff","facility queue or EHR entry","Social History","FACILITY_WALK_IN:Patient Search & Selection","patient-search-selection","vito-service; experience-bff; pct-service","/internal/v1/vito/*, /internal/v1/identity/*, /internal/v1/queue","vito-service","purpose-of-use; subject relationship; consent","client registry read; queue item link","patient.selected","/ehr/[patientId]/social-history","","expected","queue-walk-in; provider-patient-encounter","open chart or queue item","Provider searches patient, selects, opens chart with correct CPID","mapped-to-core-transaction","missing-journey","ui/one-ui-shell/src/app/ehr/[patientId]/social-history/page.tsx",""
"frontend-route","/ehr/[patientId]/functional-status","provider","clinical-staff","facility queue or EHR entry","Functional Status","FACILITY_WALK_IN:Patient Search & Selection","patient-search-selection","vito-service; experience-bff; pct-service","/internal/v1/vito/*, /internal/v1/identity/*, /internal/v1/queue","vito-service","purpose-of-use; subject relationship; consent","client registry read; queue item link","patient.selected","/ehr/[patientId]/functional-status","","expected","queue-walk-in; provider-patient-encounter","open chart or queue item","Provider searches patient, selects, opens chart with correct CPID","mapped-to-core-transaction","missing-journey","ui/one-ui-shell/src/app/ehr/[patientId]/functional-status/page.tsx",""
"frontend-route","/ehr/[patientId]/advance-directives","provider","clinical-staff","facility queue or EHR entry","Advance Directives","FACILITY_WALK_IN:Patient Search & Selection","patient-search-selection","vito-service; experience-bff; pct-service","/internal/v1/vito/*, /internal/v1/identity/*, /internal/v1/queue","vito-service","purpose-of-use; subject relationship; consent","client registry read; queue item link","patient.selected","/ehr/[patientId]/advance-directives","","expected","queue-walk-in; provider-patient-encounter","open chart or queue item","Provider searches patient, selects, opens chart with correct CPID","mapped-to-core-transaction","missing-journey","ui/one-ui-shell/src/app/ehr/[patientId]/advance-directives/page.tsx",""
"frontend-route","/ehr/[patientId]/care-team","provider","clinical-staff","facility queue or EHR entry","Care Team","FACILITY_WALK_IN:Patient Search & Selection","patient-search-selection","vito-service; experience-bff; pct-service","/internal/v1/vito/*, /internal/v1/identity/*, /internal/v1/queue","vito-service","purpose-of-use; subject relationship; consent","client registry read; queue item link","patient.selected","/ehr/[patientId]/care-team","","expected","queue-walk-in; provider-patient-encounter","open chart or queue item","Provider searches patient, selects, opens chart with correct CPID","mapped-to-core-transaction","missing-journey","ui/one-ui-shell/src/app/ehr/[patientId]/care-team/page.tsx",""
"frontend-route","/ehr/[patientId]/preferences/communications","provider","clinical-staff","facility queue or EHR entry","Communication Preferences","FACILITY_WALK_IN:Patient Search & Selection","patient-search-selection","vito-service; experience-bff; pct-service","/internal/v1/vito/*, /internal/v1/identity/*, /internal/v1/queue","vito-service","purpose-of-use; subject relationship; consent","client registry read; queue item link","patient.selected","/ehr/[patientId]/preferences/communications","","expected","queue-walk-in; provider-patient-encounter","open chart or queue item","Provider searches patient, selects, opens chart with correct CPID","mapped-to-core-transaction","missing-journey","ui/one-ui-shell/src/app/ehr/[patientId]/preferences/communications/page.tsx",""
"frontend-route","/ehr/[patientId]/goals","provider","clinical-staff","facility queue or EHR entry","Goals","FACILITY_WALK_IN:Patient Search & Selection","patient-search-selection","vito-service; experience-bff; pct-service","/internal/v1/vito/*, /internal/v1/identity/*, /internal/v1/queue","vito-service","purpose-of-use; subject relationship; consent","client registry read; queue item link","patient.selected","/ehr/[patientId]/goals","","expected","queue-walk-in; provider-patient-encounter","open chart or queue item","Provider searches patient, selects, opens chart with correct CPID","mapped-to-core-transaction","missing-journey","ui/one-ui-shell/src/app/ehr/[patientId]/goals/page.tsx",""
"frontend-route","/ehr/[patientId]/assessments","provider","clinical-staff","facility queue or EHR entry","Assessments","FACILITY_WALK_IN:Patient Search & Selection","patient-search-selection","vito-service; experience-bff; pct-service","/internal/v1/vito/*, /internal/v1/identity/*, /internal/v1/queue","vito-service","purpose-of-use; subject relationship; consent","client registry read; queue item link","patient.selected","/ehr/[patientId]/assessments","","expected","queue-walk-in; provider-patient-encounter","open chart or queue item","Provider searches patient, selects, opens chart with correct CPID","mapped-to-core-transaction","missing-journey","ui/one-ui-shell/src/app/ehr/[patientId]/assessments/page.tsx",""
"frontend-route","/ehr/[patientId]/charts","provider","clinical-staff","facility queue or EHR entry","Ward Charts","FACILITY_WALK_IN:Patient Search & Selection","patient-search-selection","vito-service; experience-bff; pct-service","/internal/v1/vito/*, /internal/v1/identity/*, /internal/v1/queue","vito-service","purpose-of-use; subject relationship; consent","client registry read; queue item link","patient.selected","/ehr/[patientId]/charts","","expected","queue-walk-in; provider-patient-encounter","open chart or queue item","Provider searches patient, selects, opens chart with correct CPID","mapped-to-core-transaction","missing-journey","ui/one-ui-shell/src/app/ehr/[patientId]/charts/page.tsx",""
"frontend-route","/ehr/[patientId]/imaging","provider","clinical-staff","facility queue or EHR entry","Imaging","FACILITY_WALK_IN:Patient Search & Selection","patient-search-selection","vito-service; experience-bff; pct-service","/internal/v1/vito/*, /internal/v1/identity/*, /internal/v1/queue","vito-service","purpose-of-use; subject relationship; consent","client registry read; queue item link","patient.selected","/ehr/[patientId]/imaging","","expected","queue-walk-in; provider-patient-encounter","open chart or queue item","Provider searches patient, selects, opens chart with correct CPID","mapped-to-core-transaction","missing-journey","ui/one-ui-shell/src/app/ehr/[patientId]/imaging/page.tsx",""
"frontend-route","/ehr/[patientId]/imaging/viewer","provider","clinical-staff","facility queue or EHR entry","DICOM Viewer","FACILITY_WALK_IN:Patient Search & Selection","patient-search-selection","vito-service; experience-bff; pct-service","/internal/v1/vito/*, /internal/v1/identity/*, /internal/v1/queue","vito-service","purpose-of-use; subject relationship; consent","client registry read; queue item link","patient.selected","/ehr/[patientId]/imaging/viewer","","expected","queue-walk-in; provider-patient-encounter","open chart or queue item","Provider searches patient, selects, opens chart with correct CPID","mapped-to-core-transaction","missing-journey","ui/one-ui-shell/src/app/ehr/[patientId]/imaging/viewer/page.tsx",""
"frontend-route","/admin","device","platform-admin","IoT, card printer, edge node","Administration","ADMINISTRATIVE_HEALTH:Device / System Event Journey","device-system-event","iot-ingestion-service; card-print-agent; offline-edge-service; tshepo-authz-service","/v1/devices, device agent protocols","","device registration; mTLS","device events; telemetry","device.*","/admin","","expected","health-id-issuance; integration-sync-replay","alert","Device event ingested and auditable","mapped-to-core-transaction","missing-journey","ui/one-ui-shell/src/app/admin/page.tsx","hooks/queries/useAdminObservability.ts"
"frontend-route","/admin/users","device","platform-admin","IoT, card printer, edge node","User Management","ADMINISTRATIVE_HEALTH:Device / System Event Journey","device-system-event","iot-ingestion-service; card-print-agent; offline-edge-service; tshepo-authz-service","/v1/devices, device agent protocols","","device registration; mTLS","device events; telemetry","device.*","/admin/users","","expected","health-id-issuance; integration-sync-replay","alert","Device event ingested and auditable","mapped-to-core-transaction","missing-journey","ui/one-ui-shell/src/app/admin/users/page.tsx","hooks/queries/useAdminObservability.ts"
"frontend-route","/admin/users/[id]","device","platform-admin","IoT, card printer, edge node","User Details","ADMINISTRATIVE_HEALTH:Device / System Event Journey","device-system-event","iot-ingestion-service; card-print-agent; offline-edge-service; tshepo-authz-service","/v1/devices, device agent protocols","","device registration; mTLS","device events; telemetry","device.*","/admin/users/[id]","","expected","health-id-issuance; integration-sync-replay","alert","Device event ingested and auditable","mapped-to-core-transaction","missing-journey","ui/one-ui-shell/src/app/admin/users/[id]/page.tsx","hooks/queries/useAdminObservability.ts"
"frontend-route","/admin/roles","device","platform-admin","IoT, card printer, edge node","Role Management","ADMINISTRATIVE_HEALTH:Device / System Event Journey","device-system-event","iot-ingestion-service; card-print-agent; offline-edge-service; tshepo-authz-service","/v1/devices, device agent protocols","","device registration; mTLS","device events; telemetry","device.*","/admin/roles","","expected","health-id-issuance; integration-sync-replay","alert","Device event ingested and auditable","mapped-to-core-transaction","missing-journey","ui/one-ui-shell/src/app/admin/roles/page.tsx","hooks/queries/useAdminObservability.ts"
"frontend-route","/admin/policies","device","platform-admin","IoT, card printer, edge node","Policy Management","ADMINISTRATIVE_HEALTH:Device / System Event Journey","device-system-event","iot-ingestion-service; card-print-agent; offline-edge-service; tshepo-authz-service","/v1/devices, device agent protocols","","device registration; mTLS","device events; telemetry","device.*","/admin/policies","","expected","health-id-issuance; integration-sync-replay","alert","Device event ingested and auditable","mapped-to-core-transaction","missing-journey","ui/one-ui-shell/src/app/admin/policies/page.tsx","hooks/queries/useAdminObservability.ts"
"frontend-route","/admin/audit","device","platform-admin","IoT, card printer, edge node","Audit Trail","ADMINISTRATIVE_HEALTH:Device / System Event Journey","device-system-event","iot-ingestion-service; card-print-agent; offline-edge-service; tshepo-authz-service","/v1/devices, device agent protocols","","device registration; mTLS","device events; telemetry","device.*","/admin/audit","","expected","health-id-issuance; integration-sync-replay","alert","Device event ingested and auditable","mapped-to-core-transaction","missing-journey","ui/one-ui-shell/src/app/admin/audit/page.tsx","hooks/queries/useAdminObservability.ts"
"frontend-route","/admin/audit/[id]","device","platform-admin","IoT, card printer, edge node","Audit Entry","ADMINISTRATIVE_HEALTH:Device / System Event Journey","device-system-event","iot-ingestion-service; card-print-agent; offline-edge-service; tshepo-authz-service","/v1/devices, device agent protocols","","device registration; mTLS","device events; telemetry","device.*","/admin/audit/[id]","","expected","health-id-issuance; integration-sync-replay","alert","Device event ingested and auditable","mapped-to-core-transaction","missing-journey","ui/one-ui-shell/src/app/admin/audit/[id]/page.tsx","hooks/queries/useAdminObservability.ts"
"frontend-route","/admin/consent","device","platform-admin","IoT, card printer, edge node","Consent Management","ADMINISTRATIVE_HEALTH:Device / System Event Journey","device-system-event","iot-ingestion-service; card-print-agent; offline-edge-service; tshepo-authz-service","/v1/devices, device agent protocols","","device registration; mTLS","device events; telemetry","device.*","/admin/consent","","expected","health-id-issuance; integration-sync-replay","alert","Device event ingested and auditable","mapped-to-core-transaction","missing-journey","ui/one-ui-shell/src/app/admin/consent/page.tsx","hooks/queries/useAdminObservability.ts"
"frontend-route","/admin/devices","device","platform-admin","IoT, card printer, edge node","Device Management","ADMINISTRATIVE_HEALTH:Device / System Event Journey","device-system-event","iot-ingestion-service; card-print-agent; offline-edge-service; tshepo-authz-service","/v1/devices, device agent protocols","","device registration; mTLS","device events; telemetry","device.*","/admin/devices","","expected","health-id-issuance; integration-sync-replay","alert","Device event ingested and auditable","mapped-to-core-transaction","missing-journey","ui/one-ui-shell/src/app/admin/devices/page.tsx","hooks/queries/useAdminObservability.ts"
"frontend-route","/admin/keys","device","platform-admin","IoT, card printer, edge node","Key Management","ADMINISTRATIVE_HEALTH:Device / System Event Journey","device-system-event","iot-ingestion-service; card-print-agent; offline-edge-service; tshepo-authz-service","/v1/devices, device agent protocols","","device registration; mTLS","device events; telemetry","device.*","/admin/keys","","expected","health-id-issuance; integration-sync-replay","alert","Device event ingested and auditable","mapped-to-core-transaction","missing-journey","ui/one-ui-shell/src/app/admin/keys/page.tsx","hooks/queries/useAdminObservability.ts"
"frontend-route","/admin/federation","device","platform-admin","IoT, card printer, edge node","Federation","ADMINISTRATIVE_HEALTH:Device / System Event Journey","device-system-event","iot-ingestion-service; card-print-agent; offline-edge-service; tshepo-authz-service","/v1/devices, device agent protocols","","device registration; mTLS","device events; telemetry","device.*","/admin/federation","","expected","health-id-issuance; integration-sync-replay","alert","Device event ingested and auditable","mapped-to-core-transaction","missing-journey","ui/one-ui-shell/src/app/admin/federation/page.tsx","hooks/queries/useAdminObservability.ts"
"frontend-route","/admin/tenants","device","platform-admin","IoT, card printer, edge node","Tenant Management","ADMINISTRATIVE_HEALTH:Device / System Event Journey","device-system-event","iot-ingestion-service; card-print-agent; offline-edge-service; tshepo-authz-service","/v1/devices, device agent protocols","","device registration; mTLS","device events; telemetry","device.*","/admin/tenants","","expected","health-id-issuance; integration-sync-replay","alert","Device event ingested and auditable","mapped-to-core-transaction","missing-journey","ui/one-ui-shell/src/app/admin/tenants/page.tsx","hooks/queries/useAdminObservability.ts"
"frontend-route","/admin/break-glass","device","platform-admin","IoT, card printer, edge node","Break Glass Log","ADMINISTRATIVE_HEALTH:Device / System Event Journey","device-system-event","iot-ingestion-service; card-print-agent; offline-edge-service; tshepo-authz-service","/v1/devices, device agent protocols","","device registration; mTLS","device events; telemetry","device.*","/admin/break-glass","","expected","health-id-issuance; integration-sync-replay","alert","Device event ingested and auditable","mapped-to-core-transaction","missing-journey","ui/one-ui-shell/src/app/admin/break-glass/page.tsx","hooks/queries/useAdminObservability.ts"
"frontend-route","/admin/beds","device","platform-admin","IoT, card printer, edge node","Bed & Ward Admin","ADMINISTRATIVE_HEALTH:Device / System Event Journey","device-system-event","iot-ingestion-service; card-print-agent; offline-edge-service; tshepo-authz-service","/v1/devices, device agent protocols","","device registration; mTLS","device events; telemetry","device.*","/admin/beds","","expected","health-id-issuance; integration-sync-replay","alert","Device event ingested and auditable","mapped-to-core-transaction","missing-journey","ui/one-ui-shell/src/app/admin/beds/page.tsx","hooks/queries/useAdminObservability.ts"
"frontend-route","/admin/queues","device","platform-admin","IoT, card printer, edge node","Queue Configuration","ADMINISTRATIVE_HEALTH:Device / System Event Journey","device-system-event","iot-ingestion-service; card-print-agent; offline-edge-service; tshepo-authz-service","/v1/devices, device agent protocols","","device registration; mTLS","device events; telemetry","device.*","/admin/queues","","expected","health-id-issuance; integration-sync-replay","alert","Device event ingested and auditable","mapped-to-core-transaction","missing-journey","ui/one-ui-shell/src/app/admin/queues/page.tsx","hooks/queries/useAdminObservability.ts"
"frontend-route","/admin/data-export","device","platform-admin","IoT, card printer, edge node","Data Export","ADMINISTRATIVE_HEALTH:Device / System Event Journey","device-system-event","iot-ingestion-service; card-print-agent; offline-edge-service; tshepo-authz-service","/v1/devices, device agent protocols","","device registration; mTLS","device events; telemetry","device.*","/admin/data-export","","expected","health-id-issuance; integration-sync-replay","alert","Device event ingested and auditable","mapped-to-core-transaction","missing-journey","ui/one-ui-shell/src/app/admin/data-export/page.tsx","hooks/queries/useAdminObservability.ts"
"frontend-route","/admin/data-governance","device","platform-admin","IoT, card printer, edge node","Data Governance","ADMINISTRATIVE_HEALTH:Device / System Event Journey","device-system-event","iot-ingestion-service; card-print-agent; offline-edge-service; tshepo-authz-service","/v1/devices, device agent protocols","","device registration; mTLS","device events; telemetry","device.*","/admin/data-governance","","expected","health-id-issuance; integration-sync-replay","alert","Device event ingested and auditable","mapped-to-core-transaction","missing-journey","ui/one-ui-shell/src/app/admin/data-governance/page.tsx","hooks/queries/useAdminObservability.ts"
"frontend-route","/admin/clinical-curation","device","platform-admin","IoT, card printer, edge node","Clinical Knowledge Curation","ADMINISTRATIVE_HEALTH:Device / System Event Journey","device-system-event","iot-ingestion-service; card-print-agent; offline-edge-service; tshepo-authz-service","/v1/devices, device agent protocols","","device registration; mTLS","device events; telemetry","device.*","/admin/clinical-curation","","expected","health-id-issuance; integration-sync-replay","alert","Device event ingested and auditable","mapped-to-core-transaction","missing-journey","ui/one-ui-shell/src/app/admin/clinical-curation/page.tsx","hooks/queries/useAdminObservability.ts"
"frontend-route","/admin/system-monitor","device","platform-admin","IoT, card printer, edge node","System Monitor","ADMINISTRATIVE_HEALTH:Device / System Event Journey","device-system-event","iot-ingestion-service; card-print-agent; offline-edge-service; tshepo-authz-service","/v1/devices, device agent protocols","","device registration; mTLS","device events; telemetry","device.*","/admin/system-monitor","","expected","health-id-issuance; integration-sync-replay","alert","Device event ingested and auditable","mapped-to-core-transaction","missing-journey","ui/one-ui-shell/src/app/admin/system-monitor/page.tsx","hooks/queries/useAdminObservability.ts"
"frontend-route","/admin/integration-status","integration-system","platform-admin","external system or edge node","Integration Status","ADMINISTRATIVE_HEALTH:Integration / Sync / Replay","integration-sync-replay","integration-hub; connector-fhir-adapter; fhir-gateway-service; offline-sync-service; experience-bff","/internal/v1/integration-hub/*, /internal/v1/fhir/*, /internal/v1/extensions/*","","integration credentials; FHIR gateway authz","integration routes; dead letters","integration.*","/admin/integration-status","","expected","device-system-event; offline-clinical-queue","replay on failure","Integration message processed or dead-lettered with replay","mapped-to-core-transaction","missing-journey","ui/one-ui-shell/src/app/admin/integration-status/page.tsx","hooks/queries/useAdminObservability.ts"
"frontend-route","/admin/notifications/templates","device","platform-admin","IoT, card printer, edge node","Notification Templates","ADMINISTRATIVE_HEALTH:Device / System Event Journey","device-system-event","iot-ingestion-service; card-print-agent; offline-edge-service; tshepo-authz-service","/v1/devices, device agent protocols","","device registration; mTLS","device events; telemetry","device.*","/admin/notifications/templates","","expected","health-id-issuance; integration-sync-replay","alert","Device event ingested and auditable","mapped-to-core-transaction","missing-journey","ui/one-ui-shell/src/app/admin/notifications/templates/page.tsx","hooks/queries/useAdminObservability.ts"
"frontend-route","/admin/integration-templates","integration-system","platform-admin","external system or edge node","Integration Templates","ADMINISTRATIVE_HEALTH:Integration / Sync / Replay","integration-sync-replay","integration-hub; connector-fhir-adapter; fhir-gateway-service; offline-sync-service; experience-bff","/internal/v1/integration-hub/*, /internal/v1/fhir/*, /internal/v1/extensions/*","","integration credentials; FHIR gateway authz","integration routes; dead letters","integration.*","/admin/integration-templates","","expected","device-system-event; offline-clinical-queue","replay on failure","Integration message processed or dead-lettered with replay","mapped-to-core-transaction","missing-journey","ui/one-ui-shell/src/app/admin/integration-templates/page.tsx","hooks/queries/useAdminObservability.ts"
"frontend-route","/admin/sidecar-retirement","device","platform-admin","IoT, card printer, edge node","Sidecar Retirement","ADMINISTRATIVE_HEALTH:Device / System Event Journey","device-system-event","iot-ingestion-service; card-print-agent; offline-edge-service; tshepo-authz-service","/v1/devices, device agent protocols","","device registration; mTLS","device events; telemetry","device.*","/admin/sidecar-retirement","","expected","health-id-issuance; integration-sync-replay","alert","Device event ingested and auditable","mapped-to-core-transaction","missing-journey","ui/one-ui-shell/src/app/admin/sidecar-retirement/page.tsx","hooks/queries/useAdminObservability.ts"
"frontend-route","/dags","system-administrator","platform-admin","governance","Data Access Governance","","","experience-bff","","","role","","","/dags","","optional","","","","unmapped","isolated-page","ui/one-ui-shell/src/app/dags/page.tsx",""
"frontend-route","/dags/policy","system-administrator","platform-admin","governance","Data Access Policy","","","experience-bff","","","role","","","/dags/policy","","optional","","","","unmapped","isolated-page","ui/one-ui-shell/src/app/dags/policy/page.tsx",""
"frontend-route","/registry-admin","registry-administrator","platform-admin","national registry ops","Registry Administration","ADMINISTRATIVE_HEALTH:Registry Administration","registry-administration","vito-service; varapi-service; tuso-service; zibo-service; product-registry-service; experience-bff","/internal/v1/registry/*, /internal/v1/vito/*","vito-service; varapi-service; tuso-service; zibo-service; product-registry-service","registry admin RBAC","registry records; reconciliation queues","registry.*","/registry-admin","apps/mobile/provider-app/src/screens/provider/AdminRegistryHubScreen.tsx","expected","health-id-issuance; provider-registry-onboarding","audit","Registry admin reconciles record with full audit","mapped-to-core-transaction","missing-journey","ui/one-ui-shell/src/app/registry-admin/page.tsx",""
"frontend-route","/organization-admin","system-administrator","platform-admin","governance","Organization Administration","","","experience-bff","","","role","","","/organization-admin","","optional","","","","unmapped","isolated-page","ui/one-ui-shell/src/app/organization-admin/page.tsx",""
"frontend-route","/organization-admin/facility","system-administrator","platform-admin","governance","Facility Administration","","","experience-bff","","","role","","","/organization-admin/facility","","optional","","","","unmapped","isolated-page","ui/one-ui-shell/src/app/organization-admin/facility/page.tsx",""
"frontend-route","/organization-admin/staffing","system-administrator","platform-admin","governance","Staffing & Scheduling","","","experience-bff","","","role","","","/organization-admin/staffing","","optional","","","","unmapped","isolated-page","ui/one-ui-shell/src/app/organization-admin/staffing/page.tsx",""
"frontend-route","/organization-admin/governance","system-administrator","platform-admin","governance","Organisations & governance","","","experience-bff","","","role","","","/organization-admin/governance","","optional","","","","unmapped","isolated-page","ui/one-ui-shell/src/app/organization-admin/governance/page.tsx",""
"frontend-route","/organization-admin/governance/[id]","system-administrator","platform-admin","governance","Organisation detail","","","experience-bff","","","role","","","/organization-admin/governance/[id]","","optional","","","","unmapped","isolated-page","ui/one-ui-shell/src/app/organization-admin/governance/[id]/page.tsx",""
"frontend-route","/registry/clients","registry-administrator","registry-ops","national registry ops","Client Registry","ADMINISTRATIVE_HEALTH:Registry Administration","registry-administration","vito-service; varapi-service; tuso-service; zibo-service; product-registry-service; experience-bff","/internal/v1/registry/*, /internal/v1/vito/*","vito-service; varapi-service; tuso-service; zibo-service; product-registry-service","registry admin RBAC","registry records; reconciliation queues","registry.*","/registry/clients","apps/mobile/provider-app/src/screens/provider/AdminRegistryHubScreen.tsx","expected","health-id-issuance; provider-registry-onboarding","audit","Registry admin reconciles record with full audit","mapped-to-core-transaction","missing-journey","ui/one-ui-shell/src/app/registry/clients/page.tsx","hooks/queries/useClientRegistry.ts"
"frontend-route","/registry/trust","registry-administrator","registry-ops","national registry ops","Trust & Federation","ADMINISTRATIVE_HEALTH:Registry Administration","registry-administration","vito-service; varapi-service; tuso-service; zibo-service; product-registry-service; experience-bff","/internal/v1/registry/*, /internal/v1/vito/*","vito-service; varapi-service; tuso-service; zibo-service; product-registry-service","registry admin RBAC","registry records; reconciliation queues","registry.*","/registry/trust","apps/mobile/provider-app/src/screens/provider/AdminRegistryHubScreen.tsx","expected","health-id-issuance; provider-registry-onboarding","audit","Registry admin reconciles record with full audit","mapped-to-core-transaction","missing-journey","ui/one-ui-shell/src/app/registry/trust/page.tsx","hooks/queries/useClientRegistry.ts"
"frontend-route","/registry/mvumo","registry-administrator","registry-ops","national registry ops","Mvumo â€” Digital Consent","ADMINISTRATIVE_HEALTH:Registry Administration","registry-administration","vito-service; varapi-service; tuso-service; zibo-service; product-registry-service; experience-bff","/internal/v1/registry/*, /internal/v1/vito/*","vito-service; varapi-service; tuso-service; zibo-service; product-registry-service","registry admin RBAC","registry records; reconciliation queues","registry.*","/registry/mvumo","apps/mobile/provider-app/src/screens/provider/AdminRegistryHubScreen.tsx","expected","health-id-issuance; provider-registry-onboarding","audit","Registry admin reconciles record with full audit","mapped-to-core-transaction","missing-journey","ui/one-ui-shell/src/app/registry/mvumo/page.tsx","hooks/queries/useClientRegistry.ts"
"frontend-route","/registry","registry-administrator","registry-ops","national registry ops","Registry Hub","ADMINISTRATIVE_HEALTH:Registry Administration","registry-administration","vito-service; varapi-service; tuso-service; zibo-service; product-registry-service; experience-bff","/internal/v1/registry/*, /internal/v1/vito/*","vito-service; varapi-service; tuso-service; zibo-service; product-registry-service","registry admin RBAC","registry records; reconciliation queues","registry.*","/registry","apps/mobile/provider-app/src/screens/provider/AdminRegistryHubScreen.tsx","expected","health-id-issuance; provider-registry-onboarding","audit","Registry admin reconciles record with full audit","mapped-to-core-transaction","missing-journey","ui/one-ui-shell/src/app/registry/page.tsx","hooks/queries/useClientRegistry.ts"
"frontend-route","/registry/intake","registry-administrator","registry-ops","national registry ops","Registry Intake","ADMINISTRATIVE_HEALTH:Registry Administration","registry-administration","vito-service; varapi-service; tuso-service; zibo-service; product-registry-service; experience-bff","/internal/v1/registry/*, /internal/v1/vito/*","vito-service; varapi-service; tuso-service; zibo-service; product-registry-service","registry admin RBAC","registry records; reconciliation queues","registry.*","/registry/intake","apps/mobile/provider-app/src/screens/provider/AdminRegistryHubScreen.tsx","expected","health-id-issuance; provider-registry-onboarding","audit","Registry admin reconciles record with full audit","mapped-to-core-transaction","missing-journey","ui/one-ui-shell/src/app/registry/intake/page.tsx","hooks/queries/useClientRegistry.ts"
"frontend-route","/registry/locality-review","registry-administrator","registry-ops","national registry ops","Locality gazetteer review","ADMINISTRATIVE_HEALTH:Registry Administration","registry-administration","vito-service; varapi-service; tuso-service; zibo-service; product-registry-service; experience-bff","/internal/v1/registry/*, /internal/v1/vito/*","vito-service; varapi-service; tuso-service; zibo-service; product-registry-service","registry admin RBAC","registry records; reconciliation queues","registry.*","/registry/locality-review","apps/mobile/provider-app/src/screens/provider/AdminRegistryHubScreen.tsx","expected","health-id-issuance; provider-registry-onboarding","audit","Registry admin reconciles record with full audit","mapped-to-core-transaction","missing-journey","ui/one-ui-shell/src/app/registry/locality-review/page.tsx","hooks/queries/useClientRegistry.ts"
"frontend-route","/registry/facility-lifecycle","registry-administrator","registry-ops","national registry ops","Facility regulatory lifecycle","ADMINISTRATIVE_HEALTH:Registry Administration","registry-administration","vito-service; varapi-service; tuso-service; zibo-service; product-registry-service; experience-bff","/internal/v1/registry/*, /internal/v1/vito/*","vito-service; varapi-service; tuso-service; zibo-service; product-registry-service","registry admin RBAC","registry records; reconciliation queues","registry.*","/registry/facility-lifecycle","apps/mobile/provider-app/src/screens/provider/AdminRegistryHubScreen.tsx","expected","health-id-issuance; provider-registry-onboarding","audit","Registry admin reconciles record with full audit","mapped-to-core-transaction","missing-journey","ui/one-ui-shell/src/app/registry/facility-lifecycle/page.tsx","hooks/queries/useClientRegistry.ts"
"frontend-route","/registry/providers","registry-administrator","registry-ops","national registry ops","Provider Registry","ADMINISTRATIVE_HEALTH:Registry Administration","registry-administration","vito-service; varapi-service; tuso-service; zibo-service; product-registry-service; experience-bff","/internal/v1/registry/*, /internal/v1/vito/*","vito-service; varapi-service; tuso-service; zibo-service; product-registry-service","registry admin RBAC","registry records; reconciliation queues","registry.*","/registry/providers","apps/mobile/provider-app/src/screens/provider/AdminRegistryHubScreen.tsx","expected","health-id-issuance; provider-registry-onboarding","audit","Registry admin reconciles record with full audit","mapped-to-core-transaction","missing-journey","ui/one-ui-shell/src/app/registry/providers/page.tsx","hooks/queries/useClientRegistry.ts"
"frontend-route","/registry/providers/verification","registry-administrator","registry-ops","national registry ops","Provider Verification Queue","ADMINISTRATIVE_HEALTH:Registry Administration","registry-administration","vito-service; varapi-service; tuso-service; zibo-service; product-registry-service; experience-bff","/internal/v1/registry/*, /internal/v1/vito/*","vito-service; varapi-service; tuso-service; zibo-service; product-registry-service","registry admin RBAC","registry records; reconciliation queues","registry.*","/registry/providers/verification","apps/mobile/provider-app/src/screens/provider/AdminRegistryHubScreen.tsx","expected","health-id-issuance; provider-registry-onboarding","audit","Registry admin reconciles record with full audit","mapped-to-core-transaction","missing-journey","ui/one-ui-shell/src/app/registry/providers/verification/page.tsx","hooks/queries/useClientRegistry.ts"
"frontend-route","/registry/providers/[id]","registry-administrator","registry-ops","national registry ops","Provider Profile","ADMINISTRATIVE_HEALTH:Registry Administration","registry-administration","vito-service; varapi-service; tuso-service; zibo-service; product-registry-service; experience-bff","/internal/v1/registry/*, /internal/v1/vito/*","vito-service; varapi-service; tuso-service; zibo-service; product-registry-service","registry admin RBAC","registry records; reconciliation queues","registry.*","/registry/providers/[id]","apps/mobile/provider-app/src/screens/provider/AdminRegistryHubScreen.tsx","expected","health-id-issuance; provider-registry-onboarding","audit","Registry admin reconciles record with full audit","mapped-to-core-transaction","missing-journey","ui/one-ui-shell/src/app/registry/providers/[id]/page.tsx","hooks/queries/useClientRegistry.ts"
"frontend-route","/registry/provider-council/self-service","registry-administrator","registry-ops","national registry ops","Council self-service","ADMINISTRATIVE_HEALTH:Registry Administration","registry-administration","vito-service; varapi-service; tuso-service; zibo-service; product-registry-service; experience-bff","/internal/v1/registry/*, /internal/v1/vito/*","vito-service; varapi-service; tuso-service; zibo-service; product-registry-service","registry admin RBAC","registry records; reconciliation queues","registry.*","/registry/provider-council/self-service","apps/mobile/provider-app/src/screens/provider/AdminRegistryHubScreen.tsx","expected","health-id-issuance; provider-registry-onboarding","audit","Registry admin reconciles record with full audit","mapped-to-core-transaction","missing-journey","ui/one-ui-shell/src/app/registry/provider-council/self-service/page.tsx","hooks/queries/useClientRegistry.ts"
"frontend-route","/registry/provider-council/council-workspace","registry-administrator","registry-ops","national registry ops","Council operations","ADMINISTRATIVE_HEALTH:Registry Administration","registry-administration","vito-service; varapi-service; tuso-service; zibo-service; product-registry-service; experience-bff","/internal/v1/registry/*, /internal/v1/vito/*","vito-service; varapi-service; tuso-service; zibo-service; product-registry-service","registry admin RBAC","registry records; reconciliation queues","registry.*","/registry/provider-council/council-workspace","apps/mobile/provider-app/src/screens/provider/AdminRegistryHubScreen.tsx","expected","health-id-issuance; provider-registry-onboarding","audit","Registry admin reconciles record with full audit","mapped-to-core-transaction","missing-journey","ui/one-ui-shell/src/app/registry/provider-council/council-workspace/page.tsx","hooks/queries/useClientRegistry.ts"
"frontend-route","/registry/facilities","registry-administrator","registry-ops","national registry ops","Facility Registry","ADMINISTRATIVE_HEALTH:Registry Administration","registry-administration","vito-service; varapi-service; tuso-service; zibo-service; product-registry-service; experience-bff","/internal/v1/registry/*, /internal/v1/vito/*","vito-service; varapi-service; tuso-service; zibo-service; product-registry-service","registry admin RBAC","registry records; reconciliation queues","registry.*","/registry/facilities","apps/mobile/provider-app/src/screens/provider/AdminRegistryHubScreen.tsx","expected","health-id-issuance; provider-registry-onboarding","audit","Registry admin reconciles record with full audit","mapped-to-core-transaction","missing-journey","ui/one-ui-shell/src/app/registry/facilities/page.tsx","hooks/queries/useClientRegistry.ts"
"frontend-route","/registry/facilities/[id]","registry-administrator","registry-ops","national registry ops","Facility Profile","ADMINISTRATIVE_HEALTH:Registry Administration","registry-administration","vito-service; varapi-service; tuso-service; zibo-service; product-registry-service; experience-bff","/internal/v1/registry/*, /internal/v1/vito/*","vito-service; varapi-service; tuso-service; zibo-service; product-registry-service","registry admin RBAC","registry records; reconciliation queues","registry.*","/registry/facilities/[id]","apps/mobile/provider-app/src/screens/provider/AdminRegistryHubScreen.tsx","expected","health-id-issuance; provider-registry-onboarding","audit","Registry admin reconciles record with full audit","mapped-to-core-transaction","missing-journey","ui/one-ui-shell/src/app/registry/facilities/[id]/page.tsx","hooks/queries/useClientRegistry.ts"
"frontend-route","/registry/terminology","registry-administrator","registry-ops","national registry ops","Terminology Browser","ADMINISTRATIVE_HEALTH:Registry Administration","registry-administration","vito-service; varapi-service; tuso-service; zibo-service; product-registry-service; experience-bff","/internal/v1/registry/*, /internal/v1/vito/*","vito-service; varapi-service; tuso-service; zibo-service; product-registry-service","registry admin RBAC","registry records; reconciliation queues","registry.*","/registry/terminology","apps/mobile/provider-app/src/screens/provider/AdminRegistryHubScreen.tsx","expected","health-id-issuance; provider-registry-onboarding","audit","Registry admin reconciles record with full audit","mapped-to-core-transaction","missing-journey","ui/one-ui-shell/src/app/registry/terminology/page.tsx","hooks/queries/useClientRegistry.ts"
"frontend-route","/registry/terminology/[id]","registry-administrator","registry-ops","national registry ops","Concept Details","ADMINISTRATIVE_HEALTH:Registry Administration","registry-administration","vito-service; varapi-service; tuso-service; zibo-service; product-registry-service; experience-bff","/internal/v1/registry/*, /internal/v1/vito/*","vito-service; varapi-service; tuso-service; zibo-service; product-registry-service","registry admin RBAC","registry records; reconciliation queues","registry.*","/registry/terminology/[id]","apps/mobile/provider-app/src/screens/provider/AdminRegistryHubScreen.tsx","expected","health-id-issuance; provider-registry-onboarding","audit","Registry admin reconciles record with full audit","mapped-to-core-transaction","missing-journey","ui/one-ui-shell/src/app/registry/terminology/[id]/page.tsx","hooks/queries/useClientRegistry.ts"
"frontend-route","/registry/products","registry-administrator","registry-ops","national registry ops","Product Registry","ADMINISTRATIVE_HEALTH:Registry Administration","registry-administration","vito-service; varapi-service; tuso-service; zibo-service; product-registry-service; experience-bff","/internal/v1/registry/*, /internal/v1/vito/*","vito-service; varapi-service; tuso-service; zibo-service; product-registry-service","registry admin RBAC","registry records; reconciliation queues","registry.*","/registry/products","apps/mobile/provider-app/src/screens/provider/AdminRegistryHubScreen.tsx","expected","health-id-issuance; provider-registry-onboarding","audit","Registry admin reconciles record with full audit","mapped-to-core-transaction","missing-journey","ui/one-ui-shell/src/app/registry/products/page.tsx","hooks/queries/useClientRegistry.ts"
"frontend-route","/registry/products/[id]","registry-administrator","registry-ops","national registry ops","Product Details","ADMINISTRATIVE_HEALTH:Registry Administration","registry-administration","vito-service; varapi-service; tuso-service; zibo-service; product-registry-service; experience-bff","/internal/v1/registry/*, /internal/v1/vito/*","vito-service; varapi-service; tuso-service; zibo-service; product-registry-service","registry admin RBAC","registry records; reconciliation queues","registry.*","/registry/products/[id]","apps/mobile/provider-app/src/screens/provider/AdminRegistryHubScreen.tsx","expected","health-id-issuance; provider-registry-onboarding","audit","Registry admin reconciles record with full audit","mapped-to-core-transaction","missing-journey","ui/one-ui-shell/src/app/registry/products/[id]/page.tsx","hooks/queries/useClientRegistry.ts"
"frontend-route","/ubomi","registry-administrator","registry-ops","birth/death/marriage registration","UBOMI Civil Registry","ADMINISTRATIVE_HEALTH:Civil Registration (UBOMI / CRVS)","crvs-ubomi","ubomi-service; vito-service; experience-bff","/internal/v1/ubomi/*","vito-service","CRVS authz","vital events; certificates","ubomi.*","/ubomi","","expected","registry-administration; citizen-onboarding","certificate","Vital event registered with certificate issuance","mapped-to-core-transaction","missing-journey","ui/one-ui-shell/src/app/ubomi/page.tsx","hooks/queries/useUbomi.ts"
"frontend-route","/marketplace","citizen","consumer","citizen marketplace","Health Marketplace","MARKETPLACE:Marketplace Order","marketplace-order","msika-flow-service; msika-service; mushe-wallet-service; experience-bff","/internal/v1/marketplace/*, /internal/v1/commerce/*","","commerce authz","orders; payment intents","core.transaction.events","/marketplace","apps/mobile/citizen-app/src/screens/marketplace/CartScreen.tsx; apps/mobile/citizen-app/src/screens/marketplace/FundoLearningScreen.tsx; apps/mobile/citizen-app/src/screens/marketplace/HealthOsAppsScreen.tsx; apps/mobile/citizen-app/src/screens/marketplace/MarketplaceScreen.tsx; apps/mobile/provider-app/src/screens/provider/LabOrderPanel.tsx; apps/mobile/provider-app/src/screens/provider/MarketplaceOpsScreen.tsx","expected","wallet-payment; dispatch-delivery","fulfil","Citizen places order and tracks fulfilment","mapped-to-core-transaction","missing-journey","ui/one-ui-shell/src/app/marketplace/page.tsx","hooks/queries/useMarketplace.ts"
"frontend-route","/marketplace/catalog","citizen","consumer","citizen marketplace","Service Catalog","MARKETPLACE:Marketplace Order","marketplace-order","msika-flow-service; msika-service; mushe-wallet-service; experience-bff","/internal/v1/marketplace/*, /internal/v1/commerce/*","","commerce authz","orders; payment intents","core.transaction.events","/marketplace/catalog","apps/mobile/citizen-app/src/screens/marketplace/CartScreen.tsx; apps/mobile/citizen-app/src/screens/marketplace/FundoLearningScreen.tsx; apps/mobile/citizen-app/src/screens/marketplace/HealthOsAppsScreen.tsx; apps/mobile/citizen-app/src/screens/marketplace/MarketplaceScreen.tsx; apps/mobile/provider-app/src/screens/provider/LabOrderPanel.tsx; apps/mobile/provider-app/src/screens/provider/MarketplaceOpsScreen.tsx","expected","wallet-payment; dispatch-delivery","fulfil","Citizen places order and tracks fulfilment","mapped-to-core-transaction","missing-journey","ui/one-ui-shell/src/app/marketplace/catalog/page.tsx","hooks/queries/useMarketplace.ts"
"frontend-route","/marketplace/orders","citizen","consumer","citizen marketplace","My Orders","MARKETPLACE:Marketplace Order","marketplace-order","msika-flow-service; msika-service; mushe-wallet-service; experience-bff","/internal/v1/marketplace/*, /internal/v1/commerce/*","","commerce authz","orders; payment intents","core.transaction.events","/marketplace/orders","apps/mobile/citizen-app/src/screens/marketplace/CartScreen.tsx; apps/mobile/citizen-app/src/screens/marketplace/FundoLearningScreen.tsx; apps/mobile/citizen-app/src/screens/marketplace/HealthOsAppsScreen.tsx; apps/mobile/citizen-app/src/screens/marketplace/MarketplaceScreen.tsx; apps/mobile/provider-app/src/screens/provider/LabOrderPanel.tsx; apps/mobile/provider-app/src/screens/provider/MarketplaceOpsScreen.tsx","expected","wallet-payment; dispatch-delivery","fulfil","Citizen places order and tracks fulfilment","mapped-to-core-transaction","missing-journey","ui/one-ui-shell/src/app/marketplace/orders/page.tsx","hooks/queries/useMarketplace.ts"
"frontend-route","/marketplace/orders/[id]","citizen","consumer","citizen marketplace","Order Details","MARKETPLACE:Marketplace Order","marketplace-order","msika-flow-service; msika-service; mushe-wallet-service; experience-bff","/internal/v1/marketplace/*, /internal/v1/commerce/*","","commerce authz","orders; payment intents","core.transaction.events","/marketplace/orders/[id]","apps/mobile/citizen-app/src/screens/marketplace/CartScreen.tsx; apps/mobile/citizen-app/src/screens/marketplace/FundoLearningScreen.tsx; apps/mobile/citizen-app/src/screens/marketplace/HealthOsAppsScreen.tsx; apps/mobile/citizen-app/src/screens/marketplace/MarketplaceScreen.tsx; apps/mobile/provider-app/src/screens/provider/LabOrderPanel.tsx; apps/mobile/provider-app/src/screens/provider/MarketplaceOpsScreen.tsx","expected","wallet-payment; dispatch-delivery","fulfil","Citizen places order and tracks fulfilment","mapped-to-core-transaction","missing-journey","ui/one-ui-shell/src/app/marketplace/orders/[id]/page.tsx","hooks/queries/useMarketplace.ts"
"frontend-route","/marketplace/ops","citizen","consumer","citizen marketplace","Marketplace Operations","MARKETPLACE:Marketplace Order","marketplace-order","msika-flow-service; msika-service; mushe-wallet-service; experience-bff","/internal/v1/marketplace/*, /internal/v1/commerce/*","","commerce authz","orders; payment intents","core.transaction.events","/marketplace/ops","apps/mobile/citizen-app/src/screens/marketplace/CartScreen.tsx; apps/mobile/citizen-app/src/screens/marketplace/FundoLearningScreen.tsx; apps/mobile/citizen-app/src/screens/marketplace/HealthOsAppsScreen.tsx; apps/mobile/citizen-app/src/screens/marketplace/MarketplaceScreen.tsx; apps/mobile/provider-app/src/screens/provider/LabOrderPanel.tsx; apps/mobile/provider-app/src/screens/provider/MarketplaceOpsScreen.tsx","expected","wallet-payment; dispatch-delivery","fulfil","Citizen places order and tracks fulfilment","mapped-to-core-transaction","missing-journey","ui/one-ui-shell/src/app/marketplace/ops/page.tsx","hooks/queries/useMarketplace.ts"
"frontend-route","/marketplace/vendor","citizen","consumer","citizen marketplace","Vendor Fulfilment","MARKETPLACE:Marketplace Order","marketplace-order","msika-flow-service; msika-service; mushe-wallet-service; experience-bff","/internal/v1/marketplace/*, /internal/v1/commerce/*","","commerce authz","orders; payment intents","core.transaction.events","/marketplace/vendor","apps/mobile/citizen-app/src/screens/marketplace/CartScreen.tsx; apps/mobile/citizen-app/src/screens/marketplace/FundoLearningScreen.tsx; apps/mobile/citizen-app/src/screens/marketplace/HealthOsAppsScreen.tsx; apps/mobile/citizen-app/src/screens/marketplace/MarketplaceScreen.tsx; apps/mobile/provider-app/src/screens/provider/LabOrderPanel.tsx; apps/mobile/provider-app/src/screens/provider/MarketplaceOpsScreen.tsx","expected","wallet-payment; dispatch-delivery","fulfil","Citizen places order and tracks fulfilment","mapped-to-core-transaction","missing-journey","ui/one-ui-shell/src/app/marketplace/vendor/page.tsx","hooks/queries/useMarketplace.ts"
"frontend-route","/marketplace/vendor/orders","citizen","consumer","citizen marketplace","Vendor Orders","MARKETPLACE:Marketplace Order","marketplace-order","msika-flow-service; msika-service; mushe-wallet-service; experience-bff","/internal/v1/marketplace/*, /internal/v1/commerce/*","","commerce authz","orders; payment intents","core.transaction.events","/marketplace/vendor/orders","apps/mobile/citizen-app/src/screens/marketplace/CartScreen.tsx; apps/mobile/citizen-app/src/screens/marketplace/FundoLearningScreen.tsx; apps/mobile/citizen-app/src/screens/marketplace/HealthOsAppsScreen.tsx; apps/mobile/citizen-app/src/screens/marketplace/MarketplaceScreen.tsx; apps/mobile/provider-app/src/screens/provider/LabOrderPanel.tsx; apps/mobile/provider-app/src/screens/provider/MarketplaceOpsScreen.tsx","expected","wallet-payment; dispatch-delivery","fulfil","Citizen places order and tracks fulfilment","mapped-to-core-transaction","missing-journey","ui/one-ui-shell/src/app/marketplace/vendor/orders/page.tsx","hooks/queries/useMarketplace.ts"
"frontend-route","/marketplace/pickup","citizen","consumer","citizen marketplace","Pickup Handoff","MARKETPLACE:Marketplace Order","marketplace-order","msika-flow-service; msika-service; mushe-wallet-service; experience-bff","/internal/v1/marketplace/*, /internal/v1/commerce/*","","commerce authz","orders; payment intents","core.transaction.events","/marketplace/pickup","apps/mobile/citizen-app/src/screens/marketplace/CartScreen.tsx; apps/mobile/citizen-app/src/screens/marketplace/FundoLearningScreen.tsx; apps/mobile/citizen-app/src/screens/marketplace/HealthOsAppsScreen.tsx; apps/mobile/citizen-app/src/screens/marketplace/MarketplaceScreen.tsx; apps/mobile/provider-app/src/screens/provider/LabOrderPanel.tsx; apps/mobile/provider-app/src/screens/provider/MarketplaceOpsScreen.tsx","expected","wallet-payment; dispatch-delivery","fulfil","Citizen places order and tracks fulfilment","mapped-to-core-transaction","missing-journey","ui/one-ui-shell/src/app/marketplace/pickup/page.tsx","hooks/queries/useMarketplace.ts"
"frontend-route","/marketplace/vendors","citizen","consumer","citizen marketplace","Vendors","MARKETPLACE:Marketplace Order","marketplace-order","msika-flow-service; msika-service; mushe-wallet-service; experience-bff","/internal/v1/marketplace/*, /internal/v1/commerce/*","","commerce authz","orders; payment intents","core.transaction.events","/marketplace/vendors","apps/mobile/citizen-app/src/screens/marketplace/CartScreen.tsx; apps/mobile/citizen-app/src/screens/marketplace/FundoLearningScreen.tsx; apps/mobile/citizen-app/src/screens/marketplace/HealthOsAppsScreen.tsx; apps/mobile/citizen-app/src/screens/marketplace/MarketplaceScreen.tsx; apps/mobile/provider-app/src/screens/provider/LabOrderPanel.tsx; apps/mobile/provider-app/src/screens/provider/MarketplaceOpsScreen.tsx","expected","wallet-payment; dispatch-delivery","fulfil","Citizen places order and tracks fulfilment","mapped-to-core-transaction","missing-journey","ui/one-ui-shell/src/app/marketplace/vendors/page.tsx","hooks/queries/useMarketplace.ts"
"frontend-route","/marketplace/bookings","citizen","consumer","citizen marketplace","Bookings","MARKETPLACE:Marketplace Order","marketplace-order","msika-flow-service; msika-service; mushe-wallet-service; experience-bff","/internal/v1/marketplace/*, /internal/v1/commerce/*","","commerce authz","orders; payment intents","core.transaction.events","/marketplace/bookings","apps/mobile/citizen-app/src/screens/marketplace/CartScreen.tsx; apps/mobile/citizen-app/src/screens/marketplace/FundoLearningScreen.tsx; apps/mobile/citizen-app/src/screens/marketplace/HealthOsAppsScreen.tsx; apps/mobile/citizen-app/src/screens/marketplace/MarketplaceScreen.tsx; apps/mobile/provider-app/src/screens/provider/LabOrderPanel.tsx; apps/mobile/provider-app/src/screens/provider/MarketplaceOpsScreen.tsx","expected","wallet-payment; dispatch-delivery","fulfil","Citizen places order and tracks fulfilment","mapped-to-core-transaction","missing-journey","ui/one-ui-shell/src/app/marketplace/bookings/page.tsx","hooks/queries/useMarketplace.ts"
"frontend-route","/finance","citizen","finance","encounter billing or coverage","Finance Dashboard","ADMINISTRATIVE_HEALTH:Payment / Billing / Exemption / Claim","payment-billing-claim","costing-engine-service; mushex-service; coverage-service; mushe-wallet-service; experience-bff","/internal/v1/finance/*, /internal/v1/coverage/*, /internal/v1/wallet/*","","financial authz; purpose-of-use","billing; claims; payments; remittance","core.transaction.events; finance-oros-pharmacy","/finance","apps/mobile/citizen-app/src/screens/personal/FinanceSection.tsx; apps/mobile/citizen-app/src/screens/personal/WalletSection.tsx; apps/mobile/provider-app/src/screens/provider/BillingScreen.tsx; apps/mobile/provider-app/src/screens/provider/FinanceOverviewScreen.tsx","expected","wallet-payment; coverage-enrollment","remittance","Bill generated, payment or claim completed with audit","mapped-to-core-transaction","missing-journey","ui/one-ui-shell/src/app/finance/page.tsx","hooks/queries/useFinanceBillingWorkspace.ts"
"frontend-route","/finance/claims","citizen","finance","encounter billing or coverage","Claims","ADMINISTRATIVE_HEALTH:Payment / Billing / Exemption / Claim","payment-billing-claim","costing-engine-service; mushex-service; coverage-service; mushe-wallet-service; experience-bff","/internal/v1/finance/*, /internal/v1/coverage/*, /internal/v1/wallet/*","","financial authz; purpose-of-use","billing; claims; payments; remittance","core.transaction.events; finance-oros-pharmacy","/finance/claims","apps/mobile/citizen-app/src/screens/personal/FinanceSection.tsx; apps/mobile/citizen-app/src/screens/personal/WalletSection.tsx; apps/mobile/provider-app/src/screens/provider/BillingScreen.tsx; apps/mobile/provider-app/src/screens/provider/FinanceOverviewScreen.tsx","expected","wallet-payment; coverage-enrollment","remittance","Bill generated, payment or claim completed with audit","mapped-to-core-transaction","missing-journey","ui/one-ui-shell/src/app/finance/claims/page.tsx","hooks/queries/useFinanceBillingWorkspace.ts"
"frontend-route","/finance/claims/[id]","citizen","finance","encounter billing or coverage","Claim Details","ADMINISTRATIVE_HEALTH:Payment / Billing / Exemption / Claim","payment-billing-claim","costing-engine-service; mushex-service; coverage-service; mushe-wallet-service; experience-bff","/internal/v1/finance/*, /internal/v1/coverage/*, /internal/v1/wallet/*","","financial authz; purpose-of-use","billing; claims; payments; remittance","core.transaction.events; finance-oros-pharmacy","/finance/claims/[id]","apps/mobile/citizen-app/src/screens/personal/FinanceSection.tsx; apps/mobile/citizen-app/src/screens/personal/WalletSection.tsx; apps/mobile/provider-app/src/screens/provider/BillingScreen.tsx; apps/mobile/provider-app/src/screens/provider/FinanceOverviewScreen.tsx","expected","wallet-payment; coverage-enrollment","remittance","Bill generated, payment or claim completed with audit","mapped-to-core-transaction","missing-journey","ui/one-ui-shell/src/app/finance/claims/[id]/page.tsx","hooks/queries/useFinanceBillingWorkspace.ts"
"frontend-route","/finance/billing","citizen","finance","encounter billing or coverage","Billing","ADMINISTRATIVE_HEALTH:Payment / Billing / Exemption / Claim","payment-billing-claim","costing-engine-service; mushex-service; coverage-service; mushe-wallet-service; experience-bff","/internal/v1/finance/*, /internal/v1/coverage/*, /internal/v1/wallet/*","","financial authz; purpose-of-use","billing; claims; payments; remittance","core.transaction.events; finance-oros-pharmacy","/finance/billing","apps/mobile/citizen-app/src/screens/personal/FinanceSection.tsx; apps/mobile/citizen-app/src/screens/personal/WalletSection.tsx; apps/mobile/provider-app/src/screens/provider/BillingScreen.tsx; apps/mobile/provider-app/src/screens/provider/FinanceOverviewScreen.tsx","expected","wallet-payment; coverage-enrollment","remittance","Bill generated, payment or claim completed with audit","mapped-to-core-transaction","missing-journey","ui/one-ui-shell/src/app/finance/billing/page.tsx","hooks/queries/useFinanceBillingWorkspace.ts"
"frontend-route","/finance/billing/[id]","citizen","finance","encounter billing or coverage","Bill Details","ADMINISTRATIVE_HEALTH:Payment / Billing / Exemption / Claim","payment-billing-claim","costing-engine-service; mushex-service; coverage-service; mushe-wallet-service; experience-bff","/internal/v1/finance/*, /internal/v1/coverage/*, /internal/v1/wallet/*","","financial authz; purpose-of-use","billing; claims; payments; remittance","core.transaction.events; finance-oros-pharmacy","/finance/billing/[id]","apps/mobile/citizen-app/src/screens/personal/FinanceSection.tsx; apps/mobile/citizen-app/src/screens/personal/WalletSection.tsx; apps/mobile/provider-app/src/screens/provider/BillingScreen.tsx; apps/mobile/provider-app/src/screens/provider/FinanceOverviewScreen.tsx","expected","wallet-payment; coverage-enrollment","remittance","Bill generated, payment or claim completed with audit","mapped-to-core-transaction","missing-journey","ui/one-ui-shell/src/app/finance/billing/[id]/page.tsx","hooks/queries/useFinanceBillingWorkspace.ts"
"frontend-route","/finance/payments","citizen","finance","encounter billing or coverage","Payments","ADMINISTRATIVE_HEALTH:Payment / Billing / Exemption / Claim","payment-billing-claim","costing-engine-service; mushex-service; coverage-service; mushe-wallet-service; experience-bff","/internal/v1/finance/*, /internal/v1/coverage/*, /internal/v1/wallet/*","","financial authz; purpose-of-use","billing; claims; payments; remittance","core.transaction.events; finance-oros-pharmacy","/finance/payments","apps/mobile/citizen-app/src/screens/personal/FinanceSection.tsx; apps/mobile/citizen-app/src/screens/personal/WalletSection.tsx; apps/mobile/provider-app/src/screens/provider/BillingScreen.tsx; apps/mobile/provider-app/src/screens/provider/FinanceOverviewScreen.tsx","expected","wallet-payment; coverage-enrollment","remittance","Bill generated, payment or claim completed with audit","mapped-to-core-transaction","missing-journey","ui/one-ui-shell/src/app/finance/payments/page.tsx","hooks/queries/useFinanceBillingWorkspace.ts"
"frontend-route","/finance/msika-governance","citizen","finance","encounter billing or coverage","MSIKA Governance","ADMINISTRATIVE_HEALTH:Payment / Billing / Exemption / Claim","payment-billing-claim","costing-engine-service; mushex-service; coverage-service; mushe-wallet-service; experience-bff","/internal/v1/finance/*, /internal/v1/coverage/*, /internal/v1/wallet/*","","financial authz; purpose-of-use","billing; claims; payments; remittance","core.transaction.events; finance-oros-pharmacy","/finance/msika-governance","apps/mobile/citizen-app/src/screens/personal/FinanceSection.tsx; apps/mobile/citizen-app/src/screens/personal/WalletSection.tsx; apps/mobile/provider-app/src/screens/provider/BillingScreen.tsx; apps/mobile/provider-app/src/screens/provider/FinanceOverviewScreen.tsx","expected","wallet-payment; coverage-enrollment","remittance","Bill generated, payment or claim completed with audit","mapped-to-core-transaction","missing-journey","ui/one-ui-shell/src/app/finance/msika-governance/page.tsx","hooks/queries/useFinanceBillingWorkspace.ts"
"frontend-route","/finance/ledger","citizen","finance","encounter billing or coverage","Ledger","ADMINISTRATIVE_HEALTH:Payment / Billing / Exemption / Claim","payment-billing-claim","costing-engine-service; mushex-service; coverage-service; mushe-wallet-service; experience-bff","/internal/v1/finance/*, /internal/v1/coverage/*, /internal/v1/wallet/*","","financial authz; purpose-of-use","billing; claims; payments; remittance","core.transaction.events; finance-oros-pharmacy","/finance/ledger","apps/mobile/citizen-app/src/screens/personal/FinanceSection.tsx; apps/mobile/citizen-app/src/screens/personal/WalletSection.tsx; apps/mobile/provider-app/src/screens/provider/BillingScreen.tsx; apps/mobile/provider-app/src/screens/provider/FinanceOverviewScreen.tsx","expected","wallet-payment; coverage-enrollment","remittance","Bill generated, payment or claim completed with audit","mapped-to-core-transaction","missing-journey","ui/one-ui-shell/src/app/finance/ledger/page.tsx","hooks/queries/useFinanceBillingWorkspace.ts"
"frontend-route","/finance/workspace","citizen","finance","encounter billing or coverage","Finance Workspace","ADMINISTRATIVE_HEALTH:Payment / Billing / Exemption / Claim","payment-billing-claim","costing-engine-service; mushex-service; coverage-service; mushe-wallet-service; experience-bff","/internal/v1/finance/*, /internal/v1/coverage/*, /internal/v1/wallet/*","","financial authz; purpose-of-use","billing; claims; payments; remittance","core.transaction.events; finance-oros-pharmacy","/finance/workspace","apps/mobile/citizen-app/src/screens/personal/FinanceSection.tsx; apps/mobile/citizen-app/src/screens/personal/WalletSection.tsx; apps/mobile/provider-app/src/screens/provider/BillingScreen.tsx; apps/mobile/provider-app/src/screens/provider/FinanceOverviewScreen.tsx","expected","wallet-payment; coverage-enrollment","remittance","Bill generated, payment or claim completed with audit","mapped-to-core-transaction","missing-journey","ui/one-ui-shell/src/app/finance/workspace/page.tsx","hooks/queries/useFinanceBillingWorkspace.ts"
"frontend-route","/finance/settlements","citizen","finance","encounter billing or coverage","Settlements","ADMINISTRATIVE_HEALTH:Payment / Billing / Exemption / Claim","payment-billing-claim","costing-engine-service; mushex-service; coverage-service; mushe-wallet-service; experience-bff","/internal/v1/finance/*, /internal/v1/coverage/*, /internal/v1/wallet/*","","financial authz; purpose-of-use","billing; claims; payments; remittance","core.transaction.events; finance-oros-pharmacy","/finance/settlements","apps/mobile/citizen-app/src/screens/personal/FinanceSection.tsx; apps/mobile/citizen-app/src/screens/personal/WalletSection.tsx; apps/mobile/provider-app/src/screens/provider/BillingScreen.tsx; apps/mobile/provider-app/src/screens/provider/FinanceOverviewScreen.tsx","expected","wallet-payment; coverage-enrollment","remittance","Bill generated, payment or claim completed with audit","mapped-to-core-transaction","missing-journey","ui/one-ui-shell/src/app/finance/settlements/page.tsx","hooks/queries/useFinanceBillingWorkspace.ts"
"frontend-route","/finance/remittances","citizen","finance","encounter billing or coverage","Remittances","ADMINISTRATIVE_HEALTH:Payment / Billing / Exemption / Claim","payment-billing-claim","costing-engine-service; mushex-service; coverage-service; mushe-wallet-service; experience-bff","/internal/v1/finance/*, /internal/v1/coverage/*, /internal/v1/wallet/*","","financial authz; purpose-of-use","billing; claims; payments; remittance","core.transaction.events; finance-oros-pharmacy","/finance/remittances","apps/mobile/citizen-app/src/screens/personal/FinanceSection.tsx; apps/mobile/citizen-app/src/screens/personal/WalletSection.tsx; apps/mobile/provider-app/src/screens/provider/BillingScreen.tsx; apps/mobile/provider-app/src/screens/provider/FinanceOverviewScreen.tsx","expected","wallet-payment; coverage-enrollment","remittance","Bill generated, payment or claim completed with audit","mapped-to-core-transaction","missing-journey","ui/one-ui-shell/src/app/finance/remittances/page.tsx","hooks/queries/useFinanceBillingWorkspace.ts"
"frontend-route","/finance/reconciliation","citizen","finance","encounter billing or coverage","Reconciliation","ADMINISTRATIVE_HEALTH:Payment / Billing / Exemption / Claim","payment-billing-claim","costing-engine-service; mushex-service; coverage-service; mushe-wallet-service; experience-bff","/internal/v1/finance/*, /internal/v1/coverage/*, /internal/v1/wallet/*","","financial authz; purpose-of-use","billing; claims; payments; remittance","core.transaction.events; finance-oros-pharmacy","/finance/reconciliation","apps/mobile/citizen-app/src/screens/personal/FinanceSection.tsx; apps/mobile/citizen-app/src/screens/personal/WalletSection.tsx; apps/mobile/provider-app/src/screens/provider/BillingScreen.tsx; apps/mobile/provider-app/src/screens/provider/FinanceOverviewScreen.tsx","expected","wallet-payment; coverage-enrollment","remittance","Bill generated, payment or claim completed with audit","mapped-to-core-transaction","missing-journey","ui/one-ui-shell/src/app/finance/reconciliation/page.tsx","hooks/queries/useFinanceBillingWorkspace.ts"
"frontend-route","/finance/refunds","citizen","finance","encounter billing or coverage","Refunds","ADMINISTRATIVE_HEALTH:Payment / Billing / Exemption / Claim","payment-billing-claim","costing-engine-service; mushex-service; coverage-service; mushe-wallet-service; experience-bff","/internal/v1/finance/*, /internal/v1/coverage/*, /internal/v1/wallet/*","","financial authz; purpose-of-use","billing; claims; payments; remittance","core.transaction.events; finance-oros-pharmacy","/finance/refunds","apps/mobile/citizen-app/src/screens/personal/FinanceSection.tsx; apps/mobile/citizen-app/src/screens/personal/WalletSection.tsx; apps/mobile/provider-app/src/screens/provider/BillingScreen.tsx; apps/mobile/provider-app/src/screens/provider/FinanceOverviewScreen.tsx","expected","wallet-payment; coverage-enrollment","remittance","Bill generated, payment or claim completed with audit","mapped-to-core-transaction","missing-journey","ui/one-ui-shell/src/app/finance/refunds/page.tsx","hooks/queries/useFinanceBillingWorkspace.ts"
"frontend-route","/finance/payer-ops","citizen","finance","encounter billing or coverage","Payer Operations","ADMINISTRATIVE_HEALTH:Payment / Billing / Exemption / Claim","payment-billing-claim","costing-engine-service; mushex-service; coverage-service; mushe-wallet-service; experience-bff","/internal/v1/finance/*, /internal/v1/coverage/*, /internal/v1/wallet/*","","financial authz; purpose-of-use","billing; claims; payments; remittance","core.transaction.events; finance-oros-pharmacy","/finance/payer-ops","apps/mobile/citizen-app/src/screens/personal/FinanceSection.tsx; apps/mobile/citizen-app/src/screens/personal/WalletSection.tsx; apps/mobile/provider-app/src/screens/provider/BillingScreen.tsx; apps/mobile/provider-app/src/screens/provider/FinanceOverviewScreen.tsx","expected","wallet-payment; coverage-enrollment","remittance","Bill generated, payment or claim completed with audit","mapped-to-core-transaction","mock-stub","ui/one-ui-shell/src/app/finance/payer-ops/page.tsx","hooks/queries/useFinanceBillingWorkspace.ts"
"frontend-route","/finance/payer-claims","citizen","finance","encounter billing or coverage","Payer Claims Queue","ADMINISTRATIVE_HEALTH:Payment / Billing / Exemption / Claim","payment-billing-claim","costing-engine-service; mushex-service; coverage-service; mushe-wallet-service; experience-bff","/internal/v1/finance/*, /internal/v1/coverage/*, /internal/v1/wallet/*","","financial authz; purpose-of-use","billing; claims; payments; remittance","core.transaction.events; finance-oros-pharmacy","/finance/payer-claims","apps/mobile/citizen-app/src/screens/personal/FinanceSection.tsx; apps/mobile/citizen-app/src/screens/personal/WalletSection.tsx; apps/mobile/provider-app/src/screens/provider/BillingScreen.tsx; apps/mobile/provider-app/src/screens/provider/FinanceOverviewScreen.tsx","expected","wallet-payment; coverage-enrollment","remittance","Bill generated, payment or claim completed with audit","mapped-to-core-transaction","missing-journey","ui/one-ui-shell/src/app/finance/payer-claims/page.tsx","hooks/queries/useFinanceBillingWorkspace.ts"
"frontend-route","/finance/payer-claims/[claimId]","citizen","finance","encounter billing or coverage","Payer Claim","ADMINISTRATIVE_HEALTH:Payment / Billing / Exemption / Claim","payment-billing-claim","costing-engine-service; mushex-service; coverage-service; mushe-wallet-service; experience-bff","/internal/v1/finance/*, /internal/v1/coverage/*, /internal/v1/wallet/*","","financial authz; purpose-of-use","billing; claims; payments; remittance","core.transaction.events; finance-oros-pharmacy","/finance/payer-claims/[claimId]","apps/mobile/citizen-app/src/screens/personal/FinanceSection.tsx; apps/mobile/citizen-app/src/screens/personal/WalletSection.tsx; apps/mobile/provider-app/src/screens/provider/BillingScreen.tsx; apps/mobile/provider-app/src/screens/provider/FinanceOverviewScreen.tsx","expected","wallet-payment; coverage-enrollment","remittance","Bill generated, payment or claim completed with audit","mapped-to-core-transaction","missing-journey","ui/one-ui-shell/src/app/finance/payer-claims/[claimId]/page.tsx","hooks/queries/useFinanceBillingWorkspace.ts"
"frontend-route","/finance/tariffs","citizen","finance","encounter billing or coverage","Tariff Management","ADMINISTRATIVE_HEALTH:Payment / Billing / Exemption / Claim","payment-billing-claim","costing-engine-service; mushex-service; coverage-service; mushe-wallet-service; experience-bff","/internal/v1/finance/*, /internal/v1/coverage/*, /internal/v1/wallet/*","","financial authz; purpose-of-use","billing; claims; payments; remittance","core.transaction.events; finance-oros-pharmacy","/finance/tariffs","apps/mobile/citizen-app/src/screens/personal/FinanceSection.tsx; apps/mobile/citizen-app/src/screens/personal/WalletSection.tsx; apps/mobile/provider-app/src/screens/provider/BillingScreen.tsx; apps/mobile/provider-app/src/screens/provider/FinanceOverviewScreen.tsx","expected","wallet-payment; coverage-enrollment","remittance","Bill generated, payment or claim completed with audit","mapped-to-core-transaction","missing-journey","ui/one-ui-shell/src/app/finance/tariffs/page.tsx","hooks/queries/useFinanceBillingWorkspace.ts"
"frontend-route","/finance/costa","citizen","finance","encounter billing or coverage","COSTA hub","ADMINISTRATIVE_HEALTH:Payment / Billing / Exemption / Claim","payment-billing-claim","costing-engine-service; mushex-service; coverage-service; mushe-wallet-service; experience-bff","/internal/v1/finance/*, /internal/v1/coverage/*, /internal/v1/wallet/*","","financial authz; purpose-of-use","billing; claims; payments; remittance","core.transaction.events; finance-oros-pharmacy","/finance/costa","apps/mobile/citizen-app/src/screens/personal/FinanceSection.tsx; apps/mobile/citizen-app/src/screens/personal/WalletSection.tsx; apps/mobile/provider-app/src/screens/provider/BillingScreen.tsx; apps/mobile/provider-app/src/screens/provider/FinanceOverviewScreen.tsx","expected","wallet-payment; coverage-enrollment","remittance","Bill generated, payment or claim completed with audit","mapped-to-core-transaction","mock-stub","ui/one-ui-shell/src/app/finance/costa/page.tsx","hooks/queries/useFinanceBillingWorkspace.ts"
"frontend-route","/finance/costa/encounter/[encounterId]","citizen","finance","encounter billing or coverage","COSTA encounter timeline","ADMINISTRATIVE_HEALTH:Payment / Billing / Exemption / Claim","payment-billing-claim","costing-engine-service; mushex-service; coverage-service; mushe-wallet-service; experience-bff","/internal/v1/finance/*, /internal/v1/coverage/*, /internal/v1/wallet/*","","financial authz; purpose-of-use","billing; claims; payments; remittance","core.transaction.events; finance-oros-pharmacy","/finance/costa/encounter/[encounterId]","apps/mobile/citizen-app/src/screens/personal/FinanceSection.tsx; apps/mobile/citizen-app/src/screens/personal/WalletSection.tsx; apps/mobile/provider-app/src/screens/provider/BillingScreen.tsx; apps/mobile/provider-app/src/screens/provider/FinanceOverviewScreen.tsx","expected","wallet-payment; coverage-enrollment","remittance","Bill generated, payment or claim completed with audit","mapped-to-core-transaction","missing-journey","ui/one-ui-shell/src/app/finance/costa/encounter/[encounterId]/page.tsx","hooks/queries/useFinanceBillingWorkspace.ts"
"frontend-route","/finance/mushex-platform","citizen","finance","encounter billing or coverage","MusheX platform admin","ADMINISTRATIVE_HEALTH:Payment / Billing / Exemption / Claim","payment-billing-claim","costing-engine-service; mushex-service; coverage-service; mushe-wallet-service; experience-bff","/internal/v1/finance/*, /internal/v1/coverage/*, /internal/v1/wallet/*","","financial authz; purpose-of-use","billing; claims; payments; remittance","core.transaction.events; finance-oros-pharmacy","/finance/mushex-platform","apps/mobile/citizen-app/src/screens/personal/FinanceSection.tsx; apps/mobile/citizen-app/src/screens/personal/WalletSection.tsx; apps/mobile/provider-app/src/screens/provider/BillingScreen.tsx; apps/mobile/provider-app/src/screens/provider/FinanceOverviewScreen.tsx","expected","wallet-payment; coverage-enrollment","remittance","Bill generated, payment or claim completed with audit","mapped-to-core-transaction","missing-journey","ui/one-ui-shell/src/app/finance/mushex-platform/page.tsx","hooks/queries/useFinanceBillingWorkspace.ts"
"frontend-route","/finance/mushex-platform/wallets/[walletId]","citizen","finance","encounter billing or coverage","Custodial wallet","ADMINISTRATIVE_HEALTH:Payment / Billing / Exemption / Claim","payment-billing-claim","costing-engine-service; mushex-service; coverage-service; mushe-wallet-service; experience-bff","/internal/v1/finance/*, /internal/v1/coverage/*, /internal/v1/wallet/*","","financial authz; purpose-of-use","billing; claims; payments; remittance","core.transaction.events; finance-oros-pharmacy","/finance/mushex-platform/wallets/[walletId]","apps/mobile/citizen-app/src/screens/personal/FinanceSection.tsx; apps/mobile/citizen-app/src/screens/personal/WalletSection.tsx; apps/mobile/provider-app/src/screens/provider/BillingScreen.tsx; apps/mobile/provider-app/src/screens/provider/FinanceOverviewScreen.tsx","expected","wallet-payment; coverage-enrollment","remittance","Bill generated, payment or claim completed with audit","mapped-to-core-transaction","missing-journey","ui/one-ui-shell/src/app/finance/mushex-platform/wallets/[walletId]/page.tsx","hooks/queries/useFinanceBillingWorkspace.ts"
"frontend-route","/finance/mushex-platform/remittance/[transferId]","citizen","finance","encounter billing or coverage","Remittance transfer","ADMINISTRATIVE_HEALTH:Payment / Billing / Exemption / Claim","payment-billing-claim","costing-engine-service; mushex-service; coverage-service; mushe-wallet-service; experience-bff","/internal/v1/finance/*, /internal/v1/coverage/*, /internal/v1/wallet/*","","financial authz; purpose-of-use","billing; claims; payments; remittance","core.transaction.events; finance-oros-pharmacy","/finance/mushex-platform/remittance/[transferId]","apps/mobile/citizen-app/src/screens/personal/FinanceSection.tsx; apps/mobile/citizen-app/src/screens/personal/WalletSection.tsx; apps/mobile/provider-app/src/screens/provider/BillingScreen.tsx; apps/mobile/provider-app/src/screens/provider/FinanceOverviewScreen.tsx","expected","wallet-payment; coverage-enrollment","remittance","Bill generated, payment or claim completed with audit","mapped-to-core-transaction","missing-journey","ui/one-ui-shell/src/app/finance/mushex-platform/remittance/[transferId]/page.tsx","hooks/queries/useFinanceBillingWorkspace.ts"
"frontend-route","/finance/mushex-platform/cards/[cardId]","citizen","finance","encounter billing or coverage","Card profile","ADMINISTRATIVE_HEALTH:Payment / Billing / Exemption / Claim","payment-billing-claim","costing-engine-service; mushex-service; coverage-service; mushe-wallet-service; experience-bff","/internal/v1/finance/*, /internal/v1/coverage/*, /internal/v1/wallet/*","","financial authz; purpose-of-use","billing; claims; payments; remittance","core.transaction.events; finance-oros-pharmacy","/finance/mushex-platform/cards/[cardId]","apps/mobile/citizen-app/src/screens/personal/FinanceSection.tsx; apps/mobile/citizen-app/src/screens/personal/WalletSection.tsx; apps/mobile/provider-app/src/screens/provider/BillingScreen.tsx; apps/mobile/provider-app/src/screens/provider/FinanceOverviewScreen.tsx","expected","wallet-payment; coverage-enrollment","remittance","Bill generated, payment or claim completed with audit","mapped-to-core-transaction","missing-journey","ui/one-ui-shell/src/app/finance/mushex-platform/cards/[cardId]/page.tsx","hooks/queries/useFinanceBillingWorkspace.ts"
"frontend-route","/finance/mushex-platform/reversals/[reversalId]","citizen","finance","encounter billing or coverage","Reversal record","ADMINISTRATIVE_HEALTH:Payment / Billing / Exemption / Claim","payment-billing-claim","costing-engine-service; mushex-service; coverage-service; mushe-wallet-service; experience-bff","/internal/v1/finance/*, /internal/v1/coverage/*, /internal/v1/wallet/*","","financial authz; purpose-of-use","billing; claims; payments; remittance","core.transaction.events; finance-oros-pharmacy","/finance/mushex-platform/reversals/[reversalId]","apps/mobile/citizen-app/src/screens/personal/FinanceSection.tsx; apps/mobile/citizen-app/src/screens/personal/WalletSection.tsx; apps/mobile/provider-app/src/screens/provider/BillingScreen.tsx; apps/mobile/provider-app/src/screens/provider/FinanceOverviewScreen.tsx","expected","wallet-payment; coverage-enrollment","remittance","Bill generated, payment or claim completed with audit","mapped-to-core-transaction","missing-journey","ui/one-ui-shell/src/app/finance/mushex-platform/reversals/[reversalId]/page.tsx","hooks/queries/useFinanceBillingWorkspace.ts"
"frontend-route","/finance/commerce-integrations","citizen","finance","encounter billing or coverage","Commerce & Payer Stack","ADMINISTRATIVE_HEALTH:Payment / Billing / Exemption / Claim","payment-billing-claim","costing-engine-service; mushex-service; coverage-service; mushe-wallet-service; experience-bff","/internal/v1/finance/*, /internal/v1/coverage/*, /internal/v1/wallet/*","","financial authz; purpose-of-use","billing; claims; payments; remittance","core.transaction.events; finance-oros-pharmacy","/finance/commerce-integrations","apps/mobile/citizen-app/src/screens/personal/FinanceSection.tsx; apps/mobile/citizen-app/src/screens/personal/WalletSection.tsx; apps/mobile/provider-app/src/screens/provider/BillingScreen.tsx; apps/mobile/provider-app/src/screens/provider/FinanceOverviewScreen.tsx","expected","wallet-payment; coverage-enrollment","remittance","Bill generated, payment or claim completed with audit","mapped-to-core-transaction","missing-journey","ui/one-ui-shell/src/app/finance/commerce-integrations/page.tsx","hooks/queries/useFinanceBillingWorkspace.ts"
"frontend-route","/finance/reports","citizen","finance","encounter billing or coverage","Financial reports","ADMINISTRATIVE_HEALTH:Payment / Billing / Exemption / Claim","payment-billing-claim","costing-engine-service; mushex-service; coverage-service; mushe-wallet-service; experience-bff","/internal/v1/finance/*, /internal/v1/coverage/*, /internal/v1/wallet/*","","financial authz; purpose-of-use","billing; claims; payments; remittance","core.transaction.events; finance-oros-pharmacy","/finance/reports","apps/mobile/citizen-app/src/screens/personal/FinanceSection.tsx; apps/mobile/citizen-app/src/screens/personal/WalletSection.tsx; apps/mobile/provider-app/src/screens/provider/BillingScreen.tsx; apps/mobile/provider-app/src/screens/provider/FinanceOverviewScreen.tsx","expected","wallet-payment; coverage-enrollment","remittance","Bill generated, payment or claim completed with audit","mapped-to-core-transaction","missing-journey","ui/one-ui-shell/src/app/finance/reports/page.tsx","hooks/queries/useFinanceBillingWorkspace.ts"
"frontend-route","/finance/my-account","citizen","finance","encounter billing or coverage","My Healthcare Account","ADMINISTRATIVE_HEALTH:Payment / Billing / Exemption / Claim","payment-billing-claim","costing-engine-service; mushex-service; coverage-service; mushe-wallet-service; experience-bff","/internal/v1/finance/*, /internal/v1/coverage/*, /internal/v1/wallet/*","","financial authz; purpose-of-use","billing; claims; payments; remittance","core.transaction.events; finance-oros-pharmacy","/finance/my-account","apps/mobile/citizen-app/src/screens/personal/FinanceSection.tsx; apps/mobile/citizen-app/src/screens/personal/WalletSection.tsx; apps/mobile/provider-app/src/screens/provider/BillingScreen.tsx; apps/mobile/provider-app/src/screens/provider/FinanceOverviewScreen.tsx","expected","wallet-payment; coverage-enrollment","remittance","Bill generated, payment or claim completed with audit","mapped-to-core-transaction","missing-journey","ui/one-ui-shell/src/app/finance/my-account/page.tsx","hooks/queries/useFinanceBillingWorkspace.ts"
"frontend-route","/wallet","citizen","finance","personal finance / checkout","Wallet","MARKETPLACE:Wallet Payment","wallet-payment","mushe-wallet-service; mushex-service; experience-bff","/internal/v1/wallet/*","","wallet authz; payment rail","wallet balance; payments","wallet.payment.*","/wallet","apps/mobile/citizen-app/src/screens/personal/WalletSection.tsx","expected","marketplace-order; payment-billing-claim","reconcile","Citizen pays from wallet with typed fail-close","mapped-to-core-transaction","coherent","ui/one-ui-shell/src/app/wallet/page.tsx","hooks/queries/useMusheWallet.ts"
"frontend-route","/wallet/deposit","citizen","finance","personal finance / checkout","Deposit","MARKETPLACE:Wallet Payment","wallet-payment","mushe-wallet-service; mushex-service; experience-bff","/internal/v1/wallet/*","","wallet authz; payment rail","wallet balance; payments","wallet.payment.*","/wallet/deposit","apps/mobile/citizen-app/src/screens/personal/WalletSection.tsx","expected","marketplace-order; payment-billing-claim","reconcile","Citizen pays from wallet with typed fail-close","mapped-to-core-transaction","coherent","ui/one-ui-shell/src/app/wallet/deposit/page.tsx","hooks/queries/useMusheWallet.ts"
"frontend-route","/wallet/send","citizen","finance","personal finance / checkout","Send Money","MARKETPLACE:Wallet Payment","wallet-payment","mushe-wallet-service; mushex-service; experience-bff","/internal/v1/wallet/*","","wallet authz; payment rail","wallet balance; payments","wallet.payment.*","/wallet/send","apps/mobile/citizen-app/src/screens/personal/WalletSection.tsx","expected","marketplace-order; payment-billing-claim","reconcile","Citizen pays from wallet with typed fail-close","mapped-to-core-transaction","coherent","ui/one-ui-shell/src/app/wallet/send/page.tsx","hooks/queries/useMusheWallet.ts"
"frontend-route","/wallet/transactions","citizen","finance","personal finance / checkout","Transactions","MARKETPLACE:Wallet Payment","wallet-payment","mushe-wallet-service; mushex-service; experience-bff","/internal/v1/wallet/*","","wallet authz; payment rail","wallet balance; payments","wallet.payment.*","/wallet/transactions","apps/mobile/citizen-app/src/screens/personal/WalletSection.tsx","expected","marketplace-order; payment-billing-claim","reconcile","Citizen pays from wallet with typed fail-close","mapped-to-core-transaction","coherent","ui/one-ui-shell/src/app/wallet/transactions/page.tsx","hooks/queries/useMusheWallet.ts"
"frontend-route","/wallet/cards","citizen","finance","personal finance / checkout","Cards","MARKETPLACE:Wallet Payment","wallet-payment","mushe-wallet-service; mushex-service; experience-bff","/internal/v1/wallet/*","","wallet authz; payment rail","wallet balance; payments","wallet.payment.*","/wallet/cards","apps/mobile/citizen-app/src/screens/personal/WalletSection.tsx","expected","marketplace-order; payment-billing-claim","reconcile","Citizen pays from wallet with typed fail-close","mapped-to-core-transaction","coherent","ui/one-ui-shell/src/app/wallet/cards/page.tsx","hooks/queries/useMusheWallet.ts"
"frontend-route","/wallet/merchant","citizen","finance","personal finance / checkout","Merchant","MARKETPLACE:Wallet Payment","wallet-payment","mushe-wallet-service; mushex-service; experience-bff","/internal/v1/wallet/*","","wallet authz; payment rail","wallet balance; payments","wallet.payment.*","/wallet/merchant","apps/mobile/citizen-app/src/screens/personal/WalletSection.tsx","expected","marketplace-order; payment-billing-claim","reconcile","Citizen pays from wallet with typed fail-close","mapped-to-core-transaction","coherent","ui/one-ui-shell/src/app/wallet/merchant/page.tsx","hooks/queries/useMusheWallet.ts"
"frontend-route","/beds","provider","clinical-staff","ward/inpatient unit","Bed Management","EMERGENCY:Inpatient Admission Workflow","inpatient-admission","inpatient-service; pct-service; tuso-service; experience-bff","/internal/v1/inpatient/*, /internal/v1/beds/*","tuso-service","inpatient permissions; ward context","admission; bed state; ward movements","inpatient.admission.*","/beds","apps/mobile/provider-app/src/screens/provider/BedManagementScreen.tsx; apps/mobile/provider-app/src/screens/provider/InpatientScreen.tsx","expected","provider-patient-encounter; emergency-encounter","discharge planning","Patient admitted, bed assigned, visible in ward worklist","mapped-to-core-transaction","missing-journey","ui/one-ui-shell/src/app/beds/page.tsx","hooks/queries/useBeds.ts"
"frontend-route","/pharmacy","provider","pharmacy","pharmacy workspace","Pharmacy Dashboard","PHARMACY:Prescription & Dispense","prescription-dispense","pharmacy-service; pct-service; zibo-service; experience-bff","/internal/v1/pharmacy/*","zibo-service","prescribing privileges; formulary","prescription; dispense events","core.transaction.events; finance-oros-pharmacy","/pharmacy","apps/mobile/provider-app/src/screens/provider/PrescriptionPanel.tsx","expected","outpatient-consultation; lab-order-result","patient instructions","Prescription created, dispensed, visible in patient meds","mapped-to-core-transaction","coherent","ui/one-ui-shell/src/app/pharmacy/page.tsx","hooks/queries/usePharmacy.ts"
"frontend-route","/pharmacy/dispense","provider","pharmacy","pharmacy workspace","Dispensing","PHARMACY:Prescription & Dispense","prescription-dispense","pharmacy-service; pct-service; zibo-service; experience-bff","/internal/v1/pharmacy/*","zibo-service","prescribing privileges; formulary","prescription; dispense events","core.transaction.events; finance-oros-pharmacy","/pharmacy/dispense","apps/mobile/provider-app/src/screens/provider/PrescriptionPanel.tsx","expected","outpatient-consultation; lab-order-result","patient instructions","Prescription created, dispensed, visible in patient meds","mapped-to-core-transaction","coherent","ui/one-ui-shell/src/app/pharmacy/dispense/page.tsx","hooks/queries/usePharmacy.ts"
"frontend-route","/pharmacy/stock","provider","pharmacy","pharmacy workspace","Stock Management","PHARMACY:Prescription & Dispense","prescription-dispense","pharmacy-service; pct-service; zibo-service; experience-bff","/internal/v1/pharmacy/*","zibo-service","prescribing privileges; formulary","prescription; dispense events","core.transaction.events; finance-oros-pharmacy","/pharmacy/stock","apps/mobile/provider-app/src/screens/provider/PrescriptionPanel.tsx","expected","outpatient-consultation; lab-order-result","patient instructions","Prescription created, dispensed, visible in patient meds","mapped-to-core-transaction","coherent","ui/one-ui-shell/src/app/pharmacy/stock/page.tsx","hooks/queries/usePharmacy.ts"
"frontend-route","/pharmacy/prescriptions","provider","pharmacy","pharmacy workspace","Prescriptions","PHARMACY:Prescription & Dispense","prescription-dispense","pharmacy-service; pct-service; zibo-service; experience-bff","/internal/v1/pharmacy/*","zibo-service","prescribing privileges; formulary","prescription; dispense events","core.transaction.events; finance-oros-pharmacy","/pharmacy/prescriptions","apps/mobile/provider-app/src/screens/provider/PrescriptionPanel.tsx","expected","outpatient-consultation; lab-order-result","patient instructions","Prescription created, dispensed, visible in patient meds","mapped-to-core-transaction","coherent","ui/one-ui-shell/src/app/pharmacy/prescriptions/page.tsx","hooks/queries/usePharmacy.ts"
"frontend-route","/pharmacy/transaction-journey","provider","pharmacy","pharmacy workspace","Rx Transaction Journey","PHARMACY:Prescription & Dispense","prescription-dispense","pharmacy-service; pct-service; zibo-service; experience-bff","/internal/v1/pharmacy/*","zibo-service","prescribing privileges; formulary","prescription; dispense events","core.transaction.events; finance-oros-pharmacy","/pharmacy/transaction-journey","apps/mobile/provider-app/src/screens/provider/PrescriptionPanel.tsx","expected","outpatient-consultation; lab-order-result","patient instructions","Prescription created, dispensed, visible in patient meds","mapped-to-core-transaction","coherent","ui/one-ui-shell/src/app/pharmacy/transaction-journey/page.tsx","hooks/queries/usePharmacy.ts"
"frontend-route","/inventory","unknown","facility","inventory","Inventory Dashboard","","","experience-bff","","","facility","","","/inventory","","optional","","","","unmapped","unclear-intent","ui/one-ui-shell/src/app/inventory/page.tsx","hooks/queries/useInventory.ts"
"frontend-route","/inventory/movements","unknown","facility","inventory","Stock Movements","","","experience-bff","","","facility","","","/inventory/movements","","optional","","","","unmapped","unclear-intent","ui/one-ui-shell/src/app/inventory/movements/page.tsx","hooks/queries/useInventory.ts"
"frontend-route","/inventory/counts","unknown","facility","inventory","Stock Counts","","","experience-bff","","","facility","","","/inventory/counts","","optional","","","","unmapped","unclear-intent","ui/one-ui-shell/src/app/inventory/counts/page.tsx","hooks/queries/useInventory.ts"
"frontend-route","/inventory/requisitions","unknown","facility","inventory","Requisitions","","","experience-bff","","","facility","","","/inventory/requisitions","","optional","","","","unmapped","unclear-intent","ui/one-ui-shell/src/app/inventory/requisitions/page.tsx","hooks/queries/useInventory.ts"
"frontend-route","/inventory/stock-management","unknown","facility","inventory","Stock Management","","","experience-bff","","","facility","","","/inventory/stock-management","","optional","","","","unmapped","unclear-intent","ui/one-ui-shell/src/app/inventory/stock-management/page.tsx","hooks/queries/useInventory.ts"
"frontend-route","/enterprise","unknown","auth","enterprise","Enterprise Resources","","","experience-bff","","","auth","","","/enterprise","","optional","","","","unmapped","isolated-page","ui/one-ui-shell/src/app/enterprise/page.tsx",""
"frontend-route","/enterprise/warehousing","unknown","role","enterprise","Warehousing & distribution","","","experience-bff","","","role","","","/enterprise/warehousing","","optional","","","","unmapped","isolated-page","ui/one-ui-shell/src/app/enterprise/warehousing/page.tsx",""
"frontend-route","/enterprise/fleet","unknown","role","enterprise","Fleet & logistics","","","experience-bff","","","role","","","/enterprise/fleet","","optional","","","","unmapped","isolated-page","ui/one-ui-shell/src/app/enterprise/fleet/page.tsx",""
"frontend-route","/enterprise/charge-sheet","unknown","facility","enterprise","Charge sheet","","","experience-bff","","","facility","","","/enterprise/charge-sheet","","optional","","","","unmapped","isolated-page","ui/one-ui-shell/src/app/enterprise/charge-sheet/page.tsx",""
"frontend-route","/erp","unknown","role","enterprise","Institutional ERP","","","experience-bff","","","role","","","/erp","","optional","","","","unmapped","unclear-intent","ui/one-ui-shell/src/app/erp/page.tsx","hooks/queries/useProviderPrivileges.ts"
"frontend-route","/erp/gl","unknown","role","enterprise","General ledger","","","experience-bff","","","role","","","/erp/gl","","optional","","","","unmapped","unclear-intent","ui/one-ui-shell/src/app/erp/gl/page.tsx","hooks/queries/useProviderPrivileges.ts"
"frontend-route","/erp/hr","unknown","role","enterprise","HR & payroll","","","experience-bff","","","role","","","/erp/hr","","optional","","","","unmapped","unclear-intent","ui/one-ui-shell/src/app/erp/hr/page.tsx","hooks/queries/useProviderPrivileges.ts"
"frontend-route","/erp/procurement","unknown","auth","enterprise","Procurement","","","experience-bff","","","auth","","","/erp/procurement","","optional","","","","unmapped","unclear-intent","ui/one-ui-shell/src/app/erp/procurement/page.tsx","hooks/queries/useProviderPrivileges.ts"
"frontend-route","/erp/assets","unknown","role","enterprise","Fixed assets","","","experience-bff","","","role","","","/erp/assets","","optional","","","","unmapped","unclear-intent","ui/one-ui-shell/src/app/erp/assets/page.tsx","hooks/queries/useProviderPrivileges.ts"
"frontend-route","/workspace/aggregate","provider","auth","department/ward/workspace under facility","Aggregate oversight","ADMINISTRATIVE_HEALTH:Workspace / Shift Context Selection","workspace-context-selection","tuso-service; experience-bff","/internal/v1/workspaces/*, /internal/v1/shifts/*, /internal/v1/facilities","tuso-service","facility guard; X-Workspace-ID; X-Shift-ID headers","TUSO workspace/shift records","workspace.context.changed","/workspace/aggregate","","expected","facility-context-selection; provider-patient-encounter","context headers injected","Provider selects workspace/shift; subsequent requests carry trust context","mapped-to-core-transaction","missing-journey","ui/one-ui-shell/src/app/workspace/aggregate/page.tsx","hooks/queries/useFinanceBillingWorkspace.ts"
"frontend-route","/reports","data-analyst","auth","operations or public health intelligence","Reports","ADMINISTRATIVE_HEALTH:Data / Report / Dashboard Journey","reporting-dashboard","reporting-service; data-warehouse-service; surveillance-service; experience-bff","/internal/v1/reports/*, /internal/v1/intelligence-plane/*","","reporting RBAC; de-identification","report runs; aggregates","analytics.reporting.aggregate","/reports","apps/mobile/provider-app/src/screens/provider/OpsReportsHubScreen.tsx; apps/mobile/provider-app/src/screens/provider/ReportsScreen.tsx","expected","public-health-outreach; surveillance-outbreak","audit","Analyst runs report with correct scope and audit","mapped-to-core-transaction","missing-journey","ui/one-ui-shell/src/app/reports/page.tsx","hooks/queries/useFinancialReports.ts"
"frontend-route","/reports/facility","data-analyst","auth","operations or public health intelligence","Facility Reports","ADMINISTRATIVE_HEALTH:Data / Report / Dashboard Journey","reporting-dashboard","reporting-service; data-warehouse-service; surveillance-service; experience-bff","/internal/v1/reports/*, /internal/v1/intelligence-plane/*","","reporting RBAC; de-identification","report runs; aggregates","analytics.reporting.aggregate","/reports/facility","apps/mobile/provider-app/src/screens/provider/OpsReportsHubScreen.tsx; apps/mobile/provider-app/src/screens/provider/ReportsScreen.tsx","expected","public-health-outreach; surveillance-outbreak","audit","Analyst runs report with correct scope and audit","mapped-to-core-transaction","missing-journey","ui/one-ui-shell/src/app/reports/facility/page.tsx","hooks/queries/useFinancialReports.ts"
"frontend-route","/reports/clinical","data-analyst","auth","operations or public health intelligence","Clinical Reports","ADMINISTRATIVE_HEALTH:Data / Report / Dashboard Journey","reporting-dashboard","reporting-service; data-warehouse-service; surveillance-service; experience-bff","/internal/v1/reports/*, /internal/v1/intelligence-plane/*","","reporting RBAC; de-identification","report runs; aggregates","analytics.reporting.aggregate","/reports/clinical","apps/mobile/provider-app/src/screens/provider/OpsReportsHubScreen.tsx; apps/mobile/provider-app/src/screens/provider/ReportsScreen.tsx","expected","public-health-outreach; surveillance-outbreak","audit","Analyst runs report with correct scope and audit","mapped-to-core-transaction","missing-journey","ui/one-ui-shell/src/app/reports/clinical/page.tsx","hooks/queries/useFinancialReports.ts"
"frontend-route","/reports/operational","data-analyst","auth","operations or public health intelligence","Operational Reports","ADMINISTRATIVE_HEALTH:Data / Report / Dashboard Journey","reporting-dashboard","reporting-service; data-warehouse-service; surveillance-service; experience-bff","/internal/v1/reports/*, /internal/v1/intelligence-plane/*","","reporting RBAC; de-identification","report runs; aggregates","analytics.reporting.aggregate","/reports/operational","apps/mobile/provider-app/src/screens/provider/OpsReportsHubScreen.tsx; apps/mobile/provider-app/src/screens/provider/ReportsScreen.tsx","expected","public-health-outreach; surveillance-outbreak","audit","Analyst runs report with correct scope and audit","mapped-to-core-transaction","missing-journey","ui/one-ui-shell/src/app/reports/operational/page.tsx","hooks/queries/useFinancialReports.ts"
"frontend-route","/reports/custom","data-analyst","auth","operations or public health intelligence","Custom Reports","ADMINISTRATIVE_HEALTH:Data / Report / Dashboard Journey","reporting-dashboard","reporting-service; data-warehouse-service; surveillance-service; experience-bff","/internal/v1/reports/*, /internal/v1/intelligence-plane/*","","reporting RBAC; de-identification","report runs; aggregates","analytics.reporting.aggregate","/reports/custom","apps/mobile/provider-app/src/screens/provider/OpsReportsHubScreen.tsx; apps/mobile/provider-app/src/screens/provider/ReportsScreen.tsx","expected","public-health-outreach; surveillance-outbreak","audit","Analyst runs report with correct scope and audit","mapped-to-core-transaction","missing-journey","ui/one-ui-shell/src/app/reports/custom/page.tsx","hooks/queries/useFinancialReports.ts"
"frontend-route","/reports/[id]","data-analyst","auth","operations or public health intelligence","Report Details","ADMINISTRATIVE_HEALTH:Data / Report / Dashboard Journey","reporting-dashboard","reporting-service; data-warehouse-service; surveillance-service; experience-bff","/internal/v1/reports/*, /internal/v1/intelligence-plane/*","","reporting RBAC; de-identification","report runs; aggregates","analytics.reporting.aggregate","/reports/[id]","apps/mobile/provider-app/src/screens/provider/OpsReportsHubScreen.tsx; apps/mobile/provider-app/src/screens/provider/ReportsScreen.tsx","expected","public-health-outreach; surveillance-outbreak","audit","Analyst runs report with correct scope and audit","mapped-to-core-transaction","missing-journey","ui/one-ui-shell/src/app/reports/[id]/page.tsx","hooks/queries/useFinancialReports.ts"
"frontend-route","/settings","citizen","auth","care, telehealth, data sharing","Settings","ADMINISTRATIVE_HEALTH:Consent Capture","consent-capture","mvumo-service; tshepo-consent-service; experience-bff","/internal/v1/consent/*, /internal/v1/mvumo/*","","consent evaluation; purpose-of-use","consent directives; mvumo records","trust-governance; core.transaction.events","/settings","apps/mobile/citizen-app/src/screens/personal/PatientConsentScreen.tsx","expected","telemedicine-encounter; citizen-onboarding","enforce","Consent captured, enforced on subsequent clinical access","mapped-to-core-transaction","missing-journey","ui/one-ui-shell/src/app/settings/page.tsx",""
"frontend-route","/settings/account","citizen","auth","care, telehealth, data sharing","Account Settings","ADMINISTRATIVE_HEALTH:Consent Capture","consent-capture","mvumo-service; tshepo-consent-service; experience-bff","/internal/v1/consent/*, /internal/v1/mvumo/*","","consent evaluation; purpose-of-use","consent directives; mvumo records","trust-governance; core.transaction.events","/settings/account","apps/mobile/citizen-app/src/screens/personal/PatientConsentScreen.tsx","expected","telemedicine-encounter; citizen-onboarding","enforce","Consent captured, enforced on subsequent clinical access","mapped-to-core-transaction","missing-journey","ui/one-ui-shell/src/app/settings/account/page.tsx",""
"frontend-route","/settings/security","citizen","auth","care, telehealth, data sharing","Security Settings","ADMINISTRATIVE_HEALTH:Consent Capture","consent-capture","mvumo-service; tshepo-consent-service; experience-bff","/internal/v1/consent/*, /internal/v1/mvumo/*","","consent evaluation; purpose-of-use","consent directives; mvumo records","trust-governance; core.transaction.events","/settings/security","apps/mobile/citizen-app/src/screens/personal/PatientConsentScreen.tsx","expected","telemedicine-encounter; citizen-onboarding","enforce","Consent captured, enforced on subsequent clinical access","mapped-to-core-transaction","missing-journey","ui/one-ui-shell/src/app/settings/security/page.tsx",""
"frontend-route","/settings/notifications","citizen","auth","care, telehealth, data sharing","Notification Preferences","ADMINISTRATIVE_HEALTH:Consent Capture","consent-capture","mvumo-service; tshepo-consent-service; experience-bff","/internal/v1/consent/*, /internal/v1/mvumo/*","","consent evaluation; purpose-of-use","consent directives; mvumo records","trust-governance; core.transaction.events","/settings/notifications","apps/mobile/citizen-app/src/screens/personal/PatientConsentScreen.tsx","expected","telemedicine-encounter; citizen-onboarding","enforce","Consent captured, enforced on subsequent clinical access","mapped-to-core-transaction","missing-journey","ui/one-ui-shell/src/app/settings/notifications/page.tsx",""
"frontend-route","/settings/display","citizen","auth","care, telehealth, data sharing","Display Settings","ADMINISTRATIVE_HEALTH:Consent Capture","consent-capture","mvumo-service; tshepo-consent-service; experience-bff","/internal/v1/consent/*, /internal/v1/mvumo/*","","consent evaluation; purpose-of-use","consent directives; mvumo records","trust-governance; core.transaction.events","/settings/display","apps/mobile/citizen-app/src/screens/personal/PatientConsentScreen.tsx","expected","telemedicine-encounter; citizen-onboarding","enforce","Consent captured, enforced on subsequent clinical access","mapped-to-core-transaction","missing-journey","ui/one-ui-shell/src/app/settings/display/page.tsx",""
"frontend-route","/settings/integrations","citizen","auth","care, telehealth, data sharing","Integrations","ADMINISTRATIVE_HEALTH:Consent Capture","consent-capture","mvumo-service; tshepo-consent-service; experience-bff","/internal/v1/consent/*, /internal/v1/mvumo/*","","consent evaluation; purpose-of-use","consent directives; mvumo records","trust-governance; core.transaction.events","/settings/integrations","apps/mobile/citizen-app/src/screens/personal/PatientConsentScreen.tsx","expected","telemedicine-encounter; citizen-onboarding","enforce","Consent captured, enforced on subsequent clinical access","mapped-to-core-transaction","missing-journey","ui/one-ui-shell/src/app/settings/integrations/page.tsx",""
"frontend-route","/settings/privacy","citizen","auth","care, telehealth, data sharing","Privacy & Data","ADMINISTRATIVE_HEALTH:Consent Capture","consent-capture","mvumo-service; tshepo-consent-service; experience-bff","/internal/v1/consent/*, /internal/v1/mvumo/*","","consent evaluation; purpose-of-use","consent directives; mvumo records","trust-governance; core.transaction.events","/settings/privacy","apps/mobile/citizen-app/src/screens/personal/PatientConsentScreen.tsx","expected","telemedicine-encounter; citizen-onboarding","enforce","Consent captured, enforced on subsequent clinical access","mapped-to-core-transaction","missing-journey","ui/one-ui-shell/src/app/settings/privacy/page.tsx",""
"frontend-route","/telemedicine","provider","clinical-staff","remote care; consent required","Telemedicine Hub","TELEMEDICINE:Telemedicine Encounter","telemedicine-encounter","pct-service; mvumo-service; rtc-gateway-service; experience-bff","/internal/v1/teleconsult/*, /internal/v1/mvumo/*","","consent; remote session authz","referral; consent request; session metadata","teleconsult.session.*","/telemedicine","apps/mobile/citizen-app/src/screens/telehealth/LiveKitMobileConsultRoom.tsx; apps/mobile/citizen-app/src/screens/telehealth/TelehealthListScreen.tsx; apps/mobile/citizen-app/src/screens/telehealth/TelehealthSessionScreen.tsx","expected","consent-capture; referral-create","referral update","Teleconsult created, consented, referral persisted without RTC","mapped-to-core-transaction","missing-journey","ui/one-ui-shell/src/app/telemedicine/page.tsx","hooks/queries/useTelemedicine.ts"
"frontend-route","/telemedicine/new","provider","clinical-staff","remote care; consent required","New Teleconsultation","TELEMEDICINE:Telemedicine Encounter","telemedicine-encounter","pct-service; mvumo-service; rtc-gateway-service; experience-bff","/internal/v1/teleconsult/*, /internal/v1/mvumo/*","","consent; remote session authz","referral; consent request; session metadata","teleconsult.session.*","/telemedicine/new","apps/mobile/citizen-app/src/screens/telehealth/LiveKitMobileConsultRoom.tsx; apps/mobile/citizen-app/src/screens/telehealth/TelehealthListScreen.tsx; apps/mobile/citizen-app/src/screens/telehealth/TelehealthSessionScreen.tsx","expected","consent-capture; referral-create","referral update","Teleconsult created, consented, referral persisted without RTC","mapped-to-core-transaction","missing-journey","ui/one-ui-shell/src/app/telemedicine/new/page.tsx","hooks/queries/useTelemedicine.ts"
"frontend-route","/telemedicine/session/[sessionId]","provider","clinical-staff","remote care; consent required","Teleconsult Session","TELEMEDICINE:Telemedicine Encounter","telemedicine-encounter","pct-service; mvumo-service; rtc-gateway-service; experience-bff","/internal/v1/teleconsult/*, /internal/v1/mvumo/*","","consent; remote session authz","referral; consent request; session metadata","teleconsult.session.*","/telemedicine/session/[sessionId]","apps/mobile/citizen-app/src/screens/telehealth/LiveKitMobileConsultRoom.tsx; apps/mobile/citizen-app/src/screens/telehealth/TelehealthListScreen.tsx; apps/mobile/citizen-app/src/screens/telehealth/TelehealthSessionScreen.tsx","expected","consent-capture; referral-create","referral update","Teleconsult created, consented, referral persisted without RTC","mapped-to-core-transaction","missing-journey","ui/one-ui-shell/src/app/telemedicine/session/[sessionId]/page.tsx","hooks/queries/useTelemedicine.ts"
"frontend-route","/provider/activate","citizen","person","authentication","Activate Provider Role","","","experience-bff","","","auth","","","/provider/activate","","optional","","","","unmapped","unclear-intent","ui/one-ui-shell/src/app/provider/activate/page.tsx","hooks/queries/useProviderAdmin.ts"
"frontend-route","/wellness","citizen","person","consumer wellness pillar","Wellness Hub","WELLNESS:Wellness & Lifestyle Journey","wellness-journey","wellness-service; simba-service; guidance-service; experience-bff","/internal/v1/wellness/*, /internal/v1/mobile/citizen/wellness/*","","citizen scope; minimal friction","wellness journeys; activities","wellness.*","/wellness","apps/mobile/citizen-app/src/screens/personal/WellnessSection.tsx","expected","citizen-monitoring; fundo-learning","continue","Citizen tracks wellness activity with real backend","mapped-to-core-transaction","missing-journey","ui/one-ui-shell/src/app/wellness/page.tsx","hooks/queries/useCitizenWellness.ts"
"frontend-route","/wellness/goals","citizen","person","consumer wellness pillar","Health Goals","WELLNESS:Wellness & Lifestyle Journey","wellness-journey","wellness-service; simba-service; guidance-service; experience-bff","/internal/v1/wellness/*, /internal/v1/mobile/citizen/wellness/*","","citizen scope; minimal friction","wellness journeys; activities","wellness.*","/wellness/goals","apps/mobile/citizen-app/src/screens/personal/WellnessSection.tsx","expected","citizen-monitoring; fundo-learning","continue","Citizen tracks wellness activity with real backend","mapped-to-core-transaction","missing-journey","ui/one-ui-shell/src/app/wellness/goals/page.tsx","hooks/queries/useCitizenWellness.ts"
"frontend-route","/wellness/programs","citizen","person","consumer wellness pillar","Prevention Programs","WELLNESS:Wellness & Lifestyle Journey","wellness-journey","wellness-service; simba-service; guidance-service; experience-bff","/internal/v1/wellness/*, /internal/v1/mobile/citizen/wellness/*","","citizen scope; minimal friction","wellness journeys; activities","wellness.*","/wellness/programs","apps/mobile/citizen-app/src/screens/personal/WellnessSection.tsx","expected","citizen-monitoring; fundo-learning","continue","Citizen tracks wellness activity with real backend","mapped-to-core-transaction","missing-journey","ui/one-ui-shell/src/app/wellness/programs/page.tsx","hooks/queries/useCitizenWellness.ts"
"frontend-route","/wellness/screenings","citizen","person","consumer wellness pillar","Screening Schedule","WELLNESS:Wellness & Lifestyle Journey","wellness-journey","wellness-service; simba-service; guidance-service; experience-bff","/internal/v1/wellness/*, /internal/v1/mobile/citizen/wellness/*","","citizen scope; minimal friction","wellness journeys; activities","wellness.*","/wellness/screenings","apps/mobile/citizen-app/src/screens/personal/WellnessSection.tsx","expected","citizen-monitoring; fundo-learning","continue","Citizen tracks wellness activity with real backend","mapped-to-core-transaction","missing-journey","ui/one-ui-shell/src/app/wellness/screenings/page.tsx","hooks/queries/useCitizenWellness.ts"
"frontend-route","/wellness/activity","citizen","person","consumer wellness pillar","Activity & Fitness","WELLNESS:Wellness & Lifestyle Journey","wellness-journey","wellness-service; simba-service; guidance-service; experience-bff","/internal/v1/wellness/*, /internal/v1/mobile/citizen/wellness/*","","citizen scope; minimal friction","wellness journeys; activities","wellness.*","/wellness/activity","apps/mobile/citizen-app/src/screens/personal/WellnessSection.tsx","expected","citizen-monitoring; fundo-learning","continue","Citizen tracks wellness activity with real backend","mapped-to-core-transaction","missing-journey","ui/one-ui-shell/src/app/wellness/activity/page.tsx","hooks/queries/useCitizenWellness.ts"
"frontend-route","/wellness/connect","citizen","person","consumer wellness pillar","Health Connect ingest","WELLNESS:Wellness & Lifestyle Journey","wellness-journey","wellness-service; simba-service; guidance-service; experience-bff","/internal/v1/wellness/*, /internal/v1/mobile/citizen/wellness/*","","citizen scope; minimal friction","wellness journeys; activities","wellness.*","/wellness/connect","apps/mobile/citizen-app/src/screens/personal/WellnessSection.tsx","expected","citizen-monitoring; fundo-learning","continue","Citizen tracks wellness activity with real backend","mapped-to-core-transaction","missing-journey","ui/one-ui-shell/src/app/wellness/connect/page.tsx","hooks/queries/useCitizenWellness.ts"
"frontend-route","/wellness/diet","citizen","person","consumer wellness pillar","Diet & Nutrition","WELLNESS:Wellness & Lifestyle Journey","wellness-journey","wellness-service; simba-service; guidance-service; experience-bff","/internal/v1/wellness/*, /internal/v1/mobile/citizen/wellness/*","","citizen scope; minimal friction","wellness journeys; activities","wellness.*","/wellness/diet","apps/mobile/citizen-app/src/screens/personal/WellnessSection.tsx","expected","citizen-monitoring; fundo-learning","continue","Citizen tracks wellness activity with real backend","mapped-to-core-transaction","missing-journey","ui/one-ui-shell/src/app/wellness/diet/page.tsx","hooks/queries/useCitizenWellness.ts"
"frontend-route","/wellness/sleep","citizen","person","consumer wellness pillar","Sleep & Recovery","WELLNESS:Wellness & Lifestyle Journey","wellness-journey","wellness-service; simba-service; guidance-service; experience-bff","/internal/v1/wellness/*, /internal/v1/mobile/citizen/wellness/*","","citizen scope; minimal friction","wellness journeys; activities","wellness.*","/wellness/sleep","apps/mobile/citizen-app/src/screens/personal/WellnessSection.tsx","expected","citizen-monitoring; fundo-learning","continue","Citizen tracks wellness activity with real backend","mapped-to-core-transaction","missing-journey","ui/one-ui-shell/src/app/wellness/sleep/page.tsx","hooks/queries/useCitizenWellness.ts"
"frontend-route","/wellness/clubs","citizen","person","consumer wellness pillar","Clubs & Communities","WELLNESS:Wellness & Lifestyle Journey","wellness-journey","wellness-service; simba-service; guidance-service; experience-bff","/internal/v1/wellness/*, /internal/v1/mobile/citizen/wellness/*","","citizen scope; minimal friction","wellness journeys; activities","wellness.*","/wellness/clubs","apps/mobile/citizen-app/src/screens/personal/WellnessSection.tsx","expected","citizen-monitoring; fundo-learning","continue","Citizen tracks wellness activity with real backend","mapped-to-core-transaction","missing-journey","ui/one-ui-shell/src/app/wellness/clubs/page.tsx","hooks/queries/useCitizenWellness.ts"
"frontend-route","/wellness/challenges","citizen","person","consumer wellness pillar","Challenges","WELLNESS:Wellness & Lifestyle Journey","wellness-journey","wellness-service; simba-service; guidance-service; experience-bff","/internal/v1/wellness/*, /internal/v1/mobile/citizen/wellness/*","","citizen scope; minimal friction","wellness journeys; activities","wellness.*","/wellness/challenges","apps/mobile/citizen-app/src/screens/personal/WellnessSection.tsx","expected","citizen-monitoring; fundo-learning","continue","Citizen tracks wellness activity with real backend","mapped-to-core-transaction","missing-journey","ui/one-ui-shell/src/app/wellness/challenges/page.tsx","hooks/queries/useCitizenWellness.ts"
"frontend-route","/wellness/routes","citizen","person","consumer wellness pillar","Routes & Places","WELLNESS:Wellness & Lifestyle Journey","wellness-journey","wellness-service; simba-service; guidance-service; experience-bff","/internal/v1/wellness/*, /internal/v1/mobile/citizen/wellness/*","","citizen scope; minimal friction","wellness journeys; activities","wellness.*","/wellness/routes","apps/mobile/citizen-app/src/screens/personal/WellnessSection.tsx","expected","citizen-monitoring; fundo-learning","continue","Citizen tracks wellness activity with real backend","mapped-to-core-transaction","mock-stub","ui/one-ui-shell/src/app/wellness/routes/page.tsx","hooks/queries/useCitizenWellness.ts"
"frontend-route","/wellness/coaching","citizen","person","consumer wellness pillar","Coaching & Habits","WELLNESS:Wellness & Lifestyle Journey","wellness-journey","wellness-service; simba-service; guidance-service; experience-bff","/internal/v1/wellness/*, /internal/v1/mobile/citizen/wellness/*","","citizen scope; minimal friction","wellness journeys; activities","wellness.*","/wellness/coaching","apps/mobile/citizen-app/src/screens/personal/WellnessSection.tsx","expected","citizen-monitoring; fundo-learning","continue","Citizen tracks wellness activity with real backend","mapped-to-core-transaction","missing-journey","ui/one-ui-shell/src/app/wellness/coaching/page.tsx","hooks/queries/useCitizenWellness.ts"
"frontend-route","/wellness/community","citizen","person","consumer wellness pillar","Wellness Community","WELLNESS:Wellness & Lifestyle Journey","wellness-journey","wellness-service; simba-service; guidance-service; experience-bff","/internal/v1/wellness/*, /internal/v1/mobile/citizen/wellness/*","","citizen scope; minimal friction","wellness journeys; activities","wellness.*","/wellness/community","apps/mobile/citizen-app/src/screens/personal/WellnessSection.tsx","expected","citizen-monitoring; fundo-learning","continue","Citizen tracks wellness activity with real backend","mapped-to-core-transaction","missing-journey","ui/one-ui-shell/src/app/wellness/community/page.tsx","hooks/queries/useCitizenWellness.ts"
"frontend-route","/social","citizen","person","social timeline","Social Timeline","WELLNESS:Social / Community / Timeline","social-community","community-service; llm-orchestration-service; experience-bff","/internal/v1/social/*, /internal/v1/mobile/citizen/social/*","","content policy; authz","social posts; communities","social.*","/social","apps/mobile/citizen-app/src/screens/social/ClubsScreen.tsx; apps/mobile/citizen-app/src/screens/social/CommunitiesScreen.tsx; apps/mobile/citizen-app/src/screens/social/CrowdfundingScreen.tsx; apps/mobile/citizen-app/src/screens/social/PagesScreen.tsx; apps/mobile/citizen-app/src/screens/social/ProfessionalPagesScreen.tsx; apps/mobile/citizen-app/src/screens/social/SocialFeedScreen.tsx; apps/mobile/citizen-app/src/screens/social/SocialHubScreen.tsx; apps/mobile/citizen-app/src/screens/social/TimelineComposer.tsx; apps/mobile/provider-app/src/screens/provider/ActivityFeedScreen.tsx; apps/mobile/provider-app/src/screens/provider/ProviderSocialScreen.tsx","expected","notification-comms; public-health-outreach","moderate","Citizen posts to feed with real BFF backing","mapped-to-core-transaction","coherent","ui/one-ui-shell/src/app/social/page.tsx","hooks/queries/useSocial.ts"
"frontend-route","/social/drafts","citizen","person","social timeline","Draft Posts","WELLNESS:Social / Community / Timeline","social-community","community-service; llm-orchestration-service; experience-bff","/internal/v1/social/*, /internal/v1/mobile/citizen/social/*","","content policy; authz","social posts; communities","social.*","/social/drafts","apps/mobile/citizen-app/src/screens/social/ClubsScreen.tsx; apps/mobile/citizen-app/src/screens/social/CommunitiesScreen.tsx; apps/mobile/citizen-app/src/screens/social/CrowdfundingScreen.tsx; apps/mobile/citizen-app/src/screens/social/PagesScreen.tsx; apps/mobile/citizen-app/src/screens/social/ProfessionalPagesScreen.tsx; apps/mobile/citizen-app/src/screens/social/SocialFeedScreen.tsx; apps/mobile/citizen-app/src/screens/social/SocialHubScreen.tsx; apps/mobile/citizen-app/src/screens/social/TimelineComposer.tsx; apps/mobile/provider-app/src/screens/provider/ActivityFeedScreen.tsx; apps/mobile/provider-app/src/screens/provider/ProviderSocialScreen.tsx","expected","notification-comms; public-health-outreach","moderate","Citizen posts to feed with real BFF backing","mapped-to-core-transaction","coherent","ui/one-ui-shell/src/app/social/drafts/page.tsx","hooks/queries/useSocial.ts"
"frontend-route","/social/saved","citizen","person","social timeline","Saved Posts","WELLNESS:Social / Community / Timeline","social-community","community-service; llm-orchestration-service; experience-bff","/internal/v1/social/*, /internal/v1/mobile/citizen/social/*","","content policy; authz","social posts; communities","social.*","/social/saved","apps/mobile/citizen-app/src/screens/social/ClubsScreen.tsx; apps/mobile/citizen-app/src/screens/social/CommunitiesScreen.tsx; apps/mobile/citizen-app/src/screens/social/CrowdfundingScreen.tsx; apps/mobile/citizen-app/src/screens/social/PagesScreen.tsx; apps/mobile/citizen-app/src/screens/social/ProfessionalPagesScreen.tsx; apps/mobile/citizen-app/src/screens/social/SocialFeedScreen.tsx; apps/mobile/citizen-app/src/screens/social/SocialHubScreen.tsx; apps/mobile/citizen-app/src/screens/social/TimelineComposer.tsx; apps/mobile/provider-app/src/screens/provider/ActivityFeedScreen.tsx; apps/mobile/provider-app/src/screens/provider/ProviderSocialScreen.tsx","expected","notification-comms; public-health-outreach","moderate","Citizen posts to feed with real BFF backing","mapped-to-core-transaction","coherent","ui/one-ui-shell/src/app/social/saved/page.tsx","hooks/queries/useSocial.ts"
"frontend-route","/social/moderation","citizen","person","social timeline","Social Moderation","WELLNESS:Social / Community / Timeline","social-community","community-service; llm-orchestration-service; experience-bff","/internal/v1/social/*, /internal/v1/mobile/citizen/social/*","","content policy; authz","social posts; communities","social.*","/social/moderation","apps/mobile/citizen-app/src/screens/social/ClubsScreen.tsx; apps/mobile/citizen-app/src/screens/social/CommunitiesScreen.tsx; apps/mobile/citizen-app/src/screens/social/CrowdfundingScreen.tsx; apps/mobile/citizen-app/src/screens/social/PagesScreen.tsx; apps/mobile/citizen-app/src/screens/social/ProfessionalPagesScreen.tsx; apps/mobile/citizen-app/src/screens/social/SocialFeedScreen.tsx; apps/mobile/citizen-app/src/screens/social/SocialHubScreen.tsx; apps/mobile/citizen-app/src/screens/social/TimelineComposer.tsx; apps/mobile/provider-app/src/screens/provider/ActivityFeedScreen.tsx; apps/mobile/provider-app/src/screens/provider/ProviderSocialScreen.tsx","expected","notification-comms; public-health-outreach","moderate","Citizen posts to feed with real BFF backing","mapped-to-core-transaction","coherent","ui/one-ui-shell/src/app/social/moderation/page.tsx","hooks/queries/useSocial.ts"
"frontend-route","/communities","citizen","person","social timeline","Communities","WELLNESS:Social / Community / Timeline","social-community","community-service; llm-orchestration-service; experience-bff","/internal/v1/social/*, /internal/v1/mobile/citizen/social/*","","content policy; authz","social posts; communities","social.*","/communities","apps/mobile/citizen-app/src/screens/social/ClubsScreen.tsx; apps/mobile/citizen-app/src/screens/social/CommunitiesScreen.tsx; apps/mobile/citizen-app/src/screens/social/CrowdfundingScreen.tsx; apps/mobile/citizen-app/src/screens/social/PagesScreen.tsx; apps/mobile/citizen-app/src/screens/social/ProfessionalPagesScreen.tsx; apps/mobile/citizen-app/src/screens/social/SocialFeedScreen.tsx; apps/mobile/citizen-app/src/screens/social/SocialHubScreen.tsx; apps/mobile/citizen-app/src/screens/social/TimelineComposer.tsx; apps/mobile/provider-app/src/screens/provider/ActivityFeedScreen.tsx; apps/mobile/provider-app/src/screens/provider/ProviderSocialScreen.tsx","expected","notification-comms; public-health-outreach","moderate","Citizen posts to feed with real BFF backing","mapped-to-core-transaction","missing-journey","ui/one-ui-shell/src/app/communities/page.tsx",""
"frontend-route","/communities/[id]","citizen","person","social timeline","Community","WELLNESS:Social / Community / Timeline","social-community","community-service; llm-orchestration-service; experience-bff","/internal/v1/social/*, /internal/v1/mobile/citizen/social/*","","content policy; authz","social posts; communities","social.*","/communities/[id]","apps/mobile/citizen-app/src/screens/social/ClubsScreen.tsx; apps/mobile/citizen-app/src/screens/social/CommunitiesScreen.tsx; apps/mobile/citizen-app/src/screens/social/CrowdfundingScreen.tsx; apps/mobile/citizen-app/src/screens/social/PagesScreen.tsx; apps/mobile/citizen-app/src/screens/social/ProfessionalPagesScreen.tsx; apps/mobile/citizen-app/src/screens/social/SocialFeedScreen.tsx; apps/mobile/citizen-app/src/screens/social/SocialHubScreen.tsx; apps/mobile/citizen-app/src/screens/social/TimelineComposer.tsx; apps/mobile/provider-app/src/screens/provider/ActivityFeedScreen.tsx; apps/mobile/provider-app/src/screens/provider/ProviderSocialScreen.tsx","expected","notification-comms; public-health-outreach","moderate","Citizen posts to feed with real BFF backing","mapped-to-core-transaction","missing-journey","ui/one-ui-shell/src/app/communities/[id]/page.tsx",""
"frontend-route","/pages","citizen","person","wellness","Pages","","","experience-bff","","","auth","","","/pages","","optional","","","","unmapped","isolated-page","ui/one-ui-shell/src/app/pages/page.tsx",""
"frontend-route","/pages/[id]","citizen","person","wellness","Page","","","experience-bff","","","auth","","","/pages/[id]","","optional","","","","unmapped","isolated-page","ui/one-ui-shell/src/app/pages/[id]/page.tsx",""
"frontend-route","/caregiving","provider","auth","longitudinal chronic disease","Caregiving Hub","CHRONIC_CARE:Chronic Care Management","chronic-care","pct-service; pharmacy-service; butano-service; wellness-service; experience-bff","/internal/v1/encounters/*, /internal/v1/pharmacy/*","","chronic care authz","care plans; encounters; meds","core.transaction.events","/caregiving","apps/mobile/citizen-app/src/screens/caregiving/DelegationSection.tsx","expected","citizen-monitoring; prescription-dispense","review","Chronic care plan active with follow-up scheduling","mapped-to-core-transaction","missing-journey","ui/one-ui-shell/src/app/caregiving/page.tsx",""
"frontend-route","/caregiving/dependants","provider","auth","longitudinal chronic disease","My Dependants","CHRONIC_CARE:Chronic Care Management","chronic-care","pct-service; pharmacy-service; butano-service; wellness-service; experience-bff","/internal/v1/encounters/*, /internal/v1/pharmacy/*","","chronic care authz","care plans; encounters; meds","core.transaction.events","/caregiving/dependants","apps/mobile/citizen-app/src/screens/caregiving/DelegationSection.tsx","expected","citizen-monitoring; prescription-dispense","review","Chronic care plan active with follow-up scheduling","mapped-to-core-transaction","missing-journey","ui/one-ui-shell/src/app/caregiving/dependants/page.tsx",""
"frontend-route","/caregiving/delegation","provider","auth","longitudinal chronic disease","Care Delegation","CHRONIC_CARE:Chronic Care Management","chronic-care","pct-service; pharmacy-service; butano-service; wellness-service; experience-bff","/internal/v1/encounters/*, /internal/v1/pharmacy/*","","chronic care authz","care plans; encounters; meds","core.transaction.events","/caregiving/delegation","apps/mobile/citizen-app/src/screens/caregiving/DelegationSection.tsx","expected","citizen-monitoring; prescription-dispense","review","Chronic care plan active with follow-up scheduling","mapped-to-core-transaction","missing-journey","ui/one-ui-shell/src/app/caregiving/delegation/page.tsx",""
"frontend-route","/caregiving/tasks","provider","role","longitudinal chronic disease","Care Tasks","CHRONIC_CARE:Chronic Care Management","chronic-care","pct-service; pharmacy-service; butano-service; wellness-service; experience-bff","/internal/v1/encounters/*, /internal/v1/pharmacy/*","","chronic care authz","care plans; encounters; meds","core.transaction.events","/caregiving/tasks","apps/mobile/citizen-app/src/screens/caregiving/DelegationSection.tsx","expected","citizen-monitoring; prescription-dispense","review","Chronic care plan active with follow-up scheduling","mapped-to-core-transaction","missing-journey","ui/one-ui-shell/src/app/caregiving/tasks/page.tsx",""
"frontend-route","/caregiving/notifications","provider","auth","longitudinal chronic disease","Care Alerts","CHRONIC_CARE:Chronic Care Management","chronic-care","pct-service; pharmacy-service; butano-service; wellness-service; experience-bff","/internal/v1/encounters/*, /internal/v1/pharmacy/*","","chronic care authz","care plans; encounters; meds","core.transaction.events","/caregiving/notifications","apps/mobile/citizen-app/src/screens/caregiving/DelegationSection.tsx","expected","citizen-monitoring; prescription-dispense","review","Chronic care plan active with follow-up scheduling","mapped-to-core-transaction","missing-journey","ui/one-ui-shell/src/app/caregiving/notifications/page.tsx",""
"frontend-route","/monitoring","data-analyst","person","operations or public health intelligence","Remote Monitoring","ADMINISTRATIVE_HEALTH:Data / Report / Dashboard Journey","reporting-dashboard","reporting-service; data-warehouse-service; surveillance-service; experience-bff","/internal/v1/reports/*, /internal/v1/intelligence-plane/*","","reporting RBAC; de-identification","report runs; aggregates","analytics.reporting.aggregate","/monitoring","apps/mobile/provider-app/src/screens/provider/OpsReportsHubScreen.tsx; apps/mobile/provider-app/src/screens/provider/ReportsScreen.tsx","expected","public-health-outreach; surveillance-outbreak","audit","Analyst runs report with correct scope and audit","mapped-to-core-transaction","missing-journey","ui/one-ui-shell/src/app/monitoring/page.tsx","hooks/queries/useCitizenMonitoring.ts"
"frontend-route","/monitoring/devices","data-analyst","person","operations or public health intelligence","My Devices","ADMINISTRATIVE_HEALTH:Data / Report / Dashboard Journey","reporting-dashboard","reporting-service; data-warehouse-service; surveillance-service; experience-bff","/internal/v1/reports/*, /internal/v1/intelligence-plane/*","","reporting RBAC; de-identification","report runs; aggregates","analytics.reporting.aggregate","/monitoring/devices","apps/mobile/provider-app/src/screens/provider/OpsReportsHubScreen.tsx; apps/mobile/provider-app/src/screens/provider/ReportsScreen.tsx","expected","public-health-outreach; surveillance-outbreak","audit","Analyst runs report with correct scope and audit","mapped-to-core-transaction","missing-journey","ui/one-ui-shell/src/app/monitoring/devices/page.tsx","hooks/queries/useCitizenMonitoring.ts"
"frontend-route","/monitoring/readings","data-analyst","person","operations or public health intelligence","Readings & Trends","ADMINISTRATIVE_HEALTH:Data / Report / Dashboard Journey","reporting-dashboard","reporting-service; data-warehouse-service; surveillance-service; experience-bff","/internal/v1/reports/*, /internal/v1/intelligence-plane/*","","reporting RBAC; de-identification","report runs; aggregates","analytics.reporting.aggregate","/monitoring/readings","apps/mobile/provider-app/src/screens/provider/OpsReportsHubScreen.tsx; apps/mobile/provider-app/src/screens/provider/ReportsScreen.tsx","expected","public-health-outreach; surveillance-outbreak","audit","Analyst runs report with correct scope and audit","mapped-to-core-transaction","missing-journey","ui/one-ui-shell/src/app/monitoring/readings/page.tsx","hooks/queries/useCitizenMonitoring.ts"
"frontend-route","/monitoring/alerts","data-analyst","person","operations or public health intelligence","Monitoring Alerts","ADMINISTRATIVE_HEALTH:Data / Report / Dashboard Journey","reporting-dashboard","reporting-service; data-warehouse-service; surveillance-service; experience-bff","/internal/v1/reports/*, /internal/v1/intelligence-plane/*","","reporting RBAC; de-identification","report runs; aggregates","analytics.reporting.aggregate","/monitoring/alerts","apps/mobile/provider-app/src/screens/provider/OpsReportsHubScreen.tsx; apps/mobile/provider-app/src/screens/provider/ReportsScreen.tsx","expected","public-health-outreach; surveillance-outbreak","audit","Analyst runs report with correct scope and audit","mapped-to-core-transaction","missing-journey","ui/one-ui-shell/src/app/monitoring/alerts/page.tsx","hooks/queries/useCitizenMonitoring.ts"
"frontend-route","/monitoring/care-plans","data-analyst","person","operations or public health intelligence","Chronic Care Plans","ADMINISTRATIVE_HEALTH:Data / Report / Dashboard Journey","reporting-dashboard","reporting-service; data-warehouse-service; surveillance-service; experience-bff","/internal/v1/reports/*, /internal/v1/intelligence-plane/*","","reporting RBAC; de-identification","report runs; aggregates","analytics.reporting.aggregate","/monitoring/care-plans","apps/mobile/provider-app/src/screens/provider/OpsReportsHubScreen.tsx; apps/mobile/provider-app/src/screens/provider/ReportsScreen.tsx","expected","public-health-outreach; surveillance-outbreak","audit","Analyst runs report with correct scope and audit","mapped-to-core-transaction","missing-journey","ui/one-ui-shell/src/app/monitoring/care-plans/page.tsx","hooks/queries/useCitizenMonitoring.ts"
"frontend-route","/monitoring/provider-dashboard","data-analyst","person","operations or public health intelligence","Patient Monitoring Dashboard","ADMINISTRATIVE_HEALTH:Data / Report / Dashboard Journey","reporting-dashboard","reporting-service; data-warehouse-service; surveillance-service; experience-bff","/internal/v1/reports/*, /internal/v1/intelligence-plane/*","","reporting RBAC; de-identification","report runs; aggregates","analytics.reporting.aggregate","/monitoring/provider-dashboard","apps/mobile/provider-app/src/screens/provider/OpsReportsHubScreen.tsx; apps/mobile/provider-app/src/screens/provider/ReportsScreen.tsx","expected","public-health-outreach; surveillance-outbreak","audit","Analyst runs report with correct scope and audit","mapped-to-core-transaction","missing-journey","ui/one-ui-shell/src/app/monitoring/provider-dashboard/page.tsx","hooks/queries/useCitizenMonitoring.ts"
"frontend-route","/discover","unknown","auth","discovery","Find Services","","","experience-bff","","","auth","","","/discover","","optional","","","","unmapped","isolated-page","ui/one-ui-shell/src/app/discover/page.tsx",""
"frontend-route","/discover/providers","unknown","auth","discovery","Find a Provider","","","experience-bff","","","auth","","","/discover/providers","","optional","","","","unmapped","isolated-page","ui/one-ui-shell/src/app/discover/providers/page.tsx",""
"frontend-route","/discover/facilities","unknown","auth","discovery","Find a Facility","","","experience-bff","","","auth","","","/discover/facilities","","optional","","","","unmapped","isolated-page","ui/one-ui-shell/src/app/discover/facilities/page.tsx",""
"frontend-route","/discover/services","unknown","auth","discovery","Browse Services","","","experience-bff","","","auth","","","/discover/services","","optional","","","","unmapped","isolated-page","ui/one-ui-shell/src/app/discover/services/page.tsx",""
"frontend-route","/lab","provider","lab","encounter ancillary","Laboratory","LABORATORY:Lab Order & Result","lab-order-result","oros-service; pct-service; butano-service; experience-bff","/internal/v1/lab-orders/*, /internal/v1/orders, /v1/orders","","order authz; result visibility","orders; results; SHR contribution","finance-oros-pharmacy; core.transaction.events","/lab","apps/mobile/provider-app/src/screens/provider/LabHubScreen.tsx; apps/mobile/provider-app/src/screens/provider/LabOrderPanel.tsx; apps/mobile/provider-app/src/screens/provider/ResultsViewScreen.tsx","expected","provider-patient-encounter; imaging-order-result","chart update","Lab ordered and result returned to provider worklist","mapped-to-core-transaction","missing-journey","ui/one-ui-shell/src/app/lab/page.tsx","hooks/queries/useLabOrders.ts"
"frontend-route","/lab/worklist","provider","lab","encounter ancillary","Lab Worklist","LABORATORY:Lab Order & Result","lab-order-result","oros-service; pct-service; butano-service; experience-bff","/internal/v1/lab-orders/*, /internal/v1/orders, /v1/orders","","order authz; result visibility","orders; results; SHR contribution","finance-oros-pharmacy; core.transaction.events","/lab/worklist","apps/mobile/provider-app/src/screens/provider/LabHubScreen.tsx; apps/mobile/provider-app/src/screens/provider/LabOrderPanel.tsx; apps/mobile/provider-app/src/screens/provider/ResultsViewScreen.tsx","expected","provider-patient-encounter; imaging-order-result","chart update","Lab ordered and result returned to provider worklist","mapped-to-core-transaction","missing-journey","ui/one-ui-shell/src/app/lab/worklist/page.tsx","hooks/queries/useLabOrders.ts"
"frontend-route","/lab/results","provider","lab","encounter ancillary","Results Review","LABORATORY:Lab Order & Result","lab-order-result","oros-service; pct-service; butano-service; experience-bff","/internal/v1/lab-orders/*, /internal/v1/orders, /v1/orders","","order authz; result visibility","orders; results; SHR contribution","finance-oros-pharmacy; core.transaction.events","/lab/results","apps/mobile/provider-app/src/screens/provider/LabHubScreen.tsx; apps/mobile/provider-app/src/screens/provider/LabOrderPanel.tsx; apps/mobile/provider-app/src/screens/provider/ResultsViewScreen.tsx","expected","provider-patient-encounter; imaging-order-result","chart update","Lab ordered and result returned to provider worklist","mapped-to-core-transaction","missing-journey","ui/one-ui-shell/src/app/lab/results/page.tsx","hooks/queries/useLabOrders.ts"
"frontend-route","/lab/catalog","provider","lab","encounter ancillary","Test Catalog","LABORATORY:Lab Order & Result","lab-order-result","oros-service; pct-service; butano-service; experience-bff","/internal/v1/lab-orders/*, /internal/v1/orders, /v1/orders","","order authz; result visibility","orders; results; SHR contribution","finance-oros-pharmacy; core.transaction.events","/lab/catalog","apps/mobile/provider-app/src/screens/provider/LabHubScreen.tsx; apps/mobile/provider-app/src/screens/provider/LabOrderPanel.tsx; apps/mobile/provider-app/src/screens/provider/ResultsViewScreen.tsx","expected","provider-patient-encounter; imaging-order-result","chart update","Lab ordered and result returned to provider worklist","mapped-to-core-transaction","missing-journey","ui/one-ui-shell/src/app/lab/catalog/page.tsx","hooks/queries/useLabOrders.ts"
"frontend-route","/lab/reconciliation","provider","lab","encounter ancillary","Lab Reconciliation","LABORATORY:Lab Order & Result","lab-order-result","oros-service; pct-service; butano-service; experience-bff","/internal/v1/lab-orders/*, /internal/v1/orders, /v1/orders","","order authz; result visibility","orders; results; SHR contribution","finance-oros-pharmacy; core.transaction.events","/lab/reconciliation","apps/mobile/provider-app/src/screens/provider/LabHubScreen.tsx; apps/mobile/provider-app/src/screens/provider/LabOrderPanel.tsx; apps/mobile/provider-app/src/screens/provider/ResultsViewScreen.tsx","expected","provider-patient-encounter; imaging-order-result","chart update","Lab ordered and result returned to provider worklist","mapped-to-core-transaction","missing-journey","ui/one-ui-shell/src/app/lab/reconciliation/page.tsx","hooks/queries/useLabOrders.ts"
"frontend-route","/operations","device","ops","IoT, card printer, edge node","Operations","ADMINISTRATIVE_HEALTH:Device / System Event Journey","device-system-event","iot-ingestion-service; card-print-agent; offline-edge-service; tshepo-authz-service","/v1/devices, device agent protocols","","device registration; mTLS","device events; telemetry","device.*","/operations","","expected","health-id-issuance; integration-sync-replay","alert","Device event ingested and auditable","mapped-to-core-transaction","missing-journey","ui/one-ui-shell/src/app/operations/page.tsx","hooks/queries/useFacilityOperations.ts"
"frontend-route","/operations/facility-operations","device","ops","IoT, card printer, edge node","Facility Operations","ADMINISTRATIVE_HEALTH:Device / System Event Journey","device-system-event","iot-ingestion-service; card-print-agent; offline-edge-service; tshepo-authz-service","/v1/devices, device agent protocols","","device registration; mTLS","device events; telemetry","device.*","/operations/facility-operations","","expected","health-id-issuance; integration-sync-replay","alert","Device event ingested and auditable","mapped-to-core-transaction","missing-journey","ui/one-ui-shell/src/app/operations/facility-operations/page.tsx","hooks/queries/useFacilityOperations.ts"
"frontend-route","/operations/facility-operations/district-view","device","ops","IoT, card printer, edge node","District View","ADMINISTRATIVE_HEALTH:Device / System Event Journey","device-system-event","iot-ingestion-service; card-print-agent; offline-edge-service; tshepo-authz-service","/v1/devices, device agent protocols","","device registration; mTLS","device events; telemetry","device.*","/operations/facility-operations/district-view","","expected","health-id-issuance; integration-sync-replay","alert","Device event ingested and auditable","mapped-to-core-transaction","missing-journey","ui/one-ui-shell/src/app/operations/facility-operations/district-view/page.tsx","hooks/queries/useFacilityOperations.ts"
"frontend-route","/operations/facility-operations/patient-flow","device","ops","IoT, card printer, edge node","Patient Flow","ADMINISTRATIVE_HEALTH:Device / System Event Journey","device-system-event","iot-ingestion-service; card-print-agent; offline-edge-service; tshepo-authz-service","/v1/devices, device agent protocols","","device registration; mTLS","device events; telemetry","device.*","/operations/facility-operations/patient-flow","","expected","health-id-issuance; integration-sync-replay","alert","Device event ingested and auditable","mapped-to-core-transaction","missing-journey","ui/one-ui-shell/src/app/operations/facility-operations/patient-flow/page.tsx","hooks/queries/useFacilityOperations.ts"
"frontend-route","/operations/facility-operations/resources","device","ops","IoT, card printer, edge node","Resource Operations","ADMINISTRATIVE_HEALTH:Device / System Event Journey","device-system-event","iot-ingestion-service; card-print-agent; offline-edge-service; tshepo-authz-service","/v1/devices, device agent protocols","","device registration; mTLS","device events; telemetry","device.*","/operations/facility-operations/resources","","expected","health-id-issuance; integration-sync-replay","alert","Device event ingested and auditable","mapped-to-core-transaction","missing-journey","ui/one-ui-shell/src/app/operations/facility-operations/resources/page.tsx","hooks/queries/useFacilityOperations.ts"
"frontend-route","/operations/workflows","device","ops","IoT, card printer, edge node","Workflow Orchestration","ADMINISTRATIVE_HEALTH:Device / System Event Journey","device-system-event","iot-ingestion-service; card-print-agent; offline-edge-service; tshepo-authz-service","/v1/devices, device agent protocols","","device registration; mTLS","device events; telemetry","device.*","/operations/workflows","","expected","health-id-issuance; integration-sync-replay","alert","Device event ingested and auditable","mapped-to-core-transaction","mock-stub","ui/one-ui-shell/src/app/operations/workflows/page.tsx","hooks/queries/useFacilityOperations.ts"
"frontend-route","/operations/dispatch","courier","ops","logistics; medication or supply delivery","Dispatch Operations","MARKETPLACE:Dispatch / Delivery (NHUME)","dispatch-delivery","dispatch-service; nhume-service; oros-service; experience-bff","/internal/v1/dispatch/*, /internal/v1/nhume/*","","courier role; route authz","delivery runs; proof of delivery","dispatch.*","/operations/dispatch","apps/mobile/provider-app/src/screens/courier/CourierDashboardScreen.tsx; apps/mobile/provider-app/src/screens/courier/CourierProofScreen.tsx","expected","marketplace-order; notification-comms","reconcile","Courier completes delivery run with POD","mapped-to-core-transaction","mock-stub","ui/one-ui-shell/src/app/operations/dispatch/page.tsx","hooks/queries/useFacilityOperations.ts"
"frontend-route","/operations/vito","registry-administrator","ops","national registry ops","Identity Operations","ADMINISTRATIVE_HEALTH:Registry Administration","registry-administration","vito-service; varapi-service; tuso-service; zibo-service; product-registry-service; experience-bff","/internal/v1/registry/*, /internal/v1/vito/*","vito-service; varapi-service; tuso-service; zibo-service; product-registry-service","registry admin RBAC","registry records; reconciliation queues","registry.*","/operations/vito","apps/mobile/provider-app/src/screens/provider/AdminRegistryHubScreen.tsx","expected","health-id-issuance; provider-registry-onboarding","audit","Registry admin reconciles record with full audit","mapped-to-core-transaction","missing-journey","ui/one-ui-shell/src/app/operations/vito/page.tsx","hooks/queries/useFacilityOperations.ts"
"frontend-route","/operations/vito/registration","registry-administrator","ops","national registry ops","Client Registration","ADMINISTRATIVE_HEALTH:Registry Administration","registry-administration","vito-service; varapi-service; tuso-service; zibo-service; product-registry-service; experience-bff","/internal/v1/registry/*, /internal/v1/vito/*","vito-service; varapi-service; tuso-service; zibo-service; product-registry-service","registry admin RBAC","registry records; reconciliation queues","registry.*","/operations/vito/registration","apps/mobile/provider-app/src/screens/provider/AdminRegistryHubScreen.tsx","expected","health-id-issuance; provider-registry-onboarding","audit","Registry admin reconciles record with full audit","mapped-to-core-transaction","missing-journey","ui/one-ui-shell/src/app/operations/vito/registration/page.tsx","hooks/queries/useFacilityOperations.ts"
"frontend-route","/operations/vito/registration/new","registry-administrator","ops","national registry ops","New Registration","ADMINISTRATIVE_HEALTH:Registry Administration","registry-administration","vito-service; varapi-service; tuso-service; zibo-service; product-registry-service; experience-bff","/internal/v1/registry/*, /internal/v1/vito/*","vito-service; varapi-service; tuso-service; zibo-service; product-registry-service","registry admin RBAC","registry records; reconciliation queues","registry.*","/operations/vito/registration/new","apps/mobile/provider-app/src/screens/provider/AdminRegistryHubScreen.tsx","expected","health-id-issuance; provider-registry-onboarding","audit","Registry admin reconciles record with full audit","mapped-to-core-transaction","missing-journey","ui/one-ui-shell/src/app/operations/vito/registration/new/page.tsx","hooks/queries/useFacilityOperations.ts"
"frontend-route","/operations/vito/issuance","registry-administrator","ops","national registry ops","Issuance Queue","ADMINISTRATIVE_HEALTH:Registry Administration","registry-administration","vito-service; varapi-service; tuso-service; zibo-service; product-registry-service; experience-bff","/internal/v1/registry/*, /internal/v1/vito/*","vito-service; varapi-service; tuso-service; zibo-service; product-registry-service","registry admin RBAC","registry records; reconciliation queues","registry.*","/operations/vito/issuance","apps/mobile/provider-app/src/screens/provider/AdminRegistryHubScreen.tsx","expected","health-id-issuance; provider-registry-onboarding","audit","Registry admin reconciles record with full audit","mapped-to-core-transaction","missing-journey","ui/one-ui-shell/src/app/operations/vito/issuance/page.tsx","hooks/queries/useFacilityOperations.ts"
"frontend-route","/operations/vito/issuance/[requestId]","registry-administrator","ops","national registry ops","Issuance Request","ADMINISTRATIVE_HEALTH:Registry Administration","registry-administration","vito-service; varapi-service; tuso-service; zibo-service; product-registry-service; experience-bff","/internal/v1/registry/*, /internal/v1/vito/*","vito-service; varapi-service; tuso-service; zibo-service; product-registry-service","registry admin RBAC","registry records; reconciliation queues","registry.*","/operations/vito/issuance/[requestId]","apps/mobile/provider-app/src/screens/provider/AdminRegistryHubScreen.tsx","expected","health-id-issuance; provider-registry-onboarding","audit","Registry admin reconciles record with full audit","mapped-to-core-transaction","missing-journey","ui/one-ui-shell/src/app/operations/vito/issuance/[requestId]/page.tsx","hooks/queries/useFacilityOperations.ts"
"frontend-route","/operations/vito/cards","registry-administrator","ops","national registry ops","Smart Cards","ADMINISTRATIVE_HEALTH:Registry Administration","registry-administration","vito-service; varapi-service; tuso-service; zibo-service; product-registry-service; experience-bff","/internal/v1/registry/*, /internal/v1/vito/*","vito-service; varapi-service; tuso-service; zibo-service; product-registry-service","registry admin RBAC","registry records; reconciliation queues","registry.*","/operations/vito/cards","apps/mobile/provider-app/src/screens/provider/AdminRegistryHubScreen.tsx","expected","health-id-issuance; provider-registry-onboarding","audit","Registry admin reconciles record with full audit","mapped-to-core-transaction","missing-journey","ui/one-ui-shell/src/app/operations/vito/cards/page.tsx","hooks/queries/useFacilityOperations.ts"
"frontend-route","/operations/vito/cards/pickup","registry-administrator","ops","national registry ops","Card Pickup","ADMINISTRATIVE_HEALTH:Registry Administration","registry-administration","vito-service; varapi-service; tuso-service; zibo-service; product-registry-service; experience-bff","/internal/v1/registry/*, /internal/v1/vito/*","vito-service; varapi-service; tuso-service; zibo-service; product-registry-service","registry admin RBAC","registry records; reconciliation queues","registry.*","/operations/vito/cards/pickup","apps/mobile/provider-app/src/screens/provider/AdminRegistryHubScreen.tsx","expected","health-id-issuance; provider-registry-onboarding","audit","Registry admin reconciles record with full audit","mapped-to-core-transaction","missing-journey","ui/one-ui-shell/src/app/operations/vito/cards/pickup/page.tsx","hooks/queries/useFacilityOperations.ts"
"frontend-route","/operations/vito/match","registry-administrator","ops","national registry ops","Match Review","ADMINISTRATIVE_HEALTH:Registry Administration","registry-administration","vito-service; varapi-service; tuso-service; zibo-service; product-registry-service; experience-bff","/internal/v1/registry/*, /internal/v1/vito/*","vito-service; varapi-service; tuso-service; zibo-service; product-registry-service","registry admin RBAC","registry records; reconciliation queues","registry.*","/operations/vito/match","apps/mobile/provider-app/src/screens/provider/AdminRegistryHubScreen.tsx","expected","health-id-issuance; provider-registry-onboarding","audit","Registry admin reconciles record with full audit","mapped-to-core-transaction","missing-journey","ui/one-ui-shell/src/app/operations/vito/match/page.tsx","hooks/queries/useFacilityOperations.ts"
"frontend-route","/operations/vito/dedup","registry-administrator","ops","national registry ops","Deduplication","ADMINISTRATIVE_HEALTH:Registry Administration","registry-administration","vito-service; varapi-service; tuso-service; zibo-service; product-registry-service; experience-bff","/internal/v1/registry/*, /internal/v1/vito/*","vito-service; varapi-service; tuso-service; zibo-service; product-registry-service","registry admin RBAC","registry records; reconciliation queues","registry.*","/operations/vito/dedup","apps/mobile/provider-app/src/screens/provider/AdminRegistryHubScreen.tsx","expected","health-id-issuance; provider-registry-onboarding","audit","Registry admin reconciles record with full audit","mapped-to-core-transaction","missing-journey","ui/one-ui-shell/src/app/operations/vito/dedup/page.tsx","hooks/queries/useFacilityOperations.ts"
"frontend-route","/operations/vito/print","registry-administrator","ops","national registry ops","Print & Slips","ADMINISTRATIVE_HEALTH:Registry Administration","registry-administration","vito-service; varapi-service; tuso-service; zibo-service; product-registry-service; experience-bff","/internal/v1/registry/*, /internal/v1/vito/*","vito-service; varapi-service; tuso-service; zibo-service; product-registry-service","registry admin RBAC","registry records; reconciliation queues","registry.*","/operations/vito/print","apps/mobile/provider-app/src/screens/provider/AdminRegistryHubScreen.tsx","expected","health-id-issuance; provider-registry-onboarding","audit","Registry admin reconciles record with full audit","mapped-to-core-transaction","missing-journey","ui/one-ui-shell/src/app/operations/vito/print/page.tsx","hooks/queries/useFacilityOperations.ts"
"frontend-route","/operations/vito/patient-shares","registry-administrator","ops","national registry ops","Patient Shares","ADMINISTRATIVE_HEALTH:Registry Administration","registry-administration","vito-service; varapi-service; tuso-service; zibo-service; product-registry-service; experience-bff","/internal/v1/registry/*, /internal/v1/vito/*","vito-service; varapi-service; tuso-service; zibo-service; product-registry-service","registry admin RBAC","registry records; reconciliation queues","registry.*","/operations/vito/patient-shares","apps/mobile/provider-app/src/screens/provider/AdminRegistryHubScreen.tsx","expected","health-id-issuance; provider-registry-onboarding","audit","Registry admin reconciles record with full audit","mapped-to-core-transaction","missing-journey","ui/one-ui-shell/src/app/operations/vito/patient-shares/page.tsx","hooks/queries/useFacilityOperations.ts"
"frontend-route","/operations/vito/internal-search","registry-administrator","ops","national registry ops","Internal Search","ADMINISTRATIVE_HEALTH:Registry Administration","registry-administration","vito-service; varapi-service; tuso-service; zibo-service; product-registry-service; experience-bff","/internal/v1/registry/*, /internal/v1/vito/*","vito-service; varapi-service; tuso-service; zibo-service; product-registry-service","registry admin RBAC","registry records; reconciliation queues","registry.*","/operations/vito/internal-search","apps/mobile/provider-app/src/screens/provider/AdminRegistryHubScreen.tsx","expected","health-id-issuance; provider-registry-onboarding","audit","Registry admin reconciles record with full audit","mapped-to-core-transaction","missing-journey","ui/one-ui-shell/src/app/operations/vito/internal-search/page.tsx","hooks/queries/useFacilityOperations.ts"
"frontend-route","/operations/vito/biometrics","registry-administrator","ops","national registry ops","Biometrics","ADMINISTRATIVE_HEALTH:Registry Administration","registry-administration","vito-service; varapi-service; tuso-service; zibo-service; product-registry-service; experience-bff","/internal/v1/registry/*, /internal/v1/vito/*","vito-service; varapi-service; tuso-service; zibo-service; product-registry-service","registry admin RBAC","registry records; reconciliation queues","registry.*","/operations/vito/biometrics","apps/mobile/provider-app/src/screens/provider/AdminRegistryHubScreen.tsx","expected","health-id-issuance; provider-registry-onboarding","audit","Registry admin reconciles record with full audit","mapped-to-core-transaction","missing-journey","ui/one-ui-shell/src/app/operations/vito/biometrics/page.tsx","hooks/queries/useFacilityOperations.ts"
"frontend-route","/operations/vito/recovery","registry-administrator","ops","national registry ops","Recovery & SHS","ADMINISTRATIVE_HEALTH:Registry Administration","registry-administration","vito-service; varapi-service; tuso-service; zibo-service; product-registry-service; experience-bff","/internal/v1/registry/*, /internal/v1/vito/*","vito-service; varapi-service; tuso-service; zibo-service; product-registry-service","registry admin RBAC","registry records; reconciliation queues","registry.*","/operations/vito/recovery","apps/mobile/provider-app/src/screens/provider/AdminRegistryHubScreen.tsx","expected","health-id-issuance; provider-registry-onboarding","audit","Registry admin reconciles record with full audit","mapped-to-core-transaction","missing-journey","ui/one-ui-shell/src/app/operations/vito/recovery/page.tsx","hooks/queries/useFacilityOperations.ts"
"frontend-route","/operations/vito/registry-admin","registry-administrator","ops","national registry ops","Registry Admin","ADMINISTRATIVE_HEALTH:Registry Administration","registry-administration","vito-service; varapi-service; tuso-service; zibo-service; product-registry-service; experience-bff","/internal/v1/registry/*, /internal/v1/vito/*","vito-service; varapi-service; tuso-service; zibo-service; product-registry-service","registry admin RBAC","registry records; reconciliation queues","registry.*","/operations/vito/registry-admin","apps/mobile/provider-app/src/screens/provider/AdminRegistryHubScreen.tsx","expected","health-id-issuance; provider-registry-onboarding","audit","Registry admin reconciles record with full audit","mapped-to-core-transaction","missing-journey","ui/one-ui-shell/src/app/operations/vito/registry-admin/page.tsx","hooks/queries/useFacilityOperations.ts"
"frontend-route","/operations/butano","device","ops","IoT, card printer, edge node","SHR Operations","ADMINISTRATIVE_HEALTH:Device / System Event Journey","device-system-event","iot-ingestion-service; card-print-agent; offline-edge-service; tshepo-authz-service","/v1/devices, device agent protocols","","device registration; mTLS","device events; telemetry","device.*","/operations/butano","","expected","health-id-issuance; integration-sync-replay","alert","Device event ingested and auditable","mapped-to-core-transaction","missing-journey","ui/one-ui-shell/src/app/operations/butano/page.tsx","hooks/queries/useFacilityOperations.ts"
"frontend-route","/operations/assets","device","ops","IoT, card printer, edge node","Asset Management","ADMINISTRATIVE_HEALTH:Device / System Event Journey","device-system-event","iot-ingestion-service; card-print-agent; offline-edge-service; tshepo-authz-service","/v1/devices, device agent protocols","","device registration; mTLS","device events; telemetry","device.*","/operations/assets","","expected","health-id-issuance; integration-sync-replay","alert","Device event ingested and auditable","mapped-to-core-transaction","missing-journey","ui/one-ui-shell/src/app/operations/assets/page.tsx","hooks/queries/useFacilityOperations.ts"
"frontend-route","/operations/equipment","device","ops","IoT, card printer, edge node","Equipment Management","ADMINISTRATIVE_HEALTH:Device / System Event Journey","device-system-event","iot-ingestion-service; card-print-agent; offline-edge-service; tshepo-authz-service","/v1/devices, device agent protocols","","device registration; mTLS","device events; telemetry","device.*","/operations/equipment","","expected","health-id-issuance; integration-sync-replay","alert","Device event ingested and auditable","mapped-to-core-transaction","missing-journey","ui/one-ui-shell/src/app/operations/equipment/page.tsx","hooks/queries/useFacilityOperations.ts"
"frontend-route","/support","implementer","support","support","Support","","","experience-bff","","","auth","","","/support","","optional","","","","unmapped","isolated-page","ui/one-ui-shell/src/app/support/page.tsx",""
"frontend-route","/support/tickets","implementer","support","support","Support Tickets","","","experience-bff","","","auth","","","/support/tickets","","optional","","","","unmapped","isolated-page","ui/one-ui-shell/src/app/support/tickets/page.tsx",""
"frontend-route","/support/knowledge-base","implementer","support","support","Knowledge Base","","","experience-bff","","","auth","","","/support/knowledge-base","","optional","","","","unmapped","isolated-page","ui/one-ui-shell/src/app/support/knowledge-base/page.tsx",""
"frontend-route","/developer","integration-system","integration","external system or edge node","Developer Portal","ADMINISTRATIVE_HEALTH:Integration / Sync / Replay","integration-sync-replay","integration-hub; connector-fhir-adapter; fhir-gateway-service; offline-sync-service; experience-bff","/internal/v1/integration-hub/*, /internal/v1/fhir/*, /internal/v1/extensions/*","","integration credentials; FHIR gateway authz","integration routes; dead letters","integration.*","/developer","","expected","device-system-event; offline-clinical-queue","replay on failure","Integration message processed or dead-lettered with replay","mapped-to-core-transaction","missing-journey","ui/one-ui-shell/src/app/developer/page.tsx",""
"frontend-route","/developer/api-catalog","integration-system","integration","external system or edge node","API Catalog","ADMINISTRATIVE_HEALTH:Integration / Sync / Replay","integration-sync-replay","integration-hub; connector-fhir-adapter; fhir-gateway-service; offline-sync-service; experience-bff","/internal/v1/integration-hub/*, /internal/v1/fhir/*, /internal/v1/extensions/*","","integration credentials; FHIR gateway authz","integration routes; dead letters","integration.*","/developer/api-catalog","","expected","device-system-event; offline-clinical-queue","replay on failure","Integration message processed or dead-lettered with replay","mapped-to-core-transaction","missing-journey","ui/one-ui-shell/src/app/developer/api-catalog/page.tsx",""
"frontend-route","/developer/clients","integration-system","integration","external system or edge node","Client Registration","ADMINISTRATIVE_HEALTH:Integration / Sync / Replay","integration-sync-replay","integration-hub; connector-fhir-adapter; fhir-gateway-service; offline-sync-service; experience-bff","/internal/v1/integration-hub/*, /internal/v1/fhir/*, /internal/v1/extensions/*","","integration credentials; FHIR gateway authz","integration routes; dead letters","integration.*","/developer/clients","","expected","device-system-event; offline-clinical-queue","replay on failure","Integration message processed or dead-lettered with replay","mapped-to-core-transaction","missing-journey","ui/one-ui-shell/src/app/developer/clients/page.tsx",""
"frontend-route","/developer/sandbox","integration-system","integration","external system or edge node","Sandbox","ADMINISTRATIVE_HEALTH:Integration / Sync / Replay","integration-sync-replay","integration-hub; connector-fhir-adapter; fhir-gateway-service; offline-sync-service; experience-bff","/internal/v1/integration-hub/*, /internal/v1/fhir/*, /internal/v1/extensions/*","","integration credentials; FHIR gateway authz","integration routes; dead letters","integration.*","/developer/sandbox","","expected","device-system-event; offline-clinical-queue","replay on failure","Integration message processed or dead-lettered with replay","mapped-to-core-transaction","missing-journey","ui/one-ui-shell/src/app/developer/sandbox/page.tsx",""
"frontend-route","/home/documents","citizen","person","life-hub","My Documents","","","experience-bff","","","auth","","","/home/documents","","optional","","","","unmapped","isolated-page","ui/one-ui-shell/src/app/home/documents/page.tsx",""
"frontend-route","/marketplace/cart","citizen","consumer","citizen marketplace","Shopping Cart","MARKETPLACE:Marketplace Order","marketplace-order","msika-flow-service; msika-service; mushe-wallet-service; experience-bff","/internal/v1/marketplace/*, /internal/v1/commerce/*","","commerce authz","orders; payment intents","core.transaction.events","/marketplace/cart","apps/mobile/citizen-app/src/screens/marketplace/CartScreen.tsx; apps/mobile/citizen-app/src/screens/marketplace/FundoLearningScreen.tsx; apps/mobile/citizen-app/src/screens/marketplace/HealthOsAppsScreen.tsx; apps/mobile/citizen-app/src/screens/marketplace/MarketplaceScreen.tsx; apps/mobile/provider-app/src/screens/provider/LabOrderPanel.tsx; apps/mobile/provider-app/src/screens/provider/MarketplaceOpsScreen.tsx","expected","wallet-payment; dispatch-delivery","fulfil","Citizen places order and tracks fulfilment","mapped-to-core-transaction","missing-journey","ui/one-ui-shell/src/app/marketplace/cart/page.tsx","hooks/queries/useMarketplace.ts"
"frontend-route","/marketplace/substitutions","citizen","consumer","citizen marketplace","Substitutions","MARKETPLACE:Marketplace Order","marketplace-order","msika-flow-service; msika-service; mushe-wallet-service; experience-bff","/internal/v1/marketplace/*, /internal/v1/commerce/*","","commerce authz","orders; payment intents","core.transaction.events","/marketplace/substitutions","apps/mobile/citizen-app/src/screens/marketplace/CartScreen.tsx; apps/mobile/citizen-app/src/screens/marketplace/FundoLearningScreen.tsx; apps/mobile/citizen-app/src/screens/marketplace/HealthOsAppsScreen.tsx; apps/mobile/citizen-app/src/screens/marketplace/MarketplaceScreen.tsx; apps/mobile/provider-app/src/screens/provider/LabOrderPanel.tsx; apps/mobile/provider-app/src/screens/provider/MarketplaceOpsScreen.tsx","expected","wallet-payment; dispatch-delivery","fulfil","Citizen places order and tracks fulfilment","mapped-to-core-transaction","missing-journey","ui/one-ui-shell/src/app/marketplace/substitutions/page.tsx","hooks/queries/useMarketplace.ts"
"frontend-route","/shell/file-manager","unknown","auth","shell","File manager","","","experience-bff","","","auth","","","/shell/file-manager","","optional","","","","unmapped","unclear-intent","ui/one-ui-shell/src/app/shell/file-manager/page.tsx","hooks/queries/useShellFileCatalog.ts"
"frontend-route","/shell/task-manager","unknown","auth","shell","Task manager","","","experience-bff","","","auth","","","/shell/task-manager","","optional","","","","unmapped","unclear-intent","ui/one-ui-shell/src/app/shell/task-manager/page.tsx","hooks/queries/useShellFileCatalog.ts"
"frontend-route","/ask","citizen","person","in-flow intelligent assist","Ask","ADMINISTRATIVE_HEALTH:AI Guidance / Nompilo Assist","ai-guidance-nompilo","guidance-service; llm-orchestration-service; search-service; experience-bff","/internal/v1/guidance/*, /internal/v1/assistant/*, /internal/v1/search*","","assist must not override clinical judgement","guidance sessions; search index","guidance.*","/ask","apps/mobile/citizen-app/src/screens/NompiloAssistantScreen.tsx; apps/mobile/provider-app/src/screens/NompiloAssistantScreen.tsx","expected","provider-patient-encounter; wellness-journey","handoff if needed","Nompilo explains next step with route context","mapped-to-core-transaction","missing-journey","ui/one-ui-shell/src/app/ask/page.tsx",""
"frontend-route","/intelligence","citizen","person","guidance","Health Intelligence","","","experience-bff","","","auth","","","/intelligence","","optional","","","","unmapped","isolated-page","ui/one-ui-shell/src/app/intelligence/page.tsx",""
"frontend-route","/search","citizen","person","guidance","Search","","","experience-bff","","","auth","","","/search","","optional","","","","unmapped","unclear-intent","ui/one-ui-shell/src/app/search/page.tsx","hooks/queries/useKnowledgeSearch.ts"
"frontend-route","/guidance","citizen","person","in-flow intelligent assist","Guidance","ADMINISTRATIVE_HEALTH:AI Guidance / Nompilo Assist","ai-guidance-nompilo","guidance-service; llm-orchestration-service; search-service; experience-bff","/internal/v1/guidance/*, /internal/v1/assistant/*, /internal/v1/search*","","assist must not override clinical judgement","guidance sessions; search index","guidance.*","/guidance","apps/mobile/citizen-app/src/screens/NompiloAssistantScreen.tsx; apps/mobile/provider-app/src/screens/NompiloAssistantScreen.tsx","expected","provider-patient-encounter; wellness-journey","handoff if needed","Nompilo explains next step with route context","mapped-to-core-transaction","missing-journey","ui/one-ui-shell/src/app/guidance/page.tsx","hooks/queries/useGuidance.ts"
"frontend-route","/guidance/reminders","citizen","person","in-flow intelligent assist","Reminders & Prompts","ADMINISTRATIVE_HEALTH:AI Guidance / Nompilo Assist","ai-guidance-nompilo","guidance-service; llm-orchestration-service; search-service; experience-bff","/internal/v1/guidance/*, /internal/v1/assistant/*, /internal/v1/search*","","assist must not override clinical judgement","guidance sessions; search index","guidance.*","/guidance/reminders","apps/mobile/citizen-app/src/screens/NompiloAssistantScreen.tsx; apps/mobile/provider-app/src/screens/NompiloAssistantScreen.tsx","expected","provider-patient-encounter; wellness-journey","handoff if needed","Nompilo explains next step with route context","mapped-to-core-transaction","missing-journey","ui/one-ui-shell/src/app/guidance/reminders/page.tsx","hooks/queries/useGuidance.ts"
"frontend-route","/guidance/education","citizen","person","in-flow intelligent assist","Health Education","ADMINISTRATIVE_HEALTH:AI Guidance / Nompilo Assist","ai-guidance-nompilo","guidance-service; llm-orchestration-service; search-service; experience-bff","/internal/v1/guidance/*, /internal/v1/assistant/*, /internal/v1/search*","","assist must not override clinical judgement","guidance sessions; search index","guidance.*","/guidance/education","apps/mobile/citizen-app/src/screens/NompiloAssistantScreen.tsx; apps/mobile/provider-app/src/screens/NompiloAssistantScreen.tsx","expected","provider-patient-encounter; wellness-journey","handoff if needed","Nompilo explains next step with route context","mapped-to-core-transaction","missing-journey","ui/one-ui-shell/src/app/guidance/education/page.tsx","hooks/queries/useGuidance.ts"
"frontend-route","/learning","provider","auth","professional development","Impilo Fundo","TRAINING_OR_COMPETENCY:Fundo / Learning Journey","fundo-learning","learning-service; varapi-service; experience-bff","/internal/v1/learning/*","varapi-service","provider identity for CPD","enrolments; assessments; CPD","learning.completed","/learning","apps/mobile/citizen-app/src/screens/marketplace/FundoLearningScreen.tsx; apps/mobile/provider-app/src/screens/provider/FundoLearningShellScreen.tsx","expected","provider-login; credential-verification","CPD credit","Provider enrols, completes module, CPD reflected","mapped-to-core-transaction","missing-journey","ui/one-ui-shell/src/app/learning/page.tsx","hooks/queries/useLearningSubjectCompletions.ts"
"frontend-route","/learning/catalog","provider","auth","professional development","Impilo Fundo Catalogue","TRAINING_OR_COMPETENCY:Fundo / Learning Journey","fundo-learning","learning-service; varapi-service; experience-bff","/internal/v1/learning/*","varapi-service","provider identity for CPD","enrolments; assessments; CPD","learning.completed","/learning/catalog","apps/mobile/citizen-app/src/screens/marketplace/FundoLearningScreen.tsx; apps/mobile/provider-app/src/screens/provider/FundoLearningShellScreen.tsx","expected","provider-login; credential-verification","CPD credit","Provider enrols, completes module, CPD reflected","mapped-to-core-transaction","missing-journey","ui/one-ui-shell/src/app/learning/catalog/page.tsx","hooks/queries/useLearningSubjectCompletions.ts"
"frontend-route","/learning/courses/[courseId]","provider","auth","professional development","Impilo Fundo Course","TRAINING_OR_COMPETENCY:Fundo / Learning Journey","fundo-learning","learning-service; varapi-service; experience-bff","/internal/v1/learning/*","varapi-service","provider identity for CPD","enrolments; assessments; CPD","learning.completed","/learning/courses/[courseId]","apps/mobile/citizen-app/src/screens/marketplace/FundoLearningScreen.tsx; apps/mobile/provider-app/src/screens/provider/FundoLearningShellScreen.tsx","expected","provider-login; credential-verification","CPD credit","Provider enrols, completes module, CPD reflected","mapped-to-core-transaction","missing-journey","ui/one-ui-shell/src/app/learning/courses/[courseId]/page.tsx","hooks/queries/useLearningSubjectCompletions.ts"
"frontend-route","/learning/my-learning","provider","auth","professional development","My Learning","TRAINING_OR_COMPETENCY:Fundo / Learning Journey","fundo-learning","learning-service; varapi-service; experience-bff","/internal/v1/learning/*","varapi-service","provider identity for CPD","enrolments; assessments; CPD","learning.completed","/learning/my-learning","apps/mobile/citizen-app/src/screens/marketplace/FundoLearningScreen.tsx; apps/mobile/provider-app/src/screens/provider/FundoLearningShellScreen.tsx","expected","provider-login; credential-verification","CPD credit","Provider enrols, completes module, CPD reflected","mapped-to-core-transaction","missing-journey","ui/one-ui-shell/src/app/learning/my-learning/page.tsx","hooks/queries/useLearningSubjectCompletions.ts"
"frontend-route","/learning/enrolments/[enrolmentId]","provider","auth","professional development","Enrolment Player","TRAINING_OR_COMPETENCY:Fundo / Learning Journey","fundo-learning","learning-service; varapi-service; experience-bff","/internal/v1/learning/*","varapi-service","provider identity for CPD","enrolments; assessments; CPD","learning.completed","/learning/enrolments/[enrolmentId]","apps/mobile/citizen-app/src/screens/marketplace/FundoLearningScreen.tsx; apps/mobile/provider-app/src/screens/provider/FundoLearningShellScreen.tsx","expected","provider-login; credential-verification","CPD credit","Provider enrols, completes module, CPD reflected","mapped-to-core-transaction","missing-journey","ui/one-ui-shell/src/app/learning/enrolments/[enrolmentId]/page.tsx","hooks/queries/useLearningSubjectCompletions.ts"
"frontend-route","/learning/enrolments/[enrolmentId]/lessons/[lessonId]","provider","auth","professional development","Lesson Player","TRAINING_OR_COMPETENCY:Fundo / Learning Journey","fundo-learning","learning-service; varapi-service; experience-bff","/internal/v1/learning/*","varapi-service","provider identity for CPD","enrolments; assessments; CPD","learning.completed","/learning/enrolments/[enrolmentId]/lessons/[lessonId]","apps/mobile/citizen-app/src/screens/marketplace/FundoLearningScreen.tsx; apps/mobile/provider-app/src/screens/provider/FundoLearningShellScreen.tsx","expected","provider-login; credential-verification","CPD credit","Provider enrols, completes module, CPD reflected","mapped-to-core-transaction","missing-journey","ui/one-ui-shell/src/app/learning/enrolments/[enrolmentId]/lessons/[lessonId]/page.tsx","hooks/queries/useLearningSubjectCompletions.ts"
"frontend-route","/learning/pathways","provider","auth","professional development","Learning Pathways","TRAINING_OR_COMPETENCY:Fundo / Learning Journey","fundo-learning","learning-service; varapi-service; experience-bff","/internal/v1/learning/*","varapi-service","provider identity for CPD","enrolments; assessments; CPD","learning.completed","/learning/pathways","apps/mobile/citizen-app/src/screens/marketplace/FundoLearningScreen.tsx; apps/mobile/provider-app/src/screens/provider/FundoLearningShellScreen.tsx","expected","provider-login; credential-verification","CPD credit","Provider enrols, completes module, CPD reflected","mapped-to-core-transaction","missing-journey","ui/one-ui-shell/src/app/learning/pathways/page.tsx","hooks/queries/useLearningSubjectCompletions.ts"
"frontend-route","/learning/pathways/[pathwayId]","provider","auth","professional development","Pathway Detail","TRAINING_OR_COMPETENCY:Fundo / Learning Journey","fundo-learning","learning-service; varapi-service; experience-bff","/internal/v1/learning/*","varapi-service","provider identity for CPD","enrolments; assessments; CPD","learning.completed","/learning/pathways/[pathwayId]","apps/mobile/citizen-app/src/screens/marketplace/FundoLearningScreen.tsx; apps/mobile/provider-app/src/screens/provider/FundoLearningShellScreen.tsx","expected","provider-login; credential-verification","CPD credit","Provider enrols, completes module, CPD reflected","mapped-to-core-transaction","missing-journey","ui/one-ui-shell/src/app/learning/pathways/[pathwayId]/page.tsx","hooks/queries/useLearningSubjectCompletions.ts"
"frontend-route","/learning/record","provider","auth","professional development","Learning Record","TRAINING_OR_COMPETENCY:Fundo / Learning Journey","fundo-learning","learning-service; varapi-service; experience-bff","/internal/v1/learning/*","varapi-service","provider identity for CPD","enrolments; assessments; CPD","learning.completed","/learning/record","apps/mobile/citizen-app/src/screens/marketplace/FundoLearningScreen.tsx; apps/mobile/provider-app/src/screens/provider/FundoLearningShellScreen.tsx","expected","provider-login; credential-verification","CPD credit","Provider enrols, completes module, CPD reflected","mapped-to-core-transaction","missing-journey","ui/one-ui-shell/src/app/learning/record/page.tsx","hooks/queries/useLearningSubjectCompletions.ts"
"frontend-route","/learning/assessments/[assessmentId]","provider","auth","professional development","Assessment","TRAINING_OR_COMPETENCY:Fundo / Learning Journey","fundo-learning","learning-service; varapi-service; experience-bff","/internal/v1/learning/*","varapi-service","provider identity for CPD","enrolments; assessments; CPD","learning.completed","/learning/assessments/[assessmentId]","apps/mobile/citizen-app/src/screens/marketplace/FundoLearningScreen.tsx; apps/mobile/provider-app/src/screens/provider/FundoLearningShellScreen.tsx","expected","provider-login; credential-verification","CPD credit","Provider enrols, completes module, CPD reflected","mapped-to-core-transaction","missing-journey","ui/one-ui-shell/src/app/learning/assessments/[assessmentId]/page.tsx","hooks/queries/useLearningSubjectCompletions.ts"
"frontend-route","/learning/assessments/[assessmentId]/attempt","provider","auth","professional development","Assessment Attempt","TRAINING_OR_COMPETENCY:Fundo / Learning Journey","fundo-learning","learning-service; varapi-service; experience-bff","/internal/v1/learning/*","varapi-service","provider identity for CPD","enrolments; assessments; CPD","learning.completed","/learning/assessments/[assessmentId]/attempt","apps/mobile/citizen-app/src/screens/marketplace/FundoLearningScreen.tsx; apps/mobile/provider-app/src/screens/provider/FundoLearningShellScreen.tsx","expected","provider-login; credential-verification","CPD credit","Provider enrols, completes module, CPD reflected","mapped-to-core-transaction","missing-journey","ui/one-ui-shell/src/app/learning/assessments/[assessmentId]/attempt/page.tsx","hooks/queries/useLearningSubjectCompletions.ts"
"frontend-route","/learning/attempts/[attemptId]","provider","auth","professional development","Attempt Result","TRAINING_OR_COMPETENCY:Fundo / Learning Journey","fundo-learning","learning-service; varapi-service; experience-bff","/internal/v1/learning/*","varapi-service","provider identity for CPD","enrolments; assessments; CPD","learning.completed","/learning/attempts/[attemptId]","apps/mobile/citizen-app/src/screens/marketplace/FundoLearningScreen.tsx; apps/mobile/provider-app/src/screens/provider/FundoLearningShellScreen.tsx","expected","provider-login; credential-verification","CPD credit","Provider enrols, completes module, CPD reflected","mapped-to-core-transaction","missing-journey","ui/one-ui-shell/src/app/learning/attempts/[attemptId]/page.tsx","hooks/queries/useLearningSubjectCompletions.ts"
"frontend-route","/learning/certificates","provider","auth","professional development","Certificates","TRAINING_OR_COMPETENCY:Fundo / Learning Journey","fundo-learning","learning-service; varapi-service; experience-bff","/internal/v1/learning/*","varapi-service","provider identity for CPD","enrolments; assessments; CPD","learning.completed","/learning/certificates","apps/mobile/citizen-app/src/screens/marketplace/FundoLearningScreen.tsx; apps/mobile/provider-app/src/screens/provider/FundoLearningShellScreen.tsx","expected","provider-login; credential-verification","CPD credit","Provider enrols, completes module, CPD reflected","mapped-to-core-transaction","missing-journey","ui/one-ui-shell/src/app/learning/certificates/page.tsx","hooks/queries/useLearningSubjectCompletions.ts"
"frontend-route","/learning/certificates/[certificateId]","provider","auth","professional development","Certificate Detail","TRAINING_OR_COMPETENCY:Fundo / Learning Journey","fundo-learning","learning-service; varapi-service; experience-bff","/internal/v1/learning/*","varapi-service","provider identity for CPD","enrolments; assessments; CPD","learning.completed","/learning/certificates/[certificateId]","apps/mobile/citizen-app/src/screens/marketplace/FundoLearningScreen.tsx; apps/mobile/provider-app/src/screens/provider/FundoLearningShellScreen.tsx","expected","provider-login; credential-verification","CPD credit","Provider enrols, completes module, CPD reflected","mapped-to-core-transaction","missing-journey","ui/one-ui-shell/src/app/learning/certificates/[certificateId]/page.tsx","hooks/queries/useLearningSubjectCompletions.ts"
"frontend-route","/learning/cpd","provider","auth","professional development","CPD Evidence","TRAINING_OR_COMPETENCY:Fundo / Learning Journey","fundo-learning","learning-service; varapi-service; experience-bff","/internal/v1/learning/*","varapi-service","provider identity for CPD","enrolments; assessments; CPD","learning.completed","/learning/cpd","apps/mobile/citizen-app/src/screens/marketplace/FundoLearningScreen.tsx; apps/mobile/provider-app/src/screens/provider/FundoLearningShellScreen.tsx","expected","provider-login; credential-verification","CPD credit","Provider enrols, completes module, CPD reflected","mapped-to-core-transaction","missing-journey","ui/one-ui-shell/src/app/learning/cpd/page.tsx","hooks/queries/useLearningSubjectCompletions.ts"
"frontend-route","/learning/reports","provider","auth","professional development","Learning Reports","TRAINING_OR_COMPETENCY:Fundo / Learning Journey","fundo-learning","learning-service; varapi-service; experience-bff","/internal/v1/learning/*","varapi-service","provider identity for CPD","enrolments; assessments; CPD","learning.completed","/learning/reports","apps/mobile/citizen-app/src/screens/marketplace/FundoLearningScreen.tsx; apps/mobile/provider-app/src/screens/provider/FundoLearningShellScreen.tsx","expected","provider-login; credential-verification","CPD credit","Provider enrols, completes module, CPD reflected","mapped-to-core-transaction","missing-journey","ui/one-ui-shell/src/app/learning/reports/page.tsx","hooks/queries/useLearningSubjectCompletions.ts"
"frontend-route","/learning/reports/cohorts","provider","auth","professional development","Cohort Report","TRAINING_OR_COMPETENCY:Fundo / Learning Journey","fundo-learning","learning-service; varapi-service; experience-bff","/internal/v1/learning/*","varapi-service","provider identity for CPD","enrolments; assessments; CPD","learning.completed","/learning/reports/cohorts","apps/mobile/citizen-app/src/screens/marketplace/FundoLearningScreen.tsx; apps/mobile/provider-app/src/screens/provider/FundoLearningShellScreen.tsx","expected","provider-login; credential-verification","CPD credit","Provider enrols, completes module, CPD reflected","mapped-to-core-transaction","missing-journey","ui/one-ui-shell/src/app/learning/reports/cohorts/page.tsx","hooks/queries/useLearningSubjectCompletions.ts"
"frontend-route","/learning/reports/courses","provider","auth","professional development","Course Report","TRAINING_OR_COMPETENCY:Fundo / Learning Journey","fundo-learning","learning-service; varapi-service; experience-bff","/internal/v1/learning/*","varapi-service","provider identity for CPD","enrolments; assessments; CPD","learning.completed","/learning/reports/courses","apps/mobile/citizen-app/src/screens/marketplace/FundoLearningScreen.tsx; apps/mobile/provider-app/src/screens/provider/FundoLearningShellScreen.tsx","expected","provider-login; credential-verification","CPD credit","Provider enrols, completes module, CPD reflected","mapped-to-core-transaction","missing-journey","ui/one-ui-shell/src/app/learning/reports/courses/page.tsx","hooks/queries/useLearningSubjectCompletions.ts"
"frontend-route","/learning/reports/overdue","provider","auth","professional development","Overdue Learning","TRAINING_OR_COMPETENCY:Fundo / Learning Journey","fundo-learning","learning-service; varapi-service; experience-bff","/internal/v1/learning/*","varapi-service","provider identity for CPD","enrolments; assessments; CPD","learning.completed","/learning/reports/overdue","apps/mobile/citizen-app/src/screens/marketplace/FundoLearningScreen.tsx; apps/mobile/provider-app/src/screens/provider/FundoLearningShellScreen.tsx","expected","provider-login; credential-verification","CPD credit","Provider enrols, completes module, CPD reflected","mapped-to-core-transaction","missing-journey","ui/one-ui-shell/src/app/learning/reports/overdue/page.tsx","hooks/queries/useLearningSubjectCompletions.ts"
"frontend-route","/learning/reports/assessments","provider","auth","professional development","Assessment Report","TRAINING_OR_COMPETENCY:Fundo / Learning Journey","fundo-learning","learning-service; varapi-service; experience-bff","/internal/v1/learning/*","varapi-service","provider identity for CPD","enrolments; assessments; CPD","learning.completed","/learning/reports/assessments","apps/mobile/citizen-app/src/screens/marketplace/FundoLearningScreen.tsx; apps/mobile/provider-app/src/screens/provider/FundoLearningShellScreen.tsx","expected","provider-login; credential-verification","CPD credit","Provider enrols, completes module, CPD reflected","mapped-to-core-transaction","missing-journey","ui/one-ui-shell/src/app/learning/reports/assessments/page.tsx","hooks/queries/useLearningSubjectCompletions.ts"
"frontend-route","/learning/studio","provider","role","professional development","Fundo Studio","TRAINING_OR_COMPETENCY:Fundo / Learning Journey","fundo-learning","learning-service; varapi-service; experience-bff","/internal/v1/learning/*","varapi-service","provider identity for CPD","enrolments; assessments; CPD","learning.completed","/learning/studio","apps/mobile/citizen-app/src/screens/marketplace/FundoLearningScreen.tsx; apps/mobile/provider-app/src/screens/provider/FundoLearningShellScreen.tsx","expected","provider-login; credential-verification","CPD credit","Provider enrols, completes module, CPD reflected","mapped-to-core-transaction","missing-journey","ui/one-ui-shell/src/app/learning/studio/page.tsx","hooks/queries/useLearningSubjectCompletions.ts"
"frontend-route","/learning/studio/courses","provider","role","professional development","Studio Courses","TRAINING_OR_COMPETENCY:Fundo / Learning Journey","fundo-learning","learning-service; varapi-service; experience-bff","/internal/v1/learning/*","varapi-service","provider identity for CPD","enrolments; assessments; CPD","learning.completed","/learning/studio/courses","apps/mobile/citizen-app/src/screens/marketplace/FundoLearningScreen.tsx; apps/mobile/provider-app/src/screens/provider/FundoLearningShellScreen.tsx","expected","provider-login; credential-verification","CPD credit","Provider enrols, completes module, CPD reflected","mapped-to-core-transaction","missing-journey","ui/one-ui-shell/src/app/learning/studio/courses/page.tsx","hooks/queries/useLearningSubjectCompletions.ts"
"frontend-route","/learning/studio/courses/new","provider","role","professional development","Studio New Course","TRAINING_OR_COMPETENCY:Fundo / Learning Journey","fundo-learning","learning-service; varapi-service; experience-bff","/internal/v1/learning/*","varapi-service","provider identity for CPD","enrolments; assessments; CPD","learning.completed","/learning/studio/courses/new","apps/mobile/citizen-app/src/screens/marketplace/FundoLearningScreen.tsx; apps/mobile/provider-app/src/screens/provider/FundoLearningShellScreen.tsx","expected","provider-login; credential-verification","CPD credit","Provider enrols, completes module, CPD reflected","mapped-to-core-transaction","missing-journey","ui/one-ui-shell/src/app/learning/studio/courses/new/page.tsx","hooks/queries/useLearningSubjectCompletions.ts"
"frontend-route","/learning/studio/courses/[courseId]","provider","role","professional development","Studio Course Detail","TRAINING_OR_COMPETENCY:Fundo / Learning Journey","fundo-learning","learning-service; varapi-service; experience-bff","/internal/v1/learning/*","varapi-service","provider identity for CPD","enrolments; assessments; CPD","learning.completed","/learning/studio/courses/[courseId]","apps/mobile/citizen-app/src/screens/marketplace/FundoLearningScreen.tsx; apps/mobile/provider-app/src/screens/provider/FundoLearningShellScreen.tsx","expected","provider-login; credential-verification","CPD credit","Provider enrols, completes module, CPD reflected","mapped-to-core-transaction","missing-journey","ui/one-ui-shell/src/app/learning/studio/courses/[courseId]/page.tsx","hooks/queries/useLearningSubjectCompletions.ts"
"frontend-route","/learning/studio/courses/[courseId]/builder","provider","role","professional development","Studio Course Builder","TRAINING_OR_COMPETENCY:Fundo / Learning Journey","fundo-learning","learning-service; varapi-service; experience-bff","/internal/v1/learning/*","varapi-service","provider identity for CPD","enrolments; assessments; CPD","learning.completed","/learning/studio/courses/[courseId]/builder","apps/mobile/citizen-app/src/screens/marketplace/FundoLearningScreen.tsx; apps/mobile/provider-app/src/screens/provider/FundoLearningShellScreen.tsx","expected","provider-login; credential-verification","CPD credit","Provider enrols, completes module, CPD reflected","mapped-to-core-transaction","missing-journey","ui/one-ui-shell/src/app/learning/studio/courses/[courseId]/builder/page.tsx","hooks/queries/useLearningSubjectCompletions.ts"
"frontend-route","/learning/studio/library","provider","role","professional development","Studio Library","TRAINING_OR_COMPETENCY:Fundo / Learning Journey","fundo-learning","learning-service; varapi-service; experience-bff","/internal/v1/learning/*","varapi-service","provider identity for CPD","enrolments; assessments; CPD","learning.completed","/learning/studio/library","apps/mobile/citizen-app/src/screens/marketplace/FundoLearningScreen.tsx; apps/mobile/provider-app/src/screens/provider/FundoLearningShellScreen.tsx","expected","provider-login; credential-verification","CPD credit","Provider enrols, completes module, CPD reflected","mapped-to-core-transaction","missing-journey","ui/one-ui-shell/src/app/learning/studio/library/page.tsx","hooks/queries/useLearningSubjectCompletions.ts"
"frontend-route","/learning/studio/media","provider","role","professional development","Studio Media","TRAINING_OR_COMPETENCY:Fundo / Learning Journey","fundo-learning","learning-service; varapi-service; experience-bff","/internal/v1/learning/*","varapi-service","provider identity for CPD","enrolments; assessments; CPD","learning.completed","/learning/studio/media","apps/mobile/citizen-app/src/screens/marketplace/FundoLearningScreen.tsx; apps/mobile/provider-app/src/screens/provider/FundoLearningShellScreen.tsx","expected","provider-login; credential-verification","CPD credit","Provider enrols, completes module, CPD reflected","mapped-to-core-transaction","missing-journey","ui/one-ui-shell/src/app/learning/studio/media/page.tsx","hooks/queries/useLearningSubjectCompletions.ts"
"frontend-route","/learning/studio/media/recordings","provider","role","professional development","Media Recordings","TRAINING_OR_COMPETENCY:Fundo / Learning Journey","fundo-learning","learning-service; varapi-service; experience-bff","/internal/v1/learning/*","varapi-service","provider identity for CPD","enrolments; assessments; CPD","learning.completed","/learning/studio/media/recordings","apps/mobile/citizen-app/src/screens/marketplace/FundoLearningScreen.tsx; apps/mobile/provider-app/src/screens/provider/FundoLearningShellScreen.tsx","expected","provider-login; credential-verification","CPD credit","Provider enrols, completes module, CPD reflected","mapped-to-core-transaction","missing-journey","ui/one-ui-shell/src/app/learning/studio/media/recordings/page.tsx","hooks/queries/useLearningSubjectCompletions.ts"
"frontend-route","/learning/studio/media/scripts","provider","role","professional development","Media Scripts","TRAINING_OR_COMPETENCY:Fundo / Learning Journey","fundo-learning","learning-service; varapi-service; experience-bff","/internal/v1/learning/*","varapi-service","provider identity for CPD","enrolments; assessments; CPD","learning.completed","/learning/studio/media/scripts","apps/mobile/citizen-app/src/screens/marketplace/FundoLearningScreen.tsx; apps/mobile/provider-app/src/screens/provider/FundoLearningShellScreen.tsx","expected","provider-login; credential-verification","CPD credit","Provider enrols, completes module, CPD reflected","mapped-to-core-transaction","missing-journey","ui/one-ui-shell/src/app/learning/studio/media/scripts/page.tsx","hooks/queries/useLearningSubjectCompletions.ts"
"frontend-route","/learning/studio/media/voiceovers","provider","role","professional development","Media Voiceovers","TRAINING_OR_COMPETENCY:Fundo / Learning Journey","fundo-learning","learning-service; varapi-service; experience-bff","/internal/v1/learning/*","varapi-service","provider identity for CPD","enrolments; assessments; CPD","learning.completed","/learning/studio/media/voiceovers","apps/mobile/citizen-app/src/screens/marketplace/FundoLearningScreen.tsx; apps/mobile/provider-app/src/screens/provider/FundoLearningShellScreen.tsx","expected","provider-login; credential-verification","CPD credit","Provider enrols, completes module, CPD reflected","mapped-to-core-transaction","missing-journey","ui/one-ui-shell/src/app/learning/studio/media/voiceovers/page.tsx","hooks/queries/useLearningSubjectCompletions.ts"
"frontend-route","/learning/studio/media/[mediaId]","provider","role","professional development","Media Asset","TRAINING_OR_COMPETENCY:Fundo / Learning Journey","fundo-learning","learning-service; varapi-service; experience-bff","/internal/v1/learning/*","varapi-service","provider identity for CPD","enrolments; assessments; CPD","learning.completed","/learning/studio/media/[mediaId]","apps/mobile/citizen-app/src/screens/marketplace/FundoLearningScreen.tsx; apps/mobile/provider-app/src/screens/provider/FundoLearningShellScreen.tsx","expected","provider-login; credential-verification","CPD credit","Provider enrols, completes module, CPD reflected","mapped-to-core-transaction","missing-journey","ui/one-ui-shell/src/app/learning/studio/media/[mediaId]/page.tsx","hooks/queries/useLearningSubjectCompletions.ts"
"frontend-route","/learning/studio/assessments","provider","role","professional development","Studio Assessments","TRAINING_OR_COMPETENCY:Fundo / Learning Journey","fundo-learning","learning-service; varapi-service; experience-bff","/internal/v1/learning/*","varapi-service","provider identity for CPD","enrolments; assessments; CPD","learning.completed","/learning/studio/assessments","apps/mobile/citizen-app/src/screens/marketplace/FundoLearningScreen.tsx; apps/mobile/provider-app/src/screens/provider/FundoLearningShellScreen.tsx","expected","provider-login; credential-verification","CPD credit","Provider enrols, completes module, CPD reflected","mapped-to-core-transaction","missing-journey","ui/one-ui-shell/src/app/learning/studio/assessments/page.tsx","hooks/queries/useLearningSubjectCompletions.ts"
"frontend-route","/learning/studio/surveys","provider","role","professional development","Studio Surveys","TRAINING_OR_COMPETENCY:Fundo / Learning Journey","fundo-learning","learning-service; varapi-service; experience-bff","/internal/v1/learning/*","varapi-service","provider identity for CPD","enrolments; assessments; CPD","learning.completed","/learning/studio/surveys","apps/mobile/citizen-app/src/screens/marketplace/FundoLearningScreen.tsx; apps/mobile/provider-app/src/screens/provider/FundoLearningShellScreen.tsx","expected","provider-login; credential-verification","CPD credit","Provider enrols, completes module, CPD reflected","mapped-to-core-transaction","missing-journey","ui/one-ui-shell/src/app/learning/studio/surveys/page.tsx","hooks/queries/useLearningSubjectCompletions.ts"
"frontend-route","/learning/studio/ai","provider","role","professional development","Studio AI","TRAINING_OR_COMPETENCY:Fundo / Learning Journey","fundo-learning","learning-service; varapi-service; experience-bff","/internal/v1/learning/*","varapi-service","provider identity for CPD","enrolments; assessments; CPD","learning.completed","/learning/studio/ai","apps/mobile/citizen-app/src/screens/marketplace/FundoLearningScreen.tsx; apps/mobile/provider-app/src/screens/provider/FundoLearningShellScreen.tsx","expected","provider-login; credential-verification","CPD credit","Provider enrols, completes module, CPD reflected","mapped-to-core-transaction","missing-journey","ui/one-ui-shell/src/app/learning/studio/ai/page.tsx","hooks/queries/useLearningSubjectCompletions.ts"
"frontend-route","/learning/studio/publish","provider","role","professional development","Studio Publish","TRAINING_OR_COMPETENCY:Fundo / Learning Journey","fundo-learning","learning-service; varapi-service; experience-bff","/internal/v1/learning/*","varapi-service","provider identity for CPD","enrolments; assessments; CPD","learning.completed","/learning/studio/publish","apps/mobile/citizen-app/src/screens/marketplace/FundoLearningScreen.tsx; apps/mobile/provider-app/src/screens/provider/FundoLearningShellScreen.tsx","expected","provider-login; credential-verification","CPD credit","Provider enrols, completes module, CPD reflected","mapped-to-core-transaction","missing-journey","ui/one-ui-shell/src/app/learning/studio/publish/page.tsx","hooks/queries/useLearningSubjectCompletions.ts"
"frontend-route","/learning/studio/analytics","provider","role","professional development","Studio Analytics","TRAINING_OR_COMPETENCY:Fundo / Learning Journey","fundo-learning","learning-service; varapi-service; experience-bff","/internal/v1/learning/*","varapi-service","provider identity for CPD","enrolments; assessments; CPD","learning.completed","/learning/studio/analytics","apps/mobile/citizen-app/src/screens/marketplace/FundoLearningScreen.tsx; apps/mobile/provider-app/src/screens/provider/FundoLearningShellScreen.tsx","expected","provider-login; credential-verification","CPD credit","Provider enrols, completes module, CPD reflected","mapped-to-core-transaction","missing-journey","ui/one-ui-shell/src/app/learning/studio/analytics/page.tsx","hooks/queries/useLearningSubjectCompletions.ts"
"frontend-route","/learning/library","provider","auth","professional development","Fundo Library","TRAINING_OR_COMPETENCY:Fundo / Learning Journey","fundo-learning","learning-service; varapi-service; experience-bff","/internal/v1/learning/*","varapi-service","provider identity for CPD","enrolments; assessments; CPD","learning.completed","/learning/library","apps/mobile/citizen-app/src/screens/marketplace/FundoLearningScreen.tsx; apps/mobile/provider-app/src/screens/provider/FundoLearningShellScreen.tsx","expected","provider-login; credential-verification","CPD credit","Provider enrols, completes module, CPD reflected","mapped-to-core-transaction","missing-journey","ui/one-ui-shell/src/app/learning/library/page.tsx","hooks/queries/useLearningSubjectCompletions.ts"
"frontend-route","/learning/library/resources","provider","auth","professional development","Library Resources","TRAINING_OR_COMPETENCY:Fundo / Learning Journey","fundo-learning","learning-service; varapi-service; experience-bff","/internal/v1/learning/*","varapi-service","provider identity for CPD","enrolments; assessments; CPD","learning.completed","/learning/library/resources","apps/mobile/citizen-app/src/screens/marketplace/FundoLearningScreen.tsx; apps/mobile/provider-app/src/screens/provider/FundoLearningShellScreen.tsx","expected","provider-login; credential-verification","CPD credit","Provider enrols, completes module, CPD reflected","mapped-to-core-transaction","missing-journey","ui/one-ui-shell/src/app/learning/library/resources/page.tsx","hooks/queries/useLearningSubjectCompletions.ts"
"frontend-route","/learning/library/uploads","provider","auth","professional development","Library Uploads","TRAINING_OR_COMPETENCY:Fundo / Learning Journey","fundo-learning","learning-service; varapi-service; experience-bff","/internal/v1/learning/*","varapi-service","provider identity for CPD","enrolments; assessments; CPD","learning.completed","/learning/library/uploads","apps/mobile/citizen-app/src/screens/marketplace/FundoLearningScreen.tsx; apps/mobile/provider-app/src/screens/provider/FundoLearningShellScreen.tsx","expected","provider-login; credential-verification","CPD credit","Provider enrols, completes module, CPD reflected","mapped-to-core-transaction","missing-journey","ui/one-ui-shell/src/app/learning/library/uploads/page.tsx","hooks/queries/useLearningSubjectCompletions.ts"
"frontend-route","/learning/library/[resourceId]","provider","auth","professional development","Library Resource Detail","TRAINING_OR_COMPETENCY:Fundo / Learning Journey","fundo-learning","learning-service; varapi-service; experience-bff","/internal/v1/learning/*","varapi-service","provider identity for CPD","enrolments; assessments; CPD","learning.completed","/learning/library/[resourceId]","apps/mobile/citizen-app/src/screens/marketplace/FundoLearningScreen.tsx; apps/mobile/provider-app/src/screens/provider/FundoLearningShellScreen.tsx","expected","provider-login; credential-verification","CPD credit","Provider enrols, completes module, CPD reflected","mapped-to-core-transaction","missing-journey","ui/one-ui-shell/src/app/learning/library/[resourceId]/page.tsx","hooks/queries/useLearningSubjectCompletions.ts"
"frontend-route","/learning/notifications","provider","auth","professional development","Learning Notifications","TRAINING_OR_COMPETENCY:Fundo / Learning Journey","fundo-learning","learning-service; varapi-service; experience-bff","/internal/v1/learning/*","varapi-service","provider identity for CPD","enrolments; assessments; CPD","learning.completed","/learning/notifications","apps/mobile/citizen-app/src/screens/marketplace/FundoLearningScreen.tsx; apps/mobile/provider-app/src/screens/provider/FundoLearningShellScreen.tsx","expected","provider-login; credential-verification","CPD credit","Provider enrols, completes module, CPD reflected","mapped-to-core-transaction","missing-journey","ui/one-ui-shell/src/app/learning/notifications/page.tsx","hooks/queries/useLearningSubjectCompletions.ts"
"frontend-route","/learning/surveys/[surveyId]","provider","auth","professional development","Learning Survey","TRAINING_OR_COMPETENCY:Fundo / Learning Journey","fundo-learning","learning-service; varapi-service; experience-bff","/internal/v1/learning/*","varapi-service","provider identity for CPD","enrolments; assessments; CPD","learning.completed","/learning/surveys/[surveyId]","apps/mobile/citizen-app/src/screens/marketplace/FundoLearningScreen.tsx; apps/mobile/provider-app/src/screens/provider/FundoLearningShellScreen.tsx","expected","provider-login; credential-verification","CPD credit","Provider enrols, completes module, CPD reflected","mapped-to-core-transaction","missing-journey","ui/one-ui-shell/src/app/learning/surveys/[surveyId]/page.tsx","hooks/queries/useLearningSubjectCompletions.ts"
"frontend-route","/learning/surveys/[surveyId]/respond","provider","auth","professional development","Respond to Survey","TRAINING_OR_COMPETENCY:Fundo / Learning Journey","fundo-learning","learning-service; varapi-service; experience-bff","/internal/v1/learning/*","varapi-service","provider identity for CPD","enrolments; assessments; CPD","learning.completed","/learning/surveys/[surveyId]/respond","apps/mobile/citizen-app/src/screens/marketplace/FundoLearningScreen.tsx; apps/mobile/provider-app/src/screens/provider/FundoLearningShellScreen.tsx","expected","provider-login; credential-verification","CPD credit","Provider enrols, completes module, CPD reflected","mapped-to-core-transaction","missing-journey","ui/one-ui-shell/src/app/learning/surveys/[surveyId]/respond/page.tsx","hooks/queries/useLearningSubjectCompletions.ts"
"frontend-route","/learning/feedback/course/[courseId]","provider","auth","professional development","Course Feedback","TRAINING_OR_COMPETENCY:Fundo / Learning Journey","fundo-learning","learning-service; varapi-service; experience-bff","/internal/v1/learning/*","varapi-service","provider identity for CPD","enrolments; assessments; CPD","learning.completed","/learning/feedback/course/[courseId]","apps/mobile/citizen-app/src/screens/marketplace/FundoLearningScreen.tsx; apps/mobile/provider-app/src/screens/provider/FundoLearningShellScreen.tsx","expected","provider-login; credential-verification","CPD credit","Provider enrols, completes module, CPD reflected","mapped-to-core-transaction","missing-journey","ui/one-ui-shell/src/app/learning/feedback/course/[courseId]/page.tsx","hooks/queries/useLearningSubjectCompletions.ts"
"frontend-route","/learning/admin","provider","role","professional development","Fundo Admin","TRAINING_OR_COMPETENCY:Fundo / Learning Journey","fundo-learning","learning-service; varapi-service; experience-bff","/internal/v1/learning/*","varapi-service","provider identity for CPD","enrolments; assessments; CPD","learning.completed","/learning/admin","apps/mobile/citizen-app/src/screens/marketplace/FundoLearningScreen.tsx; apps/mobile/provider-app/src/screens/provider/FundoLearningShellScreen.tsx","expected","provider-login; credential-verification","CPD credit","Provider enrols, completes module, CPD reflected","mapped-to-core-transaction","missing-journey","ui/one-ui-shell/src/app/learning/admin/page.tsx","hooks/queries/useLearningSubjectCompletions.ts"
"frontend-route","/learning/admin/courses","provider","role","professional development","Admin Courses","TRAINING_OR_COMPETENCY:Fundo / Learning Journey","fundo-learning","learning-service; varapi-service; experience-bff","/internal/v1/learning/*","varapi-service","provider identity for CPD","enrolments; assessments; CPD","learning.completed","/learning/admin/courses","apps/mobile/citizen-app/src/screens/marketplace/FundoLearningScreen.tsx; apps/mobile/provider-app/src/screens/provider/FundoLearningShellScreen.tsx","expected","provider-login; credential-verification","CPD credit","Provider enrols, completes module, CPD reflected","mapped-to-core-transaction","missing-journey","ui/one-ui-shell/src/app/learning/admin/courses/page.tsx","hooks/queries/useLearningSubjectCompletions.ts"
"frontend-route","/learning/admin/courses/new","provider","role","professional development","New Course","TRAINING_OR_COMPETENCY:Fundo / Learning Journey","fundo-learning","learning-service; varapi-service; experience-bff","/internal/v1/learning/*","varapi-service","provider identity for CPD","enrolments; assessments; CPD","learning.completed","/learning/admin/courses/new","apps/mobile/citizen-app/src/screens/marketplace/FundoLearningScreen.tsx; apps/mobile/provider-app/src/screens/provider/FundoLearningShellScreen.tsx","expected","provider-login; credential-verification","CPD credit","Provider enrols, completes module, CPD reflected","mapped-to-core-transaction","missing-journey","ui/one-ui-shell/src/app/learning/admin/courses/new/page.tsx","hooks/queries/useLearningSubjectCompletions.ts"
"frontend-route","/learning/admin/courses/[courseId]/edit","provider","role","professional development","Edit Course","TRAINING_OR_COMPETENCY:Fundo / Learning Journey","fundo-learning","learning-service; varapi-service; experience-bff","/internal/v1/learning/*","varapi-service","provider identity for CPD","enrolments; assessments; CPD","learning.completed","/learning/admin/courses/[courseId]/edit","apps/mobile/citizen-app/src/screens/marketplace/FundoLearningScreen.tsx; apps/mobile/provider-app/src/screens/provider/FundoLearningShellScreen.tsx","expected","provider-login; credential-verification","CPD credit","Provider enrols, completes module, CPD reflected","mapped-to-core-transaction","missing-journey","ui/one-ui-shell/src/app/learning/admin/courses/[courseId]/edit/page.tsx","hooks/queries/useLearningSubjectCompletions.ts"
"frontend-route","/learning/admin/pathways","provider","role","professional development","Admin Pathways","TRAINING_OR_COMPETENCY:Fundo / Learning Journey","fundo-learning","learning-service; varapi-service; experience-bff","/internal/v1/learning/*","varapi-service","provider identity for CPD","enrolments; assessments; CPD","learning.completed","/learning/admin/pathways","apps/mobile/citizen-app/src/screens/marketplace/FundoLearningScreen.tsx; apps/mobile/provider-app/src/screens/provider/FundoLearningShellScreen.tsx","expected","provider-login; credential-verification","CPD credit","Provider enrols, completes module, CPD reflected","mapped-to-core-transaction","missing-journey","ui/one-ui-shell/src/app/learning/admin/pathways/page.tsx","hooks/queries/useLearningSubjectCompletions.ts"
"frontend-route","/learning/admin/pathways/new","provider","role","professional development","New Pathway","TRAINING_OR_COMPETENCY:Fundo / Learning Journey","fundo-learning","learning-service; varapi-service; experience-bff","/internal/v1/learning/*","varapi-service","provider identity for CPD","enrolments; assessments; CPD","learning.completed","/learning/admin/pathways/new","apps/mobile/citizen-app/src/screens/marketplace/FundoLearningScreen.tsx; apps/mobile/provider-app/src/screens/provider/FundoLearningShellScreen.tsx","expected","provider-login; credential-verification","CPD credit","Provider enrols, completes module, CPD reflected","mapped-to-core-transaction","missing-journey","ui/one-ui-shell/src/app/learning/admin/pathways/new/page.tsx","hooks/queries/useLearningSubjectCompletions.ts"
"frontend-route","/learning/admin/pathways/[pathwayId]/edit","provider","role","professional development","Edit Pathway","TRAINING_OR_COMPETENCY:Fundo / Learning Journey","fundo-learning","learning-service; varapi-service; experience-bff","/internal/v1/learning/*","varapi-service","provider identity for CPD","enrolments; assessments; CPD","learning.completed","/learning/admin/pathways/[pathwayId]/edit","apps/mobile/citizen-app/src/screens/marketplace/FundoLearningScreen.tsx; apps/mobile/provider-app/src/screens/provider/FundoLearningShellScreen.tsx","expected","provider-login; credential-verification","CPD credit","Provider enrols, completes module, CPD reflected","mapped-to-core-transaction","missing-journey","ui/one-ui-shell/src/app/learning/admin/pathways/[pathwayId]/edit/page.tsx","hooks/queries/useLearningSubjectCompletions.ts"
"frontend-route","/learning/admin/assessments","provider","role","professional development","Admin Assessments","TRAINING_OR_COMPETENCY:Fundo / Learning Journey","fundo-learning","learning-service; varapi-service; experience-bff","/internal/v1/learning/*","varapi-service","provider identity for CPD","enrolments; assessments; CPD","learning.completed","/learning/admin/assessments","apps/mobile/citizen-app/src/screens/marketplace/FundoLearningScreen.tsx; apps/mobile/provider-app/src/screens/provider/FundoLearningShellScreen.tsx","expected","provider-login; credential-verification","CPD credit","Provider enrols, completes module, CPD reflected","mapped-to-core-transaction","missing-journey","ui/one-ui-shell/src/app/learning/admin/assessments/page.tsx","hooks/queries/useLearningSubjectCompletions.ts"
"frontend-route","/learning/admin/assessments/new","provider","role","professional development","New Assessment","TRAINING_OR_COMPETENCY:Fundo / Learning Journey","fundo-learning","learning-service; varapi-service; experience-bff","/internal/v1/learning/*","varapi-service","provider identity for CPD","enrolments; assessments; CPD","learning.completed","/learning/admin/assessments/new","apps/mobile/citizen-app/src/screens/marketplace/FundoLearningScreen.tsx; apps/mobile/provider-app/src/screens/provider/FundoLearningShellScreen.tsx","expected","provider-login; credential-verification","CPD credit","Provider enrols, completes module, CPD reflected","mapped-to-core-transaction","missing-journey","ui/one-ui-shell/src/app/learning/admin/assessments/new/page.tsx","hooks/queries/useLearningSubjectCompletions.ts"
"frontend-route","/learning/admin/assessments/[assessmentId]/edit","provider","role","professional development","Edit Assessment","TRAINING_OR_COMPETENCY:Fundo / Learning Journey","fundo-learning","learning-service; varapi-service; experience-bff","/internal/v1/learning/*","varapi-service","provider identity for CPD","enrolments; assessments; CPD","learning.completed","/learning/admin/assessments/[assessmentId]/edit","apps/mobile/citizen-app/src/screens/marketplace/FundoLearningScreen.tsx; apps/mobile/provider-app/src/screens/provider/FundoLearningShellScreen.tsx","expected","provider-login; credential-verification","CPD credit","Provider enrols, completes module, CPD reflected","mapped-to-core-transaction","missing-journey","ui/one-ui-shell/src/app/learning/admin/assessments/[assessmentId]/edit/page.tsx","hooks/queries/useLearningSubjectCompletions.ts"
"frontend-route","/nhume","courier","ops","logistics; medication or supply delivery","Nhume Logistics","MARKETPLACE:Dispatch / Delivery (NHUME)","dispatch-delivery","dispatch-service; nhume-service; oros-service; experience-bff","/internal/v1/dispatch/*, /internal/v1/nhume/*","","courier role; route authz","delivery runs; proof of delivery","dispatch.*","/nhume","apps/mobile/provider-app/src/screens/courier/CourierDashboardScreen.tsx; apps/mobile/provider-app/src/screens/courier/CourierProofScreen.tsx","expected","marketplace-order; notification-comms","reconcile","Courier completes delivery run with POD","mapped-to-core-transaction","missing-journey","ui/one-ui-shell/src/app/nhume/page.tsx",""
"frontend-route","/nhume/dashboard","courier","ops","logistics; medication or supply delivery","Nhume Operations Dashboard","MARKETPLACE:Dispatch / Delivery (NHUME)","dispatch-delivery","dispatch-service; nhume-service; oros-service; experience-bff","/internal/v1/dispatch/*, /internal/v1/nhume/*","","courier role; route authz","delivery runs; proof of delivery","dispatch.*","/nhume/dashboard","apps/mobile/provider-app/src/screens/courier/CourierDashboardScreen.tsx; apps/mobile/provider-app/src/screens/courier/CourierProofScreen.tsx","expected","marketplace-order; notification-comms","reconcile","Courier completes delivery run with POD","mapped-to-core-transaction","missing-journey","ui/one-ui-shell/src/app/nhume/dashboard/page.tsx",""
"frontend-route","/nhume/deliveries","courier","ops","logistics; medication or supply delivery","Nhume Deliveries","MARKETPLACE:Dispatch / Delivery (NHUME)","dispatch-delivery","dispatch-service; nhume-service; oros-service; experience-bff","/internal/v1/dispatch/*, /internal/v1/nhume/*","","courier role; route authz","delivery runs; proof of delivery","dispatch.*","/nhume/deliveries","apps/mobile/provider-app/src/screens/courier/CourierDashboardScreen.tsx; apps/mobile/provider-app/src/screens/courier/CourierProofScreen.tsx","expected","marketplace-order; notification-comms","reconcile","Courier completes delivery run with POD","mapped-to-core-transaction","missing-journey","ui/one-ui-shell/src/app/nhume/deliveries/page.tsx",""
"frontend-route","/nhume/deliveries/new","courier","ops","logistics; medication or supply delivery","New Delivery Request","MARKETPLACE:Dispatch / Delivery (NHUME)","dispatch-delivery","dispatch-service; nhume-service; oros-service; experience-bff","/internal/v1/dispatch/*, /internal/v1/nhume/*","","courier role; route authz","delivery runs; proof of delivery","dispatch.*","/nhume/deliveries/new","apps/mobile/provider-app/src/screens/courier/CourierDashboardScreen.tsx; apps/mobile/provider-app/src/screens/courier/CourierProofScreen.tsx","expected","marketplace-order; notification-comms","reconcile","Courier completes delivery run with POD","mapped-to-core-transaction","missing-journey","ui/one-ui-shell/src/app/nhume/deliveries/new/page.tsx",""
"frontend-route","/nhume/deliveries/[deliveryId]","courier","ops","logistics; medication or supply delivery","Delivery Detail","MARKETPLACE:Dispatch / Delivery (NHUME)","dispatch-delivery","dispatch-service; nhume-service; oros-service; experience-bff","/internal/v1/dispatch/*, /internal/v1/nhume/*","","courier role; route authz","delivery runs; proof of delivery","dispatch.*","/nhume/deliveries/[deliveryId]","apps/mobile/provider-app/src/screens/courier/CourierDashboardScreen.tsx; apps/mobile/provider-app/src/screens/courier/CourierProofScreen.tsx","expected","marketplace-order; notification-comms","reconcile","Courier completes delivery run with POD","mapped-to-core-transaction","missing-journey","ui/one-ui-shell/src/app/nhume/deliveries/[deliveryId]/page.tsx",""
"frontend-route","/nhume/dispatcher","courier","ops","logistics; medication or supply delivery","Nhume Dispatcher Console","MARKETPLACE:Dispatch / Delivery (NHUME)","dispatch-delivery","dispatch-service; nhume-service; oros-service; experience-bff","/internal/v1/dispatch/*, /internal/v1/nhume/*","","courier role; route authz","delivery runs; proof of delivery","dispatch.*","/nhume/dispatcher","apps/mobile/provider-app/src/screens/courier/CourierDashboardScreen.tsx; apps/mobile/provider-app/src/screens/courier/CourierProofScreen.tsx","expected","marketplace-order; notification-comms","reconcile","Courier completes delivery run with POD","mapped-to-core-transaction","missing-journey","ui/one-ui-shell/src/app/nhume/dispatcher/page.tsx",""
"frontend-route","/nhume/map","courier","ops","logistics; medication or supply delivery","Fleet Tracking Map","MARKETPLACE:Dispatch / Delivery (NHUME)","dispatch-delivery","dispatch-service; nhume-service; oros-service; experience-bff","/internal/v1/dispatch/*, /internal/v1/nhume/*","","courier role; route authz","delivery runs; proof of delivery","dispatch.*","/nhume/map","apps/mobile/provider-app/src/screens/courier/CourierDashboardScreen.tsx; apps/mobile/provider-app/src/screens/courier/CourierProofScreen.tsx","expected","marketplace-order; notification-comms","reconcile","Courier completes delivery run with POD","mapped-to-core-transaction","missing-journey","ui/one-ui-shell/src/app/nhume/map/page.tsx",""
"frontend-route","/nhume/courier","courier","ops","logistics; medication or supply delivery","Courier / Driver Console","MARKETPLACE:Dispatch / Delivery (NHUME)","dispatch-delivery","dispatch-service; nhume-service; oros-service; experience-bff","/internal/v1/dispatch/*, /internal/v1/nhume/*","","courier role; route authz","delivery runs; proof of delivery","dispatch.*","/nhume/courier","apps/mobile/provider-app/src/screens/courier/CourierDashboardScreen.tsx; apps/mobile/provider-app/src/screens/courier/CourierProofScreen.tsx","expected","marketplace-order; notification-comms","reconcile","Courier completes delivery run with POD","mapped-to-core-transaction","missing-journey","ui/one-ui-shell/src/app/nhume/courier/page.tsx",""
"frontend-route","/nhume/fleet","courier","ops","logistics; medication or supply delivery","Fleet & Asset Management","MARKETPLACE:Dispatch / Delivery (NHUME)","dispatch-delivery","dispatch-service; nhume-service; oros-service; experience-bff","/internal/v1/dispatch/*, /internal/v1/nhume/*","","courier role; route authz","delivery runs; proof of delivery","dispatch.*","/nhume/fleet","apps/mobile/provider-app/src/screens/courier/CourierDashboardScreen.tsx; apps/mobile/provider-app/src/screens/courier/CourierProofScreen.tsx","expected","marketplace-order; notification-comms","reconcile","Courier completes delivery run with POD","mapped-to-core-transaction","missing-journey","ui/one-ui-shell/src/app/nhume/fleet/page.tsx",""
"frontend-route","/nhume/fleet/[assetId]","courier","ops","logistics; medication or supply delivery","Fleet Asset","MARKETPLACE:Dispatch / Delivery (NHUME)","dispatch-delivery","dispatch-service; nhume-service; oros-service; experience-bff","/internal/v1/dispatch/*, /internal/v1/nhume/*","","courier role; route authz","delivery runs; proof of delivery","dispatch.*","/nhume/fleet/[assetId]","apps/mobile/provider-app/src/screens/courier/CourierDashboardScreen.tsx; apps/mobile/provider-app/src/screens/courier/CourierProofScreen.tsx","expected","marketplace-order; notification-comms","reconcile","Courier completes delivery run with POD","mapped-to-core-transaction","missing-journey","ui/one-ui-shell/src/app/nhume/fleet/[assetId]/page.tsx",""
"frontend-route","/nhume/couriers","courier","ops","logistics; medication or supply delivery","Drivers & Couriers","MARKETPLACE:Dispatch / Delivery (NHUME)","dispatch-delivery","dispatch-service; nhume-service; oros-service; experience-bff","/internal/v1/dispatch/*, /internal/v1/nhume/*","","courier role; route authz","delivery runs; proof of delivery","dispatch.*","/nhume/couriers","apps/mobile/provider-app/src/screens/courier/CourierDashboardScreen.tsx; apps/mobile/provider-app/src/screens/courier/CourierProofScreen.tsx","expected","marketplace-order; notification-comms","reconcile","Courier completes delivery run with POD","mapped-to-core-transaction","missing-journey","ui/one-ui-shell/src/app/nhume/couriers/page.tsx",""
"frontend-route","/nhume/couriers/[courierId]","courier","ops","logistics; medication or supply delivery","Courier Profile","MARKETPLACE:Dispatch / Delivery (NHUME)","dispatch-delivery","dispatch-service; nhume-service; oros-service; experience-bff","/internal/v1/dispatch/*, /internal/v1/nhume/*","","courier role; route authz","delivery runs; proof of delivery","dispatch.*","/nhume/couriers/[courierId]","apps/mobile/provider-app/src/screens/courier/CourierDashboardScreen.tsx; apps/mobile/provider-app/src/screens/courier/CourierProofScreen.tsx","expected","marketplace-order; notification-comms","reconcile","Courier completes delivery run with POD","mapped-to-core-transaction","missing-journey","ui/one-ui-shell/src/app/nhume/couriers/[courierId]/page.tsx",""
"frontend-route","/nhume/policies","courier","ops","logistics; medication or supply delivery","Delivery Policies","MARKETPLACE:Dispatch / Delivery (NHUME)","dispatch-delivery","dispatch-service; nhume-service; oros-service; experience-bff","/internal/v1/dispatch/*, /internal/v1/nhume/*","","courier role; route authz","delivery runs; proof of delivery","dispatch.*","/nhume/policies","apps/mobile/provider-app/src/screens/courier/CourierDashboardScreen.tsx; apps/mobile/provider-app/src/screens/courier/CourierProofScreen.tsx","expected","marketplace-order; notification-comms","reconcile","Courier completes delivery run with POD","mapped-to-core-transaction","missing-journey","ui/one-ui-shell/src/app/nhume/policies/page.tsx",""
"frontend-route","/nhume/autonomous","courier","ops","logistics; medication or supply delivery","Autonomous Delivery","MARKETPLACE:Dispatch / Delivery (NHUME)","dispatch-delivery","dispatch-service; nhume-service; oros-service; experience-bff","/internal/v1/dispatch/*, /internal/v1/nhume/*","","courier role; route authz","delivery runs; proof of delivery","dispatch.*","/nhume/autonomous","apps/mobile/provider-app/src/screens/courier/CourierDashboardScreen.tsx; apps/mobile/provider-app/src/screens/courier/CourierProofScreen.tsx","expected","marketplace-order; notification-comms","reconcile","Courier completes delivery run with POD","mapped-to-core-transaction","missing-journey","ui/one-ui-shell/src/app/nhume/autonomous/page.tsx",""
"frontend-route","/nhume/analytics","courier","ops","logistics; medication or supply delivery","Nhume Analytics","MARKETPLACE:Dispatch / Delivery (NHUME)","dispatch-delivery","dispatch-service; nhume-service; oros-service; experience-bff","/internal/v1/dispatch/*, /internal/v1/nhume/*","","courier role; route authz","delivery runs; proof of delivery","dispatch.*","/nhume/analytics","apps/mobile/provider-app/src/screens/courier/CourierDashboardScreen.tsx; apps/mobile/provider-app/src/screens/courier/CourierProofScreen.tsx","expected","marketplace-order; notification-comms","reconcile","Courier completes delivery run with POD","mapped-to-core-transaction","missing-journey","ui/one-ui-shell/src/app/nhume/analytics/page.tsx",""
"frontend-route","/nhume/custody/[deliveryId]","courier","ops","logistics; medication or supply delivery","Chain of Custody","MARKETPLACE:Dispatch / Delivery (NHUME)","dispatch-delivery","dispatch-service; nhume-service; oros-service; experience-bff","/internal/v1/dispatch/*, /internal/v1/nhume/*","","courier role; route authz","delivery runs; proof of delivery","dispatch.*","/nhume/custody/[deliveryId]","apps/mobile/provider-app/src/screens/courier/CourierDashboardScreen.tsx; apps/mobile/provider-app/src/screens/courier/CourierProofScreen.tsx","expected","marketplace-order; notification-comms","reconcile","Courier completes delivery run with POD","mapped-to-core-transaction","missing-journey","ui/one-ui-shell/src/app/nhume/custody/[deliveryId]/page.tsx",""
"frontend-route","/nhume/track/[deliveryId]","courier","person","logistics; medication or supply delivery","Track Delivery","MARKETPLACE:Dispatch / Delivery (NHUME)","dispatch-delivery","dispatch-service; nhume-service; oros-service; experience-bff","/internal/v1/dispatch/*, /internal/v1/nhume/*","","courier role; route authz","delivery runs; proof of delivery","dispatch.*","/nhume/track/[deliveryId]","apps/mobile/provider-app/src/screens/courier/CourierDashboardScreen.tsx; apps/mobile/provider-app/src/screens/courier/CourierProofScreen.tsx","expected","marketplace-order; notification-comms","reconcile","Courier completes delivery run with POD","mapped-to-core-transaction","missing-journey","ui/one-ui-shell/src/app/nhume/track/[deliveryId]/page.tsx",""
"frontend-route","/access/governance","unknown","unknown","unknown","unregistered","","","experience-bff","","","auth","","","/access/governance","","optional","","","","unmapped","orphan-frontend","ui/one-ui-shell/src/app/access/governance/page.tsx","hooks/queries/useDataAccessGovernance.ts"
"frontend-route","/coverage/contracts","citizen","unknown","encounter billing or coverage","unregistered","ADMINISTRATIVE_HEALTH:Payment / Billing / Exemption / Claim","payment-billing-claim","costing-engine-service; mushex-service; coverage-service; mushe-wallet-service; experience-bff","/internal/v1/finance/*, /internal/v1/coverage/*, /internal/v1/wallet/*","","financial authz; purpose-of-use","billing; claims; payments; remittance","core.transaction.events; finance-oros-pharmacy","/coverage/contracts","apps/mobile/citizen-app/src/screens/personal/FinanceSection.tsx; apps/mobile/citizen-app/src/screens/personal/WalletSection.tsx; apps/mobile/provider-app/src/screens/provider/BillingScreen.tsx; apps/mobile/provider-app/src/screens/provider/FinanceOverviewScreen.tsx","expected","wallet-payment; coverage-enrollment","remittance","Bill generated, payment or claim completed with audit","mapped-to-core-transaction","orphan-frontend","ui/one-ui-shell/src/app/coverage/contracts/page.tsx","hooks/queries/useCoverage.ts"
"frontend-route","/coverage/member","citizen","unknown","encounter billing or coverage","unregistered","ADMINISTRATIVE_HEALTH:Payment / Billing / Exemption / Claim","payment-billing-claim","costing-engine-service; mushex-service; coverage-service; mushe-wallet-service; experience-bff","/internal/v1/finance/*, /internal/v1/coverage/*, /internal/v1/wallet/*","","financial authz; purpose-of-use","billing; claims; payments; remittance","core.transaction.events; finance-oros-pharmacy","/coverage/member","apps/mobile/citizen-app/src/screens/personal/FinanceSection.tsx; apps/mobile/citizen-app/src/screens/personal/WalletSection.tsx; apps/mobile/provider-app/src/screens/provider/BillingScreen.tsx; apps/mobile/provider-app/src/screens/provider/FinanceOverviewScreen.tsx","expected","wallet-payment; coverage-enrollment","remittance","Bill generated, payment or claim completed with audit","mapped-to-core-transaction","orphan-frontend","ui/one-ui-shell/src/app/coverage/member/page.tsx","hooks/queries/useCoverage.ts"
"frontend-route","/developer/event-catalogue","integration-system","unknown","external system or edge node","unregistered","ADMINISTRATIVE_HEALTH:Integration / Sync / Replay","integration-sync-replay","integration-hub; connector-fhir-adapter; fhir-gateway-service; offline-sync-service; experience-bff","/internal/v1/integration-hub/*, /internal/v1/fhir/*, /internal/v1/extensions/*","","integration credentials; FHIR gateway authz","integration routes; dead letters","integration.*","/developer/event-catalogue","","expected","device-system-event; offline-clinical-queue","replay on failure","Integration message processed or dead-lettered with replay","mapped-to-core-transaction","orphan-frontend","ui/one-ui-shell/src/app/developer/event-catalogue/page.tsx",""
"frontend-route","/ehr/[patientId]/emergency","provider","unknown","facility queue or EHR entry","unregistered","FACILITY_WALK_IN:Patient Search & Selection","patient-search-selection","vito-service; experience-bff; pct-service","/internal/v1/vito/*, /internal/v1/identity/*, /internal/v1/queue","vito-service","purpose-of-use; subject relationship; consent","client registry read; queue item link","patient.selected","/ehr/[patientId]/emergency","","expected","queue-walk-in; provider-patient-encounter","open chart or queue item","Provider searches patient, selects, opens chart with correct CPID","mapped-to-core-transaction","orphan-frontend","ui/one-ui-shell/src/app/ehr/[patientId]/emergency/page.tsx",""
"frontend-route","/ehr/[patientId]/workspace/[specialty]","provider","unknown","facility queue or EHR entry","unregistered","FACILITY_WALK_IN:Patient Search & Selection","patient-search-selection","vito-service; experience-bff; pct-service","/internal/v1/vito/*, /internal/v1/identity/*, /internal/v1/queue","vito-service","purpose-of-use; subject relationship; consent","client registry read; queue item link","patient.selected","/ehr/[patientId]/workspace/[specialty]","","expected","queue-walk-in; provider-patient-encounter","open chart or queue item","Provider searches patient, selects, opens chart with correct CPID","mapped-to-core-transaction","orphan-frontend","ui/one-ui-shell/src/app/ehr/[patientId]/workspace/[specialty]/page.tsx",""
"frontend-route","/groups/[id]","unknown","unknown","unknown","unregistered","","","experience-bff","","","auth","","","/groups/[id]","","optional","","","","unmapped","orphan-frontend","ui/one-ui-shell/src/app/groups/[id]/page.tsx",""
"frontend-route","/groups","unknown","unknown","unknown","unregistered","","","experience-bff","","","auth","","","/groups","","optional","","","","unmapped","orphan-frontend","ui/one-ui-shell/src/app/groups/page.tsx",""
"frontend-route","/inventory/items","unknown","unknown","unknown","unregistered","","","experience-bff","","","auth","","","/inventory/items","","optional","","","","unmapped","orphan-frontend","ui/one-ui-shell/src/app/inventory/items/page.tsx","hooks/queries/useInventory.ts"
"frontend-route","/inventory/reconciliation","unknown","unknown","unknown","unregistered","","","experience-bff","","","auth","","","/inventory/reconciliation","","optional","","","","unmapped","orphan-frontend","ui/one-ui-shell/src/app/inventory/reconciliation/page.tsx","hooks/queries/useInventory.ts"
"frontend-route","/inventory/stock","unknown","unknown","unknown","unregistered","","","experience-bff","","","auth","","","/inventory/stock","","optional","","","","unmapped","orphan-frontend","ui/one-ui-shell/src/app/inventory/stock/page.tsx","hooks/queries/useInventory.ts"
"frontend-route","/landela","unknown","unknown","unknown","unregistered","","","experience-bff","","","auth","","","/landela","","optional","","","","unmapped","orphan-frontend","ui/one-ui-shell/src/app/landela/page.tsx",""
"frontend-route","/marketplace/apps/[itemCode]","citizen","unknown","citizen marketplace","unregistered","MARKETPLACE:Marketplace Order","marketplace-order","msika-flow-service; msika-service; mushe-wallet-service; experience-bff","/internal/v1/marketplace/*, /internal/v1/commerce/*","","commerce authz","orders; payment intents","core.transaction.events","/marketplace/apps/[itemCode]","apps/mobile/citizen-app/src/screens/marketplace/CartScreen.tsx; apps/mobile/citizen-app/src/screens/marketplace/FundoLearningScreen.tsx; apps/mobile/citizen-app/src/screens/marketplace/HealthOsAppsScreen.tsx; apps/mobile/citizen-app/src/screens/marketplace/MarketplaceScreen.tsx; apps/mobile/provider-app/src/screens/provider/LabOrderPanel.tsx; apps/mobile/provider-app/src/screens/provider/MarketplaceOpsScreen.tsx","expected","wallet-payment; dispatch-delivery","fulfil","Citizen places order and tracks fulfilment","mapped-to-core-transaction","orphan-frontend","ui/one-ui-shell/src/app/marketplace/apps/[itemCode]/page.tsx","hooks/queries/useMarketplace.ts"
"frontend-route","/marketplace/apps/admin/activation","citizen","unknown","citizen marketplace","unregistered","MARKETPLACE:Marketplace Order","marketplace-order","msika-flow-service; msika-service; mushe-wallet-service; experience-bff","/internal/v1/marketplace/*, /internal/v1/commerce/*","","commerce authz","orders; payment intents","core.transaction.events","/marketplace/apps/admin/activation","apps/mobile/citizen-app/src/screens/marketplace/CartScreen.tsx; apps/mobile/citizen-app/src/screens/marketplace/FundoLearningScreen.tsx; apps/mobile/citizen-app/src/screens/marketplace/HealthOsAppsScreen.tsx; apps/mobile/citizen-app/src/screens/marketplace/MarketplaceScreen.tsx; apps/mobile/provider-app/src/screens/provider/LabOrderPanel.tsx; apps/mobile/provider-app/src/screens/provider/MarketplaceOpsScreen.tsx","expected","wallet-payment; dispatch-delivery","fulfil","Citizen places order and tracks fulfilment","mapped-to-core-transaction","orphan-frontend","ui/one-ui-shell/src/app/marketplace/apps/admin/activation/page.tsx","hooks/queries/useMarketplace.ts"
"frontend-route","/marketplace/apps/admin/installations","citizen","unknown","citizen marketplace","unregistered","MARKETPLACE:Marketplace Order","marketplace-order","msika-flow-service; msika-service; mushe-wallet-service; experience-bff","/internal/v1/marketplace/*, /internal/v1/commerce/*","","commerce authz","orders; payment intents","core.transaction.events","/marketplace/apps/admin/installations","apps/mobile/citizen-app/src/screens/marketplace/CartScreen.tsx; apps/mobile/citizen-app/src/screens/marketplace/FundoLearningScreen.tsx; apps/mobile/citizen-app/src/screens/marketplace/HealthOsAppsScreen.tsx; apps/mobile/citizen-app/src/screens/marketplace/MarketplaceScreen.tsx; apps/mobile/provider-app/src/screens/provider/LabOrderPanel.tsx; apps/mobile/provider-app/src/screens/provider/MarketplaceOpsScreen.tsx","expected","wallet-payment; dispatch-delivery","fulfil","Citizen places order and tracks fulfilment","mapped-to-core-transaction","orphan-frontend","ui/one-ui-shell/src/app/marketplace/apps/admin/installations/page.tsx","hooks/queries/useMarketplace.ts"
"frontend-route","/marketplace/apps/integration","citizen","unknown","citizen marketplace","unregistered","MARKETPLACE:Marketplace Order","marketplace-order","msika-flow-service; msika-service; mushe-wallet-service; experience-bff","/internal/v1/marketplace/*, /internal/v1/commerce/*","","commerce authz","orders; payment intents","core.transaction.events","/marketplace/apps/integration","apps/mobile/citizen-app/src/screens/marketplace/CartScreen.tsx; apps/mobile/citizen-app/src/screens/marketplace/FundoLearningScreen.tsx; apps/mobile/citizen-app/src/screens/marketplace/HealthOsAppsScreen.tsx; apps/mobile/citizen-app/src/screens/marketplace/MarketplaceScreen.tsx; apps/mobile/provider-app/src/screens/provider/LabOrderPanel.tsx; apps/mobile/provider-app/src/screens/provider/MarketplaceOpsScreen.tsx","expected","wallet-payment; dispatch-delivery","fulfil","Citizen places order and tracks fulfilment","mapped-to-core-transaction","orphan-frontend","ui/one-ui-shell/src/app/marketplace/apps/integration/page.tsx","hooks/queries/useMarketplace.ts"
"frontend-route","/marketplace/apps","citizen","unknown","citizen marketplace","unregistered","MARKETPLACE:Marketplace Order","marketplace-order","msika-flow-service; msika-service; mushe-wallet-service; experience-bff","/internal/v1/marketplace/*, /internal/v1/commerce/*","","commerce authz","orders; payment intents","core.transaction.events","/marketplace/apps","apps/mobile/citizen-app/src/screens/marketplace/CartScreen.tsx; apps/mobile/citizen-app/src/screens/marketplace/FundoLearningScreen.tsx; apps/mobile/citizen-app/src/screens/marketplace/HealthOsAppsScreen.tsx; apps/mobile/citizen-app/src/screens/marketplace/MarketplaceScreen.tsx; apps/mobile/provider-app/src/screens/provider/LabOrderPanel.tsx; apps/mobile/provider-app/src/screens/provider/MarketplaceOpsScreen.tsx","expected","wallet-payment; dispatch-delivery","fulfil","Citizen places order and tracks fulfilment","mapped-to-core-transaction","orphan-frontend","ui/one-ui-shell/src/app/marketplace/apps/page.tsx","hooks/queries/useMarketplace.ts"
"frontend-route","/page.tsx","unknown","unknown","unknown","unregistered","","","experience-bff","","","auth","","","/page.tsx","","optional","","","","unmapped","orphan-frontend","ui/one-ui-shell/src/app/page.tsx",""
"frontend-route","/professional","unknown","unknown","unknown","unregistered","","","experience-bff","","","auth","","","/professional","","optional","","","","unmapped","orphan-frontend","ui/one-ui-shell/src/app/professional/page.tsx",""
"frontend-route","/registry/clients/[id]","registry-administrator","unknown","national registry ops","unregistered","ADMINISTRATIVE_HEALTH:Registry Administration","registry-administration","vito-service; varapi-service; tuso-service; zibo-service; product-registry-service; experience-bff","/internal/v1/registry/*, /internal/v1/vito/*","vito-service; varapi-service; tuso-service; zibo-service; product-registry-service","registry admin RBAC","registry records; reconciliation queues","registry.*","/registry/clients/[id]","apps/mobile/provider-app/src/screens/provider/AdminRegistryHubScreen.tsx","expected","health-id-issuance; provider-registry-onboarding","audit","Registry admin reconciles record with full audit","mapped-to-core-transaction","orphan-frontend","ui/one-ui-shell/src/app/registry/clients/[id]/page.tsx","hooks/queries/useClientRegistry.ts"
"frontend-route","/registry/clients/new","registry-administrator","unknown","national registry ops","unregistered","ADMINISTRATIVE_HEALTH:Registry Administration","registry-administration","vito-service; varapi-service; tuso-service; zibo-service; product-registry-service; experience-bff","/internal/v1/registry/*, /internal/v1/vito/*","vito-service; varapi-service; tuso-service; zibo-service; product-registry-service","registry admin RBAC","registry records; reconciliation queues","registry.*","/registry/clients/new","apps/mobile/provider-app/src/screens/provider/AdminRegistryHubScreen.tsx","expected","health-id-issuance; provider-registry-onboarding","audit","Registry admin reconciles record with full audit","mapped-to-core-transaction","orphan-frontend","ui/one-ui-shell/src/app/registry/clients/new/page.tsx","hooks/queries/useClientRegistry.ts"
"frontend-route","/registry/facilities/[id]/edit","registry-administrator","unknown","national registry ops","unregistered","ADMINISTRATIVE_HEALTH:Registry Administration","registry-administration","vito-service; varapi-service; tuso-service; zibo-service; product-registry-service; experience-bff","/internal/v1/registry/*, /internal/v1/vito/*","vito-service; varapi-service; tuso-service; zibo-service; product-registry-service","registry admin RBAC","registry records; reconciliation queues","registry.*","/registry/facilities/[id]/edit","apps/mobile/provider-app/src/screens/provider/AdminRegistryHubScreen.tsx","expected","health-id-issuance; provider-registry-onboarding","audit","Registry admin reconciles record with full audit","mapped-to-core-transaction","orphan-frontend","ui/one-ui-shell/src/app/registry/facilities/[id]/edit/page.tsx","hooks/queries/useClientRegistry.ts"
"frontend-route","/registry/facilities/new","registry-administrator","unknown","national registry ops","unregistered","ADMINISTRATIVE_HEALTH:Registry Administration","registry-administration","vito-service; varapi-service; tuso-service; zibo-service; product-registry-service; experience-bff","/internal/v1/registry/*, /internal/v1/vito/*","vito-service; varapi-service; tuso-service; zibo-service; product-registry-service","registry admin RBAC","registry records; reconciliation queues","registry.*","/registry/facilities/new","apps/mobile/provider-app/src/screens/provider/AdminRegistryHubScreen.tsx","expected","health-id-issuance; provider-registry-onboarding","audit","Registry admin reconciles record with full audit","mapped-to-core-transaction","orphan-frontend","ui/one-ui-shell/src/app/registry/facilities/new/page.tsx","hooks/queries/useClientRegistry.ts"
"frontend-route","/registry/providers/[id]/edit","registry-administrator","unknown","national registry ops","unregistered","ADMINISTRATIVE_HEALTH:Registry Administration","registry-administration","vito-service; varapi-service; tuso-service; zibo-service; product-registry-service; experience-bff","/internal/v1/registry/*, /internal/v1/vito/*","vito-service; varapi-service; tuso-service; zibo-service; product-registry-service","registry admin RBAC","registry records; reconciliation queues","registry.*","/registry/providers/[id]/edit","apps/mobile/provider-app/src/screens/provider/AdminRegistryHubScreen.tsx","expected","health-id-issuance; provider-registry-onboarding","audit","Registry admin reconciles record with full audit","mapped-to-core-transaction","orphan-frontend","ui/one-ui-shell/src/app/registry/providers/[id]/edit/page.tsx","hooks/queries/useClientRegistry.ts"
"frontend-route","/registry/providers/new","registry-administrator","unknown","national registry ops","unregistered","ADMINISTRATIVE_HEALTH:Registry Administration","registry-administration","vito-service; varapi-service; tuso-service; zibo-service; product-registry-service; experience-bff","/internal/v1/registry/*, /internal/v1/vito/*","vito-service; varapi-service; tuso-service; zibo-service; product-registry-service","registry admin RBAC","registry records; reconciliation queues","registry.*","/registry/providers/new","apps/mobile/provider-app/src/screens/provider/AdminRegistryHubScreen.tsx","expected","health-id-issuance; provider-registry-onboarding","audit","Registry admin reconciles record with full audit","mapped-to-core-transaction","orphan-frontend","ui/one-ui-shell/src/app/registry/providers/new/page.tsx","hooks/queries/useClientRegistry.ts"
"frontend-route","/tuso","unknown","unknown","unknown","unregistered","","","experience-bff","","","auth","","","/tuso","","optional","","","","unmapped","orphan-frontend","ui/one-ui-shell/src/app/tuso/page.tsx",""
"frontend-route","/wellness/dashboard","citizen","unknown","consumer wellness pillar","unregistered","WELLNESS:Wellness & Lifestyle Journey","wellness-journey","wellness-service; simba-service; guidance-service; experience-bff","/internal/v1/wellness/*, /internal/v1/mobile/citizen/wellness/*","","citizen scope; minimal friction","wellness journeys; activities","wellness.*","/wellness/dashboard","apps/mobile/citizen-app/src/screens/personal/WellnessSection.tsx","expected","citizen-monitoring; fundo-learning","continue","Citizen tracks wellness activity with real backend","mapped-to-core-transaction","orphan-frontend","ui/one-ui-shell/src/app/wellness/dashboard/page.tsx","hooks/queries/useCitizenWellness.ts"
"mobile-screen","citizen-app:FacilityDetailScreen","citizen","person","citizen-mobile","Mobile screen in citizen-app","","","experience-bff","/internal/v1/mobile/*","","mobile-trust-headers","","","","apps/mobile/citizen-app/src/screens/FacilityDetailScreen.tsx","expected","","","","unmapped","missing-journey","apps/mobile/citizen-app/src/screens/FacilityDetailScreen.tsx","@impilo/mobile-api-client"
"mobile-screen","citizen-app:FacilityDirectoryScreen","citizen","person","citizen-mobile","Mobile screen in citizen-app","","","experience-bff","/internal/v1/mobile/*","","mobile-trust-headers","","","","apps/mobile/citizen-app/src/screens/FacilityDirectoryScreen.tsx","expected","","","","unmapped","missing-journey","apps/mobile/citizen-app/src/screens/FacilityDirectoryScreen.tsx","@impilo/mobile-api-client"
"mobile-screen","citizen-app:GlobalErrorBanner","citizen","person","citizen-mobile","Mobile screen in citizen-app","","","experience-bff","/internal/v1/mobile/*","","mobile-trust-headers","","","","apps/mobile/citizen-app/src/screens/GlobalErrorBanner.tsx","expected","","","","unmapped","missing-journey","apps/mobile/citizen-app/src/screens/GlobalErrorBanner.tsx","@impilo/mobile-api-client"
"mobile-screen","citizen-app:HomeScreen","citizen","person","citizen-mobile","Mobile screen in citizen-app","","","experience-bff","/internal/v1/mobile/*","","mobile-trust-headers","","","","apps/mobile/citizen-app/src/screens/HomeScreen.tsx","expected","","","","unmapped","missing-journey","apps/mobile/citizen-app/src/screens/HomeScreen.tsx","@impilo/mobile-api-client"
"mobile-screen","citizen-app:LoginScreen","provider","person","facility-bound professional capacity","Mobile screen in citizen-app","ADMINISTRATIVE_HEALTH:Provider Login & Role Activation","provider-login","tshepo-authz-service; tshepo-identity-service; varapi-service; experience-bff","/internal/v1/mobile/*","","mobile-trust-headers","session; provider registry lookup","auth.session.created","","apps/mobile/citizen-app/src/screens/LoginScreen.tsx","expected","workspace-context-selection; facility-context-selection","","Provider signs in with Provider ID, activates role, lands in workspace","mapped-to-core-transaction","coherent","apps/mobile/citizen-app/src/screens/LoginScreen.tsx","@impilo/mobile-api-client"
"mobile-screen","citizen-app:NetworkStatusBar","citizen","person","citizen-mobile","Mobile screen in citizen-app","","","experience-bff","/internal/v1/mobile/*","","mobile-trust-headers","","","","apps/mobile/citizen-app/src/screens/NetworkStatusBar.tsx","expected","","","","unmapped","missing-journey","apps/mobile/citizen-app/src/screens/NetworkStatusBar.tsx","@impilo/mobile-api-client"
"mobile-screen","citizen-app:NhumeTrackingScreen","citizen","person","citizen-mobile","Mobile screen in citizen-app","","","experience-bff","/internal/v1/mobile/*","","mobile-trust-headers","","","","apps/mobile/citizen-app/src/screens/NhumeTrackingScreen.tsx","expected","","","","unmapped","missing-journey","apps/mobile/citizen-app/src/screens/NhumeTrackingScreen.tsx","@impilo/mobile-api-client"
"mobile-screen","citizen-app:NompiloAssistantScreen","citizen","person","in-flow intelligent assist","Mobile screen in citizen-app","ADMINISTRATIVE_HEALTH:AI Guidance / Nompilo Assist","ai-guidance-nompilo","guidance-service; llm-orchestration-service; search-service; experience-bff","/internal/v1/mobile/*","","mobile-trust-headers","guidance sessions; search index","guidance.*","","apps/mobile/citizen-app/src/screens/NompiloAssistantScreen.tsx","expected","provider-patient-encounter; wellness-journey","","Nompilo explains next step with route context","mapped-to-core-transaction","partial","apps/mobile/citizen-app/src/screens/NompiloAssistantScreen.tsx","@impilo/mobile-api-client"
"mobile-screen","citizen-app:NotificationsScreen","citizen","person","citizen-mobile","Mobile screen in citizen-app","","","experience-bff","/internal/v1/mobile/*","","mobile-trust-headers","","","","apps/mobile/citizen-app/src/screens/NotificationsScreen.tsx","expected","","","","unmapped","missing-journey","apps/mobile/citizen-app/src/screens/NotificationsScreen.tsx","@impilo/mobile-api-client"
"mobile-screen","citizen-app:DelegationSection","provider","person","longitudinal chronic disease","Mobile screen in citizen-app","CHRONIC_CARE:Chronic Care Management","chronic-care","pct-service; pharmacy-service; butano-service; wellness-service; experience-bff","/internal/v1/mobile/*","","mobile-trust-headers","care plans; encounters; meds","core.transaction.events","","apps/mobile/citizen-app/src/screens/caregiving/DelegationSection.tsx","expected","citizen-monitoring; prescription-dispense","","Chronic care plan active with follow-up scheduling","mapped-to-core-transaction","partial","apps/mobile/citizen-app/src/screens/caregiving/DelegationSection.tsx","@impilo/mobile-api-client"
"mobile-screen","citizen-app:ProviderDiscoveryScreen","citizen","person","citizen-mobile","Mobile screen in citizen-app","","","experience-bff","/internal/v1/mobile/*","","mobile-trust-headers","","","","apps/mobile/citizen-app/src/screens/discover/ProviderDiscoveryScreen.tsx","expected","","","","unmapped","missing-journey","apps/mobile/citizen-app/src/screens/discover/ProviderDiscoveryScreen.tsx","@impilo/mobile-api-client"
"mobile-screen","citizen-app:CartScreen","citizen","person","citizen marketplace","Mobile screen in citizen-app","MARKETPLACE:Marketplace Order","marketplace-order","msika-flow-service; msika-service; mushe-wallet-service; experience-bff","/internal/v1/mobile/*","","mobile-trust-headers","orders; payment intents","core.transaction.events","","apps/mobile/citizen-app/src/screens/marketplace/CartScreen.tsx","expected","wallet-payment; dispatch-delivery","","Citizen places order and tracks fulfilment","mapped-to-core-transaction","partial","apps/mobile/citizen-app/src/screens/marketplace/CartScreen.tsx","@impilo/mobile-api-client"
"mobile-screen","citizen-app:FundoLearningScreen","provider","person","professional development","Mobile screen in citizen-app","TRAINING_OR_COMPETENCY:Fundo / Learning Journey","fundo-learning","learning-service; varapi-service; experience-bff","/internal/v1/mobile/*","","mobile-trust-headers","enrolments; assessments; CPD","learning.completed","","apps/mobile/citizen-app/src/screens/marketplace/FundoLearningScreen.tsx","expected","provider-login; credential-verification","","Provider enrols, completes module, CPD reflected","mapped-to-core-transaction","partial","apps/mobile/citizen-app/src/screens/marketplace/FundoLearningScreen.tsx","@impilo/mobile-api-client"
"mobile-screen","citizen-app:HealthOsAppsScreen","provider","person","regulated facility operating model","Mobile screen in citizen-app","ADMINISTRATIVE_HEALTH:Facility Context Selection","facility-context-selection","tuso-service; experience-bff","/internal/v1/mobile/*","","mobile-trust-headers","facility registry; workspace bindings","facility.context.selected","","apps/mobile/citizen-app/src/screens/marketplace/HealthOsAppsScreen.tsx","expected","workspace-context-selection; queue-walk-in","","Provider selects facility; queue and EHR routes become available","mapped-to-core-transaction","coherent","apps/mobile/citizen-app/src/screens/marketplace/HealthOsAppsScreen.tsx","@impilo/mobile-api-client"
"mobile-screen","citizen-app:MarketplaceScreen","citizen","person","citizen marketplace","Mobile screen in citizen-app","MARKETPLACE:Marketplace Order","marketplace-order","msika-flow-service; msika-service; mushe-wallet-service; experience-bff","/internal/v1/mobile/*","","mobile-trust-headers","orders; payment intents","core.transaction.events","","apps/mobile/citizen-app/src/screens/marketplace/MarketplaceScreen.tsx","expected","wallet-payment; dispatch-delivery","","Citizen places order and tracks fulfilment","mapped-to-core-transaction","partial","apps/mobile/citizen-app/src/screens/marketplace/MarketplaceScreen.tsx","@impilo/mobile-api-client"
"mobile-screen","citizen-app:MessagingInboxScreen","platform","person","omnichannel comms hub","Mobile screen in citizen-app","ADMINISTRATIVE_HEALTH:Notification & Communications","notification-comms","notification-service; channels-service; community-service; experience-bff","/internal/v1/mobile/*","","mobile-trust-headers","notification store; delivery status","notification.sent","","apps/mobile/citizen-app/src/screens/messaging/MessagingInboxScreen.tsx","expected","consent-capture; appointment-scheduling","","Notification sent and delivery status visible","mapped-to-core-transaction","coherent","apps/mobile/citizen-app/src/screens/messaging/MessagingInboxScreen.tsx","@impilo/mobile-api-client"
"mobile-screen","citizen-app:ThreadViewScreen","platform","person","omnichannel comms hub","Mobile screen in citizen-app","ADMINISTRATIVE_HEALTH:Notification & Communications","notification-comms","notification-service; channels-service; community-service; experience-bff","/internal/v1/mobile/*","","mobile-trust-headers","notification store; delivery status","notification.sent","","apps/mobile/citizen-app/src/screens/messaging/ThreadViewScreen.tsx","expected","consent-capture; appointment-scheduling","","Notification sent and delivery status visible","mapped-to-core-transaction","coherent","apps/mobile/citizen-app/src/screens/messaging/ThreadViewScreen.tsx","@impilo/mobile-api-client"
"mobile-screen","citizen-app:AllergiesSection","citizen","person","citizen-mobile","Mobile screen in citizen-app","","","experience-bff","/internal/v1/mobile/*","","mobile-trust-headers","","","","apps/mobile/citizen-app/src/screens/personal/AllergiesSection.tsx","expected","","","","unmapped","missing-journey","apps/mobile/citizen-app/src/screens/personal/AllergiesSection.tsx","@impilo/mobile-api-client"
"mobile-screen","citizen-app:AppointmentsSection","citizen","person","facility booking","Mobile screen in citizen-app","APPOINTMENT:Appointment Scheduling","appointment-scheduling","scheduling-service; tuso-service; notification-service; experience-bff","/internal/v1/mobile/*","","mobile-trust-headers","appointment; booking slots","appointment.booked","","apps/mobile/citizen-app/src/screens/personal/AppointmentsSection.tsx","expected","queue-walk-in; citizen-onboarding","","Appointment booked and appears in facility schedule","mapped-to-core-transaction","partial","apps/mobile/citizen-app/src/screens/personal/AppointmentsSection.tsx","@impilo/mobile-api-client"
"mobile-screen","citizen-app:AssessmentsSection","citizen","person","citizen-mobile","Mobile screen in citizen-app","","","experience-bff","/internal/v1/mobile/*","","mobile-trust-headers","","","","apps/mobile/citizen-app/src/screens/personal/AssessmentsSection.tsx","expected","","","","unmapped","missing-journey","apps/mobile/citizen-app/src/screens/personal/AssessmentsSection.tsx","@impilo/mobile-api-client"
"mobile-screen","citizen-app:CarePlansSection","citizen","person","citizen-mobile","Mobile screen in citizen-app","","","experience-bff","/internal/v1/mobile/*","","mobile-trust-headers","","","","apps/mobile/citizen-app/src/screens/personal/CarePlansSection.tsx","expected","","","","unmapped","missing-journey","apps/mobile/citizen-app/src/screens/personal/CarePlansSection.tsx","@impilo/mobile-api-client"
"mobile-screen","citizen-app:CareTeamSection","citizen","person","citizen-mobile","Mobile screen in citizen-app","","","experience-bff","/internal/v1/mobile/*","","mobile-trust-headers","","","","apps/mobile/citizen-app/src/screens/personal/CareTeamSection.tsx","expected","","","","unmapped","missing-journey","apps/mobile/citizen-app/src/screens/personal/CareTeamSection.tsx","@impilo/mobile-api-client"
"mobile-screen","citizen-app:ChallengesScreen","citizen","person","citizen-mobile","Mobile screen in citizen-app","","","experience-bff","/internal/v1/mobile/*","","mobile-trust-headers","","","","apps/mobile/citizen-app/src/screens/personal/ChallengesScreen.tsx","expected","","","","unmapped","missing-journey","apps/mobile/citizen-app/src/screens/personal/ChallengesScreen.tsx","@impilo/mobile-api-client"
"mobile-screen","citizen-app:ClaimSharedDocumentsScreen","provider","person","clinical or administrative record","Mobile screen in citizen-app","ADMINISTRATIVE_HEALTH:Document Upload / Scan / Index","document-upload","document-service; landela-adapter-service; experience-bff","/internal/v1/mobile/*","","mobile-trust-headers","document metadata; storage refs","document-store","","apps/mobile/citizen-app/src/screens/personal/ClaimSharedDocumentsScreen.tsx","expected","imaging-order-result; provider-patient-encounter","","Document uploaded, indexed, retrievable in chart","mapped-to-core-transaction","partial","apps/mobile/citizen-app/src/screens/personal/ClaimSharedDocumentsScreen.tsx","@impilo/mobile-api-client"
"mobile-screen","citizen-app:CommunicationPreferencesScreen","citizen","person","citizen-mobile","Mobile screen in citizen-app","","","experience-bff","/internal/v1/mobile/*","","mobile-trust-headers","","","","apps/mobile/citizen-app/src/screens/personal/CommunicationPreferencesScreen.tsx","expected","","","","unmapped","missing-journey","apps/mobile/citizen-app/src/screens/personal/CommunicationPreferencesScreen.tsx","@impilo/mobile-api-client"
"mobile-screen","citizen-app:ConditionsSection","citizen","person","citizen-mobile","Mobile screen in citizen-app","","","experience-bff","/internal/v1/mobile/*","","mobile-trust-headers","","","","apps/mobile/citizen-app/src/screens/personal/ConditionsSection.tsx","expected","","","","unmapped","missing-journey","apps/mobile/citizen-app/src/screens/personal/ConditionsSection.tsx","@impilo/mobile-api-client"
"mobile-screen","citizen-app:CoverageSection","citizen","person","payer operations","Mobile screen in citizen-app","ADMINISTRATIVE_HEALTH:Coverage Enrollment","coverage-enrollment","coverage-service; experience-bff","/internal/v1/mobile/*","","mobile-trust-headers","coverage plans; member status","coverage.*","","apps/mobile/citizen-app/src/screens/personal/CoverageSection.tsx","expected","payment-billing-claim","","Citizen enrolls in coverage plan","mapped-to-core-transaction","partial","apps/mobile/citizen-app/src/screens/personal/CoverageSection.tsx","@impilo/mobile-api-client"
"mobile-screen","citizen-app:DelegatedPickupScreen","citizen","person","citizen-mobile","Mobile screen in citizen-app","","","experience-bff","/internal/v1/mobile/*","","mobile-trust-headers","","","","apps/mobile/citizen-app/src/screens/personal/DelegatedPickupScreen.tsx","expected","","","","unmapped","missing-journey","apps/mobile/citizen-app/src/screens/personal/DelegatedPickupScreen.tsx","@impilo/mobile-api-client"
"mobile-screen","citizen-app:EmergencySOSSection","provider","person","ED/casualty; break-glass possible","Mobile screen in citizen-app","EMERGENCY:Emergency / ED Encounter","emergency-encounter","pct-service; butano-service; inpatient-service; tshepo-authz-service; experience-bff","/internal/v1/mobile/*","","mobile-trust-headers","emergency encounter; triage","core.transaction.events","","apps/mobile/citizen-app/src/screens/personal/EmergencySOSSection.tsx","expected","inpatient-admission; provider-patient-encounter","","Emergency encounter with break-glass audit if used","mapped-to-core-transaction","partial","apps/mobile/citizen-app/src/screens/personal/EmergencySOSSection.tsx","@impilo/mobile-api-client"
"mobile-screen","citizen-app:FinanceSection","citizen","person","encounter billing or coverage","Mobile screen in citizen-app","ADMINISTRATIVE_HEALTH:Payment / Billing / Exemption / Claim","payment-billing-claim","costing-engine-service; mushex-service; coverage-service; mushe-wallet-service; experience-bff","/internal/v1/mobile/*","","mobile-trust-headers","billing; claims; payments; remittance","core.transaction.events; finance-oros-pharmacy","","apps/mobile/citizen-app/src/screens/personal/FinanceSection.tsx","expected","wallet-payment; coverage-enrollment","","Bill generated, payment or claim completed with audit","mapped-to-core-transaction","partial","apps/mobile/citizen-app/src/screens/personal/FinanceSection.tsx","@impilo/mobile-api-client"
"mobile-screen","citizen-app:GrowthChartsSection","citizen","person","citizen-mobile","Mobile screen in citizen-app","","","experience-bff","/internal/v1/mobile/*","","mobile-trust-headers","","","","apps/mobile/citizen-app/src/screens/personal/GrowthChartsSection.tsx","expected","","","","unmapped","missing-journey","apps/mobile/citizen-app/src/screens/personal/GrowthChartsSection.tsx","@impilo/mobile-api-client"
"mobile-screen","citizen-app:HealthIdSection","citizen","person","self-service registration; assurance level pending","Mobile screen in citizen-app","ADMINISTRATIVE_HEALTH:Citizen / Client Onboarding","citizen-onboarding","vito-service; tshepo-identity-service; identity-assurance-service; tshepo-consent-service; experience-bff","/internal/v1/mobile/*","","mobile-trust-headers","VITO clients; identity issuance; consent directives","identity.issued; core.transaction.events","","apps/mobile/citizen-app/src/screens/personal/HealthIdSection.tsx","expected","consent-capture; health-id-issuance","","Citizen completes registration, receives Health ID, sees next-step guidance","mapped-to-core-transaction","partial","apps/mobile/citizen-app/src/screens/personal/HealthIdSection.tsx","@impilo/mobile-api-client"
"mobile-screen","citizen-app:HealthTimelineScreen","citizen","person","citizen-mobile","Mobile screen in citizen-app","","","experience-bff","/internal/v1/mobile/*","","mobile-trust-headers","","","","apps/mobile/citizen-app/src/screens/personal/HealthTimelineScreen.tsx","expected","","","","unmapped","missing-journey","apps/mobile/citizen-app/src/screens/personal/HealthTimelineScreen.tsx","@impilo/mobile-api-client"
"mobile-screen","citizen-app:IdRecoverySection","citizen","person","citizen-mobile","Mobile screen in citizen-app","","","experience-bff","/internal/v1/mobile/*","","mobile-trust-headers","","","","apps/mobile/citizen-app/src/screens/personal/IdRecoverySection.tsx","expected","","","","unmapped","missing-journey","apps/mobile/citizen-app/src/screens/personal/IdRecoverySection.tsx","@impilo/mobile-api-client"
"mobile-screen","citizen-app:ImmunizationsSection","citizen","person","citizen-mobile","Mobile screen in citizen-app","","","experience-bff","/internal/v1/mobile/*","","mobile-trust-headers","","","","apps/mobile/citizen-app/src/screens/personal/ImmunizationsSection.tsx","expected","","","","unmapped","missing-journey","apps/mobile/citizen-app/src/screens/personal/ImmunizationsSection.tsx","@impilo/mobile-api-client"
"mobile-screen","citizen-app:MonitoringSection","citizen","person","home monitoring pillar","Mobile screen in citizen-app","CHRONIC_CARE:Citizen Remote Monitoring","citizen-monitoring","wellness-service; iot-ingestion-service; notification-service; experience-bff","/internal/v1/mobile/*","","mobile-trust-headers","observations; alerts","wellness.monitoring.*","","apps/mobile/citizen-app/src/screens/personal/MonitoringSection.tsx","expected","wellness-journey; chronic-care","","Citizen records monitoring obs visible to care team","mapped-to-core-transaction","partial","apps/mobile/citizen-app/src/screens/personal/MonitoringSection.tsx","@impilo/mobile-api-client"
"mobile-screen","citizen-app:PatientConsentScreen","citizen","person","care, telehealth, data sharing","Mobile screen in citizen-app","ADMINISTRATIVE_HEALTH:Consent Capture","consent-capture","mvumo-service; tshepo-consent-service; experience-bff","/internal/v1/mobile/*","","mobile-trust-headers","consent directives; mvumo records","trust-governance; core.transaction.events","","apps/mobile/citizen-app/src/screens/personal/PatientConsentScreen.tsx","expected","telemedicine-encounter; citizen-onboarding","","Consent captured, enforced on subsequent clinical access","mapped-to-core-transaction","coherent","apps/mobile/citizen-app/src/screens/personal/PatientConsentScreen.tsx","@impilo/mobile-api-client"
"mobile-screen","citizen-app:PersonalScreen","citizen","person","citizen-mobile","Mobile screen in citizen-app","","","experience-bff","/internal/v1/mobile/*","","mobile-trust-headers","","","","apps/mobile/citizen-app/src/screens/personal/PersonalScreen.tsx","expected","","","","unmapped","missing-journey","apps/mobile/citizen-app/src/screens/personal/PersonalScreen.tsx","@impilo/mobile-api-client"
"mobile-screen","citizen-app:PrescriptionsSection","citizen","person","citizen-mobile","Mobile screen in citizen-app","","","experience-bff","/internal/v1/mobile/*","","mobile-trust-headers","","","","apps/mobile/citizen-app/src/screens/personal/PrescriptionsSection.tsx","expected","","","","unmapped","missing-journey","apps/mobile/citizen-app/src/screens/personal/PrescriptionsSection.tsx","@impilo/mobile-api-client"
"mobile-screen","citizen-app:PrivacyPolicyScreen","citizen","person","citizen-mobile","Mobile screen in citizen-app","","","experience-bff","/internal/v1/mobile/*","","mobile-trust-headers","","","","apps/mobile/citizen-app/src/screens/personal/PrivacyPolicyScreen.tsx","expected","","","","unmapped","missing-journey","apps/mobile/citizen-app/src/screens/personal/PrivacyPolicyScreen.tsx","@impilo/mobile-api-client"
"mobile-screen","citizen-app:ProductionReadinessJourneyScreen","provider","person","regulated facility operating model","Mobile screen in citizen-app","ADMINISTRATIVE_HEALTH:Facility Context Selection","facility-context-selection","tuso-service; experience-bff","/internal/v1/mobile/*","","mobile-trust-headers","facility registry; workspace bindings","facility.context.selected","","apps/mobile/citizen-app/src/screens/personal/ProductionReadinessJourneyScreen.tsx","expected","workspace-context-selection; queue-walk-in","","Provider selects facility; queue and EHR routes become available","mapped-to-core-transaction","coherent","apps/mobile/citizen-app/src/screens/personal/ProductionReadinessJourneyScreen.tsx","@impilo/mobile-api-client"
"mobile-screen","citizen-app:ProfileSection","citizen","person","self-service registration; assurance level pending","Mobile screen in citizen-app","ADMINISTRATIVE_HEALTH:Citizen / Client Onboarding","citizen-onboarding","vito-service; tshepo-identity-service; identity-assurance-service; tshepo-consent-service; experience-bff","/internal/v1/mobile/*","","mobile-trust-headers","VITO clients; identity issuance; consent directives","identity.issued; core.transaction.events","","apps/mobile/citizen-app/src/screens/personal/ProfileSection.tsx","expected","consent-capture; health-id-issuance","","Citizen completes registration, receives Health ID, sees next-step guidance","mapped-to-core-transaction","partial","apps/mobile/citizen-app/src/screens/personal/ProfileSection.tsx","@impilo/mobile-api-client"
"mobile-screen","citizen-app:ProgramsScreen","citizen","person","citizen-mobile","Mobile screen in citizen-app","","","experience-bff","/internal/v1/mobile/*","","mobile-trust-headers","","","","apps/mobile/citizen-app/src/screens/personal/ProgramsScreen.tsx","expected","","","","unmapped","missing-journey","apps/mobile/citizen-app/src/screens/personal/ProgramsScreen.tsx","@impilo/mobile-api-client"
"mobile-screen","citizen-app:QueueStatusSection","citizen","person","citizen-mobile","Mobile screen in citizen-app","","","experience-bff","/internal/v1/mobile/*","","mobile-trust-headers","","","","apps/mobile/citizen-app/src/screens/personal/QueueStatusSection.tsx","expected","","","","unmapped","missing-journey","apps/mobile/citizen-app/src/screens/personal/QueueStatusSection.tsx","@impilo/mobile-api-client"
"mobile-screen","citizen-app:RecordSharingScreen","citizen","person","citizen-mobile","Mobile screen in citizen-app","","","experience-bff","/internal/v1/mobile/*","","mobile-trust-headers","","","","apps/mobile/citizen-app/src/screens/personal/RecordSharingScreen.tsx","expected","","","","unmapped","missing-journey","apps/mobile/citizen-app/src/screens/personal/RecordSharingScreen.tsx","@impilo/mobile-api-client"
"mobile-screen","citizen-app:RecordsScreen","citizen","person","citizen-mobile","Mobile screen in citizen-app","","","experience-bff","/internal/v1/mobile/*","","mobile-trust-headers","","","","apps/mobile/citizen-app/src/screens/personal/RecordsScreen.tsx","expected","","","","unmapped","missing-journey","apps/mobile/citizen-app/src/screens/personal/RecordsScreen.tsx","@impilo/mobile-api-client"
"mobile-screen","citizen-app:ReferralsSection","citizen","person","citizen-mobile","Mobile screen in citizen-app","","","experience-bff","/internal/v1/mobile/*","","mobile-trust-headers","","","","apps/mobile/citizen-app/src/screens/personal/ReferralsSection.tsx","expected","","","","unmapped","missing-journey","apps/mobile/citizen-app/src/screens/personal/ReferralsSection.tsx","@impilo/mobile-api-client"
"mobile-screen","citizen-app:RemindersScreen","citizen","person","citizen-mobile","Mobile screen in citizen-app","","","experience-bff","/internal/v1/mobile/*","","mobile-trust-headers","","","","apps/mobile/citizen-app/src/screens/personal/RemindersScreen.tsx","expected","","","","unmapped","missing-journey","apps/mobile/citizen-app/src/screens/personal/RemindersScreen.tsx","@impilo/mobile-api-client"
"mobile-screen","citizen-app:ResultsSection","citizen","person","citizen-mobile","Mobile screen in citizen-app","","","experience-bff","/internal/v1/mobile/*","","mobile-trust-headers","","","","apps/mobile/citizen-app/src/screens/personal/ResultsSection.tsx","expected","","","","unmapped","missing-journey","apps/mobile/citizen-app/src/screens/personal/ResultsSection.tsx","@impilo/mobile-api-client"
"mobile-screen","citizen-app:SettingsSection","citizen","person","citizen-mobile","Mobile screen in citizen-app","","","experience-bff","/internal/v1/mobile/*","","mobile-trust-headers","","","","apps/mobile/citizen-app/src/screens/personal/SettingsSection.tsx","expected","","","","unmapped","missing-journey","apps/mobile/citizen-app/src/screens/personal/SettingsSection.tsx","@impilo/mobile-api-client"
"mobile-screen","citizen-app:TermsOfUseScreen","citizen","person","citizen-mobile","Mobile screen in citizen-app","","","experience-bff","/internal/v1/mobile/*","","mobile-trust-headers","","","","apps/mobile/citizen-app/src/screens/personal/TermsOfUseScreen.tsx","expected","","","","unmapped","missing-journey","apps/mobile/citizen-app/src/screens/personal/TermsOfUseScreen.tsx","@impilo/mobile-api-client"
"mobile-screen","citizen-app:VerifyCredentialScreen","citizen","person","citizen-mobile","Mobile screen in citizen-app","","","experience-bff","/internal/v1/mobile/*","","mobile-trust-headers","","","","apps/mobile/citizen-app/src/screens/personal/VerifyCredentialScreen.tsx","expected","","","","unmapped","missing-journey","apps/mobile/citizen-app/src/screens/personal/VerifyCredentialScreen.tsx","@impilo/mobile-api-client"
"mobile-screen","citizen-app:WalletSection","citizen","person","encounter billing or coverage","Mobile screen in citizen-app","ADMINISTRATIVE_HEALTH:Payment / Billing / Exemption / Claim","payment-billing-claim","costing-engine-service; mushex-service; coverage-service; mushe-wallet-service; experience-bff","/internal/v1/mobile/*","","mobile-trust-headers","billing; claims; payments; remittance","core.transaction.events; finance-oros-pharmacy","","apps/mobile/citizen-app/src/screens/personal/WalletSection.tsx","expected","wallet-payment; coverage-enrollment","","Bill generated, payment or claim completed with audit","mapped-to-core-transaction","partial","apps/mobile/citizen-app/src/screens/personal/WalletSection.tsx","@impilo/mobile-api-client"
"mobile-screen","citizen-app:WellnessSection","citizen","person","consumer wellness pillar","Mobile screen in citizen-app","WELLNESS:Wellness & Lifestyle Journey","wellness-journey","wellness-service; simba-service; guidance-service; experience-bff","/internal/v1/mobile/*","","mobile-trust-headers","wellness journeys; activities","wellness.*","","apps/mobile/citizen-app/src/screens/personal/WellnessSection.tsx","expected","citizen-monitoring; fundo-learning","","Citizen tracks wellness activity with real backend","mapped-to-core-transaction","partial","apps/mobile/citizen-app/src/screens/personal/WellnessSection.tsx","@impilo/mobile-api-client"
"mobile-screen","citizen-app:PublicHealthScreen","community-health-worker","person","field outreach mode","Mobile screen in citizen-app","COMMUNITY_OUTREACH:Public Health / CHW Outreach","public-health-outreach","community-service; surveillance-service; campaigns-service; indawo-service; experience-bff","/internal/v1/mobile/*","","mobile-trust-headers","outreach visits; screening data","campaigns-outbound","","apps/mobile/citizen-app/src/screens/publicHealth/PublicHealthScreen.tsx","expected","surveillance-outbreak; reporting-dashboard","","CHW records outreach visit on mobile","mapped-to-core-transaction","partial","apps/mobile/citizen-app/src/screens/publicHealth/PublicHealthScreen.tsx","@impilo/mobile-api-client"
"mobile-screen","citizen-app:ClubsScreen","citizen","person","social timeline","Mobile screen in citizen-app","WELLNESS:Social / Community / Timeline","social-community","community-service; llm-orchestration-service; experience-bff","/internal/v1/mobile/*","","mobile-trust-headers","social posts; communities","social.*","","apps/mobile/citizen-app/src/screens/social/ClubsScreen.tsx","expected","notification-comms; public-health-outreach","","Citizen posts to feed with real BFF backing","mapped-to-core-transaction","coherent","apps/mobile/citizen-app/src/screens/social/ClubsScreen.tsx","@impilo/mobile-api-client"
"mobile-screen","citizen-app:CommunitiesScreen","citizen","person","social timeline","Mobile screen in citizen-app","WELLNESS:Social / Community / Timeline","social-community","community-service; llm-orchestration-service; experience-bff","/internal/v1/mobile/*","","mobile-trust-headers","social posts; communities","social.*","","apps/mobile/citizen-app/src/screens/social/CommunitiesScreen.tsx","expected","notification-comms; public-health-outreach","","Citizen posts to feed with real BFF backing","mapped-to-core-transaction","coherent","apps/mobile/citizen-app/src/screens/social/CommunitiesScreen.tsx","@impilo/mobile-api-client"
"mobile-screen","citizen-app:CrowdfundingScreen","citizen","person","social timeline","Mobile screen in citizen-app","WELLNESS:Social / Community / Timeline","social-community","community-service; llm-orchestration-service; experience-bff","/internal/v1/mobile/*","","mobile-trust-headers","social posts; communities","social.*","","apps/mobile/citizen-app/src/screens/social/CrowdfundingScreen.tsx","expected","notification-comms; public-health-outreach","","Citizen posts to feed with real BFF backing","mapped-to-core-transaction","coherent","apps/mobile/citizen-app/src/screens/social/CrowdfundingScreen.tsx","@impilo/mobile-api-client"
"mobile-screen","citizen-app:PagesScreen","citizen","person","social timeline","Mobile screen in citizen-app","WELLNESS:Social / Community / Timeline","social-community","community-service; llm-orchestration-service; experience-bff","/internal/v1/mobile/*","","mobile-trust-headers","social posts; communities","social.*","","apps/mobile/citizen-app/src/screens/social/PagesScreen.tsx","expected","notification-comms; public-health-outreach","","Citizen posts to feed with real BFF backing","mapped-to-core-transaction","coherent","apps/mobile/citizen-app/src/screens/social/PagesScreen.tsx","@impilo/mobile-api-client"
"mobile-screen","citizen-app:ProfessionalPagesScreen","citizen","person","social timeline","Mobile screen in citizen-app","WELLNESS:Social / Community / Timeline","social-community","community-service; llm-orchestration-service; experience-bff","/internal/v1/mobile/*","","mobile-trust-headers","social posts; communities","social.*","","apps/mobile/citizen-app/src/screens/social/ProfessionalPagesScreen.tsx","expected","notification-comms; public-health-outreach","","Citizen posts to feed with real BFF backing","mapped-to-core-transaction","coherent","apps/mobile/citizen-app/src/screens/social/ProfessionalPagesScreen.tsx","@impilo/mobile-api-client"
"mobile-screen","citizen-app:SocialFeedScreen","citizen","person","social timeline","Mobile screen in citizen-app","WELLNESS:Social / Community / Timeline","social-community","community-service; llm-orchestration-service; experience-bff","/internal/v1/mobile/*","","mobile-trust-headers","social posts; communities","social.*","","apps/mobile/citizen-app/src/screens/social/SocialFeedScreen.tsx","expected","notification-comms; public-health-outreach","","Citizen posts to feed with real BFF backing","mapped-to-core-transaction","coherent","apps/mobile/citizen-app/src/screens/social/SocialFeedScreen.tsx","@impilo/mobile-api-client"
"mobile-screen","citizen-app:SocialHubScreen","citizen","person","social timeline","Mobile screen in citizen-app","WELLNESS:Social / Community / Timeline","social-community","community-service; llm-orchestration-service; experience-bff","/internal/v1/mobile/*","","mobile-trust-headers","social posts; communities","social.*","","apps/mobile/citizen-app/src/screens/social/SocialHubScreen.tsx","expected","notification-comms; public-health-outreach","","Citizen posts to feed with real BFF backing","mapped-to-core-transaction","coherent","apps/mobile/citizen-app/src/screens/social/SocialHubScreen.tsx","@impilo/mobile-api-client"
"mobile-screen","citizen-app:TimelineComposer","citizen","person","social timeline","Mobile screen in citizen-app","WELLNESS:Social / Community / Timeline","social-community","community-service; llm-orchestration-service; experience-bff","/internal/v1/mobile/*","","mobile-trust-headers","social posts; communities","social.*","","apps/mobile/citizen-app/src/screens/social/TimelineComposer.tsx","expected","notification-comms; public-health-outreach","","Citizen posts to feed with real BFF backing","mapped-to-core-transaction","coherent","apps/mobile/citizen-app/src/screens/social/TimelineComposer.tsx","@impilo/mobile-api-client"
"mobile-screen","citizen-app:SupportScreen","citizen","person","citizen-mobile","Mobile screen in citizen-app","","","experience-bff","/internal/v1/mobile/*","","mobile-trust-headers","","","","apps/mobile/citizen-app/src/screens/support/SupportScreen.tsx","expected","","","","unmapped","missing-journey","apps/mobile/citizen-app/src/screens/support/SupportScreen.tsx","@impilo/mobile-api-client"
"mobile-screen","citizen-app:LiveKitMobileConsultRoom","provider","person","regulated facility operating model","Mobile screen in citizen-app","ADMINISTRATIVE_HEALTH:Facility Context Selection","facility-context-selection","tuso-service; experience-bff","/internal/v1/mobile/*","","mobile-trust-headers","facility registry; workspace bindings","facility.context.selected","","apps/mobile/citizen-app/src/screens/telehealth/LiveKitMobileConsultRoom.tsx","expected","workspace-context-selection; queue-walk-in","","Provider selects facility; queue and EHR routes become available","mapped-to-core-transaction","coherent","apps/mobile/citizen-app/src/screens/telehealth/LiveKitMobileConsultRoom.tsx","@impilo/mobile-api-client"
"mobile-screen","citizen-app:TelehealthListScreen","provider","person","remote care; consent required","Mobile screen in citizen-app","TELEMEDICINE:Telemedicine Encounter","telemedicine-encounter","pct-service; mvumo-service; rtc-gateway-service; experience-bff","/internal/v1/mobile/*","","mobile-trust-headers","referral; consent request; session metadata","teleconsult.session.*","","apps/mobile/citizen-app/src/screens/telehealth/TelehealthListScreen.tsx","expected","consent-capture; referral-create","","Teleconsult created, consented, referral persisted without RTC","mapped-to-core-transaction","partial","apps/mobile/citizen-app/src/screens/telehealth/TelehealthListScreen.tsx","@impilo/mobile-api-client"
"mobile-screen","citizen-app:TelehealthSessionScreen","provider","person","remote care; consent required","Mobile screen in citizen-app","TELEMEDICINE:Telemedicine Encounter","telemedicine-encounter","pct-service; mvumo-service; rtc-gateway-service; experience-bff","/internal/v1/mobile/*","","mobile-trust-headers","referral; consent request; session metadata","teleconsult.session.*","","apps/mobile/citizen-app/src/screens/telehealth/TelehealthSessionScreen.tsx","expected","consent-capture; referral-create","","Teleconsult created, consented, referral persisted without RTC","mapped-to-core-transaction","partial","apps/mobile/citizen-app/src/screens/telehealth/TelehealthSessionScreen.tsx","@impilo/mobile-api-client"
"mobile-screen","provider-app:GlobalErrorBanner","provider","clinical-staff","provider-mobile","Mobile screen in provider-app","","","experience-bff","/internal/v1/mobile/*","","mobile-trust-headers","","","","apps/mobile/provider-app/src/screens/GlobalErrorBanner.tsx","expected","","","","unmapped","missing-journey","apps/mobile/provider-app/src/screens/GlobalErrorBanner.tsx","@impilo/mobile-api-client"
"mobile-screen","provider-app:LoginScreen","provider","clinical-staff","facility-bound professional capacity","Mobile screen in provider-app","ADMINISTRATIVE_HEALTH:Provider Login & Role Activation","provider-login","tshepo-authz-service; tshepo-identity-service; varapi-service; experience-bff","/internal/v1/mobile/*","","mobile-trust-headers","session; provider registry lookup","auth.session.created","","apps/mobile/provider-app/src/screens/LoginScreen.tsx","expected","workspace-context-selection; facility-context-selection","","Provider signs in with Provider ID, activates role, lands in workspace","mapped-to-core-transaction","coherent","apps/mobile/provider-app/src/screens/LoginScreen.tsx","@impilo/mobile-api-client"
"mobile-screen","provider-app:NetworkStatusBar","provider","clinical-staff","provider-mobile","Mobile screen in provider-app","","","experience-bff","/internal/v1/mobile/*","","mobile-trust-headers","","","","apps/mobile/provider-app/src/screens/NetworkStatusBar.tsx","expected","","","","unmapped","missing-journey","apps/mobile/provider-app/src/screens/NetworkStatusBar.tsx","@impilo/mobile-api-client"
"mobile-screen","provider-app:NompiloAssistantScreen","citizen","clinical-staff","in-flow intelligent assist","Mobile screen in provider-app","ADMINISTRATIVE_HEALTH:AI Guidance / Nompilo Assist","ai-guidance-nompilo","guidance-service; llm-orchestration-service; search-service; experience-bff","/internal/v1/mobile/*","","mobile-trust-headers","guidance sessions; search index","guidance.*","","apps/mobile/provider-app/src/screens/NompiloAssistantScreen.tsx","expected","provider-patient-encounter; wellness-journey","","Nompilo explains next step with route context","mapped-to-core-transaction","partial","apps/mobile/provider-app/src/screens/NompiloAssistantScreen.tsx","@impilo/mobile-api-client"
"mobile-screen","provider-app:NotificationsScreen","provider","clinical-staff","provider-mobile","Mobile screen in provider-app","","","experience-bff","/internal/v1/mobile/*","","mobile-trust-headers","","","","apps/mobile/provider-app/src/screens/NotificationsScreen.tsx","expected","","","","unmapped","missing-journey","apps/mobile/provider-app/src/screens/NotificationsScreen.tsx","@impilo/mobile-api-client"
"mobile-screen","provider-app:ProviderActivationScreen","provider","clinical-staff","provider-mobile","Mobile screen in provider-app","","","experience-bff","/internal/v1/mobile/*","","mobile-trust-headers","","","","apps/mobile/provider-app/src/screens/ProviderActivationScreen.tsx","expected","","","","unmapped","missing-journey","apps/mobile/provider-app/src/screens/ProviderActivationScreen.tsx","@impilo/mobile-api-client"
"mobile-screen","provider-app:SelectFacilityScreen","provider","clinical-staff","provider-mobile","Mobile screen in provider-app","","","experience-bff","/internal/v1/mobile/*","","mobile-trust-headers","","","","apps/mobile/provider-app/src/screens/SelectFacilityScreen.tsx","expected","","","","unmapped","missing-journey","apps/mobile/provider-app/src/screens/SelectFacilityScreen.tsx","@impilo/mobile-api-client"
"mobile-screen","provider-app:SelectWorkspaceScreen","provider","clinical-staff","provider-mobile","Mobile screen in provider-app","","","experience-bff","/internal/v1/mobile/*","","mobile-trust-headers","","","","apps/mobile/provider-app/src/screens/SelectWorkspaceScreen.tsx","expected","","","","unmapped","missing-journey","apps/mobile/provider-app/src/screens/SelectWorkspaceScreen.tsx","@impilo/mobile-api-client"
"mobile-screen","provider-app:CourierDashboardScreen","courier","clinical-staff","logistics; medication or supply delivery","Mobile screen in provider-app","MARKETPLACE:Dispatch / Delivery (NHUME)","dispatch-delivery","dispatch-service; nhume-service; oros-service; experience-bff","/internal/v1/mobile/*","","mobile-trust-headers","delivery runs; proof of delivery","dispatch.*","","apps/mobile/provider-app/src/screens/courier/CourierDashboardScreen.tsx","expected","marketplace-order; notification-comms","","Courier completes delivery run with POD","mapped-to-core-transaction","partial","apps/mobile/provider-app/src/screens/courier/CourierDashboardScreen.tsx","@impilo/mobile-api-client"
"mobile-screen","provider-app:CourierProofScreen","courier","clinical-staff","logistics; medication or supply delivery","Mobile screen in provider-app","MARKETPLACE:Dispatch / Delivery (NHUME)","dispatch-delivery","dispatch-service; nhume-service; oros-service; experience-bff","/internal/v1/mobile/*","","mobile-trust-headers","delivery runs; proof of delivery","dispatch.*","","apps/mobile/provider-app/src/screens/courier/CourierProofScreen.tsx","expected","marketplace-order; notification-comms","","Courier completes delivery run with POD","mapped-to-core-transaction","partial","apps/mobile/provider-app/src/screens/courier/CourierProofScreen.tsx","@impilo/mobile-api-client"
"mobile-screen","provider-app:BreakGlassScreen","provider","clinical-staff","offline edge; provider offline mode","Mobile screen in provider-app","FACILITY_WALK_IN:Offline Clinical Queue","offline-clinical-queue","offline-sync-service; offline-edge-service; pct-service; experience-bff","/internal/v1/mobile/*","","mobile-trust-headers","offline queue; sync state","offline.sync.*","","apps/mobile/provider-app/src/screens/offline/BreakGlassScreen.tsx","expected","provider-patient-encounter; integration-sync-replay","","Provider works offline, syncs without data loss","mapped-to-core-transaction","partial","apps/mobile/provider-app/src/screens/offline/BreakGlassScreen.tsx","@impilo/mobile-api-client"
"mobile-screen","provider-app:ConflictReviewScreen","provider","clinical-staff","offline edge; provider offline mode","Mobile screen in provider-app","FACILITY_WALK_IN:Offline Clinical Queue","offline-clinical-queue","offline-sync-service; offline-edge-service; pct-service; experience-bff","/internal/v1/mobile/*","","mobile-trust-headers","offline queue; sync state","offline.sync.*","","apps/mobile/provider-app/src/screens/offline/ConflictReviewScreen.tsx","expected","provider-patient-encounter; integration-sync-replay","","Provider works offline, syncs without data loss","mapped-to-core-transaction","partial","apps/mobile/provider-app/src/screens/offline/ConflictReviewScreen.tsx","@impilo/mobile-api-client"
"mobile-screen","provider-app:LocalQueueScreen","provider","clinical-staff","offline edge; provider offline mode","Mobile screen in provider-app","FACILITY_WALK_IN:Offline Clinical Queue","offline-clinical-queue","offline-sync-service; offline-edge-service; pct-service; experience-bff","/internal/v1/mobile/*","","mobile-trust-headers","offline queue; sync state","offline.sync.*","","apps/mobile/provider-app/src/screens/offline/LocalQueueScreen.tsx","expected","provider-patient-encounter; integration-sync-replay","","Provider works offline, syncs without data loss","mapped-to-core-transaction","partial","apps/mobile/provider-app/src/screens/offline/LocalQueueScreen.tsx","@impilo/mobile-api-client"
"mobile-screen","provider-app:OfflineDashboardScreen","provider","clinical-staff","offline edge; provider offline mode","Mobile screen in provider-app","FACILITY_WALK_IN:Offline Clinical Queue","offline-clinical-queue","offline-sync-service; offline-edge-service; pct-service; experience-bff","/internal/v1/mobile/*","","mobile-trust-headers","offline queue; sync state","offline.sync.*","","apps/mobile/provider-app/src/screens/offline/OfflineDashboardScreen.tsx","expected","provider-patient-encounter; integration-sync-replay","","Provider works offline, syncs without data loss","mapped-to-core-transaction","partial","apps/mobile/provider-app/src/screens/offline/OfflineDashboardScreen.tsx","@impilo/mobile-api-client"
"mobile-screen","provider-app:FollowUpScreen","community-health-worker","clinical-staff","field outreach mode","Mobile screen in provider-app","COMMUNITY_OUTREACH:Public Health / CHW Outreach","public-health-outreach","community-service; surveillance-service; campaigns-service; indawo-service; experience-bff","/internal/v1/mobile/*","","mobile-trust-headers","outreach visits; screening data","campaigns-outbound","","apps/mobile/provider-app/src/screens/outreach/FollowUpScreen.tsx","expected","surveillance-outbreak; reporting-dashboard","","CHW records outreach visit on mobile","mapped-to-core-transaction","partial","apps/mobile/provider-app/src/screens/outreach/FollowUpScreen.tsx","@impilo/mobile-api-client"
"mobile-screen","provider-app:HouseholdListScreen","community-health-worker","clinical-staff","field outreach mode","Mobile screen in provider-app","COMMUNITY_OUTREACH:Public Health / CHW Outreach","public-health-outreach","community-service; surveillance-service; campaigns-service; indawo-service; experience-bff","/internal/v1/mobile/*","","mobile-trust-headers","outreach visits; screening data","campaigns-outbound","","apps/mobile/provider-app/src/screens/outreach/HouseholdListScreen.tsx","expected","surveillance-outbreak; reporting-dashboard","","CHW records outreach visit on mobile","mapped-to-core-transaction","partial","apps/mobile/provider-app/src/screens/outreach/HouseholdListScreen.tsx","@impilo/mobile-api-client"
"mobile-screen","provider-app:OutreachDashboardScreen","community-health-worker","clinical-staff","field outreach mode","Mobile screen in provider-app","COMMUNITY_OUTREACH:Public Health / CHW Outreach","public-health-outreach","community-service; surveillance-service; campaigns-service; indawo-service; experience-bff","/internal/v1/mobile/*","","mobile-trust-headers","outreach visits; screening data","campaigns-outbound","","apps/mobile/provider-app/src/screens/outreach/OutreachDashboardScreen.tsx","expected","surveillance-outbreak; reporting-dashboard","","CHW records outreach visit on mobile","mapped-to-core-transaction","partial","apps/mobile/provider-app/src/screens/outreach/OutreachDashboardScreen.tsx","@impilo/mobile-api-client"
"mobile-screen","provider-app:ScreeningScreen","community-health-worker","clinical-staff","field outreach mode","Mobile screen in provider-app","COMMUNITY_OUTREACH:Public Health / CHW Outreach","public-health-outreach","community-service; surveillance-service; campaigns-service; indawo-service; experience-bff","/internal/v1/mobile/*","","mobile-trust-headers","outreach visits; screening data","campaigns-outbound","","apps/mobile/provider-app/src/screens/outreach/ScreeningScreen.tsx","expected","surveillance-outbreak; reporting-dashboard","","CHW records outreach visit on mobile","mapped-to-core-transaction","partial","apps/mobile/provider-app/src/screens/outreach/ScreeningScreen.tsx","@impilo/mobile-api-client"
"mobile-screen","provider-app:APGARScreen","provider","clinical-staff","regulated facility operating model","Mobile screen in provider-app","ADMINISTRATIVE_HEALTH:Facility Context Selection","facility-context-selection","tuso-service; experience-bff","/internal/v1/mobile/*","","mobile-trust-headers","facility registry; workspace bindings","facility.context.selected","","apps/mobile/provider-app/src/screens/provider/APGARScreen.tsx","expected","workspace-context-selection; queue-walk-in","","Provider selects facility; queue and EHR routes become available","mapped-to-core-transaction","coherent","apps/mobile/provider-app/src/screens/provider/APGARScreen.tsx","@impilo/mobile-api-client"
"mobile-screen","provider-app:ActivityFeedScreen","provider","clinical-staff","regulated facility operating model","Mobile screen in provider-app","ADMINISTRATIVE_HEALTH:Facility Context Selection","facility-context-selection","tuso-service; experience-bff","/internal/v1/mobile/*","","mobile-trust-headers","facility registry; workspace bindings","facility.context.selected","","apps/mobile/provider-app/src/screens/provider/ActivityFeedScreen.tsx","expected","workspace-context-selection; queue-walk-in","","Provider selects facility; queue and EHR routes become available","mapped-to-core-transaction","coherent","apps/mobile/provider-app/src/screens/provider/ActivityFeedScreen.tsx","@impilo/mobile-api-client"
"mobile-screen","provider-app:AdminRegistryHubScreen","provider","clinical-staff","regulated facility operating model","Mobile screen in provider-app","ADMINISTRATIVE_HEALTH:Facility Context Selection","facility-context-selection","tuso-service; experience-bff","/internal/v1/mobile/*","","mobile-trust-headers","facility registry; workspace bindings","facility.context.selected","","apps/mobile/provider-app/src/screens/provider/AdminRegistryHubScreen.tsx","expected","workspace-context-selection; queue-walk-in","","Provider selects facility; queue and EHR routes become available","mapped-to-core-transaction","coherent","apps/mobile/provider-app/src/screens/provider/AdminRegistryHubScreen.tsx","@impilo/mobile-api-client"
"mobile-screen","provider-app:AssistedCommunicationPreferencesScreen","provider","clinical-staff","regulated facility operating model","Mobile screen in provider-app","ADMINISTRATIVE_HEALTH:Facility Context Selection","facility-context-selection","tuso-service; experience-bff","/internal/v1/mobile/*","","mobile-trust-headers","facility registry; workspace bindings","facility.context.selected","","apps/mobile/provider-app/src/screens/provider/AssistedCommunicationPreferencesScreen.tsx","expected","workspace-context-selection; queue-walk-in","","Provider selects facility; queue and EHR routes become available","mapped-to-core-transaction","coherent","apps/mobile/provider-app/src/screens/provider/AssistedCommunicationPreferencesScreen.tsx","@impilo/mobile-api-client"
"mobile-screen","provider-app:BedManagementScreen","provider","clinical-staff","regulated facility operating model","Mobile screen in provider-app","ADMINISTRATIVE_HEALTH:Facility Context Selection","facility-context-selection","tuso-service; experience-bff","/internal/v1/mobile/*","","mobile-trust-headers","facility registry; workspace bindings","facility.context.selected","","apps/mobile/provider-app/src/screens/provider/BedManagementScreen.tsx","expected","workspace-context-selection; queue-walk-in","","Provider selects facility; queue and EHR routes become available","mapped-to-core-transaction","coherent","apps/mobile/provider-app/src/screens/provider/BedManagementScreen.tsx","@impilo/mobile-api-client"
"mobile-screen","provider-app:BillingScreen","provider","clinical-staff","regulated facility operating model","Mobile screen in provider-app","ADMINISTRATIVE_HEALTH:Facility Context Selection","facility-context-selection","tuso-service; experience-bff","/internal/v1/mobile/*","","mobile-trust-headers","facility registry; workspace bindings","facility.context.selected","","apps/mobile/provider-app/src/screens/provider/BillingScreen.tsx","expected","workspace-context-selection; queue-walk-in","","Provider selects facility; queue and EHR routes become available","mapped-to-core-transaction","coherent","apps/mobile/provider-app/src/screens/provider/BillingScreen.tsx","@impilo/mobile-api-client"
"mobile-screen","provider-app:CarePlanDetailScreen","provider","clinical-staff","regulated facility operating model","Mobile screen in provider-app","ADMINISTRATIVE_HEALTH:Facility Context Selection","facility-context-selection","tuso-service; experience-bff","/internal/v1/mobile/*","","mobile-trust-headers","facility registry; workspace bindings","facility.context.selected","","apps/mobile/provider-app/src/screens/provider/CarePlanDetailScreen.tsx","expected","workspace-context-selection; queue-walk-in","","Provider selects facility; queue and EHR routes become available","mapped-to-core-transaction","coherent","apps/mobile/provider-app/src/screens/provider/CarePlanDetailScreen.tsx","@impilo/mobile-api-client"
"mobile-screen","provider-app:ClinicalToolsScreen","provider","clinical-staff","regulated facility operating model","Mobile screen in provider-app","ADMINISTRATIVE_HEALTH:Facility Context Selection","facility-context-selection","tuso-service; experience-bff","/internal/v1/mobile/*","","mobile-trust-headers","facility registry; workspace bindings","facility.context.selected","","apps/mobile/provider-app/src/screens/provider/ClinicalToolsScreen.tsx","expected","workspace-context-selection; queue-walk-in","","Provider selects facility; queue and EHR routes become available","mapped-to-core-transaction","coherent","apps/mobile/provider-app/src/screens/provider/ClinicalToolsScreen.tsx","@impilo/mobile-api-client"
"mobile-screen","provider-app:CoreTransactionJourneyShellScreen","provider","clinical-staff","regulated facility operating model","Mobile screen in provider-app","ADMINISTRATIVE_HEALTH:Facility Context Selection","facility-context-selection","tuso-service; experience-bff","/internal/v1/mobile/*","","mobile-trust-headers","facility registry; workspace bindings","facility.context.selected","","apps/mobile/provider-app/src/screens/provider/CoreTransactionJourneyShellScreen.tsx","expected","workspace-context-selection; queue-walk-in","","Provider selects facility; queue and EHR routes become available","mapped-to-core-transaction","coherent","apps/mobile/provider-app/src/screens/provider/CoreTransactionJourneyShellScreen.tsx","@impilo/mobile-api-client"
"mobile-screen","provider-app:CriticalEventScreen","provider","clinical-staff","regulated facility operating model","Mobile screen in provider-app","ADMINISTRATIVE_HEALTH:Facility Context Selection","facility-context-selection","tuso-service; experience-bff","/internal/v1/mobile/*","","mobile-trust-headers","facility registry; workspace bindings","facility.context.selected","","apps/mobile/provider-app/src/screens/provider/CriticalEventScreen.tsx","expected","workspace-context-selection; queue-walk-in","","Provider selects facility; queue and EHR routes become available","mapped-to-core-transaction","coherent","apps/mobile/provider-app/src/screens/provider/CriticalEventScreen.tsx","@impilo/mobile-api-client"
"mobile-screen","provider-app:DeveloperHubScreen","provider","clinical-staff","regulated facility operating model","Mobile screen in provider-app","ADMINISTRATIVE_HEALTH:Facility Context Selection","facility-context-selection","tuso-service; experience-bff","/internal/v1/mobile/*","","mobile-trust-headers","facility registry; workspace bindings","facility.context.selected","","apps/mobile/provider-app/src/screens/provider/DeveloperHubScreen.tsx","expected","workspace-context-selection; queue-walk-in","","Provider selects facility; queue and EHR routes become available","mapped-to-core-transaction","coherent","apps/mobile/provider-app/src/screens/provider/DeveloperHubScreen.tsx","@impilo/mobile-api-client"
"mobile-screen","provider-app:DiagnosisPanel","provider","clinical-staff","regulated facility operating model","Mobile screen in provider-app","ADMINISTRATIVE_HEALTH:Facility Context Selection","facility-context-selection","tuso-service; experience-bff","/internal/v1/mobile/*","","mobile-trust-headers","facility registry; workspace bindings","facility.context.selected","","apps/mobile/provider-app/src/screens/provider/DiagnosisPanel.tsx","expected","workspace-context-selection; queue-walk-in","","Provider selects facility; queue and EHR routes become available","mapped-to-core-transaction","coherent","apps/mobile/provider-app/src/screens/provider/DiagnosisPanel.tsx","@impilo/mobile-api-client"
"mobile-screen","provider-app:DischargeClearanceScreen","provider","clinical-staff","regulated facility operating model","Mobile screen in provider-app","ADMINISTRATIVE_HEALTH:Facility Context Selection","facility-context-selection","tuso-service; experience-bff","/internal/v1/mobile/*","","mobile-trust-headers","facility registry; workspace bindings","facility.context.selected","","apps/mobile/provider-app/src/screens/provider/DischargeClearanceScreen.tsx","expected","workspace-context-selection; queue-walk-in","","Provider selects facility; queue and EHR routes become available","mapped-to-core-transaction","coherent","apps/mobile/provider-app/src/screens/provider/DischargeClearanceScreen.tsx","@impilo/mobile-api-client"
"mobile-screen","provider-app:DischargeScreen","provider","clinical-staff","regulated facility operating model","Mobile screen in provider-app","ADMINISTRATIVE_HEALTH:Facility Context Selection","facility-context-selection","tuso-service; experience-bff","/internal/v1/mobile/*","","mobile-trust-headers","facility registry; workspace bindings","facility.context.selected","","apps/mobile/provider-app/src/screens/provider/DischargeScreen.tsx","expected","workspace-context-selection; queue-walk-in","","Provider selects facility; queue and EHR routes become available","mapped-to-core-transaction","coherent","apps/mobile/provider-app/src/screens/provider/DischargeScreen.tsx","@impilo/mobile-api-client"
"mobile-screen","provider-app:EncounterScreen","provider","clinical-staff","regulated facility operating model","Mobile screen in provider-app","ADMINISTRATIVE_HEALTH:Facility Context Selection","facility-context-selection","tuso-service; experience-bff","/internal/v1/mobile/*","","mobile-trust-headers","facility registry; workspace bindings","facility.context.selected","","apps/mobile/provider-app/src/screens/provider/EncounterScreen.tsx","expected","workspace-context-selection; queue-walk-in","","Provider selects facility; queue and EHR routes become available","mapped-to-core-transaction","coherent","apps/mobile/provider-app/src/screens/provider/EncounterScreen.tsx","@impilo/mobile-api-client"
"mobile-screen","provider-app:FacilityAdminScreen","provider","clinical-staff","regulated facility operating model","Mobile screen in provider-app","ADMINISTRATIVE_HEALTH:Facility Context Selection","facility-context-selection","tuso-service; experience-bff","/internal/v1/mobile/*","","mobile-trust-headers","facility registry; workspace bindings","facility.context.selected","","apps/mobile/provider-app/src/screens/provider/FacilityAdminScreen.tsx","expected","workspace-context-selection; queue-walk-in","","Provider selects facility; queue and EHR routes become available","mapped-to-core-transaction","coherent","apps/mobile/provider-app/src/screens/provider/FacilityAdminScreen.tsx","@impilo/mobile-api-client"
"mobile-screen","provider-app:FinanceOverviewScreen","provider","clinical-staff","regulated facility operating model","Mobile screen in provider-app","ADMINISTRATIVE_HEALTH:Facility Context Selection","facility-context-selection","tuso-service; experience-bff","/internal/v1/mobile/*","","mobile-trust-headers","facility registry; workspace bindings","facility.context.selected","","apps/mobile/provider-app/src/screens/provider/FinanceOverviewScreen.tsx","expected","workspace-context-selection; queue-walk-in","","Provider selects facility; queue and EHR routes become available","mapped-to-core-transaction","coherent","apps/mobile/provider-app/src/screens/provider/FinanceOverviewScreen.tsx","@impilo/mobile-api-client"
"mobile-screen","provider-app:FundoLearningShellScreen","provider","clinical-staff","regulated facility operating model","Mobile screen in provider-app","ADMINISTRATIVE_HEALTH:Facility Context Selection","facility-context-selection","tuso-service; experience-bff","/internal/v1/mobile/*","","mobile-trust-headers","facility registry; workspace bindings","facility.context.selected","","apps/mobile/provider-app/src/screens/provider/FundoLearningShellScreen.tsx","expected","workspace-context-selection; queue-walk-in","","Provider selects facility; queue and EHR routes become available","mapped-to-core-transaction","coherent","apps/mobile/provider-app/src/screens/provider/FundoLearningShellScreen.tsx","@impilo/mobile-api-client"
"mobile-screen","provider-app:HealthOsAppsScreen","provider","clinical-staff","regulated facility operating model","Mobile screen in provider-app","ADMINISTRATIVE_HEALTH:Facility Context Selection","facility-context-selection","tuso-service; experience-bff","/internal/v1/mobile/*","","mobile-trust-headers","facility registry; workspace bindings","facility.context.selected","","apps/mobile/provider-app/src/screens/provider/HealthOsAppsScreen.tsx","expected","workspace-context-selection; queue-walk-in","","Provider selects facility; queue and EHR routes become available","mapped-to-core-transaction","coherent","apps/mobile/provider-app/src/screens/provider/HealthOsAppsScreen.tsx","@impilo/mobile-api-client"
"mobile-screen","provider-app:InpatientScreen","provider","clinical-staff","regulated facility operating model","Mobile screen in provider-app","ADMINISTRATIVE_HEALTH:Facility Context Selection","facility-context-selection","tuso-service; experience-bff","/internal/v1/mobile/*","","mobile-trust-headers","facility registry; workspace bindings","facility.context.selected","","apps/mobile/provider-app/src/screens/provider/InpatientScreen.tsx","expected","workspace-context-selection; queue-walk-in","","Provider selects facility; queue and EHR routes become available","mapped-to-core-transaction","coherent","apps/mobile/provider-app/src/screens/provider/InpatientScreen.tsx","@impilo/mobile-api-client"
"mobile-screen","provider-app:LabHubScreen","provider","clinical-staff","regulated facility operating model","Mobile screen in provider-app","ADMINISTRATIVE_HEALTH:Facility Context Selection","facility-context-selection","tuso-service; experience-bff","/internal/v1/mobile/*","","mobile-trust-headers","facility registry; workspace bindings","facility.context.selected","","apps/mobile/provider-app/src/screens/provider/LabHubScreen.tsx","expected","workspace-context-selection; queue-walk-in","","Provider selects facility; queue and EHR routes become available","mapped-to-core-transaction","coherent","apps/mobile/provider-app/src/screens/provider/LabHubScreen.tsx","@impilo/mobile-api-client"
"mobile-screen","provider-app:LabOrderPanel","provider","clinical-staff","regulated facility operating model","Mobile screen in provider-app","ADMINISTRATIVE_HEALTH:Facility Context Selection","facility-context-selection","tuso-service; experience-bff","/internal/v1/mobile/*","","mobile-trust-headers","facility registry; workspace bindings","facility.context.selected","","apps/mobile/provider-app/src/screens/provider/LabOrderPanel.tsx","expected","workspace-context-selection; queue-walk-in","","Provider selects facility; queue and EHR routes become available","mapped-to-core-transaction","coherent","apps/mobile/provider-app/src/screens/provider/LabOrderPanel.tsx","@impilo/mobile-api-client"
"mobile-screen","provider-app:LiveKitMobileConsultRoom","provider","clinical-staff","regulated facility operating model","Mobile screen in provider-app","ADMINISTRATIVE_HEALTH:Facility Context Selection","facility-context-selection","tuso-service; experience-bff","/internal/v1/mobile/*","","mobile-trust-headers","facility registry; workspace bindings","facility.context.selected","","apps/mobile/provider-app/src/screens/provider/LiveKitMobileConsultRoom.tsx","expected","workspace-context-selection; queue-walk-in","","Provider selects facility; queue and EHR routes become available","mapped-to-core-transaction","coherent","apps/mobile/provider-app/src/screens/provider/LiveKitMobileConsultRoom.tsx","@impilo/mobile-api-client"
"mobile-screen","provider-app:MarketplaceOpsScreen","provider","clinical-staff","regulated facility operating model","Mobile screen in provider-app","ADMINISTRATIVE_HEALTH:Facility Context Selection","facility-context-selection","tuso-service; experience-bff","/internal/v1/mobile/*","","mobile-trust-headers","facility registry; workspace bindings","facility.context.selected","","apps/mobile/provider-app/src/screens/provider/MarketplaceOpsScreen.tsx","expected","workspace-context-selection; queue-walk-in","","Provider selects facility; queue and EHR routes become available","mapped-to-core-transaction","coherent","apps/mobile/provider-app/src/screens/provider/MarketplaceOpsScreen.tsx","@impilo/mobile-api-client"
"mobile-screen","provider-app:MessagingScreen","provider","clinical-staff","regulated facility operating model","Mobile screen in provider-app","ADMINISTRATIVE_HEALTH:Facility Context Selection","facility-context-selection","tuso-service; experience-bff","/internal/v1/mobile/*","","mobile-trust-headers","facility registry; workspace bindings","facility.context.selected","","apps/mobile/provider-app/src/screens/provider/MessagingScreen.tsx","expected","workspace-context-selection; queue-walk-in","","Provider selects facility; queue and EHR routes become available","mapped-to-core-transaction","coherent","apps/mobile/provider-app/src/screens/provider/MessagingScreen.tsx","@impilo/mobile-api-client"
"mobile-screen","provider-app:NEWS2ScoringScreen","provider","clinical-staff","regulated facility operating model","Mobile screen in provider-app","ADMINISTRATIVE_HEALTH:Facility Context Selection","facility-context-selection","tuso-service; experience-bff","/internal/v1/mobile/*","","mobile-trust-headers","facility registry; workspace bindings","facility.context.selected","","apps/mobile/provider-app/src/screens/provider/NEWS2ScoringScreen.tsx","expected","workspace-context-selection; queue-walk-in","","Provider selects facility; queue and EHR routes become available","mapped-to-core-transaction","coherent","apps/mobile/provider-app/src/screens/provider/NEWS2ScoringScreen.tsx","@impilo/mobile-api-client"
"mobile-screen","provider-app:NotesPanel","provider","clinical-staff","regulated facility operating model","Mobile screen in provider-app","ADMINISTRATIVE_HEALTH:Facility Context Selection","facility-context-selection","tuso-service; experience-bff","/internal/v1/mobile/*","","mobile-trust-headers","facility registry; workspace bindings","facility.context.selected","","apps/mobile/provider-app/src/screens/provider/NotesPanel.tsx","expected","workspace-context-selection; queue-walk-in","","Provider selects facility; queue and EHR routes become available","mapped-to-core-transaction","coherent","apps/mobile/provider-app/src/screens/provider/NotesPanel.tsx","@impilo/mobile-api-client"
"mobile-screen","provider-app:OpsReportsHubScreen","provider","clinical-staff","regulated facility operating model","Mobile screen in provider-app","ADMINISTRATIVE_HEALTH:Facility Context Selection","facility-context-selection","tuso-service; experience-bff","/internal/v1/mobile/*","","mobile-trust-headers","facility registry; workspace bindings","facility.context.selected","","apps/mobile/provider-app/src/screens/provider/OpsReportsHubScreen.tsx","expected","workspace-context-selection; queue-walk-in","","Provider selects facility; queue and EHR routes become available","mapped-to-core-transaction","coherent","apps/mobile/provider-app/src/screens/provider/OpsReportsHubScreen.tsx","@impilo/mobile-api-client"
"mobile-screen","provider-app:PACSViewerScreen","provider","clinical-staff","regulated facility operating model","Mobile screen in provider-app","ADMINISTRATIVE_HEALTH:Facility Context Selection","facility-context-selection","tuso-service; experience-bff","/internal/v1/mobile/*","","mobile-trust-headers","facility registry; workspace bindings","facility.context.selected","","apps/mobile/provider-app/src/screens/provider/PACSViewerScreen.tsx","expected","workspace-context-selection; queue-walk-in","","Provider selects facility; queue and EHR routes become available","mapped-to-core-transaction","coherent","apps/mobile/provider-app/src/screens/provider/PACSViewerScreen.tsx","@impilo/mobile-api-client"
"mobile-screen","provider-app:PatientLookupScreen","provider","clinical-staff","regulated facility operating model","Mobile screen in provider-app","ADMINISTRATIVE_HEALTH:Facility Context Selection","facility-context-selection","tuso-service; experience-bff","/internal/v1/mobile/*","","mobile-trust-headers","facility registry; workspace bindings","facility.context.selected","","apps/mobile/provider-app/src/screens/provider/PatientLookupScreen.tsx","expected","workspace-context-selection; queue-walk-in","","Provider selects facility; queue and EHR routes become available","mapped-to-core-transaction","coherent","apps/mobile/provider-app/src/screens/provider/PatientLookupScreen.tsx","@impilo/mobile-api-client"
"mobile-screen","provider-app:PatientRegistrationScreen","provider","clinical-staff","regulated facility operating model","Mobile screen in provider-app","ADMINISTRATIVE_HEALTH:Facility Context Selection","facility-context-selection","tuso-service; experience-bff","/internal/v1/mobile/*","","mobile-trust-headers","facility registry; workspace bindings","facility.context.selected","","apps/mobile/provider-app/src/screens/provider/PatientRegistrationScreen.tsx","expected","workspace-context-selection; queue-walk-in","","Provider selects facility; queue and EHR routes become available","mapped-to-core-transaction","coherent","apps/mobile/provider-app/src/screens/provider/PatientRegistrationScreen.tsx","@impilo/mobile-api-client"
"mobile-screen","provider-app:PharmacyDispensingScreen","provider","clinical-staff","regulated facility operating model","Mobile screen in provider-app","ADMINISTRATIVE_HEALTH:Facility Context Selection","facility-context-selection","tuso-service; experience-bff","/internal/v1/mobile/*","","mobile-trust-headers","facility registry; workspace bindings","facility.context.selected","","apps/mobile/provider-app/src/screens/provider/PharmacyDispensingScreen.tsx","expected","workspace-context-selection; queue-walk-in","","Provider selects facility; queue and EHR routes become available","mapped-to-core-transaction","coherent","apps/mobile/provider-app/src/screens/provider/PharmacyDispensingScreen.tsx","@impilo/mobile-api-client"
"mobile-screen","provider-app:PharmacyHubScreen","provider","clinical-staff","regulated facility operating model","Mobile screen in provider-app","ADMINISTRATIVE_HEALTH:Facility Context Selection","facility-context-selection","tuso-service; experience-bff","/internal/v1/mobile/*","","mobile-trust-headers","facility registry; workspace bindings","facility.context.selected","","apps/mobile/provider-app/src/screens/provider/PharmacyHubScreen.tsx","expected","workspace-context-selection; queue-walk-in","","Provider selects facility; queue and EHR routes become available","mapped-to-core-transaction","coherent","apps/mobile/provider-app/src/screens/provider/PharmacyHubScreen.tsx","@impilo/mobile-api-client"
"mobile-screen","provider-app:PrescriptionPanel","provider","clinical-staff","regulated facility operating model","Mobile screen in provider-app","ADMINISTRATIVE_HEALTH:Facility Context Selection","facility-context-selection","tuso-service; experience-bff","/internal/v1/mobile/*","","mobile-trust-headers","facility registry; workspace bindings","facility.context.selected","","apps/mobile/provider-app/src/screens/provider/PrescriptionPanel.tsx","expected","workspace-context-selection; queue-walk-in","","Provider selects facility; queue and EHR routes become available","mapped-to-core-transaction","coherent","apps/mobile/provider-app/src/screens/provider/PrescriptionPanel.tsx","@impilo/mobile-api-client"
"mobile-screen","provider-app:ProductionReadinessJourneyScreen","provider","clinical-staff","regulated facility operating model","Mobile screen in provider-app","ADMINISTRATIVE_HEALTH:Facility Context Selection","facility-context-selection","tuso-service; experience-bff","/internal/v1/mobile/*","","mobile-trust-headers","facility registry; workspace bindings","facility.context.selected","","apps/mobile/provider-app/src/screens/provider/ProductionReadinessJourneyScreen.tsx","expected","workspace-context-selection; queue-walk-in","","Provider selects facility; queue and EHR routes become available","mapped-to-core-transaction","coherent","apps/mobile/provider-app/src/screens/provider/ProductionReadinessJourneyScreen.tsx","@impilo/mobile-api-client"
"mobile-screen","provider-app:ProfessionalChannelsHubScreen","provider","clinical-staff","regulated facility operating model","Mobile screen in provider-app","ADMINISTRATIVE_HEALTH:Facility Context Selection","facility-context-selection","tuso-service; experience-bff","/internal/v1/mobile/*","","mobile-trust-headers","facility registry; workspace bindings","facility.context.selected","","apps/mobile/provider-app/src/screens/provider/ProfessionalChannelsHubScreen.tsx","expected","workspace-context-selection; queue-walk-in","","Provider selects facility; queue and EHR routes become available","mapped-to-core-transaction","coherent","apps/mobile/provider-app/src/screens/provider/ProfessionalChannelsHubScreen.tsx","@impilo/mobile-api-client"
"mobile-screen","provider-app:ProfessionalProfileScreen","provider","clinical-staff","regulated facility operating model","Mobile screen in provider-app","ADMINISTRATIVE_HEALTH:Facility Context Selection","facility-context-selection","tuso-service; experience-bff","/internal/v1/mobile/*","","mobile-trust-headers","facility registry; workspace bindings","facility.context.selected","","apps/mobile/provider-app/src/screens/provider/ProfessionalProfileScreen.tsx","expected","workspace-context-selection; queue-walk-in","","Provider selects facility; queue and EHR routes become available","mapped-to-core-transaction","coherent","apps/mobile/provider-app/src/screens/provider/ProfessionalProfileScreen.tsx","@impilo/mobile-api-client"
"mobile-screen","provider-app:ProfessionalSettingsHubScreen","provider","clinical-staff","regulated facility operating model","Mobile screen in provider-app","ADMINISTRATIVE_HEALTH:Facility Context Selection","facility-context-selection","tuso-service; experience-bff","/internal/v1/mobile/*","","mobile-trust-headers","facility registry; workspace bindings","facility.context.selected","","apps/mobile/provider-app/src/screens/provider/ProfessionalSettingsHubScreen.tsx","expected","workspace-context-selection; queue-walk-in","","Provider selects facility; queue and EHR routes become available","mapped-to-core-transaction","coherent","apps/mobile/provider-app/src/screens/provider/ProfessionalSettingsHubScreen.tsx","@impilo/mobile-api-client"
"mobile-screen","provider-app:ProviderDashboardScreen","provider","clinical-staff","regulated facility operating model","Mobile screen in provider-app","ADMINISTRATIVE_HEALTH:Facility Context Selection","facility-context-selection","tuso-service; experience-bff","/internal/v1/mobile/*","","mobile-trust-headers","facility registry; workspace bindings","facility.context.selected","","apps/mobile/provider-app/src/screens/provider/ProviderDashboardScreen.tsx","expected","workspace-context-selection; queue-walk-in","","Provider selects facility; queue and EHR routes become available","mapped-to-core-transaction","coherent","apps/mobile/provider-app/src/screens/provider/ProviderDashboardScreen.tsx","@impilo/mobile-api-client"
"mobile-screen","provider-app:ProviderSocialScreen","provider","clinical-staff","regulated facility operating model","Mobile screen in provider-app","ADMINISTRATIVE_HEALTH:Facility Context Selection","facility-context-selection","tuso-service; experience-bff","/internal/v1/mobile/*","","mobile-trust-headers","facility registry; workspace bindings","facility.context.selected","","apps/mobile/provider-app/src/screens/provider/ProviderSocialScreen.tsx","expected","workspace-context-selection; queue-walk-in","","Provider selects facility; queue and EHR routes become available","mapped-to-core-transaction","coherent","apps/mobile/provider-app/src/screens/provider/ProviderSocialScreen.tsx","@impilo/mobile-api-client"
"mobile-screen","provider-app:PublicHealthFieldTasksScreen","provider","clinical-staff","regulated facility operating model","Mobile screen in provider-app","ADMINISTRATIVE_HEALTH:Facility Context Selection","facility-context-selection","tuso-service; experience-bff","/internal/v1/mobile/*","","mobile-trust-headers","facility registry; workspace bindings","facility.context.selected","","apps/mobile/provider-app/src/screens/provider/PublicHealthFieldTasksScreen.tsx","expected","workspace-context-selection; queue-walk-in","","Provider selects facility; queue and EHR routes become available","mapped-to-core-transaction","coherent","apps/mobile/provider-app/src/screens/provider/PublicHealthFieldTasksScreen.tsx","@impilo/mobile-api-client"
"mobile-screen","provider-app:QueueManagementScreen","provider","clinical-staff","regulated facility operating model","Mobile screen in provider-app","ADMINISTRATIVE_HEALTH:Facility Context Selection","facility-context-selection","tuso-service; experience-bff","/internal/v1/mobile/*","","mobile-trust-headers","facility registry; workspace bindings","facility.context.selected","","apps/mobile/provider-app/src/screens/provider/QueueManagementScreen.tsx","expected","workspace-context-selection; queue-walk-in","","Provider selects facility; queue and EHR routes become available","mapped-to-core-transaction","coherent","apps/mobile/provider-app/src/screens/provider/QueueManagementScreen.tsx","@impilo/mobile-api-client"
"mobile-screen","provider-app:ReferralPanel","provider","clinical-staff","regulated facility operating model","Mobile screen in provider-app","ADMINISTRATIVE_HEALTH:Facility Context Selection","facility-context-selection","tuso-service; experience-bff","/internal/v1/mobile/*","","mobile-trust-headers","facility registry; workspace bindings","facility.context.selected","","apps/mobile/provider-app/src/screens/provider/ReferralPanel.tsx","expected","workspace-context-selection; queue-walk-in","","Provider selects facility; queue and EHR routes become available","mapped-to-core-transaction","coherent","apps/mobile/provider-app/src/screens/provider/ReferralPanel.tsx","@impilo/mobile-api-client"
"mobile-screen","provider-app:ReportsScreen","provider","clinical-staff","regulated facility operating model","Mobile screen in provider-app","ADMINISTRATIVE_HEALTH:Facility Context Selection","facility-context-selection","tuso-service; experience-bff","/internal/v1/mobile/*","","mobile-trust-headers","facility registry; workspace bindings","facility.context.selected","","apps/mobile/provider-app/src/screens/provider/ReportsScreen.tsx","expected","workspace-context-selection; queue-walk-in","","Provider selects facility; queue and EHR routes become available","mapped-to-core-transaction","coherent","apps/mobile/provider-app/src/screens/provider/ReportsScreen.tsx","@impilo/mobile-api-client"
"mobile-screen","provider-app:ResultsViewScreen","provider","clinical-staff","regulated facility operating model","Mobile screen in provider-app","ADMINISTRATIVE_HEALTH:Facility Context Selection","facility-context-selection","tuso-service; experience-bff","/internal/v1/mobile/*","","mobile-trust-headers","facility registry; workspace bindings","facility.context.selected","","apps/mobile/provider-app/src/screens/provider/ResultsViewScreen.tsx","expected","workspace-context-selection; queue-walk-in","","Provider selects facility; queue and EHR routes become available","mapped-to-core-transaction","coherent","apps/mobile/provider-app/src/screens/provider/ResultsViewScreen.tsx","@impilo/mobile-api-client"
"mobile-screen","provider-app:ResuscitationScreen","provider","clinical-staff","regulated facility operating model","Mobile screen in provider-app","ADMINISTRATIVE_HEALTH:Facility Context Selection","facility-context-selection","tuso-service; experience-bff","/internal/v1/mobile/*","","mobile-trust-headers","facility registry; workspace bindings","facility.context.selected","","apps/mobile/provider-app/src/screens/provider/ResuscitationScreen.tsx","expected","workspace-context-selection; queue-walk-in","","Provider selects facility; queue and EHR routes become available","mapped-to-core-transaction","coherent","apps/mobile/provider-app/src/screens/provider/ResuscitationScreen.tsx","@impilo/mobile-api-client"
"mobile-screen","provider-app:ScheduleScreen","provider","clinical-staff","regulated facility operating model","Mobile screen in provider-app","ADMINISTRATIVE_HEALTH:Facility Context Selection","facility-context-selection","tuso-service; experience-bff","/internal/v1/mobile/*","","mobile-trust-headers","facility registry; workspace bindings","facility.context.selected","","apps/mobile/provider-app/src/screens/provider/ScheduleScreen.tsx","expected","workspace-context-selection; queue-walk-in","","Provider selects facility; queue and EHR routes become available","mapped-to-core-transaction","coherent","apps/mobile/provider-app/src/screens/provider/ScheduleScreen.tsx","@impilo/mobile-api-client"
"mobile-screen","provider-app:ShiftHandoffScreen","provider","clinical-staff","regulated facility operating model","Mobile screen in provider-app","ADMINISTRATIVE_HEALTH:Facility Context Selection","facility-context-selection","tuso-service; experience-bff","/internal/v1/mobile/*","","mobile-trust-headers","facility registry; workspace bindings","facility.context.selected","","apps/mobile/provider-app/src/screens/provider/ShiftHandoffScreen.tsx","expected","workspace-context-selection; queue-walk-in","","Provider selects facility; queue and EHR routes become available","mapped-to-core-transaction","coherent","apps/mobile/provider-app/src/screens/provider/ShiftHandoffScreen.tsx","@impilo/mobile-api-client"
"mobile-screen","provider-app:SpecialtyWorkspacePanel","provider","clinical-staff","regulated facility operating model","Mobile screen in provider-app","ADMINISTRATIVE_HEALTH:Facility Context Selection","facility-context-selection","tuso-service; experience-bff","/internal/v1/mobile/*","","mobile-trust-headers","facility registry; workspace bindings","facility.context.selected","","apps/mobile/provider-app/src/screens/provider/SpecialtyWorkspacePanel.tsx","expected","workspace-context-selection; queue-walk-in","","Provider selects facility; queue and EHR routes become available","mapped-to-core-transaction","coherent","apps/mobile/provider-app/src/screens/provider/SpecialtyWorkspacePanel.tsx","@impilo/mobile-api-client"
"mobile-screen","provider-app:SystemStatusScreen","provider","clinical-staff","regulated facility operating model","Mobile screen in provider-app","ADMINISTRATIVE_HEALTH:Facility Context Selection","facility-context-selection","tuso-service; experience-bff","/internal/v1/mobile/*","","mobile-trust-headers","facility registry; workspace bindings","facility.context.selected","","apps/mobile/provider-app/src/screens/provider/SystemStatusScreen.tsx","expected","workspace-context-selection; queue-walk-in","","Provider selects facility; queue and EHR routes become available","mapped-to-core-transaction","coherent","apps/mobile/provider-app/src/screens/provider/SystemStatusScreen.tsx","@impilo/mobile-api-client"
"mobile-screen","provider-app:TelemedicineScreen","provider","clinical-staff","regulated facility operating model","Mobile screen in provider-app","ADMINISTRATIVE_HEALTH:Facility Context Selection","facility-context-selection","tuso-service; experience-bff","/internal/v1/mobile/*","","mobile-trust-headers","facility registry; workspace bindings","facility.context.selected","","apps/mobile/provider-app/src/screens/provider/TelemedicineScreen.tsx","expected","workspace-context-selection; queue-walk-in","","Provider selects facility; queue and EHR routes become available","mapped-to-core-transaction","coherent","apps/mobile/provider-app/src/screens/provider/TelemedicineScreen.tsx","@impilo/mobile-api-client"
"mobile-screen","provider-app:TraumaScreen","provider","clinical-staff","regulated facility operating model","Mobile screen in provider-app","ADMINISTRATIVE_HEALTH:Facility Context Selection","facility-context-selection","tuso-service; experience-bff","/internal/v1/mobile/*","","mobile-trust-headers","facility registry; workspace bindings","facility.context.selected","","apps/mobile/provider-app/src/screens/provider/TraumaScreen.tsx","expected","workspace-context-selection; queue-walk-in","","Provider selects facility; queue and EHR routes become available","mapped-to-core-transaction","coherent","apps/mobile/provider-app/src/screens/provider/TraumaScreen.tsx","@impilo/mobile-api-client"
"mobile-screen","provider-app:TriageScreen","provider","clinical-staff","regulated facility operating model","Mobile screen in provider-app","ADMINISTRATIVE_HEALTH:Facility Context Selection","facility-context-selection","tuso-service; experience-bff","/internal/v1/mobile/*","","mobile-trust-headers","facility registry; workspace bindings","facility.context.selected","","apps/mobile/provider-app/src/screens/provider/TriageScreen.tsx","expected","workspace-context-selection; queue-walk-in","","Provider selects facility; queue and EHR routes become available","mapped-to-core-transaction","coherent","apps/mobile/provider-app/src/screens/provider/TriageScreen.tsx","@impilo/mobile-api-client"
"mobile-screen","provider-app:VitalsMonitorScreen","provider","clinical-staff","regulated facility operating model","Mobile screen in provider-app","ADMINISTRATIVE_HEALTH:Facility Context Selection","facility-context-selection","tuso-service; experience-bff","/internal/v1/mobile/*","","mobile-trust-headers","facility registry; workspace bindings","facility.context.selected","","apps/mobile/provider-app/src/screens/provider/VitalsMonitorScreen.tsx","expected","workspace-context-selection; queue-walk-in","","Provider selects facility; queue and EHR routes become available","mapped-to-core-transaction","coherent","apps/mobile/provider-app/src/screens/provider/VitalsMonitorScreen.tsx","@impilo/mobile-api-client"
"mobile-screen","provider-app:VitalsPanel","provider","clinical-staff","regulated facility operating model","Mobile screen in provider-app","ADMINISTRATIVE_HEALTH:Facility Context Selection","facility-context-selection","tuso-service; experience-bff","/internal/v1/mobile/*","","mobile-trust-headers","facility registry; workspace bindings","facility.context.selected","","apps/mobile/provider-app/src/screens/provider/VitalsPanel.tsx","expected","workspace-context-selection; queue-walk-in","","Provider selects facility; queue and EHR routes become available","mapped-to-core-transaction","coherent","apps/mobile/provider-app/src/screens/provider/VitalsPanel.tsx","@impilo/mobile-api-client"
"mobile-screen","provider-app:WorkflowDispatchOpsScreen","provider","clinical-staff","regulated facility operating model","Mobile screen in provider-app","ADMINISTRATIVE_HEALTH:Facility Context Selection","facility-context-selection","tuso-service; experience-bff","/internal/v1/mobile/*","","mobile-trust-headers","facility registry; workspace bindings","facility.context.selected","","apps/mobile/provider-app/src/screens/provider/WorkflowDispatchOpsScreen.tsx","expected","workspace-context-selection; queue-walk-in","","Provider selects facility; queue and EHR routes become available","mapped-to-core-transaction","coherent","apps/mobile/provider-app/src/screens/provider/WorkflowDispatchOpsScreen.tsx","@impilo/mobile-api-client"
"mobile-screen","provider-app:EscalationsScreen","provider","clinical-staff","provider-mobile","Mobile screen in provider-app","","","experience-bff","/internal/v1/mobile/*","","mobile-trust-headers","","","","apps/mobile/provider-app/src/screens/supervisor/EscalationsScreen.tsx","expected","","","","unmapped","missing-journey","apps/mobile/provider-app/src/screens/supervisor/EscalationsScreen.tsx","@impilo/mobile-api-client"
"mobile-screen","provider-app:InventoryScreen","provider","clinical-staff","provider-mobile","Mobile screen in provider-app","","","experience-bff","/internal/v1/mobile/*","","mobile-trust-headers","","","","apps/mobile/provider-app/src/screens/supervisor/InventoryScreen.tsx","expected","","","","unmapped","missing-journey","apps/mobile/provider-app/src/screens/supervisor/InventoryScreen.tsx","@impilo/mobile-api-client"
"mobile-screen","provider-app:StockScreen","provider","clinical-staff","provider-mobile","Mobile screen in provider-app","","","experience-bff","/internal/v1/mobile/*","","mobile-trust-headers","","","","apps/mobile/provider-app/src/screens/supervisor/StockScreen.tsx","expected","","","","unmapped","missing-journey","apps/mobile/provider-app/src/screens/supervisor/StockScreen.tsx","@impilo/mobile-api-client"
"mobile-screen","provider-app:SupervisorDashboardScreen","provider","clinical-staff","provider-mobile","Mobile screen in provider-app","","","experience-bff","/internal/v1/mobile/*","","mobile-trust-headers","","","","apps/mobile/provider-app/src/screens/supervisor/SupervisorDashboardScreen.tsx","expected","","","","unmapped","missing-journey","apps/mobile/provider-app/src/screens/supervisor/SupervisorDashboardScreen.tsx","@impilo/mobile-api-client"
"mobile-screen","provider-app:TeamOverviewScreen","provider","clinical-staff","provider-mobile","Mobile screen in provider-app","","","experience-bff","/internal/v1/mobile/*","","mobile-trust-headers","","","","apps/mobile/provider-app/src/screens/supervisor/TeamOverviewScreen.tsx","expected","","","","unmapped","missing-journey","apps/mobile/provider-app/src/screens/supervisor/TeamOverviewScreen.tsx","@impilo/mobile-api-client"
"bff-route","/internal/v1","experience-bff","composition-facade","bff-orchestration","BFF HTTP prefix /internal/v1","Citizen / Client Onboarding","citizen-onboarding","vito-service; tshepo-identity-service; identity-assurance-service; tshepo-consent-service; experience-bff","/internal/v1","","TSHEPO session + ext_authz","","","/auth/register; /auth/register/assurance; /auth/register/status","","n/a","","","","mapped","partial","services/experience-bff",""
"bff-route","/internal/v1/access","experience-bff","composition-facade","bff-orchestration","BFF HTTP prefix /internal/v1/access","","","","/internal/v1/access","","TSHEPO session + ext_authz","","","","","n/a","","","","bff-unmapped","orphan-backend","services/experience-bff",""
"bff-route","/internal/v1/account","experience-bff","composition-facade","bff-orchestration","BFF HTTP prefix /internal/v1/account","","","","/internal/v1/account","","TSHEPO session + ext_authz","","","","","n/a","","","","bff-unmapped","orphan-backend","services/experience-bff",""
"bff-route","/internal/v1/admin/audit","experience-bff","composition-facade","bff-orchestration","BFF HTTP prefix /internal/v1/admin/audit","","","","/internal/v1/admin/audit","","TSHEPO session + ext_authz","","","","","n/a","","","","bff-unmapped","orphan-backend","services/experience-bff",""
"bff-route","/internal/v1/admin/reports/jobs","experience-bff","composition-facade","bff-orchestration","BFF HTTP prefix /internal/v1/admin/reports/jobs","","","","/internal/v1/admin/reports/jobs","","TSHEPO session + ext_authz","","","","","n/a","","","","bff-unmapped","orphan-backend","services/experience-bff",""
"bff-route","/internal/v1/admin/temp-id-review","experience-bff","composition-facade","bff-orchestration","BFF HTTP prefix /internal/v1/admin/temp-id-review","","","","/internal/v1/admin/temp-id-review","","TSHEPO session + ext_authz","","","","","n/a","","","","bff-unmapped","orphan-backend","services/experience-bff",""
"bff-route","/internal/v1/admin/trust","experience-bff","composition-facade","bff-orchestration","BFF HTTP prefix /internal/v1/admin/trust","","","","/internal/v1/admin/trust","","TSHEPO session + ext_authz","","","","","n/a","","","","bff-unmapped","orphan-backend","services/experience-bff",""
"bff-route","/internal/v1/admin/users","experience-bff","composition-facade","bff-orchestration","BFF HTTP prefix /internal/v1/admin/users","","","","/internal/v1/admin/users","","TSHEPO session + ext_authz","","","","","n/a","","","","bff-unmapped","orphan-backend","services/experience-bff",""
"bff-route","/internal/v1/admin/wards","experience-bff","composition-facade","bff-orchestration","BFF HTTP prefix /internal/v1/admin/wards","","","","/internal/v1/admin/wards","","TSHEPO session + ext_authz","","","","","n/a","","","","bff-unmapped","orphan-backend","services/experience-bff",""
"bff-route","/internal/v1/ai-governance","experience-bff","composition-facade","bff-orchestration","BFF HTTP prefix /internal/v1/ai-governance","","","","/internal/v1/ai-governance","","TSHEPO session + ext_authz","","","","","n/a","","","","bff-unmapped","orphan-backend","services/experience-bff",""
"bff-route","/internal/v1/allergies","experience-bff","composition-facade","bff-orchestration","BFF HTTP prefix /internal/v1/allergies","","","","/internal/v1/allergies","","TSHEPO session + ext_authz","","","","","n/a","","","","bff-unmapped","orphan-backend","services/experience-bff",""
"bff-route","/internal/v1/appeals","experience-bff","composition-facade","bff-orchestration","BFF HTTP prefix /internal/v1/appeals","","","","/internal/v1/appeals","","TSHEPO session + ext_authz","","","","","n/a","","","","bff-unmapped","orphan-backend","services/experience-bff",""
"bff-route","/internal/v1/appointments","experience-bff","composition-facade","bff-orchestration","BFF HTTP prefix /internal/v1/appointments","Appointment Scheduling","appointment-scheduling","scheduling-service; tuso-service; notification-service; experience-bff","/internal/v1/appointments","","TSHEPO session + ext_authz","","","/queue/scheduled; /scheduling; /scheduling/noticeboard","","n/a","","","","mapped","partial","services/experience-bff",""
"bff-route","/internal/v1/asset-registry","experience-bff","composition-facade","bff-orchestration","BFF HTTP prefix /internal/v1/asset-registry","","","","/internal/v1/asset-registry","","TSHEPO session + ext_authz","","","","","n/a","","","","bff-unmapped","orphan-backend","services/experience-bff",""
"bff-route","/internal/v1/assistant","experience-bff","composition-facade","bff-orchestration","BFF HTTP prefix /internal/v1/assistant","AI Guidance / Nompilo Assist","ai-guidance-nompilo","guidance-service; llm-orchestration-service; search-service; experience-bff","/internal/v1/assistant","","TSHEPO session + ext_authz","","","/ask; /guidance; /guidance/education","","n/a","","","","mapped","partial","services/experience-bff",""
"bff-route","/internal/v1/beds","experience-bff","composition-facade","bff-orchestration","BFF HTTP prefix /internal/v1/beds","Inpatient Admission Workflow","inpatient-admission","inpatient-service; pct-service; tuso-service; experience-bff","/internal/v1/beds","","TSHEPO session + ext_authz","","","/beds; /ehr/[patientId]; /ehr/[patientId]/advance-directives","","n/a","","","","mapped","partial","services/experience-bff",""
"bff-route","/internal/v1/channels","experience-bff","composition-facade","bff-orchestration","BFF HTTP prefix /internal/v1/channels","","","","/internal/v1/channels","","TSHEPO session + ext_authz","","","","","n/a","","","","bff-unmapped","orphan-backend","services/experience-bff",""
"bff-route","/internal/v1/citizen","experience-bff","composition-facade","bff-orchestration","BFF HTTP prefix /internal/v1/citizen","","","","/internal/v1/citizen","","TSHEPO session + ext_authz","","","","","n/a","","","","bff-unmapped","orphan-backend","services/experience-bff",""
"bff-route","/internal/v1/client-registry","experience-bff","composition-facade","bff-orchestration","BFF HTTP prefix /internal/v1/client-registry","","","","/internal/v1/client-registry","","TSHEPO session + ext_authz","","","","","n/a","","","","bff-unmapped","orphan-backend","services/experience-bff",""
"bff-route","/internal/v1/clinical-documents","experience-bff","composition-facade","bff-orchestration","BFF HTTP prefix /internal/v1/clinical-documents","Document Upload / Scan / Index","document-upload","document-service; landela-adapter-service; experience-bff","/internal/v1/clinical-documents","","TSHEPO session + ext_authz","","","/ehr/[patientId]/documents","","n/a","","","","mapped","partial","services/experience-bff",""
"bff-route","/internal/v1/clinical-notes","experience-bff","composition-facade","bff-orchestration","BFF HTTP prefix /internal/v1/clinical-notes","Outpatient Consultation","outpatient-consultation","pct-service; butano-service; oros-service; pharmacy-service; experience-bff","/internal/v1/clinical-notes","","TSHEPO session + ext_authz","","","/clinical; /clinical-tools; /clinical-tools/forms","","n/a","","","","mapped","partial","services/experience-bff",""
"bff-route","/internal/v1/clinical-tools","experience-bff","composition-facade","bff-orchestration","BFF HTTP prefix /internal/v1/clinical-tools","","","","/internal/v1/clinical-tools","","TSHEPO session + ext_authz","","","","","n/a","","","","bff-unmapped","orphan-backend","services/experience-bff",""
"bff-route","/internal/v1/clinical/curation","experience-bff","composition-facade","bff-orchestration","BFF HTTP prefix /internal/v1/clinical/curation","","","","/internal/v1/clinical/curation","","TSHEPO session + ext_authz","","","","","n/a","","","","bff-unmapped","orphan-backend","services/experience-bff",""
"bff-route","/internal/v1/clinical/shr-artifacts","experience-bff","composition-facade","bff-orchestration","BFF HTTP prefix /internal/v1/clinical/shr-artifacts","","","","/internal/v1/clinical/shr-artifacts","","TSHEPO session + ext_authz","","","","","n/a","","","","bff-unmapped","orphan-backend","services/experience-bff",""
"bff-route","/internal/v1/clinical/source","experience-bff","composition-facade","bff-orchestration","BFF HTTP prefix /internal/v1/clinical/source","","","","/internal/v1/clinical/source","","TSHEPO session + ext_authz","","","","","n/a","","","","bff-unmapped","orphan-backend","services/experience-bff",""
"bff-route","/internal/v1/commerce","experience-bff","composition-facade","bff-orchestration","BFF HTTP prefix /internal/v1/commerce","Marketplace Order","marketplace-order","msika-flow-service; msika-service; mushe-wallet-service; experience-bff","/internal/v1/commerce","","TSHEPO session + ext_authz","","","/marketplace; /marketplace/bookings; /marketplace/cart","","n/a","","","","mapped","partial","services/experience-bff",""
"bff-route","/internal/v1/commerce/ops","experience-bff","composition-facade","bff-orchestration","BFF HTTP prefix /internal/v1/commerce/ops","","","","/internal/v1/commerce/ops","","TSHEPO session + ext_authz","","","","","n/a","","","","bff-unmapped","orphan-backend","services/experience-bff",""
"bff-route","/internal/v1/commerce/vendor","experience-bff","composition-facade","bff-orchestration","BFF HTTP prefix /internal/v1/commerce/vendor","","","","/internal/v1/commerce/vendor","","TSHEPO session + ext_authz","","","","","n/a","","","","bff-unmapped","orphan-backend","services/experience-bff",""
"bff-route","/internal/v1/comms/approval-queue","experience-bff","composition-facade","bff-orchestration","BFF HTTP prefix /internal/v1/comms/approval-queue","","","","/internal/v1/comms/approval-queue","","TSHEPO session + ext_authz","","","","","n/a","","","","bff-unmapped","orphan-backend","services/experience-bff",""
"bff-route","/internal/v1/comms/templates","experience-bff","composition-facade","bff-orchestration","BFF HTTP prefix /internal/v1/comms/templates","","","","/internal/v1/comms/templates","","TSHEPO session + ext_authz","","","","","n/a","","","","bff-unmapped","orphan-backend","services/experience-bff",""
"bff-route","/internal/v1/communication","experience-bff","composition-facade","bff-orchestration","BFF HTTP prefix /internal/v1/communication","Notification & Communications","notification-comms","notification-service; channels-service; community-service; experience-bff","/internal/v1/communication","","TSHEPO session + ext_authz","","","/communication; /communication/secure-messaging; /omnichannel","","n/a","","","","mapped","partial","services/experience-bff",""
"bff-route","/internal/v1/community","experience-bff","composition-facade","bff-orchestration","BFF HTTP prefix /internal/v1/community","Public Health / CHW Outreach","public-health-outreach","community-service; surveillance-service; campaigns-service; indawo-service; experience-bff","/internal/v1/community","","TSHEPO session + ext_authz","","","/public-health; /public-health/campaigns; /public-health/site-registry","","n/a","","","","mapped","partial","services/experience-bff",""
"bff-route","/internal/v1/conditions","experience-bff","composition-facade","bff-orchestration","BFF HTTP prefix /internal/v1/conditions","","","","/internal/v1/conditions","","TSHEPO session + ext_authz","","","","","n/a","","","","bff-unmapped","orphan-backend","services/experience-bff",""
"bff-route","/internal/v1/consent","experience-bff","composition-facade","bff-orchestration","BFF HTTP prefix /internal/v1/consent","Consent Capture","consent-capture","mvumo-service; tshepo-consent-service; experience-bff","/internal/v1/consent","","TSHEPO session + ext_authz","","","/consent; /settings; /settings/account","","n/a","","","","mapped","partial","services/experience-bff",""
"bff-route","/internal/v1/coverage","experience-bff","composition-facade","bff-orchestration","BFF HTTP prefix /internal/v1/coverage","Payment / Billing / Exemption / Claim","payment-billing-claim","costing-engine-service; mushex-service; coverage-service; mushe-wallet-service; experience-bff","/internal/v1/coverage","","TSHEPO session + ext_authz","","","/coverage; /finance; /finance/billing","","n/a","","","","mapped","partial","services/experience-bff",""
"bff-route","/internal/v1/credentials","experience-bff","composition-facade","bff-orchestration","BFF HTTP prefix /internal/v1/credentials","Credential Verification","credential-verification","credential-verification-service; varapi-service; experience-bff","/internal/v1/credentials","","TSHEPO session + ext_authz","","","/verify/credential","","n/a","","","","mapped","partial","services/experience-bff",""
"bff-route","/internal/v1/demo-journeys","experience-bff","composition-facade","bff-orchestration","BFF HTTP prefix /internal/v1/demo-journeys","","","","/internal/v1/demo-journeys","","TSHEPO session + ext_authz","","","","","n/a","","","","bff-unmapped","orphan-backend","services/experience-bff",""
"bff-route","/internal/v1/devices","experience-bff","composition-facade","bff-orchestration","BFF HTTP prefix /internal/v1/devices","","","","/internal/v1/devices","","TSHEPO session + ext_authz","","","","","n/a","","","","bff-unmapped","orphan-backend","services/experience-bff",""
"bff-route","/internal/v1/dispatch","experience-bff","composition-facade","bff-orchestration","BFF HTTP prefix /internal/v1/dispatch","Dispatch / Delivery (NHUME)","dispatch-delivery","dispatch-service; nhume-service; oros-service; experience-bff","/internal/v1/dispatch","","TSHEPO session + ext_authz","","","/nhume; /nhume/analytics; /nhume/autonomous","","n/a","","","","mapped","partial","services/experience-bff",""
"bff-route","/internal/v1/ehr","experience-bff","composition-facade","bff-orchestration","BFF HTTP prefix /internal/v1/ehr","","","","/internal/v1/ehr","","TSHEPO session + ext_authz","","","","","n/a","","","","bff-unmapped","orphan-backend","services/experience-bff",""
"bff-route","/internal/v1/encounters","experience-bff","composition-facade","bff-orchestration","BFF HTTP prefix /internal/v1/encounters","Provider Patient Encounter","provider-patient-encounter","pct-service; butano-service; experience-bff; guidance-service","/internal/v1/encounters","","TSHEPO session + ext_authz","","","/core-transaction; /ehr/[patientId]/encounter/[encounterId]; /ehr/[patientId]/encounters","","n/a","","","","mapped","partial","services/experience-bff",""
"bff-route","/internal/v1/erp/gl","experience-bff","composition-facade","bff-orchestration","BFF HTTP prefix /internal/v1/erp/gl","","","","/internal/v1/erp/gl","","TSHEPO session + ext_authz","","","","","n/a","","","","bff-unmapped","orphan-backend","services/experience-bff",""
"bff-route","/internal/v1/erp/hr","experience-bff","composition-facade","bff-orchestration","BFF HTTP prefix /internal/v1/erp/hr","","","","/internal/v1/erp/hr","","TSHEPO session + ext_authz","","","","","n/a","","","","bff-unmapped","orphan-backend","services/experience-bff",""
"bff-route","/internal/v1/erp/procurement","experience-bff","composition-facade","bff-orchestration","BFF HTTP prefix /internal/v1/erp/procurement","","","","/internal/v1/erp/procurement","","TSHEPO session + ext_authz","","","","","n/a","","","","bff-unmapped","orphan-backend","services/experience-bff",""
"bff-route","/internal/v1/extensions","experience-bff","composition-facade","bff-orchestration","BFF HTTP prefix /internal/v1/extensions","Integration / Sync / Replay","integration-sync-replay","integration-hub; connector-fhir-adapter; fhir-gateway-service; offline-sync-service; experience-bff","/internal/v1/extensions","","TSHEPO session + ext_authz","","","/admin/integration-status; /admin/integration-templates; /developer","","n/a","","","","mapped","partial","services/experience-bff",""
"bff-route","/internal/v1/facilities","experience-bff","composition-facade","bff-orchestration","BFF HTTP prefix /internal/v1/facilities","Workspace / Shift Context Selection","workspace-context-selection","tuso-service; experience-bff","/internal/v1/facilities","","TSHEPO session + ext_authz","","","/facility; /facility/[id]; /shift","","n/a","","","","mapped","partial","services/experience-bff",""
"bff-route","/internal/v1/facility-registry","experience-bff","composition-facade","bff-orchestration","BFF HTTP prefix /internal/v1/facility-registry","","","","/internal/v1/facility-registry","","TSHEPO session + ext_authz","","","","","n/a","","","","bff-unmapped","orphan-backend","services/experience-bff",""
"bff-route","/internal/v1/fhir","experience-bff","composition-facade","bff-orchestration","BFF HTTP prefix /internal/v1/fhir","Integration / Sync / Replay","integration-sync-replay","integration-hub; connector-fhir-adapter; fhir-gateway-service; offline-sync-service; experience-bff","/internal/v1/fhir","","TSHEPO session + ext_authz","","","/admin/integration-status; /admin/integration-templates; /developer","","n/a","","","","mapped","partial","services/experience-bff",""
"bff-route","/internal/v1/finance","experience-bff","composition-facade","bff-orchestration","BFF HTTP prefix /internal/v1/finance","Payment / Billing / Exemption / Claim","payment-billing-claim","costing-engine-service; mushex-service; coverage-service; mushe-wallet-service; experience-bff","/internal/v1/finance","","TSHEPO session + ext_authz","","","/coverage; /finance; /finance/billing","","n/a","","","","mapped","partial","services/experience-bff",""
"bff-route","/internal/v1/finance/billing-workspace","experience-bff","composition-facade","bff-orchestration","BFF HTTP prefix /internal/v1/finance/billing-workspace","","","","/internal/v1/finance/billing-workspace","","TSHEPO session + ext_authz","","","","","n/a","","","","bff-unmapped","orphan-backend","services/experience-bff",""
"bff-route","/internal/v1/finance/budgets","experience-bff","composition-facade","bff-orchestration","BFF HTTP prefix /internal/v1/finance/budgets","","","","/internal/v1/finance/budgets","","TSHEPO session + ext_authz","","","","","n/a","","","","bff-unmapped","orphan-backend","services/experience-bff",""
"bff-route","/internal/v1/finance/costa-intel","experience-bff","composition-facade","bff-orchestration","BFF HTTP prefix /internal/v1/finance/costa-intel","","","","/internal/v1/finance/costa-intel","","TSHEPO session + ext_authz","","","","","n/a","","","","bff-unmapped","orphan-backend","services/experience-bff",""
"bff-route","/internal/v1/finance/documents","experience-bff","composition-facade","bff-orchestration","BFF HTTP prefix /internal/v1/finance/documents","","","","/internal/v1/finance/documents","","TSHEPO session + ext_authz","","","","","n/a","","","","bff-unmapped","orphan-backend","services/experience-bff",""
"bff-route","/internal/v1/finance/ledger","experience-bff","composition-facade","bff-orchestration","BFF HTTP prefix /internal/v1/finance/ledger","","","","/internal/v1/finance/ledger","","TSHEPO session + ext_authz","","","","","n/a","","","","bff-unmapped","orphan-backend","services/experience-bff",""
"bff-route","/internal/v1/finance/mushex-platform","experience-bff","composition-facade","bff-orchestration","BFF HTTP prefix /internal/v1/finance/mushex-platform","","","","/internal/v1/finance/mushex-platform","","TSHEPO session + ext_authz","","","","","n/a","","","","bff-unmapped","orphan-backend","services/experience-bff",""
"bff-route","/internal/v1/finance/patient-accounts","experience-bff","composition-facade","bff-orchestration","BFF HTTP prefix /internal/v1/finance/patient-accounts","","","","/internal/v1/finance/patient-accounts","","TSHEPO session + ext_authz","","","","","n/a","","","","bff-unmapped","orphan-backend","services/experience-bff",""
"bff-route","/internal/v1/finance/payer-claims","experience-bff","composition-facade","bff-orchestration","BFF HTTP prefix /internal/v1/finance/payer-claims","","","","/internal/v1/finance/payer-claims","","TSHEPO session + ext_authz","","","","","n/a","","","","bff-unmapped","orphan-backend","services/experience-bff",""
"bff-route","/internal/v1/finance/payer-ops","experience-bff","composition-facade","bff-orchestration","BFF HTTP prefix /internal/v1/finance/payer-ops","","","","/internal/v1/finance/payer-ops","","TSHEPO session + ext_authz","","","","","n/a","","","","bff-unmapped","orphan-backend","services/experience-bff",""
"bff-route","/internal/v1/finance/payment-plans","experience-bff","composition-facade","bff-orchestration","BFF HTTP prefix /internal/v1/finance/payment-plans","","","","/internal/v1/finance/payment-plans","","TSHEPO session + ext_authz","","","","","n/a","","","","bff-unmapped","orphan-backend","services/experience-bff",""
"bff-route","/internal/v1/finance/reconciliation","experience-bff","composition-facade","bff-orchestration","BFF HTTP prefix /internal/v1/finance/reconciliation","","","","/internal/v1/finance/reconciliation","","TSHEPO session + ext_authz","","","","","n/a","","","","bff-unmapped","orphan-backend","services/experience-bff",""
"bff-route","/internal/v1/finance/refunds","experience-bff","composition-facade","bff-orchestration","BFF HTTP prefix /internal/v1/finance/refunds","","","","/internal/v1/finance/refunds","","TSHEPO session + ext_authz","","","","","n/a","","","","bff-unmapped","orphan-backend","services/experience-bff",""
"bff-route","/internal/v1/finance/reports","experience-bff","composition-facade","bff-orchestration","BFF HTTP prefix /internal/v1/finance/reports","","","","/internal/v1/finance/reports","","TSHEPO session + ext_authz","","","","","n/a","","","","bff-unmapped","orphan-backend","services/experience-bff",""
"bff-route","/internal/v1/finance/service-access-decisions","experience-bff","composition-facade","bff-orchestration","BFF HTTP prefix /internal/v1/finance/service-access-decisions","","","","/internal/v1/finance/service-access-decisions","","TSHEPO session + ext_authz","","","","","n/a","","","","bff-unmapped","orphan-backend","services/experience-bff",""
"bff-route","/internal/v1/finance/settlements","experience-bff","composition-facade","bff-orchestration","BFF HTTP prefix /internal/v1/finance/settlements","","","","/internal/v1/finance/settlements","","TSHEPO session + ext_authz","","","","","n/a","","","","bff-unmapped","orphan-backend","services/experience-bff",""
"bff-route","/internal/v1/governance/access","experience-bff","composition-facade","bff-orchestration","BFF HTTP prefix /internal/v1/governance/access","","","","/internal/v1/governance/access","","TSHEPO session + ext_authz","","","","","n/a","","","","bff-unmapped","orphan-backend","services/experience-bff",""
"bff-route","/internal/v1/growth","experience-bff","composition-facade","bff-orchestration","BFF HTTP prefix /internal/v1/growth","","","","/internal/v1/growth","","TSHEPO session + ext_authz","","","","","n/a","","","","bff-unmapped","orphan-backend","services/experience-bff",""
"bff-route","/internal/v1/guidance","experience-bff","composition-facade","bff-orchestration","BFF HTTP prefix /internal/v1/guidance","AI Guidance / Nompilo Assist","ai-guidance-nompilo","guidance-service; llm-orchestration-service; search-service; experience-bff","/internal/v1/guidance","","TSHEPO session + ext_authz","","","/ask; /guidance; /guidance/education","","n/a","","","","mapped","partial","services/experience-bff",""
"bff-route","/internal/v1/identity","experience-bff","composition-facade","bff-orchestration","BFF HTTP prefix /internal/v1/identity","Citizen / Client Onboarding","citizen-onboarding","vito-service; tshepo-identity-service; identity-assurance-service; tshepo-consent-service; experience-bff","/internal/v1/identity","","TSHEPO session + ext_authz","","","/auth/register; /auth/register/assurance; /auth/register/status","","n/a","","","","mapped","partial","services/experience-bff",""
"bff-route","/internal/v1/identity/assurance","experience-bff","composition-facade","bff-orchestration","BFF HTTP prefix /internal/v1/identity/assurance","","","","/internal/v1/identity/assurance","","TSHEPO session + ext_authz","","","","","n/a","","","","bff-unmapped","orphan-backend","services/experience-bff",""
"bff-route","/internal/v1/identity/biometric/varapi","experience-bff","composition-facade","bff-orchestration","BFF HTTP prefix /internal/v1/identity/biometric/varapi","","","","/internal/v1/identity/biometric/varapi","","TSHEPO session + ext_authz","","","","","n/a","","","","bff-unmapped","orphan-backend","services/experience-bff",""
"bff-route","/internal/v1/identity/biometric/vito","experience-bff","composition-facade","bff-orchestration","BFF HTTP prefix /internal/v1/identity/biometric/vito","","","","/internal/v1/identity/biometric/vito","","TSHEPO session + ext_authz","","","","","n/a","","","","bff-unmapped","orphan-backend","services/experience-bff",""
"bff-route","/internal/v1/identity/providers","experience-bff","composition-facade","bff-orchestration","BFF HTTP prefix /internal/v1/identity/providers","Provider Login & Role Activation","provider-login","tshepo-authz-service; tshepo-identity-service; varapi-service; experience-bff","/internal/v1/identity/providers","","TSHEPO session + ext_authz","","","/auth/login; /auth/login/biometric; /auth/login/email","","n/a","","","","mapped","partial","services/experience-bff",""
"bff-route","/internal/v1/imaging","experience-bff","composition-facade","bff-orchestration","BFF HTTP prefix /internal/v1/imaging","Imaging Order & Result","imaging-order-result","pacs-adapter-service; oros-service; document-service; experience-bff","/internal/v1/imaging","","TSHEPO session + ext_authz","","","/ehr/[patientId]; /ehr/[patientId]/advance-directives; /ehr/[patientId]/allergies","","n/a","","","","mapped","partial","services/experience-bff",""
"bff-route","/internal/v1/immunizations","experience-bff","composition-facade","bff-orchestration","BFF HTTP prefix /internal/v1/immunizations","","","","/internal/v1/immunizations","","TSHEPO session + ext_authz","","","","","n/a","","","","bff-unmapped","orphan-backend","services/experience-bff",""
"bff-route","/internal/v1/inpatient","experience-bff","composition-facade","bff-orchestration","BFF HTTP prefix /internal/v1/inpatient","Inpatient Admission Workflow","inpatient-admission","inpatient-service; pct-service; tuso-service; experience-bff","/internal/v1/inpatient","","TSHEPO session + ext_authz","","","/beds; /ehr/[patientId]; /ehr/[patientId]/advance-directives","","n/a","","","","mapped","partial","services/experience-bff",""
"bff-route","/internal/v1/integration-hub","experience-bff","composition-facade","bff-orchestration","BFF HTTP prefix /internal/v1/integration-hub","Integration / Sync / Replay","integration-sync-replay","integration-hub; connector-fhir-adapter; fhir-gateway-service; offline-sync-service; experience-bff","/internal/v1/integration-hub","","TSHEPO session + ext_authz","","","/admin/integration-status; /admin/integration-templates; /developer","","n/a","","","","mapped","partial","services/experience-bff",""
"bff-route","/internal/v1/intelligence-plane","experience-bff","composition-facade","bff-orchestration","BFF HTTP prefix /internal/v1/intelligence-plane","Data / Report / Dashboard Journey","reporting-dashboard","reporting-service; data-warehouse-service; surveillance-service; experience-bff","/internal/v1/intelligence-plane","","TSHEPO session + ext_authz","","","/data-intelligence; /data-intelligence/audit; /data-intelligence/integration","","n/a","","","","mapped","partial","services/experience-bff",""
"bff-route","/internal/v1/inventory","experience-bff","composition-facade","bff-orchestration","BFF HTTP prefix /internal/v1/inventory","","","","/internal/v1/inventory","","TSHEPO session + ext_authz","","","","","n/a","","","","bff-unmapped","orphan-backend","services/experience-bff",""
"bff-route","/internal/v1/inventory-elmis","experience-bff","composition-facade","bff-orchestration","BFF HTTP prefix /internal/v1/inventory-elmis","","","","/internal/v1/inventory-elmis","","TSHEPO session + ext_authz","","","","","n/a","","","","bff-unmapped","orphan-backend","services/experience-bff",""
"bff-route","/internal/v1/lab-orders","experience-bff","composition-facade","bff-orchestration","BFF HTTP prefix /internal/v1/lab-orders","Lab Order & Result","lab-order-result","oros-service; pct-service; butano-service; experience-bff","/internal/v1/lab-orders","","TSHEPO session + ext_authz","","","/ehr/[patientId]/orders; /ehr/[patientId]/results; /lab","","n/a","","","","mapped","partial","services/experience-bff",""
"bff-route","/internal/v1/labour-monitoring","experience-bff","composition-facade","bff-orchestration","BFF HTTP prefix /internal/v1/labour-monitoring","","","","/internal/v1/labour-monitoring","","TSHEPO session + ext_authz","","","","","n/a","","","","bff-unmapped","orphan-backend","services/experience-bff",""
"bff-route","/internal/v1/learning","experience-bff","composition-facade","bff-orchestration","BFF HTTP prefix /internal/v1/learning","Fundo / Learning Journey","fundo-learning","learning-service; varapi-service; experience-bff","/internal/v1/learning","","TSHEPO session + ext_authz","","","/learning; /learning/admin; /learning/admin/assessments","","n/a","","","","mapped","partial","services/experience-bff",""
"bff-route","/internal/v1/marketplace","experience-bff","composition-facade","bff-orchestration","BFF HTTP prefix /internal/v1/marketplace","Marketplace Order","marketplace-order","msika-flow-service; msika-service; mushe-wallet-service; experience-bff","/internal/v1/marketplace","","TSHEPO session + ext_authz","","","/marketplace; /marketplace/bookings; /marketplace/cart","","n/a","","","","mapped","partial","services/experience-bff",""
"bff-route","/internal/v1/maternity","experience-bff","composition-facade","bff-orchestration","BFF HTTP prefix /internal/v1/maternity","","","","/internal/v1/maternity","","TSHEPO session + ext_authz","","","","","n/a","","","","bff-unmapped","orphan-backend","services/experience-bff",""
"bff-route","/internal/v1/mobile/citizen","experience-bff","composition-facade","bff-orchestration","BFF HTTP prefix /internal/v1/mobile/citizen","Wellness & Lifestyle Journey","wellness-journey","wellness-service; simba-service; guidance-service; experience-bff","/internal/v1/mobile/citizen","","TSHEPO session + ext_authz","","","/wellness; /wellness/activity; /wellness/challenges","","n/a","","","","mapped","partial","services/experience-bff",""
"bff-route","/internal/v1/mobile/citizen/appointments","experience-bff","composition-facade","bff-orchestration","BFF HTTP prefix /internal/v1/mobile/citizen/appointments","","","","/internal/v1/mobile/citizen/appointments","","TSHEPO session + ext_authz","","","","","n/a","","","","bff-unmapped","orphan-backend","services/experience-bff",""
"bff-route","/internal/v1/mobile/citizen/consents","experience-bff","composition-facade","bff-orchestration","BFF HTTP prefix /internal/v1/mobile/citizen/consents","","","","/internal/v1/mobile/citizen/consents","","TSHEPO session + ext_authz","","","","","n/a","","","","bff-unmapped","orphan-backend","services/experience-bff",""
"bff-route","/internal/v1/mobile/citizen/coverage","experience-bff","composition-facade","bff-orchestration","BFF HTTP prefix /internal/v1/mobile/citizen/coverage","","","","/internal/v1/mobile/citizen/coverage","","TSHEPO session + ext_authz","","","","","n/a","","","","bff-unmapped","orphan-backend","services/experience-bff",""
"bff-route","/internal/v1/mobile/citizen/deliveries","experience-bff","composition-facade","bff-orchestration","BFF HTTP prefix /internal/v1/mobile/citizen/deliveries","","","","/internal/v1/mobile/citizen/deliveries","","TSHEPO session + ext_authz","","","","","n/a","","","","bff-unmapped","orphan-backend","services/experience-bff",""
"bff-route","/internal/v1/mobile/citizen/feed","experience-bff","composition-facade","bff-orchestration","BFF HTTP prefix /internal/v1/mobile/citizen/feed","","","","/internal/v1/mobile/citizen/feed","","TSHEPO session + ext_authz","","","","","n/a","","","","bff-unmapped","orphan-backend","services/experience-bff",""
"bff-route","/internal/v1/mobile/citizen/integration","experience-bff","composition-facade","bff-orchestration","BFF HTTP prefix /internal/v1/mobile/citizen/integration","","","","/internal/v1/mobile/citizen/integration","","TSHEPO session + ext_authz","","","","","n/a","","","","bff-unmapped","orphan-backend","services/experience-bff",""
"bff-route","/internal/v1/mobile/citizen/marketplace","experience-bff","composition-facade","bff-orchestration","BFF HTTP prefix /internal/v1/mobile/citizen/marketplace","","","","/internal/v1/mobile/citizen/marketplace","","TSHEPO session + ext_authz","","","","","n/a","","","","bff-unmapped","orphan-backend","services/experience-bff",""
"bff-route","/internal/v1/mobile/citizen/messaging","experience-bff","composition-facade","bff-orchestration","BFF HTTP prefix /internal/v1/mobile/citizen/messaging","","","","/internal/v1/mobile/citizen/messaging","","TSHEPO session + ext_authz","","","","","n/a","","","","bff-unmapped","orphan-backend","services/experience-bff",""
"bff-route","/internal/v1/mobile/citizen/nhume","experience-bff","composition-facade","bff-orchestration","BFF HTTP prefix /internal/v1/mobile/citizen/nhume","","","","/internal/v1/mobile/citizen/nhume","","TSHEPO session + ext_authz","","","","","n/a","","","","bff-unmapped","orphan-backend","services/experience-bff",""
"bff-route","/internal/v1/mobile/citizen/prescriptions","experience-bff","composition-facade","bff-orchestration","BFF HTTP prefix /internal/v1/mobile/citizen/prescriptions","","","","/internal/v1/mobile/citizen/prescriptions","","TSHEPO session + ext_authz","","","","","n/a","","","","bff-unmapped","orphan-backend","services/experience-bff",""
"bff-route","/internal/v1/mobile/citizen/profile","experience-bff","composition-facade","bff-orchestration","BFF HTTP prefix /internal/v1/mobile/citizen/profile","","","","/internal/v1/mobile/citizen/profile","","TSHEPO session + ext_authz","","","","","n/a","","","","bff-unmapped","orphan-backend","services/experience-bff",""
"bff-route","/internal/v1/mobile/citizen/public-health","experience-bff","composition-facade","bff-orchestration","BFF HTTP prefix /internal/v1/mobile/citizen/public-health","","","","/internal/v1/mobile/citizen/public-health","","TSHEPO session + ext_authz","","","","","n/a","","","","bff-unmapped","orphan-backend","services/experience-bff",""
"bff-route","/internal/v1/mobile/citizen/records","experience-bff","composition-facade","bff-orchestration","BFF HTTP prefix /internal/v1/mobile/citizen/records","","","","/internal/v1/mobile/citizen/records","","TSHEPO session + ext_authz","","","","","n/a","","","","bff-unmapped","orphan-backend","services/experience-bff",""
"bff-route","/internal/v1/mobile/citizen/reminders","experience-bff","composition-facade","bff-orchestration","BFF HTTP prefix /internal/v1/mobile/citizen/reminders","","","","/internal/v1/mobile/citizen/reminders","","TSHEPO session + ext_authz","","","","","n/a","","","","bff-unmapped","orphan-backend","services/experience-bff",""
"bff-route","/internal/v1/mobile/citizen/results","experience-bff","composition-facade","bff-orchestration","BFF HTTP prefix /internal/v1/mobile/citizen/results","","","","/internal/v1/mobile/citizen/results","","TSHEPO session + ext_authz","","","","","n/a","","","","bff-unmapped","orphan-backend","services/experience-bff",""
"bff-route","/internal/v1/mobile/citizen/social","experience-bff","composition-facade","bff-orchestration","BFF HTTP prefix /internal/v1/mobile/citizen/social","Social / Community / Timeline","social-community","community-service; llm-orchestration-service; experience-bff","/internal/v1/mobile/citizen/social","","TSHEPO session + ext_authz","","","/communities; /communities/[id]; /social","","n/a","","","","mapped","partial","services/experience-bff",""
"bff-route","/internal/v1/mobile/citizen/support","experience-bff","composition-facade","bff-orchestration","BFF HTTP prefix /internal/v1/mobile/citizen/support","","","","/internal/v1/mobile/citizen/support","","TSHEPO session + ext_authz","","","","","n/a","","","","bff-unmapped","orphan-backend","services/experience-bff",""
"bff-route","/internal/v1/mobile/citizen/telehealth","experience-bff","composition-facade","bff-orchestration","BFF HTTP prefix /internal/v1/mobile/citizen/telehealth","","","","/internal/v1/mobile/citizen/telehealth","","TSHEPO session + ext_authz","","","","","n/a","","","","bff-unmapped","orphan-backend","services/experience-bff",""
"bff-route","/internal/v1/mobile/citizen/timeline","experience-bff","composition-facade","bff-orchestration","BFF HTTP prefix /internal/v1/mobile/citizen/timeline","","","","/internal/v1/mobile/citizen/timeline","","TSHEPO session + ext_authz","","","","","n/a","","","","bff-unmapped","orphan-backend","services/experience-bff",""
"bff-route","/internal/v1/mobile/provider","experience-bff","composition-facade","bff-orchestration","BFF HTTP prefix /internal/v1/mobile/provider","Offline Clinical Queue","offline-clinical-queue","offline-sync-service; offline-edge-service; pct-service; experience-bff","/internal/v1/mobile/provider","","TSHEPO session + ext_authz","","","/operations; /operations/assets; /operations/butano","","n/a","","","","mapped","partial","services/experience-bff",""
"bff-route","/internal/v1/mobile/provider/admin-registry","experience-bff","composition-facade","bff-orchestration","BFF HTTP prefix /internal/v1/mobile/provider/admin-registry","","","","/internal/v1/mobile/provider/admin-registry","","TSHEPO session + ext_authz","","","","","n/a","","","","bff-unmapped","orphan-backend","services/experience-bff",""
"bff-route","/internal/v1/mobile/provider/deliveries","experience-bff","composition-facade","bff-orchestration","BFF HTTP prefix /internal/v1/mobile/provider/deliveries","","","","/internal/v1/mobile/provider/deliveries","","TSHEPO session + ext_authz","","","","","n/a","","","","bff-unmapped","orphan-backend","services/experience-bff",""
"bff-route","/internal/v1/mobile/provider/developer","experience-bff","composition-facade","bff-orchestration","BFF HTTP prefix /internal/v1/mobile/provider/developer","","","","/internal/v1/mobile/provider/developer","","TSHEPO session + ext_authz","","","","","n/a","","","","bff-unmapped","orphan-backend","services/experience-bff",""
"bff-route","/internal/v1/mobile/provider/diagnosis","experience-bff","composition-facade","bff-orchestration","BFF HTTP prefix /internal/v1/mobile/provider/diagnosis","","","","/internal/v1/mobile/provider/diagnosis","","TSHEPO session + ext_authz","","","","","n/a","","","","bff-unmapped","orphan-backend","services/experience-bff",""
"bff-route","/internal/v1/mobile/provider/discharge","experience-bff","composition-facade","bff-orchestration","BFF HTTP prefix /internal/v1/mobile/provider/discharge","","","","/internal/v1/mobile/provider/discharge","","TSHEPO session + ext_authz","","","","","n/a","","","","bff-unmapped","orphan-backend","services/experience-bff",""
"bff-route","/internal/v1/mobile/provider/encounters","experience-bff","composition-facade","bff-orchestration","BFF HTTP prefix /internal/v1/mobile/provider/encounters","","","","/internal/v1/mobile/provider/encounters","","TSHEPO session + ext_authz","","","","","n/a","","","","bff-unmapped","orphan-backend","services/experience-bff",""
"bff-route","/internal/v1/mobile/provider/forms","experience-bff","composition-facade","bff-orchestration","BFF HTTP prefix /internal/v1/mobile/provider/forms","","","","/internal/v1/mobile/provider/forms","","TSHEPO session + ext_authz","","","","","n/a","","","","bff-unmapped","orphan-backend","services/experience-bff",""
"bff-route","/internal/v1/mobile/provider/governance","experience-bff","composition-facade","bff-orchestration","BFF HTTP prefix /internal/v1/mobile/provider/governance","","","","/internal/v1/mobile/provider/governance","","TSHEPO session + ext_authz","","","","","n/a","","","","bff-unmapped","orphan-backend","services/experience-bff",""
"bff-route","/internal/v1/mobile/provider/integration","experience-bff","composition-facade","bff-orchestration","BFF HTTP prefix /internal/v1/mobile/provider/integration","","","","/internal/v1/mobile/provider/integration","","TSHEPO session + ext_authz","","","","","n/a","","","","bff-unmapped","orphan-backend","services/experience-bff",""
"bff-route","/internal/v1/mobile/provider/inventory","experience-bff","composition-facade","bff-orchestration","BFF HTTP prefix /internal/v1/mobile/provider/inventory","","","","/internal/v1/mobile/provider/inventory","","TSHEPO session + ext_authz","","","","","n/a","","","","bff-unmapped","orphan-backend","services/experience-bff",""
"bff-route","/internal/v1/mobile/provider/labs","experience-bff","composition-facade","bff-orchestration","BFF HTTP prefix /internal/v1/mobile/provider/labs","","","","/internal/v1/mobile/provider/labs","","TSHEPO session + ext_authz","","","","","n/a","","","","bff-unmapped","orphan-backend","services/experience-bff",""
"bff-route","/internal/v1/mobile/provider/labs/results","experience-bff","composition-facade","bff-orchestration","BFF HTTP prefix /internal/v1/mobile/provider/labs/results","","","","/internal/v1/mobile/provider/labs/results","","TSHEPO session + ext_authz","","","","","n/a","","","","bff-unmapped","orphan-backend","services/experience-bff",""
"bff-route","/internal/v1/mobile/provider/messaging","experience-bff","composition-facade","bff-orchestration","BFF HTTP prefix /internal/v1/mobile/provider/messaging","","","","/internal/v1/mobile/provider/messaging","","TSHEPO session + ext_authz","","","","","n/a","","","","bff-unmapped","orphan-backend","services/experience-bff",""
"bff-route","/internal/v1/mobile/provider/nhume","experience-bff","composition-facade","bff-orchestration","BFF HTTP prefix /internal/v1/mobile/provider/nhume","","","","/internal/v1/mobile/provider/nhume","","TSHEPO session + ext_authz","","","","","n/a","","","","bff-unmapped","orphan-backend","services/experience-bff",""
"bff-route","/internal/v1/mobile/provider/notices","experience-bff","composition-facade","bff-orchestration","BFF HTTP prefix /internal/v1/mobile/provider/notices","","","","/internal/v1/mobile/provider/notices","","TSHEPO session + ext_authz","","","","","n/a","","","","bff-unmapped","orphan-backend","services/experience-bff",""
"bff-route","/internal/v1/mobile/provider/offline","experience-bff","composition-facade","bff-orchestration","BFF HTTP prefix /internal/v1/mobile/provider/offline","Offline Clinical Queue","offline-clinical-queue","offline-sync-service; offline-edge-service; pct-service; experience-bff","/internal/v1/mobile/provider/offline","","TSHEPO session + ext_authz","","","/operations; /operations/assets; /operations/butano","","n/a","","","","mapped","partial","services/experience-bff",""
"bff-route","/internal/v1/mobile/provider/ops-reports","experience-bff","composition-facade","bff-orchestration","BFF HTTP prefix /internal/v1/mobile/provider/ops-reports","","","","/internal/v1/mobile/provider/ops-reports","","TSHEPO session + ext_authz","","","","","n/a","","","","bff-unmapped","orphan-backend","services/experience-bff",""
"bff-route","/internal/v1/mobile/provider/prescriptions","experience-bff","composition-facade","bff-orchestration","BFF HTTP prefix /internal/v1/mobile/provider/prescriptions","","","","/internal/v1/mobile/provider/prescriptions","","TSHEPO session + ext_authz","","","","","n/a","","","","bff-unmapped","orphan-backend","services/experience-bff",""
"bff-route","/internal/v1/mobile/provider/professional-channels","experience-bff","composition-facade","bff-orchestration","BFF HTTP prefix /internal/v1/mobile/provider/professional-channels","","","","/internal/v1/mobile/provider/professional-channels","","TSHEPO session + ext_authz","","","","","n/a","","","","bff-unmapped","orphan-backend","services/experience-bff",""
"bff-route","/internal/v1/mobile/provider/professional-settings","experience-bff","composition-facade","bff-orchestration","BFF HTTP prefix /internal/v1/mobile/provider/professional-settings","","","","/internal/v1/mobile/provider/professional-settings","","TSHEPO session + ext_authz","","","","","n/a","","","","bff-unmapped","orphan-backend","services/experience-bff",""
"bff-route","/internal/v1/mobile/provider/profile","experience-bff","composition-facade","bff-orchestration","BFF HTTP prefix /internal/v1/mobile/provider/profile","","","","/internal/v1/mobile/provider/profile","","TSHEPO session + ext_authz","","","","","n/a","","","","bff-unmapped","orphan-backend","services/experience-bff",""
"bff-route","/internal/v1/mobile/provider/public-health","experience-bff","composition-facade","bff-orchestration","BFF HTTP prefix /internal/v1/mobile/provider/public-health","","","","/internal/v1/mobile/provider/public-health","","TSHEPO session + ext_authz","","","","","n/a","","","","bff-unmapped","orphan-backend","services/experience-bff",""
"bff-route","/internal/v1/mobile/provider/referrals","experience-bff","composition-facade","bff-orchestration","BFF HTTP prefix /internal/v1/mobile/provider/referrals","","","","/internal/v1/mobile/provider/referrals","","TSHEPO session + ext_authz","","","","","n/a","","","","bff-unmapped","orphan-backend","services/experience-bff",""
"bff-route","/internal/v1/mobile/provider/reports","experience-bff","composition-facade","bff-orchestration","BFF HTTP prefix /internal/v1/mobile/provider/reports","","","","/internal/v1/mobile/provider/reports","","TSHEPO session + ext_authz","","","","","n/a","","","","bff-unmapped","orphan-backend","services/experience-bff",""
"bff-route","/internal/v1/mobile/provider/schedule","experience-bff","composition-facade","bff-orchestration","BFF HTTP prefix /internal/v1/mobile/provider/schedule","","","","/internal/v1/mobile/provider/schedule","","TSHEPO session + ext_authz","","","","","n/a","","","","bff-unmapped","orphan-backend","services/experience-bff",""
"bff-route","/internal/v1/mobile/provider/search","experience-bff","composition-facade","bff-orchestration","BFF HTTP prefix /internal/v1/mobile/provider/search","","","","/internal/v1/mobile/provider/search","","TSHEPO session + ext_authz","","","","","n/a","","","","bff-unmapped","orphan-backend","services/experience-bff",""
"bff-route","/internal/v1/mobile/provider/social","experience-bff","composition-facade","bff-orchestration","BFF HTTP prefix /internal/v1/mobile/provider/social","","","","/internal/v1/mobile/provider/social","","TSHEPO session + ext_authz","","","","","n/a","","","","bff-unmapped","orphan-backend","services/experience-bff",""
"bff-route","/internal/v1/mobile/provider/supervisor","experience-bff","composition-facade","bff-orchestration","BFF HTTP prefix /internal/v1/mobile/provider/supervisor","","","","/internal/v1/mobile/provider/supervisor","","TSHEPO session + ext_authz","","","","","n/a","","","","bff-unmapped","orphan-backend","services/experience-bff",""
"bff-route","/internal/v1/mobile/provider/support","experience-bff","composition-facade","bff-orchestration","BFF HTTP prefix /internal/v1/mobile/provider/support","","","","/internal/v1/mobile/provider/support","","TSHEPO session + ext_authz","","","","","n/a","","","","bff-unmapped","orphan-backend","services/experience-bff",""
"bff-route","/internal/v1/mobile/provider/tasks","experience-bff","composition-facade","bff-orchestration","BFF HTTP prefix /internal/v1/mobile/provider/tasks","","","","/internal/v1/mobile/provider/tasks","","TSHEPO session + ext_authz","","","","","n/a","","","","bff-unmapped","orphan-backend","services/experience-bff",""
"bff-route","/internal/v1/mobile/provider/telemedicine","experience-bff","composition-facade","bff-orchestration","BFF HTTP prefix /internal/v1/mobile/provider/telemedicine","","","","/internal/v1/mobile/provider/telemedicine","","TSHEPO session + ext_authz","","","","","n/a","","","","bff-unmapped","orphan-backend","services/experience-bff",""
"bff-route","/internal/v1/mobile/provider/triage","experience-bff","composition-facade","bff-orchestration","BFF HTTP prefix /internal/v1/mobile/provider/triage","","","","/internal/v1/mobile/provider/triage","","TSHEPO session + ext_authz","","","","","n/a","","","","bff-unmapped","orphan-backend","services/experience-bff",""
"bff-route","/internal/v1/mobile/provider/vitals","experience-bff","composition-facade","bff-orchestration","BFF HTTP prefix /internal/v1/mobile/provider/vitals","","","","/internal/v1/mobile/provider/vitals","","TSHEPO session + ext_authz","","","","","n/a","","","","bff-unmapped","orphan-backend","services/experience-bff",""
"bff-route","/internal/v1/msika","experience-bff","composition-facade","bff-orchestration","BFF HTTP prefix /internal/v1/msika","","","","/internal/v1/msika","","TSHEPO session + ext_authz","","","","","n/a","","","","bff-unmapped","orphan-backend","services/experience-bff",""
"bff-route","/internal/v1/mvumo-admin","experience-bff","composition-facade","bff-orchestration","BFF HTTP prefix /internal/v1/mvumo-admin","","","","/internal/v1/mvumo-admin","","TSHEPO session + ext_authz","","","","","n/a","","","","bff-unmapped","orphan-backend","services/experience-bff",""
"bff-route","/internal/v1/mvumo/**","experience-bff","composition-facade","bff-orchestration","BFF HTTP prefix /internal/v1/mvumo/**","","","","/internal/v1/mvumo/**","","TSHEPO session + ext_authz","","","","","n/a","","","","bff-unmapped","orphan-backend","services/experience-bff",""
"bff-route","/internal/v1/ndila","experience-bff","composition-facade","bff-orchestration","BFF HTTP prefix /internal/v1/ndila","","","","/internal/v1/ndila","","TSHEPO session + ext_authz","","","","","n/a","","","","bff-unmapped","orphan-backend","services/experience-bff",""
"bff-route","/internal/v1/nhume","experience-bff","composition-facade","bff-orchestration","BFF HTTP prefix /internal/v1/nhume","Dispatch / Delivery (NHUME)","dispatch-delivery","dispatch-service; nhume-service; oros-service; experience-bff","/internal/v1/nhume","","TSHEPO session + ext_authz","","","/nhume; /nhume/analytics; /nhume/autonomous","","n/a","","","","mapped","partial","services/experience-bff",""
"bff-route","/internal/v1/notifications","experience-bff","composition-facade","bff-orchestration","BFF HTTP prefix /internal/v1/notifications","Notification & Communications","notification-comms","notification-service; channels-service; community-service; experience-bff","/internal/v1/notifications","","TSHEPO session + ext_authz","","","/communication; /communication/secure-messaging; /omnichannel","","n/a","","","","mapped","partial","services/experience-bff",""
"bff-route","/internal/v1/notifications/templates","experience-bff","composition-facade","bff-orchestration","BFF HTTP prefix /internal/v1/notifications/templates","","","","/internal/v1/notifications/templates","","TSHEPO session + ext_authz","","","","","n/a","","","","bff-unmapped","orphan-backend","services/experience-bff",""
"bff-route","/internal/v1/omnichannel","experience-bff","composition-facade","bff-orchestration","BFF HTTP prefix /internal/v1/omnichannel","Notification & Communications","notification-comms","notification-service; channels-service; community-service; experience-bff","/internal/v1/omnichannel","","TSHEPO session + ext_authz","","","/communication; /communication/secure-messaging; /omnichannel","","n/a","","","","mapped","partial","services/experience-bff",""
"bff-route","/internal/v1/operations","experience-bff","composition-facade","bff-orchestration","BFF HTTP prefix /internal/v1/operations","","","","/internal/v1/operations","","TSHEPO session + ext_authz","","","","","n/a","","","","bff-unmapped","orphan-backend","services/experience-bff",""
"bff-route","/internal/v1/pacs","experience-bff","composition-facade","bff-orchestration","BFF HTTP prefix /internal/v1/pacs","Imaging Order & Result","imaging-order-result","pacs-adapter-service; oros-service; document-service; experience-bff","/internal/v1/pacs","","TSHEPO session + ext_authz","","","/ehr/[patientId]; /ehr/[patientId]/advance-directives; /ehr/[patientId]/allergies","","n/a","","","","mapped","partial","services/experience-bff",""
"bff-route","/internal/v1/patients","experience-bff","composition-facade","bff-orchestration","BFF HTTP prefix /internal/v1/patients","","","","/internal/v1/patients","","TSHEPO session + ext_authz","","","","","n/a","","","","bff-unmapped","orphan-backend","services/experience-bff",""
"bff-route","/internal/v1/pharmacy","experience-bff","composition-facade","bff-orchestration","BFF HTTP prefix /internal/v1/pharmacy","Prescription & Dispense","prescription-dispense","pharmacy-service; pct-service; zibo-service; experience-bff","/internal/v1/pharmacy","","TSHEPO session + ext_authz","","","/ehr/[patientId]/medications; /pharmacy; /pharmacy/dispense","","n/a","","","","mapped","partial","services/experience-bff",""
"bff-route","/internal/v1/product-registry","experience-bff","composition-facade","bff-orchestration","BFF HTTP prefix /internal/v1/product-registry","","","","/internal/v1/product-registry","","TSHEPO session + ext_authz","","","","","n/a","","","","bff-unmapped","orphan-backend","services/experience-bff",""
"bff-route","/internal/v1/profile","experience-bff","composition-facade","bff-orchestration","BFF HTTP prefix /internal/v1/profile","","","","/internal/v1/profile","","TSHEPO session + ext_authz","","","","","n/a","","","","bff-unmapped","orphan-backend","services/experience-bff",""
"bff-route","/internal/v1/public-health","experience-bff","composition-facade","bff-orchestration","BFF HTTP prefix /internal/v1/public-health","Public Health / CHW Outreach","public-health-outreach","community-service; surveillance-service; campaigns-service; indawo-service; experience-bff","/internal/v1/public-health","","TSHEPO session + ext_authz","","","/public-health; /public-health/campaigns; /public-health/site-registry","","n/a","","","","mapped","partial","services/experience-bff",""
"bff-route","/internal/v1/queue","experience-bff","composition-facade","bff-orchestration","BFF HTTP prefix /internal/v1/queue","Patient Search & Selection","patient-search-selection","vito-service; experience-bff; pct-service","/internal/v1/queue","","TSHEPO session + ext_authz","","","/ehr/[patientId]; /ehr/[patientId]/advance-directives; /ehr/[patientId]/allergies","","n/a","","","","mapped","partial","services/experience-bff",""
"bff-route","/internal/v1/referrals","experience-bff","composition-facade","bff-orchestration","BFF HTTP prefix /internal/v1/referrals","Referral Create & Manage","referral-create","pct-service; referral-service; tuso-service; varapi-service; experience-bff","/internal/v1/referrals","","TSHEPO session + ext_authz","","","/ehr/[patientId]/referrals; /queue/incoming-referrals","","n/a","","","","mapped","partial","services/experience-bff",""
"bff-route","/internal/v1/registry","experience-bff","composition-facade","bff-orchestration","BFF HTTP prefix /internal/v1/registry","Facility Context Selection","facility-context-selection","tuso-service; experience-bff","/internal/v1/registry","","TSHEPO session + ext_authz","","","/facility; /facility/[id]","","n/a","","","","mapped","partial","services/experience-bff",""
"bff-route","/internal/v1/registry-downstream","experience-bff","composition-facade","bff-orchestration","BFF HTTP prefix /internal/v1/registry-downstream","","","","/internal/v1/registry-downstream","","TSHEPO session + ext_authz","","","","","n/a","","","","bff-unmapped","orphan-backend","services/experience-bff",""
"bff-route","/internal/v1/registry-intake","experience-bff","composition-facade","bff-orchestration","BFF HTTP prefix /internal/v1/registry-intake","","","","/internal/v1/registry-intake","","TSHEPO session + ext_authz","","","","","n/a","","","","bff-unmapped","orphan-backend","services/experience-bff",""
"bff-route","/internal/v1/registry-shell","experience-bff","composition-facade","bff-orchestration","BFF HTTP prefix /internal/v1/registry-shell","","","","/internal/v1/registry-shell","","TSHEPO session + ext_authz","","","","","n/a","","","","bff-unmapped","orphan-backend","services/experience-bff",""
"bff-route","/internal/v1/registry/coverage","experience-bff","composition-facade","bff-orchestration","BFF HTTP prefix /internal/v1/registry/coverage","","","","/internal/v1/registry/coverage","","TSHEPO session + ext_authz","","","","","n/a","","","","bff-unmapped","orphan-backend","services/experience-bff",""
"bff-route","/internal/v1/registry/zibo","experience-bff","composition-facade","bff-orchestration","BFF HTTP prefix /internal/v1/registry/zibo","","","","/internal/v1/registry/zibo","","TSHEPO session + ext_authz","","","","","n/a","","","","bff-unmapped","orphan-backend","services/experience-bff",""
"bff-route","/internal/v1/reports","experience-bff","composition-facade","bff-orchestration","BFF HTTP prefix /internal/v1/reports","Data / Report / Dashboard Journey","reporting-dashboard","reporting-service; data-warehouse-service; surveillance-service; experience-bff","/internal/v1/reports","","TSHEPO session + ext_authz","","","/data-intelligence; /data-intelligence/audit; /data-intelligence/integration","","n/a","","","","mapped","partial","services/experience-bff",""
"bff-route","/internal/v1/search","experience-bff","composition-facade","bff-orchestration","BFF HTTP prefix /internal/v1/search","AI Guidance / Nompilo Assist","ai-guidance-nompilo","guidance-service; llm-orchestration-service; search-service; experience-bff","/internal/v1/search","","TSHEPO session + ext_authz","","","/ask; /guidance; /guidance/education","","n/a","","","","mapped","partial","services/experience-bff",""
"bff-route","/internal/v1/settings/privacy","experience-bff","composition-facade","bff-orchestration","BFF HTTP prefix /internal/v1/settings/privacy","","","","/internal/v1/settings/privacy","","TSHEPO session + ext_authz","","","","","n/a","","","","bff-unmapped","orphan-backend","services/experience-bff",""
"bff-route","/internal/v1/shell/file-catalog","experience-bff","composition-facade","bff-orchestration","BFF HTTP prefix /internal/v1/shell/file-catalog","","","","/internal/v1/shell/file-catalog","","TSHEPO session + ext_authz","","","","","n/a","","","","bff-unmapped","orphan-backend","services/experience-bff",""
"bff-route","/internal/v1/shell/workspace-state","experience-bff","composition-facade","bff-orchestration","BFF HTTP prefix /internal/v1/shell/workspace-state","","","","/internal/v1/shell/workspace-state","","TSHEPO session + ext_authz","","","","","n/a","","","","bff-unmapped","orphan-backend","services/experience-bff",""
"bff-route","/internal/v1/shifts","experience-bff","composition-facade","bff-orchestration","BFF HTTP prefix /internal/v1/shifts","Workspace / Shift Context Selection","workspace-context-selection","tuso-service; experience-bff","/internal/v1/shifts","","TSHEPO session + ext_authz","","","/facility; /facility/[id]; /shift","","n/a","","","","mapped","partial","services/experience-bff",""
"bff-route","/internal/v1/social","experience-bff","composition-facade","bff-orchestration","BFF HTTP prefix /internal/v1/social","Social / Community / Timeline","social-community","community-service; llm-orchestration-service; experience-bff","/internal/v1/social","","TSHEPO session + ext_authz","","","/communities; /communities/[id]; /social","","n/a","","","","mapped","partial","services/experience-bff",""
"bff-route","/internal/v1/social/composer","experience-bff","composition-facade","bff-orchestration","BFF HTTP prefix /internal/v1/social/composer","","","","/internal/v1/social/composer","","TSHEPO session + ext_authz","","","","","n/a","","","","bff-unmapped","orphan-backend","services/experience-bff",""
"bff-route","/internal/v1/staffing","experience-bff","composition-facade","bff-orchestration","BFF HTTP prefix /internal/v1/staffing","","","","/internal/v1/staffing","","TSHEPO session + ext_authz","","","","","n/a","","","","bff-unmapped","orphan-backend","services/experience-bff",""
"bff-route","/internal/v1/summary","experience-bff","composition-facade","bff-orchestration","BFF HTTP prefix /internal/v1/summary","","","","/internal/v1/summary","","TSHEPO session + ext_authz","","","","","n/a","","","","bff-unmapped","orphan-backend","services/experience-bff",""
"bff-route","/internal/v1/support","experience-bff","composition-facade","bff-orchestration","BFF HTTP prefix /internal/v1/support","","","","/internal/v1/support","","TSHEPO session + ext_authz","","","","","n/a","","","","bff-unmapped","orphan-backend","services/experience-bff",""
"bff-route","/internal/v1/teleconsult","experience-bff","composition-facade","bff-orchestration","BFF HTTP prefix /internal/v1/teleconsult","Telemedicine Encounter","telemedicine-encounter","pct-service; mvumo-service; rtc-gateway-service; experience-bff","/internal/v1/teleconsult","","TSHEPO session + ext_authz","","","/telemedicine; /telemedicine/new; /telemedicine/session/[sessionId]","","n/a","","","","mapped","partial","services/experience-bff",""
"bff-route","/internal/v1/timeline","experience-bff","composition-facade","bff-orchestration","BFF HTTP prefix /internal/v1/timeline","","","","/internal/v1/timeline","","TSHEPO session + ext_authz","","","","","n/a","","","","bff-unmapped","orphan-backend","services/experience-bff",""
"bff-route","/internal/v1/triage","experience-bff","composition-facade","bff-orchestration","BFF HTTP prefix /internal/v1/triage","Outpatient Consultation","outpatient-consultation","pct-service; butano-service; oros-service; pharmacy-service; experience-bff","/internal/v1/triage","","TSHEPO session + ext_authz","","","/clinical; /clinical-tools; /clinical-tools/forms","","n/a","","","","mapped","partial","services/experience-bff",""
"bff-route","/internal/v1/trust","experience-bff","composition-facade","bff-orchestration","BFF HTTP prefix /internal/v1/trust","","","","/internal/v1/trust","","TSHEPO session + ext_authz","","","","","n/a","","","","bff-unmapped","orphan-backend","services/experience-bff",""
"bff-route","/internal/v1/ubomi","experience-bff","composition-facade","bff-orchestration","BFF HTTP prefix /internal/v1/ubomi","Civil Registration (UBOMI / CRVS)","crvs-ubomi","ubomi-service; vito-service; experience-bff","/internal/v1/ubomi","","TSHEPO session + ext_authz","","","/registry; /registry-admin; /registry/clients","","n/a","","","","mapped","partial","services/experience-bff",""
"bff-route","/internal/v1/vitals","experience-bff","composition-facade","bff-orchestration","BFF HTTP prefix /internal/v1/vitals","","","","/internal/v1/vitals","","TSHEPO session + ext_authz","","","","","n/a","","","","bff-unmapped","orphan-backend","services/experience-bff",""
"bff-route","/internal/v1/vito/cards","experience-bff","composition-facade","bff-orchestration","BFF HTTP prefix /internal/v1/vito/cards","","","","/internal/v1/vito/cards","","TSHEPO session + ext_authz","","","","","n/a","","","","bff-unmapped","orphan-backend","services/experience-bff",""
"bff-route","/internal/v1/vito/client-registry","experience-bff","composition-facade","bff-orchestration","BFF HTTP prefix /internal/v1/vito/client-registry","","","","/internal/v1/vito/client-registry","","TSHEPO session + ext_authz","","","","","n/a","","","","bff-unmapped","orphan-backend","services/experience-bff",""
"bff-route","/internal/v1/vito/dedup","experience-bff","composition-facade","bff-orchestration","BFF HTTP prefix /internal/v1/vito/dedup","","","","/internal/v1/vito/dedup","","TSHEPO session + ext_authz","","","","","n/a","","","","bff-unmapped","orphan-backend","services/experience-bff",""
"bff-route","/internal/v1/vito/identity","experience-bff","composition-facade","bff-orchestration","BFF HTTP prefix /internal/v1/vito/identity","","","","/internal/v1/vito/identity","","TSHEPO session + ext_authz","","","","","n/a","","","","bff-unmapped","orphan-backend","services/experience-bff",""
"bff-route","/internal/v1/vito/internal/clients","experience-bff","composition-facade","bff-orchestration","BFF HTTP prefix /internal/v1/vito/internal/clients","","","","/internal/v1/vito/internal/clients","","TSHEPO session + ext_authz","","","","","n/a","","","","bff-unmapped","orphan-backend","services/experience-bff",""
"bff-route","/internal/v1/vito/issuance","experience-bff","composition-facade","bff-orchestration","BFF HTTP prefix /internal/v1/vito/issuance","","","","/internal/v1/vito/issuance","","TSHEPO session + ext_authz","","","","","n/a","","","","bff-unmapped","orphan-backend","services/experience-bff",""
"bff-route","/internal/v1/vito/match","experience-bff","composition-facade","bff-orchestration","BFF HTTP prefix /internal/v1/vito/match","","","","/internal/v1/vito/match","","TSHEPO session + ext_authz","","","","","n/a","","","","bff-unmapped","orphan-backend","services/experience-bff",""
"bff-route","/internal/v1/vito/print","experience-bff","composition-facade","bff-orchestration","BFF HTTP prefix /internal/v1/vito/print","","","","/internal/v1/vito/print","","TSHEPO session + ext_authz","","","","","n/a","","","","bff-unmapped","orphan-backend","services/experience-bff",""
"bff-route","/internal/v1/vito/public/patient-shares","experience-bff","composition-facade","bff-orchestration","BFF HTTP prefix /internal/v1/vito/public/patient-shares","","","","/internal/v1/vito/public/patient-shares","","TSHEPO session + ext_authz","","","","","n/a","","","","bff-unmapped","orphan-backend","services/experience-bff",""
"bff-route","/internal/v1/vito/qr","experience-bff","composition-facade","bff-orchestration","BFF HTTP prefix /internal/v1/vito/qr","","","","/internal/v1/vito/qr","","TSHEPO session + ext_authz","","","","","n/a","","","","bff-unmapped","orphan-backend","services/experience-bff",""
"bff-route","/internal/v1/vito/registry","experience-bff","composition-facade","bff-orchestration","BFF HTTP prefix /internal/v1/vito/registry","","","","/internal/v1/vito/registry","","TSHEPO session + ext_authz","","","","","n/a","","","","bff-unmapped","orphan-backend","services/experience-bff",""
"bff-route","/internal/v1/vito/slips","experience-bff","composition-facade","bff-orchestration","BFF HTTP prefix /internal/v1/vito/slips","","","","/internal/v1/vito/slips","","TSHEPO session + ext_authz","","","","","n/a","","","","bff-unmapped","orphan-backend","services/experience-bff",""
"bff-route","/internal/v1/wallet","experience-bff","composition-facade","bff-orchestration","BFF HTTP prefix /internal/v1/wallet","Payment / Billing / Exemption / Claim","payment-billing-claim","costing-engine-service; mushex-service; coverage-service; mushe-wallet-service; experience-bff","/internal/v1/wallet","","TSHEPO session + ext_authz","","","/coverage; /finance; /finance/billing","","n/a","","","","mapped","partial","services/experience-bff",""
"bff-route","/internal/v1/wellness","experience-bff","composition-facade","bff-orchestration","BFF HTTP prefix /internal/v1/wellness","Wellness & Lifestyle Journey","wellness-journey","wellness-service; simba-service; guidance-service; experience-bff","/internal/v1/wellness","","TSHEPO session + ext_authz","","","/wellness; /wellness/activity; /wellness/challenges","","n/a","","","","mapped","partial","services/experience-bff",""
"bff-route","/internal/v1/workflows","experience-bff","composition-facade","bff-orchestration","BFF HTTP prefix /internal/v1/workflows","","","","/internal/v1/workflows","","TSHEPO session + ext_authz","","","","","n/a","","","","bff-unmapped","orphan-backend","services/experience-bff",""
"bff-route","/internal/v1/workforce-governance","experience-bff","composition-facade","bff-orchestration","BFF HTTP prefix /internal/v1/workforce-governance","","","","/internal/v1/workforce-governance","","TSHEPO session + ext_authz","","","","","n/a","","","","bff-unmapped","orphan-backend","services/experience-bff",""
"bff-route","/internal/v1/workspaces","experience-bff","composition-facade","bff-orchestration","BFF HTTP prefix /internal/v1/workspaces","Workspace / Shift Context Selection","workspace-context-selection","tuso-service; experience-bff","/internal/v1/workspaces","","TSHEPO session + ext_authz","","","/facility; /facility/[id]; /shift","","n/a","","","","mapped","partial","services/experience-bff",""
"backend-capability","ai-model-registry-service","sovereign-service","data/intelligence","data/intelligence","Ai Model Registry canonical records","","","ai-model-registry-service","contract: contracts/openapi/ai-model-registry.openapi.yaml; status=partial","","TSHEPO ext_authz via Envoy","1 migration(s) in ai-model-registry-service","tshepo-authz-service","","","indirect","","","","orphan-backend","orphan-backend","services/ai-model-registry-service",""
"backend-capability","analytics-pipeline-service","sovereign-service","integration/platform-ops","integration/platform-ops","Analytics Pipeline canonical records","","","analytics-pipeline-service","contract: contracts/openapi/analytics-pipeline.openapi.yaml; status=partial","","TSHEPO ext_authz via Envoy","none detected","tshepo-authz-service","","","indirect","","","","orphan-backend","orphan-backend","services/analytics-pipeline-service",""
"backend-capability","asset-registry-service","sovereign-service","integration/platform-ops","integration/platform-ops","Asset Registry canonical records","","","asset-registry-service","contract: contracts/openapi/asset-registry.openapi.yaml; status=partial","","TSHEPO ext_authz via Envoy","5 migration(s) in asset-registry-service","tshepo-authz-service","","","indirect","","","","orphan-backend","orphan-backend","services/asset-registry-service",""
"backend-capability","audit-ledger-service","sovereign-service","integration/platform-ops","integration/platform-ops","Audit Ledger canonical records","","","audit-ledger-service","contract: contracts/openapi/audit-ledger.openapi.yaml; status=partial","","TSHEPO ext_authz via Envoy","2 migration(s) in audit-ledger-service","tshepo-authz-service","","","indirect","","","","orphan-backend","orphan-backend","services/audit-ledger-service",""
"backend-capability","butano-fhir","sovereign-service","clinical/care-delivery","clinical/care-delivery","Butano Fhir canonical records","","","butano-fhir","contract: contracts/openapi/butano-fhir.openapi.yaml; status=partial","","TSHEPO ext_authz via Envoy","1 migration(s) in butano-fhir","tshepo-authz-service","/ehr/[patientId]/*","","indirect","","","","orphan-backend","orphan-backend","services/butano-fhir","useSummary.ts, useTimeline.ts"
"backend-capability","butano-service","sovereign-service","clinical/care-delivery","clinical/care-delivery","Butano canonical records","Provider Patient Encounter","provider-patient-encounter","butano-service","no-matched-openapi; status=partial","","TSHEPO ext_authz via Envoy","2 migration(s) in butano-service","tshepo-authz-service","/ehr/[patientId]/*","","indirect","","","","mapped","partial","services/butano-service","useSummary.ts, useTimeline.ts"
"backend-capability","campaigns-service","sovereign-service","data/public-health-campaigns","data/public-health-campaigns","public-health campaign definitions; campaign outreach plans and schedules; campaign execution state and coverage metrics","Public Health / CHW Outreach","public-health-outreach","campaigns-service","contract: contracts/openapi/campaigns.openapi.yaml; status=partial","","TSHEPO ext_authz via Envoy","2 migration(s) in campaigns-service","tshepo-authz-service","","","indirect","","","","mapped","partial","services/campaigns-service",""
"backend-capability","card-print-agent","sovereign-service","integration/interoperability","integration/interoperability","Card Print Agent canonical records","Device / System Event Journey","device-system-event","card-print-agent","no-matched-openapi; status=partial","","TSHEPO ext_authz via Envoy","1 migration(s) in card-print-agent","tshepo-authz-service","","","indirect","","","","mapped","partial","services/card-print-agent",""
"backend-capability","channels-service","sovereign-service","integration/interoperability","integration/interoperability","Channels canonical records","Notification & Communications","notification-comms","channels-service","contract: contracts/openapi/channels.openapi.yaml; status=partial","","TSHEPO ext_authz via Envoy","1 migration(s) in channels-service","tshepo-authz-service","","","indirect","","","","mapped","partial","services/channels-service",""
"backend-capability","clinical-knowledge-platform-service","sovereign-service","clinical/clinical-knowledge","clinical/clinical-knowledge","Clinical Knowledge Platform canonical records","","","clinical-knowledge-platform-service","contract: contracts/openapi/clinical-knowledge-platform.openapi.yaml; status=partial","","TSHEPO ext_authz via Envoy","4 migration(s) in clinical-knowledge-platform-service","tshepo-authz-service","","","indirect","","","","orphan-backend","orphan-backend","services/clinical-knowledge-platform-service",""
"backend-capability","community-service","sovereign-service","experience/workflow-orchestration","experience/workflow-orchestration","Community canonical records","Notification & Communications","notification-comms","community-service","contract: contracts/openapi/community.openapi.yaml; status=partial","","TSHEPO ext_authz via Envoy","2 migration(s) in community-service","tshepo-authz-service; multiple-domain-services-via-bff","","","indirect","","","","mapped","partial","services/community-service",""
"backend-capability","connector-fhir-adapter","sovereign-service","integration/interoperability","integration/interoperability","Connector Fhir Adapter canonical records","Integration / Sync / Replay","integration-sync-replay","connector-fhir-adapter","no-matched-openapi; status=partial","","TSHEPO ext_authz via Envoy","2 migration(s) in connector-fhir-adapter","tshepo-authz-service","","","indirect","","","","mapped","partial","services/connector-fhir-adapter",""
"backend-capability","costing-engine-service","sovereign-service","enterprise/finance","enterprise/finance","Costing Engine canonical records","Payment / Billing / Exemption / Claim","payment-billing-claim","costing-engine-service","no-matched-openapi; status=partial","","TSHEPO ext_authz via Envoy","11 migration(s) in costing-engine-service","tshepo-authz-service","","","indirect","","","","mapped","partial","services/costing-engine-service",""
"backend-capability","coverage-service","sovereign-service","enterprise/finance","enterprise/finance","Coverage canonical records","Payment / Billing / Exemption / Claim","payment-billing-claim","coverage-service","contract: contracts/openapi/coverage.openapi.yaml; status=partial","","TSHEPO ext_authz via Envoy","7 migration(s) in coverage-service","tshepo-authz-service","","","indirect","","","","mapped","partial","services/coverage-service",""
"backend-capability","credential-verification-service","sovereign-service","enterprise/finance","enterprise/finance","Credential Verification canonical records","Credential Verification","credential-verification","credential-verification-service","contract: contracts/openapi/credential-verification.openapi.yaml; status=partial","","TSHEPO ext_authz via Envoy","1 migration(s) in credential-verification-service","tshepo-authz-service","","","indirect","","","","mapped","partial","services/credential-verification-service",""
"backend-capability","data-access-governance-service","sovereign-service","data/intelligence","data/intelligence","Data Access Governance canonical records","","","data-access-governance-service","contract: contracts/openapi/data-access-governance.openapi.yaml; status=partial","","TSHEPO ext_authz via Envoy","1 migration(s) in data-access-governance-service","tshepo-authz-service","","","indirect","","","","orphan-backend","orphan-backend","services/data-access-governance-service",""
"backend-capability","data-governance-service","sovereign-service","data/intelligence","data/intelligence","Data Governance canonical records","","","data-governance-service","contract: contracts/openapi/data-governance.openapi.yaml; status=partial","","TSHEPO ext_authz via Envoy","4 migration(s) in data-governance-service","tshepo-authz-service","","","indirect","","","","orphan-backend","orphan-backend","services/data-governance-service",""
"backend-capability","data-ingestion-service","sovereign-service","data/intelligence","data/intelligence","Data Ingestion canonical records","","","data-ingestion-service","contract: contracts/openapi/data-ingestion.openapi.yaml; status=partial","","TSHEPO ext_authz via Envoy","3 migration(s) in data-ingestion-service","tshepo-authz-service","","","indirect","","","","orphan-backend","orphan-backend","services/data-ingestion-service",""
"backend-capability","data-pipeline-service","sovereign-service","data/intelligence","data/intelligence","Data Pipeline canonical records","","","data-pipeline-service","contract: contracts/openapi/data-pipeline.openapi.yaml; status=partial","","TSHEPO ext_authz via Envoy","2 migration(s) in data-pipeline-service","tshepo-authz-service","","","indirect","","","","orphan-backend","orphan-backend","services/data-pipeline-service",""
"backend-capability","data-warehouse-service","sovereign-service","data/intelligence","data/intelligence","Data Warehouse canonical records","Data / Report / Dashboard Journey","reporting-dashboard","data-warehouse-service","contract: contracts/openapi/data-warehouse.openapi.yaml; status=partial","","TSHEPO ext_authz via Envoy","2 migration(s) in data-warehouse-service","tshepo-authz-service","","","indirect","","","","mapped","partial","services/data-warehouse-service",""
"backend-capability","developer-portal-service","sovereign-service","integration/platform-ops","integration/platform-ops","Developer Portal canonical records","","","developer-portal-service","contract: contracts/openapi/developer-portal.openapi.yaml; status=partial","","TSHEPO ext_authz via Envoy","2 migration(s) in developer-portal-service","tshepo-authz-service","","","indirect","","","","orphan-backend","orphan-backend","services/developer-portal-service",""
"backend-capability","dispatch-service","sovereign-service","integration/platform-ops","integration/platform-ops","Dispatch canonical records","Dispatch / Delivery (NHUME)","dispatch-delivery","dispatch-service","contract: contracts/openapi/dispatch.openapi.yaml; status=partial","","TSHEPO ext_authz via Envoy","4 migration(s) in dispatch-service","tshepo-authz-service","","","indirect","","","","mapped","partial","services/dispatch-service",""
"backend-capability","document-service","sovereign-service","clinical/care-delivery","clinical/care-delivery","Document canonical records","Imaging Order & Result","imaging-order-result","document-service","no-matched-openapi; status=partial","","TSHEPO ext_authz via Envoy","3 migration(s) in document-service","tshepo-authz-service","","","indirect","","","","mapped","partial","services/document-service",""
"backend-capability","experience-bff","sovereign-service","experience/workflow-orchestration","experience/workflow-orchestration","Experience Bff canonical records","Citizen / Client Onboarding","citizen-onboarding","experience-bff","contract: contracts/openapi/experience-bff.openapi.yaml; status=partial","","TSHEPO ext_authz via Envoy","44 migration(s) in experience-bff","tshepo-authz-service; multiple-domain-services-via-bff","","","indirect","","","","mapped","partial","services/experience-bff",""
"backend-capability","fhir-gateway-service","sovereign-service","clinical/care-delivery","clinical/care-delivery","Fhir Gateway canonical records","Integration / Sync / Replay","integration-sync-replay","fhir-gateway-service","contract: contracts/openapi/fhir-gateway.openapi.yaml; status=partial","","TSHEPO ext_authz via Envoy","2 migration(s) in fhir-gateway-service","tshepo-authz-service","","","indirect","","","","mapped","partial","services/fhir-gateway-service",""
"backend-capability","forms-service","sovereign-service","clinical/clinical-knowledge","clinical/clinical-knowledge","Forms canonical records","","","forms-service","contract: contracts/openapi/forms.openapi.yaml; status=partial","","TSHEPO ext_authz via Envoy","1 migration(s) in forms-service","tshepo-authz-service","","","indirect","","","","orphan-backend","orphan-backend","services/forms-service",""
"backend-capability","general-ledger-service","sovereign-service","enterprise/enterprise-resource","enterprise/enterprise-resource","General Ledger canonical records","","","general-ledger-service","contract: contracts/openapi/general-ledger.openapi.yaml; status=partial","","TSHEPO ext_authz via Envoy","1 migration(s) in general-ledger-service","tshepo-authz-service","","","indirect","","","","orphan-backend","orphan-backend","services/general-ledger-service",""
"backend-capability","guidance-service","sovereign-service","clinical/clinical-knowledge","clinical/clinical-knowledge","Guidance canonical records","Provider Patient Encounter","provider-patient-encounter","guidance-service","contract: contracts/openapi/guidance.openapi.yaml; status=partial","","TSHEPO ext_authz via Envoy","2 migration(s) in guidance-service","tshepo-authz-service","","","indirect","","","","mapped","partial","services/guidance-service",""
"backend-capability","hr-payroll-service","sovereign-service","enterprise/enterprise-resource","enterprise/enterprise-resource","Hr Payroll canonical records","","","hr-payroll-service","contract: contracts/openapi/hr-payroll.openapi.yaml; status=partial","","TSHEPO ext_authz via Envoy","1 migration(s) in hr-payroll-service","tshepo-authz-service","","","indirect","","","","orphan-backend","orphan-backend","services/hr-payroll-service",""
"backend-capability","identity-assurance-service","sovereign-service","trust/identity-governance","trust/identity-governance","Identity Assurance canonical records","Citizen / Client Onboarding","citizen-onboarding","identity-assurance-service","contract: contracts/openapi/identity-assurance.openapi.yaml; status=partial","","TSHEPO ext_authz via Envoy","1 migration(s) in identity-assurance-service","","","","indirect","","","","mapped","partial","services/identity-assurance-service",""
"backend-capability","indawo-service","sovereign-service","registry/registry-spine","registry/registry-spine","Indawo canonical records","Public Health / CHW Outreach","public-health-outreach","indawo-service","contract: contracts/openapi/indawo.openapi.yaml; status=partial","","TSHEPO ext_authz via Envoy","6 migration(s) in indawo-service","tshepo-authz-service","/public-health/*","","indirect","","","","mapped","partial","services/indawo-service","usePublicHealth.ts, useSiteRegistry.ts"
"backend-capability","inpatient-service","sovereign-service","clinical/care-delivery","clinical/care-delivery","Inpatient canonical records","Inpatient Admission Workflow","inpatient-admission","inpatient-service","contract: contracts/openapi/inpatient.openapi.yaml; status=partial","","TSHEPO ext_authz via Envoy","4 migration(s) in inpatient-service","tshepo-authz-service","","","indirect","","","","mapped","partial","services/inpatient-service",""
"backend-capability","integration-hub","sovereign-service","integration/interoperability","integration/interoperability","Integration Hub canonical records","Integration / Sync / Replay","integration-sync-replay","integration-hub","contract: contracts/openapi/integration-hub.openapi.yaml; status=partial","","TSHEPO ext_authz via Envoy","4 migration(s) in integration-hub","tshepo-authz-service","","","indirect","","","","mapped","partial","services/integration-hub",""
"backend-capability","inventory-elmis-adapter","sovereign-service","clinical/care-delivery","clinical/care-delivery","Inventory Elmis Adapter canonical records","","","inventory-elmis-adapter","no-matched-openapi; status=partial","","TSHEPO ext_authz via Envoy","1 migration(s) in inventory-elmis-adapter","tshepo-authz-service","","","indirect","","","","orphan-backend","orphan-backend","services/inventory-elmis-adapter",""
"backend-capability","inventory-service","sovereign-service","clinical/care-delivery","clinical/care-delivery","Inventory canonical records","","","inventory-service","contract: contracts/openapi/inventory.openapi.yaml; status=partial","","TSHEPO ext_authz via Envoy","3 migration(s) in inventory-service","tshepo-authz-service","","","indirect","","","","orphan-backend","orphan-backend","services/inventory-service",""
"backend-capability","iot-ingestion-service","sovereign-service","integration/platform-ops","integration/platform-ops","Iot Ingestion canonical records","Device / System Event Journey","device-system-event","iot-ingestion-service","contract: contracts/openapi/iot-ingestion.openapi.yaml; status=partial","","TSHEPO ext_authz via Envoy","3 migration(s) in iot-ingestion-service","tshepo-authz-service","","","indirect","","","","mapped","partial","services/iot-ingestion-service",""
"backend-capability","jobs-service","sovereign-service","integration/interoperability","integration/interoperability","Jobs canonical records","","","jobs-service","contract: contracts/openapi/jobs.openapi.yaml; status=partial","","TSHEPO ext_authz via Envoy","1 migration(s) in jobs-service","tshepo-authz-service","","","indirect","","","","orphan-backend","orphan-backend","services/jobs-service",""
"backend-capability","landela-adapter-service","sovereign-service","integration/interoperability","integration/interoperability","Landela Adapter canonical records","Document Upload / Scan / Index","document-upload","landela-adapter-service","contract: contracts/openapi/landela-adapter.openapi.yaml; status=partial","","TSHEPO ext_authz via Envoy","1 migration(s) in landela-adapter-service","tshepo-authz-service","","","indirect","","","","mapped","partial","services/landela-adapter-service",""
"backend-capability","learning-service","sovereign-service","experience/workflow-orchestration","experience/workflow-orchestration","Learning canonical records","Fundo / Learning Journey","fundo-learning","learning-service","contract: contracts/openapi/learning.openapi.yaml; status=partial","","TSHEPO ext_authz via Envoy","9 migration(s) in learning-service","tshepo-authz-service; multiple-domain-services-via-bff","","","indirect","","","","mapped","partial","services/learning-service",""
"backend-capability","llm-orchestration-service","sovereign-service","integration/platform-ops","integration/platform-ops","Llm Orchestration canonical records","Social / Community / Timeline","social-community","llm-orchestration-service","no-matched-openapi; status=partial","","TSHEPO ext_authz via Envoy","1 migration(s) in llm-orchestration-service","tshepo-authz-service","","","indirect","","","","mapped","partial","services/llm-orchestration-service",""
"backend-capability","msika-flow-service","sovereign-service","enterprise/marketplace","enterprise/marketplace","Msika Flow canonical records","Marketplace Order","marketplace-order","msika-flow-service","contract: contracts/openapi/msika-flow.openapi.yaml; status=partial","","TSHEPO ext_authz via Envoy","3 migration(s) in msika-flow-service","tshepo-authz-service","","","indirect","","","","mapped","partial","services/msika-flow-service",""
"backend-capability","msika-service","sovereign-service","enterprise/marketplace","enterprise/marketplace","Msika canonical records","Marketplace Order","marketplace-order","msika-service","no-matched-openapi; status=partial","","TSHEPO ext_authz via Envoy","5 migration(s) in msika-service","tshepo-authz-service","","","indirect","","","","mapped","partial","services/msika-service",""
"backend-capability","mushe-wallet-service","sovereign-service","enterprise/finance","enterprise/finance","Mushe Wallet canonical records","Payment / Billing / Exemption / Claim","payment-billing-claim","mushe-wallet-service","contract: contracts/openapi/mushe-wallet.openapi.yaml; status=partial","","TSHEPO ext_authz via Envoy","2 migration(s) in mushe-wallet-service","tshepo-authz-service","","","indirect","","","","mapped","partial","services/mushe-wallet-service",""
"backend-capability","mushex-service","sovereign-service","enterprise/finance","enterprise/finance","Mushex canonical records","Payment / Billing / Exemption / Claim","payment-billing-claim","mushex-service","contract: contracts/openapi/mushex.openapi.yaml; status=partial","","TSHEPO ext_authz via Envoy","8 migration(s) in mushex-service","tshepo-authz-service","","","indirect","","","","mapped","partial","services/mushex-service",""
"backend-capability","mvumo-service","sovereign-service","trust/identity-governance","trust/identity-governance","Mvumo canonical records","Telemedicine Encounter","telemedicine-encounter","mvumo-service","contract: contracts/openapi/mvumo.openapi.yaml; status=partial","","TSHEPO ext_authz via Envoy","4 migration(s) in mvumo-service","","","","indirect","","","","mapped","partial","services/mvumo-service",""
"backend-capability","national-data-repository-service","sovereign-service","data/intelligence","data/intelligence","National Data Repository canonical records","","","national-data-repository-service","contract: contracts/openapi/national-data-repository.openapi.yaml; status=partial","","TSHEPO ext_authz via Envoy","1 migration(s) in national-data-repository-service","tshepo-authz-service","","","indirect","","","","orphan-backend","orphan-backend","services/national-data-repository-service",""
"backend-capability","ndila-service","sovereign-service","integration/interoperability","integration/interoperability","canonical geospatial location registry; routing, ETA, and distance matrix orchestration; geofencing and catchment boundary operations; tracking asset telemetry normalization; spatial search and geospatial intelligence context","Surveillance / Outbreak Response","surveillance-outbreak","ndila-service","contract: contracts/openapi/ndila.openapi.yaml; status=partial","","TSHEPO ext_authz via Envoy","1 migration(s) in ndila-service","tshepo-authz-service; tuso-service; indawo-service; varapi-service; surveillance-service","NdilaIntelligencePanel","","indirect","","","","mapped","partial","services/ndila-service","lib/ndila/ndila-client.ts"
"backend-capability","ndr-service","sovereign-service","data/intelligence","data/intelligence","Ndr canonical records","","","ndr-service","contract: contracts/openapi/ndr.openapi.yaml; status=partial","","TSHEPO ext_authz via Envoy","3 migration(s) in ndr-service","tshepo-authz-service","","","indirect","","","","orphan-backend","orphan-backend","services/ndr-service",""
"backend-capability","nhume-service","sovereign-service","integration/interoperability","integration/interoperability","dispatch request and assignment lifecycle; courier and fleet operational registry; last-mile tracking and proof-of-delivery telemetry; delivery chain-of-custody and exception workflow","Dispatch / Delivery (NHUME)","dispatch-delivery","nhume-service","no-matched-openapi; status=partial","","TSHEPO ext_authz via Envoy","4 migration(s) in nhume-service","tshepo-authz-service; ndila-service; vito-service; varapi-service; tuso-service; indawo-service; msika-service; mushex-service","/nhume/*, /operations/dispatch","","indirect","","","","mapped","partial","services/nhume-service","lib/nhume.ts, useDispatchOps.ts"
"backend-capability","notification-service","sovereign-service","integration/interoperability","integration/interoperability","Notification canonical records","Appointment Scheduling","appointment-scheduling","notification-service","contract: contracts/openapi/notification.openapi.yaml; status=partial","","TSHEPO ext_authz via Envoy","6 migration(s) in notification-service","tshepo-authz-service","","","indirect","","","","mapped","partial","services/notification-service",""
"backend-capability","observability-service","sovereign-service","integration/platform-ops","integration/platform-ops","Observability canonical records","","","observability-service","contract: contracts/openapi/observability.openapi.yaml; status=partial","","TSHEPO ext_authz via Envoy","2 migration(s) in observability-service","tshepo-authz-service","","","indirect","","","","orphan-backend","orphan-backend","services/observability-service",""
"backend-capability","offline-edge-service","sovereign-service","integration/platform-ops","integration/platform-ops","Offline Edge canonical records","Device / System Event Journey","device-system-event","offline-edge-service","contract: contracts/openapi/offline-edge.openapi.yaml; status=partial","","TSHEPO ext_authz via Envoy","8 migration(s) in offline-edge-service","tshepo-authz-service","","","indirect","","","","mapped","partial","services/offline-edge-service",""
"backend-capability","offline-sync-service","sovereign-service","integration/interoperability","integration/interoperability","Offline Sync canonical records","Integration / Sync / Replay","integration-sync-replay","offline-sync-service","contract: contracts/openapi/offline-sync.openapi.yaml; status=partial","","TSHEPO ext_authz via Envoy","2 migration(s) in offline-sync-service","tshepo-authz-service","","","indirect","","","","mapped","partial","services/offline-sync-service",""
"backend-capability","oros-service","sovereign-service","clinical/care-delivery","clinical/care-delivery","Oros canonical records","Outpatient Consultation","outpatient-consultation","oros-service","contract: contracts/openapi/oros.openapi.yaml; status=partial","","TSHEPO ext_authz via Envoy","2 migration(s) in oros-service","tshepo-authz-service","","","indirect","","","","mapped","partial","services/oros-service",""
"backend-capability","pacs-adapter-service","sovereign-service","clinical/care-delivery","clinical/care-delivery","Pacs Adapter canonical records","Imaging Order & Result","imaging-order-result","pacs-adapter-service","contract: contracts/openapi/pacs-adapter.openapi.yaml; status=partial","","TSHEPO ext_authz via Envoy","3 migration(s) in pacs-adapter-service","tshepo-authz-service","","","indirect","","","","mapped","partial","services/pacs-adapter-service",""
"backend-capability","pct-service","sovereign-service","clinical/care-delivery","clinical/care-delivery","Pct canonical records","Patient Search & Selection","patient-search-selection","pct-service","contract: contracts/openapi/pct.openapi.yaml; status=partial","","TSHEPO ext_authz via Envoy","9 migration(s) in pct-service","tshepo-authz-service","","","indirect","","","","mapped","partial","services/pct-service",""
"backend-capability","pharmacy-elmis-adapter","sovereign-service","clinical/care-delivery","clinical/care-delivery","Pharmacy Elmis Adapter canonical records","","","pharmacy-elmis-adapter","no-matched-openapi; status=partial","","TSHEPO ext_authz via Envoy","1 migration(s) in pharmacy-elmis-adapter","tshepo-authz-service","","","indirect","","","","orphan-backend","orphan-backend","services/pharmacy-elmis-adapter",""
"backend-capability","pharmacy-service","sovereign-service","clinical/care-delivery","clinical/care-delivery","Pharmacy canonical records","Outpatient Consultation","outpatient-consultation","pharmacy-service","contract: contracts/openapi/pharmacy.openapi.yaml; status=partial","","TSHEPO ext_authz via Envoy","4 migration(s) in pharmacy-service","tshepo-authz-service","","","indirect","","","","mapped","partial","services/pharmacy-service",""
"backend-capability","procurement-service","sovereign-service","enterprise/enterprise-resource","enterprise/enterprise-resource","Procurement canonical records","","","procurement-service","contract: contracts/openapi/procurement.openapi.yaml; status=partial","","TSHEPO ext_authz via Envoy","1 migration(s) in procurement-service","tshepo-authz-service","","","indirect","","","","orphan-backend","orphan-backend","services/procurement-service",""
"backend-capability","product-registry-service","sovereign-service","registry/registry-spine","registry/registry-spine","Product Registry canonical records","Registry Administration","registry-administration","product-registry-service","contract: contracts/openapi/product-registry.openapi.yaml; status=partial","product-registry-service","TSHEPO ext_authz via Envoy","2 migration(s) in product-registry-service","tshepo-authz-service","","","indirect","","","","mapped","partial","services/product-registry-service",""
"backend-capability","referral-service","sovereign-service","integration/platform-ops","integration/platform-ops","Referral canonical records","Referral Create & Manage","referral-create","referral-service","contract: contracts/openapi/referral.openapi.yaml; status=partial","","TSHEPO ext_authz via Envoy","none detected","tshepo-authz-service","","","indirect","","","","mapped","partial","services/referral-service",""
"backend-capability","reporting-service","sovereign-service","data/intelligence","data/intelligence","Reporting canonical records","Data / Report / Dashboard Journey","reporting-dashboard","reporting-service","contract: contracts/openapi/reporting.openapi.yaml; status=partial","","TSHEPO ext_authz via Envoy","1 migration(s) in reporting-service","tshepo-authz-service","","","indirect","","","","mapped","partial","services/reporting-service",""
"backend-capability","rules-service","sovereign-service","clinical/clinical-knowledge","clinical/clinical-knowledge","Rules canonical records","","","rules-service","contract: contracts/openapi/rules.openapi.yaml; status=partial","","TSHEPO ext_authz via Envoy","3 migration(s) in rules-service","tshepo-authz-service","","","indirect","","","","orphan-backend","orphan-backend","services/rules-service",""
"backend-capability","scheduling-service","sovereign-service","clinical/care-delivery","clinical/care-delivery","Scheduling canonical records","Appointment Scheduling","appointment-scheduling","scheduling-service","contract: contracts/openapi/scheduling.openapi.yaml; status=partial","","TSHEPO ext_authz via Envoy","none detected","tshepo-authz-service","","","indirect","","","","mapped","partial","services/scheduling-service",""
"backend-capability","schema-registry-service","sovereign-service","integration/platform-ops","integration/platform-ops","Schema Registry canonical records","","","schema-registry-service","contract: contracts/openapi/schema-registry.openapi.yaml; status=partial","","TSHEPO ext_authz via Envoy","1 migration(s) in schema-registry-service","tshepo-authz-service","","","indirect","","","","orphan-backend","orphan-backend","services/schema-registry-service",""
"backend-capability","search-service","sovereign-service","data/intelligence","data/intelligence","Search canonical records","AI Guidance / Nompilo Assist","ai-guidance-nompilo","search-service","contract: contracts/openapi/search.openapi.yaml; status=partial","","TSHEPO ext_authz via Envoy","3 migration(s) in search-service","tshepo-authz-service","","","indirect","","","","mapped","partial","services/search-service",""
"backend-capability","security-hardening-service","sovereign-service","integration/platform-ops","integration/platform-ops","Security Hardening canonical records","","","security-hardening-service","contract: contracts/openapi/security-hardening.openapi.yaml; status=partial","","TSHEPO ext_authz via Envoy","1 migration(s) in security-hardening-service","tshepo-authz-service","","","indirect","","","","orphan-backend","orphan-backend","services/security-hardening-service",""
"backend-capability","share-slip-service","sovereign-service","enterprise/finance","enterprise/finance","Share Slip canonical records","Health ID Issuance & Card Ops","health-id-issuance","share-slip-service","contract: contracts/openapi/share-slip.openapi.yaml; status=partial","","TSHEPO ext_authz via Envoy","1 migration(s) in share-slip-service","tshepo-authz-service","","","indirect","","","","mapped","partial","services/share-slip-service",""
"backend-capability","simba-service","sovereign-service","enterprise/wellness-personal-health-data","enterprise/wellness-personal-health-data","wellness journeys; lifestyle plans; self-care plans; preventive care workflows; wellness goals; habit tracking workflows; coaching and nudge workflows; wellness programme participation; longitudinal wellness progress; connected source registry and permissions; personal wellness readings and manual entries; wellness remote monitoring alerts","Wellness & Lifestyle Journey","wellness-journey","simba-service","contract: contracts/openapi/simba.openapi.yaml; status=partial","","TSHEPO ext_authz via Envoy","2 migration(s) in simba-service","tshepo-authz-service","","","indirect","","","","mapped","partial","services/simba-service",""
"backend-capability","support-service","sovereign-service","integration/platform-ops","integration/platform-ops","Support canonical records","","","support-service","contract: contracts/openapi/support.openapi.yaml; status=partial","","TSHEPO ext_authz via Envoy","4 migration(s) in support-service","tshepo-authz-service","","","indirect","","","","orphan-backend","orphan-backend","services/support-service",""
"backend-capability","surveillance-service","sovereign-service","data/public-health-surveillance","data/public-health-surveillance","public-health surveillance signals and case aggregates; surveillance alert definitions and epidemiological counters; notifiable event monitoring telemetry","Data / Report / Dashboard Journey","reporting-dashboard","surveillance-service","contract: contracts/openapi/surveillance.openapi.yaml; status=partial","","TSHEPO ext_authz via Envoy","11 migration(s) in surveillance-service","tshepo-authz-service","","","indirect","","","","mapped","partial","services/surveillance-service",""
"backend-capability","tshepo-audit-service","sovereign-service","trust/identity-governance","trust/identity-governance","Tshepo Audit canonical records","","","tshepo-audit-service","contract: contracts/openapi/tshepo-audit.openapi.yaml; status=partial","","TSHEPO ext_authz via Envoy","2 migration(s) in tshepo-audit-service","","/admin/trust, /settings/security","","indirect","","","","orphan-backend","orphan-backend","services/tshepo-audit-service","useTrustAdmin.ts"
"backend-capability","tshepo-authz-service","sovereign-service","trust/identity-governance","trust/identity-governance","Tshepo Authz canonical records","Provider Login & Role Activation","provider-login","tshepo-authz-service","contract: contracts/openapi/tshepo-authz.openapi.yaml; status=partial","","TSHEPO ext_authz via Envoy","12 migration(s) in tshepo-authz-service","","/admin/trust, /settings/security","","indirect","","","","mapped","partial","services/tshepo-authz-service","useTrustAdmin.ts"
"backend-capability","tshepo-consent-service","sovereign-service","trust/identity-governance","trust/identity-governance","Tshepo Consent canonical records","Citizen / Client Onboarding","citizen-onboarding","tshepo-consent-service","contract: contracts/openapi/tshepo-consent.openapi.yaml; status=partial","","TSHEPO ext_authz via Envoy","1 migration(s) in tshepo-consent-service","","/admin/trust, /settings/security","","indirect","","","","mapped","partial","services/tshepo-consent-service","useTrustAdmin.ts"
"backend-capability","tshepo-identity-service","sovereign-service","trust/identity-governance","trust/identity-governance","Tshepo Identity canonical records","Citizen / Client Onboarding","citizen-onboarding","tshepo-identity-service","contract: contracts/openapi/tshepo-identity.openapi.yaml; status=partial","","TSHEPO ext_authz via Envoy","1 migration(s) in tshepo-identity-service","","/admin/trust, /settings/security","","indirect","","","","mapped","partial","services/tshepo-identity-service","useTrustAdmin.ts"
"backend-capability","tshepo-keys-service","sovereign-service","trust/identity-governance","trust/identity-governance","Tshepo Keys canonical records","","","tshepo-keys-service","contract: contracts/openapi/tshepo-keys.openapi.yaml; status=partial","","TSHEPO ext_authz via Envoy","1 migration(s) in tshepo-keys-service","","/admin/trust, /settings/security","","indirect","","","","orphan-backend","orphan-backend","services/tshepo-keys-service","useTrustAdmin.ts"
"backend-capability","tshepo-offline-service","sovereign-service","trust/identity-governance","trust/identity-governance","Tshepo Offline canonical records","","","tshepo-offline-service","contract: contracts/openapi/tshepo-offline.openapi.yaml; status=partial","","TSHEPO ext_authz via Envoy","1 migration(s) in tshepo-offline-service","","/admin/trust, /settings/security","","indirect","","","","orphan-backend","orphan-backend","services/tshepo-offline-service","useTrustAdmin.ts"
"backend-capability","tshepo-service","sovereign-service","trust/identity-governance","trust/identity-governance","Tshepo canonical records","","","tshepo-service","contract: contracts/openapi/tshepo.openapi.yaml; status=partial","","TSHEPO ext_authz via Envoy","11 migration(s) in tshepo-service","","/admin/trust, /settings/security","","indirect","","","","orphan-backend","orphan-backend","services/tshepo-service","useTrustAdmin.ts"
"backend-capability","tuso-service","sovereign-service","registry/registry-spine","registry/registry-spine","Tuso canonical records","Workspace / Shift Context Selection","workspace-context-selection","tuso-service","contract: contracts/openapi/tuso.openapi.yaml; status=partial","tuso-service","TSHEPO ext_authz via Envoy","9 migration(s) in tuso-service","tshepo-authz-service","/facility/*, /registry/facilities/*","","indirect","","","","mapped","partial","services/tuso-service","useFacilities.ts, useTusoRegistry.ts"
"backend-capability","ubomi-service","sovereign-service","registry/registry-spine","registry/registry-spine","Ubomi canonical records","Civil Registration (UBOMI / CRVS)","crvs-ubomi","ubomi-service","contract: contracts/openapi/ubomi.openapi.yaml; status=partial","","TSHEPO ext_authz via Envoy","1 migration(s) in ubomi-service","tshepo-authz-service","/ubomi","","indirect","","","","mapped","partial","services/ubomi-service","useUbomiRegistry.ts (new)"
"backend-capability","varapi-service","sovereign-service","registry/registry-spine","registry/registry-spine","Varapi canonical records","Provider Login & Role Activation","provider-login","varapi-service","contract: contracts/openapi/varapi.openapi.yaml; status=partial","varapi-service","TSHEPO ext_authz via Envoy","15 migration(s) in varapi-service","tshepo-authz-service","/registry/providers/*","","indirect","","","","mapped","partial","services/varapi-service","useRegistry.ts, useLicenses.ts, useCpd.ts"
"backend-capability","vito-service","sovereign-service","registry/registry-spine","registry/registry-spine","Vito canonical records","Citizen / Client Onboarding","citizen-onboarding","vito-service","contract: contracts/openapi/vito.openapi.yaml; status=partial","vito-service","TSHEPO ext_authz via Envoy","28 migration(s) in vito-service","tshepo-authz-service","/id-services, /registry/*","","indirect","","","","mapped","partial","services/vito-service","useIdentity.ts, useClientRegistry.ts"
"backend-capability","wellness-service","sovereign-service","enterprise/wellness-compatibility-alias","enterprise/wellness-compatibility-alias","Backend service module wellness-service","Wellness & Lifestyle Journey","wellness-journey","wellness-service","contract: contracts/openapi/wellness.openapi.yaml; status=partial","","TSHEPO ext_authz via Envoy","4 migration(s) in wellness-service","simba-service","","","indirect","","","","mapped","partial","services/wellness-service",""
"backend-capability","workflow-service","sovereign-service","integration/interoperability","integration/interoperability","Workflow canonical records","Core Transaction Orchestration Shell","core-transaction-orchestration","workflow-service","contract: contracts/openapi/workflow.openapi.yaml; status=partial","","TSHEPO ext_authz via Envoy","2 migration(s) in workflow-service","tshepo-authz-service","","","indirect","","","","mapped","partial","services/workflow-service",""
"backend-capability","workforce-governance-service","sovereign-service","enterprise/workforce-operations","enterprise/workforce-operations","Workforce Governance canonical records","","","workforce-governance-service","contract: contracts/openapi/workforce-governance.openapi.yaml; status=partial","","TSHEPO ext_authz via Envoy","1 migration(s) in workforce-governance-service","tshepo-authz-service","","","indirect","","","","orphan-backend","orphan-backend","services/workforce-governance-service",""
"backend-capability","zibo-service","sovereign-service","registry/terminology","registry/terminology","Zibo canonical records","Prescription & Dispense","prescription-dispense","zibo-service","contract: contracts/openapi/zibo.openapi.yaml; status=partial","zibo-service","TSHEPO ext_authz via Envoy","2 migration(s) in zibo-service","tshepo-authz-service","ui/zibo-web","","indirect","","","","mapped","partial","services/zibo-service","ziboApi.ts"
