canonicalName,aliases,sourcePath,componentType,serviceDomainPlane,capabilityDescription,backendApiContractStatus,frontendSurfaceExpected,currentFrontendRouteComponent,mobileSurfaceExpected,currentMobileScreenComponent,apiClientHook,workflowEventDependency,databaseMigrationDependency,trustSecurityDependency,relatedServices,currentCompletenessStatus,currentBlocker,recommendedClassification
"shared-kernel-java","shared-kernel-java","libs/shared-kernel-java","shared-library","platform","Shared internal library: shared-kernel-java","n/a","no","","no","","","","none","indirect","all services","library","","shared-internal-library"
"security-baseline","security-baseline","libs/security-baseline","shared-library","platform","Shared internal library: security-baseline","n/a","no","","no","","","","none","indirect","all services","library","","shared-internal-library"
"shared-core","shared-core","services/shared-core","shared-library","platform","Shared internal library: shared-core","n/a","no","","no","","","","none","indirect","all services","library","","shared-internal-library"
"tshepo-contracts","tshepo-contracts","libs/tshepo-contracts","shared-library","platform","Shared internal library: tshepo-contracts","n/a","no","","no","","","","none","indirect","all services","library","","shared-internal-library"
"tshepo-sdk","tshepo-sdk","libs/tshepo-sdk","shared-library","platform","Shared internal library: tshepo-sdk","n/a","no","","no","","","","none","indirect","all services","library","","shared-internal-library"
"tech-companion","tech-companion","libs/tech-companion","shared-library","platform","Shared internal library: tech-companion","n/a","no","","no","","","","none","indirect","all services","library","","shared-internal-library"
"federation-connector","federation-connector","libs/federation-connector","shared-library","platform","Shared internal library: federation-connector","n/a","no","","no","","","","none","indirect","all services","library","","shared-internal-library"
"tech-companion-harness","tech-companion-harness","libs/tech-companion-harness","shared-library","platform","Shared internal library: tech-companion-harness","n/a","no","","no","","","","none","indirect","all services","library","","shared-internal-library"
"tech-companion-mock","tech-companion-mock","libs/tech-companion-mock","shared-library","platform","Shared internal library: tech-companion-mock","n/a","no","","no","","","","none","indirect","all services","library","","shared-internal-library"
"ops-instrumentation","ops-instrumentation","libs/ops-instrumentation","shared-library","platform","Shared internal library: ops-instrumentation","n/a","no","","no","","","","none","indirect","all services","library","","shared-internal-library"
"offline-sdk","offline-sdk","libs/offline-sdk","shared-library","platform","Shared internal library: offline-sdk","n/a","no","","no","","","","none","indirect","all services","library","","shared-internal-library"
"contract-tests","contract-tests","libs/contract-tests","shared-library","platform","Shared internal library: contract-tests","n/a","no","","no","","","","none","indirect","all services","library","","shared-internal-library"
"ai-model-registry-service","Ai Model Registry","services/ai-model-registry-service","backend-service","data/intelligence","Ai Model Registry canonical records","contract: contracts/openapi/ai-model-registry.openapi.yaml; status=partial","partial","","unknown","","","tshepo-authz-service","1 migration(s) in ai-model-registry-service","TSHEPO ext_authz via Envoy","tshepo-authz-service; experience-bff; integration-hub","production=baseline-assessed; impl=implemented-or-partial; frontend=unknown-or-partial","","data-analytics-ai-service"
"ai-model-registry-service:AiRegistryV11ProbeController","/internal/v1","services/ai-model-registry-service/src/main/java/zw/gov/mohcc/impilo/air/api/AiRegistryV11ProbeController.java","backend-controller","data/intelligence","REST controller for ai-model-registry-service","contracts/openapi/ai-model-registry.openapi.yaml","via-bff","","via-bff-mobile","","","","","TSHEPO ext_authz","ai-model-registry-service","implemented-or-partial","","data-analytics-ai-service"
"ai-model-registry-service:DriftEventController","/internal/v1/ai-registry/drift-events","services/ai-model-registry-service/src/main/java/zw/gov/mohcc/impilo/air/api/DriftEventController.java","backend-controller","data/intelligence","REST controller for ai-model-registry-service","contracts/openapi/ai-model-registry.openapi.yaml","via-bff","","via-bff-mobile","","","","","TSHEPO ext_authz","ai-model-registry-service","implemented-or-partial","","data-analytics-ai-service"
"ai-model-registry-service:InferenceRecordController","/internal/v1/ai-registry/inference-records","services/ai-model-registry-service/src/main/java/zw/gov/mohcc/impilo/air/api/InferenceRecordController.java","backend-controller","data/intelligence","REST controller for ai-model-registry-service","contracts/openapi/ai-model-registry.openapi.yaml","via-bff","","via-bff-mobile","","","","","TSHEPO ext_authz","ai-model-registry-service","implemented-or-partial","","data-analytics-ai-service"
"ai-model-registry-service:ModelController","/internal/v1/ai-registry/models","services/ai-model-registry-service/src/main/java/zw/gov/mohcc/impilo/air/api/ModelController.java","backend-controller","data/intelligence","REST controller for ai-model-registry-service","contracts/openapi/ai-model-registry.openapi.yaml","via-bff","","via-bff-mobile","","","","","TSHEPO ext_authz","ai-model-registry-service","implemented-or-partial","","data-analytics-ai-service"
"ai-model-registry-service:ModelVersionController","/internal/v1/ai-registry/models/{modelId}/versions","services/ai-model-registry-service/src/main/java/zw/gov/mohcc/impilo/air/api/ModelVersionController.java","backend-controller","data/intelligence","REST controller for ai-model-registry-service","contracts/openapi/ai-model-registry.openapi.yaml","via-bff","","via-bff-mobile","","","","","TSHEPO ext_authz","ai-model-registry-service","implemented-or-partial","","data-analytics-ai-service"
"analytics-pipeline-service","Analytics Pipeline","services/analytics-pipeline-service","backend-service","integration/platform-ops","Analytics Pipeline canonical records","contract: contracts/openapi/analytics-pipeline.openapi.yaml; status=partial","partial","","unknown","","","tshepo-authz-service","none detected","TSHEPO ext_authz via Envoy","tshepo-authz-service; experience-bff; integration-hub","production=baseline-assessed; impl=implemented-or-partial; frontend=unknown-or-partial","","data-analytics-ai-service"
"asset-registry-service","Asset Registry","services/asset-registry-service","backend-service","integration/platform-ops","Asset Registry canonical records","contract: contracts/openapi/asset-registry.openapi.yaml; status=partial","partial","","unknown","","","tshepo-authz-service","5 migration(s) in asset-registry-service","TSHEPO ext_authz via Envoy","tshepo-authz-service; experience-bff; integration-hub","production=baseline-assessed; impl=implemented-or-partial; frontend=unknown-or-partial","","registry-service"
"asset-registry-service:AssetController","/v1","services/asset-registry-service/src/main/java/zw/gov/mohcc/impilo/assetregistry/api/AssetController.java","backend-controller","integration/platform-ops","REST controller for asset-registry-service","contracts/openapi/asset-registry.openapi.yaml","via-bff","","via-bff-mobile","","","","","TSHEPO ext_authz","asset-registry-service","implemented-or-partial","","registry-service"
"asset-registry-service:FixedAssetController","/internal/v1/fixed-assets","services/asset-registry-service/src/main/java/zw/gov/mohcc/impilo/assetregistry/api/FixedAssetController.java","backend-controller","integration/platform-ops","REST controller for asset-registry-service","contracts/openapi/asset-registry.openapi.yaml","via-bff","","via-bff-mobile","","","","","TSHEPO ext_authz","asset-registry-service","implemented-or-partial","","registry-service"
"asset-registry-service:SnapshotController","/internal/v1/snapshots","services/asset-registry-service/src/main/java/zw/gov/mohcc/impilo/assetregistry/api/SnapshotController.java","backend-controller","integration/platform-ops","REST controller for asset-registry-service","contracts/openapi/asset-registry.openapi.yaml","via-bff","","via-bff-mobile","","","","","TSHEPO ext_authz","asset-registry-service","implemented-or-partial","","registry-service"
"audit-ledger-service","Audit Ledger","services/audit-ledger-service","backend-service","integration/platform-ops","Audit Ledger canonical records","contract: contracts/openapi/audit-ledger.openapi.yaml; status=partial","partial","","unknown","","","tshepo-authz-service","2 migration(s) in audit-ledger-service","TSHEPO ext_authz via Envoy","tshepo-authz-service; experience-bff; integration-hub","production=baseline-assessed; impl=implemented-or-partial; frontend=unknown-or-partial","","trust-security-service"
"audit-ledger-service:AuditLedgerController","/v1","services/audit-ledger-service/src/main/java/zw/gov/mohcc/impilo/auditledger/api/AuditLedgerController.java","backend-controller","integration/platform-ops","REST controller for audit-ledger-service","contracts/openapi/audit-ledger.openapi.yaml","via-bff","","via-bff-mobile","","","","","TSHEPO ext_authz","audit-ledger-service","implemented-or-partial","","trust-security-service"
"butano-fhir","BUTANO FHIR","services/butano-fhir","backend-service","clinical/care-delivery","Butano Fhir canonical records","contract: contracts/openapi/butano-fhir.openapi.yaml; status=partial","partial","/ehr/[patientId]/*","partial","","useSummary.ts, useTimeline.ts","tshepo-authz-service","1 migration(s) in butano-fhir","TSHEPO ext_authz via Envoy","tshepo-authz-service; experience-bff; integration-hub","production=baseline-assessed; impl=implemented-or-partial; frontend=unknown-or-partial","Mobile conditions/allergies TODO","clinical-service"
"butano-fhir:ButanoFhirV11ProbeController","/internal/v1","services/butano-fhir/src/main/java/zw/gov/mohcc/impilo/butanofhir/api/ButanoFhirV11ProbeController.java","backend-controller","clinical/care-delivery","REST controller for butano-fhir","contracts/openapi/butano-fhir.openapi.yaml","via-bff","","via-bff-mobile","","","","","TSHEPO ext_authz","butano-fhir","implemented-or-partial","","clinical-service"
"butano-fhir:FhirResourceController","/internal/v1/fhir/resources","services/butano-fhir/src/main/java/zw/gov/mohcc/impilo/butanofhir/api/FhirResourceController.java","backend-controller","clinical/care-delivery","REST controller for butano-fhir","contracts/openapi/butano-fhir.openapi.yaml","via-bff","","via-bff-mobile","","","","","TSHEPO ext_authz","butano-fhir","implemented-or-partial","","clinical-service"
"butano-service","BUTANO; HAPI SHR","services/butano-service","backend-service","clinical/care-delivery","Butano canonical records","no-matched-openapi; status=partial","partial","/ehr/[patientId]/*","partial","","useSummary.ts, useTimeline.ts","tshepo-authz-service","2 migration(s) in butano-service","TSHEPO ext_authz via Envoy","tshepo-authz-service; experience-bff; integration-hub","production=baseline-assessed; impl=implemented-or-partial; frontend=unknown-or-partial","Mobile conditions/allergies TODO","clinical-service"
"butano-service:IpsSummaryController","/v1/summary","services/butano-service/src/main/java/zw/gov/mohcc/impilo/butano/api/controller/IpsSummaryController.java","backend-controller","clinical/care-delivery","REST controller for butano-service","contract-unmatched","via-bff","","via-bff-mobile","","","","","TSHEPO ext_authz","butano-service","implemented-or-partial","","clinical-service"
"butano-service:ReconciliationController","/v1/internal","services/butano-service/src/main/java/zw/gov/mohcc/impilo/butano/api/controller/ReconciliationController.java","backend-controller","clinical/care-delivery","REST controller for butano-service","contract-unmatched","via-bff","","via-bff-mobile","","","","","TSHEPO ext_authz","butano-service","implemented-or-partial","","clinical-service"
"butano-service:StatsController","/v1/internal","services/butano-service/src/main/java/zw/gov/mohcc/impilo/butano/api/controller/StatsController.java","backend-controller","clinical/care-delivery","REST controller for butano-service","contract-unmatched","via-bff","","via-bff-mobile","","","","","TSHEPO ext_authz","butano-service","implemented-or-partial","","clinical-service"
"butano-service:TimelineController","/v1/timeline","services/butano-service/src/main/java/zw/gov/mohcc/impilo/butano/api/controller/TimelineController.java","backend-controller","clinical/care-delivery","REST controller for butano-service","contract-unmatched","via-bff","","via-bff-mobile","","","","","TSHEPO ext_authz","butano-service","implemented-or-partial","","clinical-service"
"butano-service:ButanoV11ProbeController","/internal/v1","services/butano-service/src/main/java/zw/gov/mohcc/impilo/butano/api/controller/v11/ButanoV11ProbeController.java","backend-controller","clinical/care-delivery","REST controller for butano-service","contract-unmatched","via-bff","","via-bff-mobile","","","","","TSHEPO ext_authz","butano-service","implemented-or-partial","","clinical-service"
"campaigns-service","Campaigns","services/campaigns-service","backend-service","data/public-health-campaigns","public-health campaign definitions; campaign outreach plans and schedules; campaign execution state and coverage metrics","contract: contracts/openapi/campaigns.openapi.yaml; status=partial","partial","","unknown","","","tshepo-authz-service","2 migration(s) in campaigns-service","TSHEPO ext_authz via Envoy","tshepo-authz-service; experience-bff; integration-hub","production=baseline-assessed; impl=implemented-or-partial; frontend=unknown-or-partial","","data-analytics-ai-service"
"campaigns-service:CampaignController","/internal/v1/campaigns","services/campaigns-service/src/main/java/zw/gov/mohcc/impilo/campaigns/api/CampaignController.java","backend-controller","data/public-health-campaigns","REST controller for campaigns-service","contracts/openapi/campaigns.openapi.yaml","via-bff","","via-bff-mobile","","","","","TSHEPO ext_authz","campaigns-service","implemented-or-partial","","data-analytics-ai-service"
"card-print-agent","Card Print Agent","services/card-print-agent","backend-service","integration/interoperability","Card Print Agent canonical records","no-matched-openapi; status=partial","partial","","unknown","","","tshepo-authz-service","1 migration(s) in card-print-agent","TSHEPO ext_authz via Envoy","tshepo-authz-service; experience-bff; integration-hub","production=baseline-assessed; impl=implemented-or-partial; frontend=unknown-or-partial","","worker-job"
"card-print-agent:HealthController","/api","services/card-print-agent/src/main/java/zw/gov/mohcc/impilo/cardprint/api/HealthController.java","backend-controller","integration/interoperability","REST controller for card-print-agent","contract-unmatched","via-bff","","via-bff-mobile","","","","","TSHEPO ext_authz","card-print-agent","implemented-or-partial","","worker-job"
"card-print-agent:PrintJobController","/v1/internal/print-jobs","services/card-print-agent/src/main/java/zw/gov/mohcc/impilo/cardprint/api/PrintJobController.java","backend-controller","integration/interoperability","REST controller for card-print-agent","contract-unmatched","via-bff","","via-bff-mobile","","","","","TSHEPO ext_authz","card-print-agent","implemented-or-partial","","worker-job"
"card-print-agent:CardPrintV11ProbeController","/internal/v1","services/card-print-agent/src/main/java/zw/gov/mohcc/impilo/cardprint/api/v11/CardPrintV11ProbeController.java","backend-controller","integration/interoperability","REST controller for card-print-agent","contract-unmatched","via-bff","","via-bff-mobile","","","","","TSHEPO ext_authz","card-print-agent","implemented-or-partial","","worker-job"
"channels-service","Channels","services/channels-service","backend-service","integration/interoperability","Channels canonical records","contract: contracts/openapi/channels.openapi.yaml; status=partial","partial","","unknown","","","tshepo-authz-service","1 migration(s) in channels-service","TSHEPO ext_authz via Envoy","tshepo-authz-service; experience-bff; integration-hub","production=baseline-assessed; impl=implemented-or-partial; frontend=unknown-or-partial","","backend-capability"
"channels-service:AssistedInteractionController","/internal/v1/channels/assisted-interactions","services/channels-service/src/main/java/zw/gov/mohcc/impilo/channels/api/AssistedInteractionController.java","backend-controller","integration/interoperability","REST controller for channels-service","contracts/openapi/channels.openapi.yaml","via-bff","","via-bff-mobile","","","","","TSHEPO ext_authz","channels-service","implemented-or-partial","","backend-capability"
"channels-service:InboundController","/external/v1/channels/inbound","services/channels-service/src/main/java/zw/gov/mohcc/impilo/channels/api/InboundController.java","backend-controller","integration/interoperability","REST controller for channels-service","contracts/openapi/channels.openapi.yaml","via-bff","","via-bff-mobile","","","","","TSHEPO ext_authz","channels-service","implemented-or-partial","","backend-capability"
"channels-service:MessageController","/internal/v1/channels/messages","services/channels-service/src/main/java/zw/gov/mohcc/impilo/channels/api/MessageController.java","backend-controller","integration/interoperability","REST controller for channels-service","contracts/openapi/channels.openapi.yaml","via-bff","","via-bff-mobile","","","","","TSHEPO ext_authz","channels-service","implemented-or-partial","","backend-capability"
"channels-service:SessionController","/internal/v1/channels/sessions","services/channels-service/src/main/java/zw/gov/mohcc/impilo/channels/api/SessionController.java","backend-controller","integration/interoperability","REST controller for channels-service","contracts/openapi/channels.openapi.yaml","via-bff","","via-bff-mobile","","","","","TSHEPO ext_authz","channels-service","implemented-or-partial","","backend-capability"
"channels-service:SnapshotController","/internal/v1/channels/sessions/snapshot","services/channels-service/src/main/java/zw/gov/mohcc/impilo/channels/api/SnapshotController.java","backend-controller","integration/interoperability","REST controller for channels-service","contracts/openapi/channels.openapi.yaml","via-bff","","via-bff-mobile","","","","","TSHEPO ext_authz","channels-service","implemented-or-partial","","backend-capability"
"clinical-knowledge-platform-service","Clinical Knowledge Platform","services/clinical-knowledge-platform-service","backend-service","clinical/clinical-knowledge","Clinical Knowledge Platform canonical records","contract: contracts/openapi/clinical-knowledge-platform.openapi.yaml; status=partial","partial","","unknown","","","tshepo-authz-service","4 migration(s) in clinical-knowledge-platform-service","TSHEPO ext_authz via Envoy","tshepo-authz-service; experience-bff; integration-hub","production=baseline-assessed; impl=implemented-or-partial; frontend=unknown-or-partial","","clinical-service"
"clinical-knowledge-platform-service:ClinicalKnowledgePlatformController","/internal/v1/clinical","services/clinical-knowledge-platform-service/src/main/java/zw/gov/mohcc/impilo/clinical/api/ClinicalKnowledgePlatformController.java","backend-controller","clinical/clinical-knowledge","REST controller for clinical-knowledge-platform-service","contracts/openapi/clinical-knowledge-platform.openapi.yaml","via-bff","","via-bff-mobile","","","","","TSHEPO ext_authz","clinical-knowledge-platform-service","implemented-or-partial","","clinical-service"
"clinical-knowledge-platform-service:KnowledgeCurationController","/internal/v1/clinical/curation","services/clinical-knowledge-platform-service/src/main/java/zw/gov/mohcc/impilo/clinical/api/KnowledgeCurationController.java","backend-controller","clinical/clinical-knowledge","REST controller for clinical-knowledge-platform-service","contracts/openapi/clinical-knowledge-platform.openapi.yaml","via-bff","","via-bff-mobile","","","","","TSHEPO ext_authz","clinical-knowledge-platform-service","implemented-or-partial","","clinical-service"
"clinical-knowledge-platform-service:SourceIngestionController","/internal/v1/clinical/source","services/clinical-knowledge-platform-service/src/main/java/zw/gov/mohcc/impilo/clinical/api/SourceIngestionController.java","backend-controller","clinical/clinical-knowledge","REST controller for clinical-knowledge-platform-service","contracts/openapi/clinical-knowledge-platform.openapi.yaml","via-bff","","via-bff-mobile","","","","","TSHEPO ext_authz","clinical-knowledge-platform-service","implemented-or-partial","","clinical-service"
"community-service","Community","services/community-service","backend-service","experience/workflow-orchestration","Community canonical records","contract: contracts/openapi/community.openapi.yaml; status=partial","yes","","unknown","","","tshepo-authz-service; multiple-domain-services-via-bff","2 migration(s) in community-service","TSHEPO ext_authz via Envoy","tshepo-authz-service; multiple-domain-services-via-bff; web-mobile-experience","production=baseline-assessed; impl=implemented-or-partial; frontend=wired","","backend-capability"
"community-service:ChwAssignmentController","/internal/v1/community/assignments","services/community-service/src/main/java/zw/gov/mohcc/impilo/community/api/controller/ChwAssignmentController.java","backend-controller","experience/workflow-orchestration","REST controller for community-service","contracts/openapi/community.openapi.yaml","via-bff","","via-bff-mobile","","","","","TSHEPO ext_authz","community-service","implemented-or-partial","","backend-capability"
"community-service:CommunityUnitController","/internal/v1/community/units","services/community-service/src/main/java/zw/gov/mohcc/impilo/community/api/controller/CommunityUnitController.java","backend-controller","experience/workflow-orchestration","REST controller for community-service","contracts/openapi/community.openapi.yaml","via-bff","","via-bff-mobile","","","","","TSHEPO ext_authz","community-service","implemented-or-partial","","backend-capability"
"community-service:CommunityV11ProbeController","/internal/v1","services/community-service/src/main/java/zw/gov/mohcc/impilo/community/api/controller/CommunityV11ProbeController.java","backend-controller","experience/workflow-orchestration","REST controller for community-service","contracts/openapi/community.openapi.yaml","via-bff","","via-bff-mobile","","","","","TSHEPO ext_authz","community-service","implemented-or-partial","","backend-capability"
"community-service:OutreachVisitController","/internal/v1/community/visits","services/community-service/src/main/java/zw/gov/mohcc/impilo/community/api/controller/OutreachVisitController.java","backend-controller","experience/workflow-orchestration","REST controller for community-service","contracts/openapi/community.openapi.yaml","via-bff","","via-bff-mobile","","","","","TSHEPO ext_authz","community-service","implemented-or-partial","","backend-capability"
"community-service:SocialCommunityController","/internal/v1/community/social","services/community-service/src/main/java/zw/gov/mohcc/impilo/community/social/api/controller/SocialCommunityController.java","backend-controller","experience/workflow-orchestration","REST controller for community-service","contracts/openapi/community.openapi.yaml","via-bff","","via-bff-mobile","","","","","TSHEPO ext_authz","community-service","implemented-or-partial","","backend-capability"
"community-service:SocialPostController","/internal/v1/community/social","services/community-service/src/main/java/zw/gov/mohcc/impilo/community/social/api/controller/SocialPostController.java","backend-controller","experience/workflow-orchestration","REST controller for community-service","contracts/openapi/community.openapi.yaml","via-bff","","via-bff-mobile","","","","","TSHEPO ext_authz","community-service","implemented-or-partial","","backend-capability"
"connector-fhir-adapter","Connector FHIR","services/connector-fhir-adapter","backend-service","integration/interoperability","Connector Fhir Adapter canonical records","no-matched-openapi; status=partial","partial","","unknown","","","tshepo-authz-service","2 migration(s) in connector-fhir-adapter","TSHEPO ext_authz via Envoy","tshepo-authz-service; experience-bff; integration-hub","production=baseline-assessed; impl=implemented-or-partial; frontend=unknown-or-partial","","clinical-service"
"connector-fhir-adapter:FhirRelayController","/v1","services/connector-fhir-adapter/src/main/java/zw/gov/mohcc/impilo/connectorfhir/api/FhirRelayController.java","backend-controller","integration/interoperability","REST controller for connector-fhir-adapter","contract-unmatched","via-bff","","via-bff-mobile","","","","","TSHEPO ext_authz","connector-fhir-adapter","implemented-or-partial","","clinical-service"
"costing-engine-service","COSTA","services/costing-engine-service","backend-service","enterprise/finance","Costing Engine canonical records","no-matched-openapi; status=partial","partial","","unknown","","","tshepo-authz-service","11 migration(s) in costing-engine-service","TSHEPO ext_authz via Envoy","tshepo-authz-service; experience-bff; integration-hub","production=baseline-assessed; impl=implemented-or-partial; frontend=unknown-or-partial","","finance-transaction-service"
"costing-engine-service:AuditController","/costa/v1/audit","services/costing-engine-service/src/main/java/zw/gov/mohcc/impilo/costa/api/AuditController.java","backend-controller","enterprise/finance","REST controller for costing-engine-service","contract-unmatched","via-bff","","via-bff-mobile","","","","","TSHEPO ext_authz","costing-engine-service","implemented-or-partial","","finance-transaction-service"
"costing-engine-service:BillController","/costa/v1/bills","services/costing-engine-service/src/main/java/zw/gov/mohcc/impilo/costa/api/BillController.java","backend-controller","enterprise/finance","REST controller for costing-engine-service","contract-unmatched","via-bff","","via-bff-mobile","","","","","TSHEPO ext_authz","costing-engine-service","implemented-or-partial","","finance-transaction-service"
"costing-engine-service:BudgetController","/internal/v1/finance/budgets","services/costing-engine-service/src/main/java/zw/gov/mohcc/impilo/costa/api/BudgetController.java","backend-controller","enterprise/finance","REST controller for costing-engine-service","contract-unmatched","via-bff","","via-bff-mobile","","","","","TSHEPO ext_authz","costing-engine-service","implemented-or-partial","","finance-transaction-service"
"costing-engine-service:ClaimController","/costa/v1/claims","services/costing-engine-service/src/main/java/zw/gov/mohcc/impilo/costa/api/ClaimController.java","backend-controller","enterprise/finance","REST controller for costing-engine-service","contract-unmatched","via-bff","","via-bff-mobile","","","","","TSHEPO ext_authz","costing-engine-service","implemented-or-partial","","finance-transaction-service"
"costing-engine-service:EstimateController","/costa/v1/estimate","services/costing-engine-service/src/main/java/zw/gov/mohcc/impilo/costa/api/EstimateController.java","backend-controller","enterprise/finance","REST controller for costing-engine-service","contract-unmatched","via-bff","","via-bff-mobile","","","","","TSHEPO ext_authz","costing-engine-service","implemented-or-partial","","finance-transaction-service"
"costing-engine-service:FinancialDocumentController","/costa/v1/finance/documents","services/costing-engine-service/src/main/java/zw/gov/mohcc/impilo/costa/api/FinancialDocumentController.java","backend-controller","enterprise/finance","REST controller for costing-engine-service","contract-unmatched","via-bff","","via-bff-mobile","","","","","TSHEPO ext_authz","costing-engine-service","implemented-or-partial","","finance-transaction-service"
"costing-engine-service:FinancialReportingController","/internal/v1/finance/reports","services/costing-engine-service/src/main/java/zw/gov/mohcc/impilo/costa/api/FinancialReportingController.java","backend-controller","enterprise/finance","REST controller for costing-engine-service","contract-unmatched","via-bff","","via-bff-mobile","","","","","TSHEPO ext_authz","costing-engine-service","implemented-or-partial","","finance-transaction-service"
"costing-engine-service:PatientAccountController","/costa/v1/finance/patient-accounts","services/costing-engine-service/src/main/java/zw/gov/mohcc/impilo/costa/api/PatientAccountController.java","backend-controller","enterprise/finance","REST controller for costing-engine-service","contract-unmatched","via-bff","","via-bff-mobile","","","","","TSHEPO ext_authz","costing-engine-service","implemented-or-partial","","finance-transaction-service"
"costing-engine-service:PaymentController","/costa/v1/payments","services/costing-engine-service/src/main/java/zw/gov/mohcc/impilo/costa/api/PaymentController.java","backend-controller","enterprise/finance","REST controller for costing-engine-service","contract-unmatched","via-bff","","via-bff-mobile","","","","","TSHEPO ext_authz","costing-engine-service","implemented-or-partial","","finance-transaction-service"
"costing-engine-service:PaymentPlanController","/costa/v1/finance/payment-plans","services/costing-engine-service/src/main/java/zw/gov/mohcc/impilo/costa/api/PaymentPlanController.java","backend-controller","enterprise/finance","REST controller for costing-engine-service","contract-unmatched","via-bff","","via-bff-mobile","","","","","TSHEPO ext_authz","costing-engine-service","implemented-or-partial","","finance-transaction-service"
"costing-engine-service:RulesetController","/costa/v1/rulesets","services/costing-engine-service/src/main/java/zw/gov/mohcc/impilo/costa/api/RulesetController.java","backend-controller","enterprise/finance","REST controller for costing-engine-service","contract-unmatched","via-bff","","via-bff-mobile","","","","","TSHEPO ext_authz","costing-engine-service","implemented-or-partial","","finance-transaction-service"
"costing-engine-service:TariffController","/costa/v1/tariffs","services/costing-engine-service/src/main/java/zw/gov/mohcc/impilo/costa/api/TariffController.java","backend-controller","enterprise/finance","REST controller for costing-engine-service","contract-unmatched","via-bff","","via-bff-mobile","","","","","TSHEPO ext_authz","costing-engine-service","implemented-or-partial","","finance-transaction-service"
"costing-engine-service:ServiceAccessDecisionController","/costa/v1/service-access-decisions","services/costing-engine-service/src/main/java/zw/gov/mohcc/impilo/costa/api/access/ServiceAccessDecisionController.java","backend-controller","enterprise/finance","REST controller for costing-engine-service","contract-unmatched","via-bff","","via-bff-mobile","","","","","TSHEPO ext_authz","costing-engine-service","implemented-or-partial","","finance-transaction-service"
"costing-engine-service:CostaIntelApiController","/api/costa","services/costing-engine-service/src/main/java/zw/gov/mohcc/impilo/costa/api/costa/CostaIntelApiController.java","backend-controller","enterprise/finance","REST controller for costing-engine-service","contract-unmatched","via-bff","","via-bff-mobile","","","","","TSHEPO ext_authz","costing-engine-service","implemented-or-partial","","finance-transaction-service"
"costing-engine-service:CashupController","/internal/v1/finance/cashup","services/costing-engine-service/src/main/java/zw/gov/mohcc/impilo/costa/api/finance/CashupController.java","backend-controller","enterprise/finance","REST controller for costing-engine-service","contract-unmatched","via-bff","","via-bff-mobile","","","","","TSHEPO ext_authz","costing-engine-service","implemented-or-partial","","finance-transaction-service"
"costing-engine-service:CostCenterController","/internal/v1/finance/cost-centers","services/costing-engine-service/src/main/java/zw/gov/mohcc/impilo/costa/api/finance/CostCenterController.java","backend-controller","enterprise/finance","REST controller for costing-engine-service","contract-unmatched","via-bff","","via-bff-mobile","","","","","TSHEPO ext_authz","costing-engine-service","implemented-or-partial","","finance-transaction-service"
"costing-engine-service:FinancialLifecycleController","/costa/v1/finance/lifecycle","services/costing-engine-service/src/main/java/zw/gov/mohcc/impilo/costa/api/finance/FinancialLifecycleController.java","backend-controller","enterprise/finance","REST controller for costing-engine-service","contract-unmatched","via-bff","","via-bff-mobile","","","","","TSHEPO ext_authz","costing-engine-service","implemented-or-partial","","finance-transaction-service"
"costing-engine-service:ReceivablesController","/internal/v1/finance/receivables","services/costing-engine-service/src/main/java/zw/gov/mohcc/impilo/costa/api/finance/ReceivablesController.java","backend-controller","enterprise/finance","REST controller for costing-engine-service","contract-unmatched","via-bff","","via-bff-mobile","","","","","TSHEPO ext_authz","costing-engine-service","implemented-or-partial","","finance-transaction-service"
"costing-engine-service:RevenueController","/internal/v1/finance/revenue","services/costing-engine-service/src/main/java/zw/gov/mohcc/impilo/costa/api/finance/RevenueController.java","backend-controller","enterprise/finance","REST controller for costing-engine-service","contract-unmatched","via-bff","","via-bff-mobile","","","","","TSHEPO ext_authz","costing-engine-service","implemented-or-partial","","finance-transaction-service"
"costing-engine-service:CostaV11ProbeController","/internal/v1","services/costing-engine-service/src/main/java/zw/gov/mohcc/impilo/costa/api/v11/CostaV11ProbeController.java","backend-controller","enterprise/finance","REST controller for costing-engine-service","contract-unmatched","via-bff","","via-bff-mobile","","","","","TSHEPO ext_authz","costing-engine-service","implemented-or-partial","","finance-transaction-service"
"coverage-service","Coverage","services/coverage-service","backend-service","enterprise/finance","Coverage canonical records","contract: contracts/openapi/coverage.openapi.yaml; status=partial","partial","","unknown","","","tshepo-authz-service","7 migration(s) in coverage-service","TSHEPO ext_authz via Envoy","tshepo-authz-service; experience-bff; integration-hub","production=baseline-assessed; impl=implemented-or-partial; frontend=unknown-or-partial","","finance-transaction-service"
"coverage-service:AppealController","/internal/v1/appeals","services/coverage-service/src/main/java/zw/gov/mohcc/impilo/coverage/api/AppealController.java","backend-controller","enterprise/finance","REST controller for coverage-service","contracts/openapi/coverage.openapi.yaml","via-bff","","via-bff-mobile","","","","","TSHEPO ext_authz","coverage-service","implemented-or-partial","","finance-transaction-service"
"coverage-service:ClaimController","/internal/v1/coverage/claims","services/coverage-service/src/main/java/zw/gov/mohcc/impilo/coverage/api/ClaimController.java","backend-controller","enterprise/finance","REST controller for coverage-service","contracts/openapi/coverage.openapi.yaml","via-bff","","via-bff-mobile","","","","","TSHEPO ext_authz","coverage-service","implemented-or-partial","","finance-transaction-service"
"coverage-service:CoveragePlanController","/internal/v1/coverage","services/coverage-service/src/main/java/zw/gov/mohcc/impilo/coverage/api/CoveragePlanController.java","backend-controller","enterprise/finance","REST controller for coverage-service","contracts/openapi/coverage.openapi.yaml","via-bff","","via-bff-mobile","","","","","TSHEPO ext_authz","coverage-service","implemented-or-partial","","finance-transaction-service"
"coverage-service:EligibilityController","/internal/v1/coverage/eligibility","services/coverage-service/src/main/java/zw/gov/mohcc/impilo/coverage/api/EligibilityController.java","backend-controller","enterprise/finance","REST controller for coverage-service","contracts/openapi/coverage.openapi.yaml","via-bff","","via-bff-mobile","","","","","TSHEPO ext_authz","coverage-service","implemented-or-partial","","finance-transaction-service"
"coverage-service:InternalEligibilityCheckController","/internal/v1/eligibility","services/coverage-service/src/main/java/zw/gov/mohcc/impilo/coverage/api/InternalEligibilityCheckController.java","backend-controller","enterprise/finance","REST controller for coverage-service","contracts/openapi/coverage.openapi.yaml","via-bff","","via-bff-mobile","","","","","TSHEPO ext_authz","coverage-service","implemented-or-partial","","finance-transaction-service"
"coverage-service:MemberContributionsController","/internal/v1/coverage/contributions","services/coverage-service/src/main/java/zw/gov/mohcc/impilo/coverage/api/MemberContributionsController.java","backend-controller","enterprise/finance","REST controller for coverage-service","contracts/openapi/coverage.openapi.yaml","via-bff","","via-bff-mobile","","","","","TSHEPO ext_authz","coverage-service","implemented-or-partial","","finance-transaction-service"
"coverage-service:MemberPreauthsController","/internal/v1/coverage/preauths","services/coverage-service/src/main/java/zw/gov/mohcc/impilo/coverage/api/MemberPreauthsController.java","backend-controller","enterprise/finance","REST controller for coverage-service","contracts/openapi/coverage.openapi.yaml","via-bff","","via-bff-mobile","","","","","TSHEPO ext_authz","coverage-service","implemented-or-partial","","finance-transaction-service"
"coverage-service:PreauthController","/internal/v1/coverage/preauth","services/coverage-service/src/main/java/zw/gov/mohcc/impilo/coverage/api/PreauthController.java","backend-controller","enterprise/finance","REST controller for coverage-service","contracts/openapi/coverage.openapi.yaml","via-bff","","via-bff-mobile","","","","","TSHEPO ext_authz","coverage-service","implemented-or-partial","","finance-transaction-service"
"coverage-service:ProviderContractController","/internal/v1","services/coverage-service/src/main/java/zw/gov/mohcc/impilo/coverage/api/ProviderContractController.java","backend-controller","enterprise/finance","REST controller for coverage-service","contracts/openapi/coverage.openapi.yaml","via-bff","","via-bff-mobile","","","","","TSHEPO ext_authz","coverage-service","implemented-or-partial","","finance-transaction-service"
"coverage-service:RemittanceController","/internal/v1/coverage/remittances","services/coverage-service/src/main/java/zw/gov/mohcc/impilo/coverage/api/RemittanceController.java","backend-controller","enterprise/finance","REST controller for coverage-service","contracts/openapi/coverage.openapi.yaml","via-bff","","via-bff-mobile","","","","","TSHEPO ext_authz","coverage-service","implemented-or-partial","","finance-transaction-service"
"coverage-service:UtilizationQueryController","/internal/v1/coverage","services/coverage-service/src/main/java/zw/gov/mohcc/impilo/coverage/api/UtilizationQueryController.java","backend-controller","enterprise/finance","REST controller for coverage-service","contracts/openapi/coverage.openapi.yaml","via-bff","","via-bff-mobile","","","","","TSHEPO ext_authz","coverage-service","implemented-or-partial","","finance-transaction-service"
"credential-verification-service","Credential Verification","services/credential-verification-service","backend-service","enterprise/finance","Credential Verification canonical records","contract: contracts/openapi/credential-verification.openapi.yaml; status=partial","partial","","unknown","","","tshepo-authz-service","1 migration(s) in credential-verification-service","TSHEPO ext_authz via Envoy","tshepo-authz-service; experience-bff; integration-hub","production=baseline-assessed; impl=implemented-or-partial; frontend=unknown-or-partial","","trust-security-service"
"credential-verification-service:CredentialController","/v1/internal/credentials","services/credential-verification-service/src/main/java/zw/gov/mohcc/impilo/credential/api/controller/CredentialController.java","backend-controller","enterprise/finance","REST controller for credential-verification-service","contracts/openapi/credential-verification.openapi.yaml","via-bff","","via-bff-mobile","","","","","TSHEPO ext_authz","credential-verification-service","implemented-or-partial","","trust-security-service"
"credential-verification-service:InternalMushexCredentialController","/v1/internal/mushex/facilities","services/credential-verification-service/src/main/java/zw/gov/mohcc/impilo/credential/api/controller/InternalMushexCredentialController.java","backend-controller","enterprise/finance","REST controller for credential-verification-service","contracts/openapi/credential-verification.openapi.yaml","via-bff","","via-bff-mobile","","","","","TSHEPO ext_authz","credential-verification-service","implemented-or-partial","","trust-security-service"
"credential-verification-service:MeshCredentialVerifyController","/v1","services/credential-verification-service/src/main/java/zw/gov/mohcc/impilo/credential/api/controller/MeshCredentialVerifyController.java","backend-controller","enterprise/finance","REST controller for credential-verification-service","contracts/openapi/credential-verification.openapi.yaml","via-bff","","via-bff-mobile","","","","","TSHEPO ext_authz","credential-verification-service","implemented-or-partial","","trust-security-service"
"credential-verification-service:PublicVerifyController","/v1/public/verify","services/credential-verification-service/src/main/java/zw/gov/mohcc/impilo/credential/api/controller/PublicVerifyController.java","backend-controller","enterprise/finance","REST controller for credential-verification-service","contracts/openapi/credential-verification.openapi.yaml","via-bff","","via-bff-mobile","","","","","TSHEPO ext_authz","credential-verification-service","implemented-or-partial","","trust-security-service"
"credential-verification-service:CredentialV11ProbeController","/internal/v1","services/credential-verification-service/src/main/java/zw/gov/mohcc/impilo/credential/api/controller/v11/CredentialV11ProbeController.java","backend-controller","enterprise/finance","REST controller for credential-verification-service","contracts/openapi/credential-verification.openapi.yaml","via-bff","","via-bff-mobile","","","","","TSHEPO ext_authz","credential-verification-service","implemented-or-partial","","trust-security-service"
"data-access-governance-service","DAGS","services/data-access-governance-service","backend-service","data/intelligence","Data Access Governance canonical records","contract: contracts/openapi/data-access-governance.openapi.yaml; status=partial","partial","","unknown","","","tshepo-authz-service","1 migration(s) in data-access-governance-service","TSHEPO ext_authz via Envoy","tshepo-authz-service; experience-bff; integration-hub","production=baseline-assessed; impl=implemented-or-partial; frontend=unknown-or-partial","","data-analytics-ai-service"
"data-access-governance-service:AccessRequestController","/internal/v1/access-requests","services/data-access-governance-service/src/main/java/zw/gov/mohcc/impilo/dags/api/AccessRequestController.java","backend-controller","data/intelligence","REST controller for data-access-governance-service","contracts/openapi/data-access-governance.openapi.yaml","via-bff","","via-bff-mobile","","","","","TSHEPO ext_authz","data-access-governance-service","implemented-or-partial","","data-analytics-ai-service"
"data-access-governance-service:PolicyController","/internal/v1/policies","services/data-access-governance-service/src/main/java/zw/gov/mohcc/impilo/dags/api/PolicyController.java","backend-controller","data/intelligence","REST controller for data-access-governance-service","contracts/openapi/data-access-governance.openapi.yaml","via-bff","","via-bff-mobile","","","","","TSHEPO ext_authz","data-access-governance-service","implemented-or-partial","","data-analytics-ai-service"
"data-governance-service","Data Governance","services/data-governance-service","backend-service","data/intelligence","Data Governance canonical records","contract: contracts/openapi/data-governance.openapi.yaml; status=partial","partial","","unknown","","","tshepo-authz-service","4 migration(s) in data-governance-service","TSHEPO ext_authz via Envoy","tshepo-authz-service; experience-bff; integration-hub","production=baseline-assessed; impl=implemented-or-partial; frontend=unknown-or-partial","","data-analytics-ai-service"
"data-governance-service:ExportsController","/v1","services/data-governance-service/src/main/java/zw/gov/mohcc/impilo/datagovernance/api/ExportsController.java","backend-controller","data/intelligence","REST controller for data-governance-service","contracts/openapi/data-governance.openapi.yaml","via-bff","","via-bff-mobile","","","","","TSHEPO ext_authz","data-governance-service","implemented-or-partial","","data-analytics-ai-service"
"data-governance-service:GovernanceController","/v1","services/data-governance-service/src/main/java/zw/gov/mohcc/impilo/datagovernance/api/GovernanceController.java","backend-controller","data/intelligence","REST controller for data-governance-service","contracts/openapi/data-governance.openapi.yaml","via-bff","","via-bff-mobile","","","","","TSHEPO ext_authz","data-governance-service","implemented-or-partial","","data-analytics-ai-service"
"data-governance-service:RulesController","/v1","services/data-governance-service/src/main/java/zw/gov/mohcc/impilo/datagovernance/api/RulesController.java","backend-controller","data/intelligence","REST controller for data-governance-service","contracts/openapi/data-governance.openapi.yaml","via-bff","","via-bff-mobile","","","","","TSHEPO ext_authz","data-governance-service","implemented-or-partial","","data-analytics-ai-service"
"data-governance-service:SnapshotController","/v1","services/data-governance-service/src/main/java/zw/gov/mohcc/impilo/datagovernance/api/SnapshotController.java","backend-controller","data/intelligence","REST controller for data-governance-service","contracts/openapi/data-governance.openapi.yaml","via-bff","","via-bff-mobile","","","","","TSHEPO ext_authz","data-governance-service","implemented-or-partial","","data-analytics-ai-service"
"data-ingestion-service","Data Ingestion","services/data-ingestion-service","backend-service","data/intelligence","Data Ingestion canonical records","contract: contracts/openapi/data-ingestion.openapi.yaml; status=partial","partial","","unknown","","","tshepo-authz-service","3 migration(s) in data-ingestion-service","TSHEPO ext_authz via Envoy","tshepo-authz-service; experience-bff; integration-hub","production=baseline-assessed; impl=implemented-or-partial; frontend=unknown-or-partial","","data-analytics-ai-service"
"data-ingestion-service:IngestController","/v1","services/data-ingestion-service/src/main/java/zw/gov/mohcc/impilo/dataingestion/api/IngestController.java","backend-controller","data/intelligence","REST controller for data-ingestion-service","contracts/openapi/data-ingestion.openapi.yaml","via-bff","","via-bff-mobile","","","","","TSHEPO ext_authz","data-ingestion-service","implemented-or-partial","","data-analytics-ai-service"
"data-pipeline-service","Data Pipeline","services/data-pipeline-service","backend-service","data/intelligence","Data Pipeline canonical records","contract: contracts/openapi/data-pipeline.openapi.yaml; status=partial","partial","","unknown","","","tshepo-authz-service","2 migration(s) in data-pipeline-service","TSHEPO ext_authz via Envoy","tshepo-authz-service; experience-bff; integration-hub","production=baseline-assessed; impl=implemented-or-partial; frontend=unknown-or-partial","","data-analytics-ai-service"
"data-pipeline-service:IngestController","/internal/v1","services/data-pipeline-service/src/main/java/zw/gov/mohcc/impilo/pipeline/api/controller/IngestController.java","backend-controller","data/intelligence","REST controller for data-pipeline-service","contracts/openapi/data-pipeline.openapi.yaml","via-bff","","via-bff-mobile","","","","","TSHEPO ext_authz","data-pipeline-service","implemented-or-partial","","data-analytics-ai-service"
"data-pipeline-service:SourceController","/internal/v1","services/data-pipeline-service/src/main/java/zw/gov/mohcc/impilo/pipeline/api/controller/SourceController.java","backend-controller","data/intelligence","REST controller for data-pipeline-service","contracts/openapi/data-pipeline.openapi.yaml","via-bff","","via-bff-mobile","","","","","TSHEPO ext_authz","data-pipeline-service","implemented-or-partial","","data-analytics-ai-service"
"data-pipeline-service:WatermarkController","/internal/v1","services/data-pipeline-service/src/main/java/zw/gov/mohcc/impilo/pipeline/api/controller/WatermarkController.java","backend-controller","data/intelligence","REST controller for data-pipeline-service","contracts/openapi/data-pipeline.openapi.yaml","via-bff","","via-bff-mobile","","","","","TSHEPO ext_authz","data-pipeline-service","implemented-or-partial","","data-analytics-ai-service"
"data-warehouse-service","Data Warehouse","services/data-warehouse-service","backend-service","data/intelligence","Data Warehouse canonical records","contract: contracts/openapi/data-warehouse.openapi.yaml; status=partial","partial","","unknown","","","tshepo-authz-service","2 migration(s) in data-warehouse-service","TSHEPO ext_authz via Envoy","tshepo-authz-service; experience-bff; integration-hub","production=baseline-assessed; impl=implemented-or-partial; frontend=unknown-or-partial","","data-analytics-ai-service"
"data-warehouse-service:GoldQueryController","/v1","services/data-warehouse-service/src/main/java/zw/gov/mohcc/impilo/datawarehouse/api/GoldQueryController.java","backend-controller","data/intelligence","REST controller for data-warehouse-service","contracts/openapi/data-warehouse.openapi.yaml","via-bff","","via-bff-mobile","","","","","TSHEPO ext_authz","data-warehouse-service","implemented-or-partial","","data-analytics-ai-service"
"data-warehouse-service:MaterializeController","/v1","services/data-warehouse-service/src/main/java/zw/gov/mohcc/impilo/datawarehouse/api/MaterializeController.java","backend-controller","data/intelligence","REST controller for data-warehouse-service","contracts/openapi/data-warehouse.openapi.yaml","via-bff","","via-bff-mobile","","","","","TSHEPO ext_authz","data-warehouse-service","implemented-or-partial","","data-analytics-ai-service"
"developer-portal-service","Developer Portal","services/developer-portal-service","backend-service","integration/platform-ops","Developer Portal canonical records","contract: contracts/openapi/developer-portal.openapi.yaml; status=partial","partial","","unknown","","","tshepo-authz-service","2 migration(s) in developer-portal-service","TSHEPO ext_authz via Envoy","tshepo-authz-service; experience-bff; integration-hub","production=baseline-assessed; impl=implemented-or-partial; frontend=unknown-or-partial","","backend-capability"
"developer-portal-service:DeveloperPortalController","/v1","services/developer-portal-service/src/main/java/zw/gov/mohcc/impilo/devportal/api/DeveloperPortalController.java","backend-controller","integration/platform-ops","REST controller for developer-portal-service","contracts/openapi/developer-portal.openapi.yaml","via-bff","","via-bff-mobile","","","","","TSHEPO ext_authz","developer-portal-service","implemented-or-partial","","backend-capability"
"dispatch-service","Dispatch","services/dispatch-service","backend-service","integration/platform-ops","Dispatch canonical records","contract: contracts/openapi/dispatch.openapi.yaml; status=partial","partial","","unknown","","","tshepo-authz-service","4 migration(s) in dispatch-service","TSHEPO ext_authz via Envoy","tshepo-authz-service; experience-bff; integration-hub","production=baseline-assessed; impl=implemented-or-partial; frontend=unknown-or-partial","","backend-capability"
"dispatch-service:DispatchDeliveryController","/internal/v1/dispatch","services/dispatch-service/src/main/java/zw/gov/mohcc/impilo/dispatch/api/DispatchDeliveryController.java","backend-controller","integration/platform-ops","REST controller for dispatch-service","contracts/openapi/dispatch.openapi.yaml","via-bff","","via-bff-mobile","","","","","TSHEPO ext_authz","dispatch-service","implemented-or-partial","","backend-capability"
"dispatch-service:DispatchJobController","/v1","services/dispatch-service/src/main/java/zw/gov/mohcc/impilo/dispatch/api/DispatchJobController.java","backend-controller","integration/platform-ops","REST controller for dispatch-service","contracts/openapi/dispatch.openapi.yaml","via-bff","","via-bff-mobile","","","","","TSHEPO ext_authz","dispatch-service","implemented-or-partial","","backend-capability"
"dispatch-service:SnapshotController","/internal/v1/snapshots","services/dispatch-service/src/main/java/zw/gov/mohcc/impilo/dispatch/api/SnapshotController.java","backend-controller","integration/platform-ops","REST controller for dispatch-service","contracts/openapi/dispatch.openapi.yaml","via-bff","","via-bff-mobile","","","","","TSHEPO ext_authz","dispatch-service","implemented-or-partial","","backend-capability"
"document-service","Document Store","services/document-service","backend-service","clinical/care-delivery","Document canonical records","no-matched-openapi; status=partial","partial","","unknown","","","tshepo-authz-service","3 migration(s) in document-service","TSHEPO ext_authz via Envoy","tshepo-authz-service; experience-bff; integration-hub","production=baseline-assessed; impl=implemented-or-partial; frontend=unknown-or-partial","","document-imaging-service"
"document-service:ObjectController","/v1/internal/objects","services/document-service/src/main/java/zw/gov/mohcc/impilo/docstore/api/ObjectController.java","backend-controller","clinical/care-delivery","REST controller for document-service","contract-unmatched","via-bff","","via-bff-mobile","","","","","TSHEPO ext_authz","document-service","implemented-or-partial","","document-imaging-service"
"document-service:DocsV11ProbeController","/internal/v1","services/document-service/src/main/java/zw/gov/mohcc/impilo/docstore/api/v11/DocsV11ProbeController.java","backend-controller","clinical/care-delivery","REST controller for document-service","contract-unmatched","via-bff","","via-bff-mobile","","","","","TSHEPO ext_authz","document-service","implemented-or-partial","","document-imaging-service"
"experience-bff","Experience BFF","services/experience-bff","backend-service","experience/workflow-orchestration","Experience Bff canonical records","contract: contracts/openapi/experience-bff.openapi.yaml; status=partial","yes","","unknown","","","tshepo-authz-service; multiple-domain-services-via-bff","44 migration(s) in experience-bff","TSHEPO ext_authz via Envoy","tshepo-authz-service; multiple-domain-services-via-bff; web-mobile-experience","production=baseline-assessed; impl=implemented-or-partial; frontend=wired","","backend-capability"
"experience-bff:AccessChannelsController","/internal/v1/access","services/experience-bff/src/main/java/zw/gov/mohcc/impilo/experience/controller/AccessChannelsController.java","backend-controller","experience/workflow-orchestration","REST controller for experience-bff","contracts/openapi/experience-bff.openapi.yaml","via-bff","","via-bff-mobile","","","","","TSHEPO ext_authz","experience-bff","implemented-or-partial","","bff-api-facade"
"experience-bff:AccountDeletionController","/internal/v1/account","services/experience-bff/src/main/java/zw/gov/mohcc/impilo/experience/controller/AccountDeletionController.java","backend-controller","experience/workflow-orchestration","REST controller for experience-bff","contracts/openapi/experience-bff.openapi.yaml","via-bff","","via-bff-mobile","","","","","TSHEPO ext_authz","experience-bff","implemented-or-partial","","bff-api-facade"
"experience-bff:AdminReportJobController","/internal/v1/admin/reports/jobs","services/experience-bff/src/main/java/zw/gov/mohcc/impilo/experience/controller/AdminReportJobController.java","backend-controller","experience/workflow-orchestration","REST controller for experience-bff","contracts/openapi/experience-bff.openapi.yaml","via-bff","","via-bff-mobile","","","","","TSHEPO ext_authz","experience-bff","implemented-or-partial","","bff-api-facade"
"experience-bff:AdminUserController","/internal/v1/admin/users","services/experience-bff/src/main/java/zw/gov/mohcc/impilo/experience/controller/AdminUserController.java","backend-controller","experience/workflow-orchestration","REST controller for experience-bff","contracts/openapi/experience-bff.openapi.yaml","via-bff","","via-bff-mobile","","","","","TSHEPO ext_authz","experience-bff","implemented-or-partial","","bff-api-facade"
"experience-bff:AdminWardController","/internal/v1/admin/wards","services/experience-bff/src/main/java/zw/gov/mohcc/impilo/experience/controller/AdminWardController.java","backend-controller","experience/workflow-orchestration","REST controller for experience-bff","contracts/openapi/experience-bff.openapi.yaml","via-bff","","via-bff-mobile","","","","","TSHEPO ext_authz","experience-bff","implemented-or-partial","","bff-api-facade"
"experience-bff:AiGovernanceController","/internal/v1/ai-governance","services/experience-bff/src/main/java/zw/gov/mohcc/impilo/experience/controller/AiGovernanceController.java","backend-controller","experience/workflow-orchestration","REST controller for experience-bff","contracts/openapi/experience-bff.openapi.yaml","via-bff","","via-bff-mobile","","","","","TSHEPO ext_authz","experience-bff","implemented-or-partial","","bff-api-facade"
"experience-bff:AiModelRegistryController","/v1","services/experience-bff/src/main/java/zw/gov/mohcc/impilo/experience/controller/AiModelRegistryController.java","backend-controller","experience/workflow-orchestration","REST controller for experience-bff","contracts/openapi/experience-bff.openapi.yaml","via-bff","","via-bff-mobile","","","","","TSHEPO ext_authz","experience-bff","implemented-or-partial","","bff-api-facade"
"experience-bff:AllergiesController","/internal/v1/allergies","services/experience-bff/src/main/java/zw/gov/mohcc/impilo/experience/controller/AllergiesController.java","backend-controller","experience/workflow-orchestration","REST controller for experience-bff","contracts/openapi/experience-bff.openapi.yaml","via-bff","","via-bff-mobile","","","","","TSHEPO ext_authz","experience-bff","implemented-or-partial","","bff-api-facade"
"experience-bff:AppealsExperienceController","/internal/v1/appeals","services/experience-bff/src/main/java/zw/gov/mohcc/impilo/experience/controller/AppealsExperienceController.java","backend-controller","experience/workflow-orchestration","REST controller for experience-bff","contracts/openapi/experience-bff.openapi.yaml","via-bff","","via-bff-mobile","","","","","TSHEPO ext_authz","experience-bff","implemented-or-partial","","bff-api-facade"
"experience-bff:AssetRegistrySupplyBffController","/internal/v1/asset-registry","services/experience-bff/src/main/java/zw/gov/mohcc/impilo/experience/controller/AssetRegistrySupplyBffController.java","backend-controller","experience/workflow-orchestration","REST controller for experience-bff","contracts/openapi/experience-bff.openapi.yaml","via-bff","","via-bff-mobile","","","","","TSHEPO ext_authz","experience-bff","implemented-or-partial","","bff-api-facade"
"experience-bff:AssistantNotificationsController","/internal/v1/assistant","services/experience-bff/src/main/java/zw/gov/mohcc/impilo/experience/controller/AssistantNotificationsController.java","backend-controller","experience/workflow-orchestration","REST controller for experience-bff","contracts/openapi/experience-bff.openapi.yaml","via-bff","","via-bff-mobile","","","","","TSHEPO ext_authz","experience-bff","implemented-or-partial","","bff-api-facade"
"experience-bff:AuditController","/internal/v1/admin/audit","services/experience-bff/src/main/java/zw/gov/mohcc/impilo/experience/controller/AuditController.java","backend-controller","experience/workflow-orchestration","REST controller for experience-bff","contracts/openapi/experience-bff.openapi.yaml","via-bff","","via-bff-mobile","","","","","TSHEPO ext_authz","experience-bff","implemented-or-partial","","bff-api-facade"
"experience-bff:AuthSessionController","/internal/v1","services/experience-bff/src/main/java/zw/gov/mohcc/impilo/experience/controller/AuthSessionController.java","backend-controller","experience/workflow-orchestration","REST controller for experience-bff","contracts/openapi/experience-bff.openapi.yaml","via-bff","","via-bff-mobile","","","","","TSHEPO ext_authz","experience-bff","implemented-or-partial","","bff-api-facade"
"experience-bff:BedController","/internal/v1/beds","services/experience-bff/src/main/java/zw/gov/mohcc/impilo/experience/controller/BedController.java","backend-controller","experience/workflow-orchestration","REST controller for experience-bff","contracts/openapi/experience-bff.openapi.yaml","via-bff","","via-bff-mobile","","","","","TSHEPO ext_authz","experience-bff","implemented-or-partial","","bff-api-facade"
"experience-bff:BiometricPolicyBffController","/internal/v1/trust","services/experience-bff/src/main/java/zw/gov/mohcc/impilo/experience/controller/BiometricPolicyBffController.java","backend-controller","experience/workflow-orchestration","REST controller for experience-bff","contracts/openapi/experience-bff.openapi.yaml","via-bff","","via-bff-mobile","","","","","TSHEPO ext_authz","experience-bff","implemented-or-partial","","bff-api-facade"
"experience-bff:CareEmergencyInpatientController","/internal/v1","services/experience-bff/src/main/java/zw/gov/mohcc/impilo/experience/controller/CareEmergencyInpatientController.java","backend-controller","experience/workflow-orchestration","REST controller for experience-bff","contracts/openapi/experience-bff.openapi.yaml","via-bff","","via-bff-mobile","","","","","TSHEPO ext_authz","experience-bff","implemented-or-partial","","bff-api-facade"
"experience-bff:ChannelsController","/internal/v1/channels","services/experience-bff/src/main/java/zw/gov/mohcc/impilo/experience/controller/ChannelsController.java","backend-controller","experience/workflow-orchestration","REST controller for experience-bff","contracts/openapi/experience-bff.openapi.yaml","via-bff","","via-bff-mobile","","","","","TSHEPO ext_authz","experience-bff","implemented-or-partial","","bff-api-facade"
"experience-bff:CitizenHealthSummaryWebController","/internal/v1/citizen","services/experience-bff/src/main/java/zw/gov/mohcc/impilo/experience/controller/CitizenHealthSummaryWebController.java","backend-controller","experience/workflow-orchestration","REST controller for experience-bff","contracts/openapi/experience-bff.openapi.yaml","via-bff","","via-bff-mobile","","","","","TSHEPO ext_authz","experience-bff","implemented-or-partial","","bff-api-facade"
"experience-bff:ClientRegistryController","/internal/v1/client-registry","services/experience-bff/src/main/java/zw/gov/mohcc/impilo/experience/controller/ClientRegistryController.java","backend-controller","experience/workflow-orchestration","REST controller for experience-bff","contracts/openapi/experience-bff.openapi.yaml","via-bff","","via-bff-mobile","","","","","TSHEPO ext_authz","experience-bff","implemented-or-partial","","bff-api-facade"
"experience-bff:ClinicalCurationController","/internal/v1/clinical/curation","services/experience-bff/src/main/java/zw/gov/mohcc/impilo/experience/controller/ClinicalCurationController.java","backend-controller","experience/workflow-orchestration","REST controller for experience-bff","contracts/openapi/experience-bff.openapi.yaml","via-bff","","via-bff-mobile","","","","","TSHEPO ext_authz","experience-bff","implemented-or-partial","","bff-api-facade"
"experience-bff:ClinicalDepthController","/internal/v1","services/experience-bff/src/main/java/zw/gov/mohcc/impilo/experience/controller/ClinicalDepthController.java","backend-controller","experience/workflow-orchestration","REST controller for experience-bff","contracts/openapi/experience-bff.openapi.yaml","via-bff","","via-bff-mobile","","","","","TSHEPO ext_authz","experience-bff","implemented-or-partial","","bff-api-facade"
"experience-bff:ClinicalDocumentsController","/internal/v1/clinical-documents","services/experience-bff/src/main/java/zw/gov/mohcc/impilo/experience/controller/ClinicalDocumentsController.java","backend-controller","experience/workflow-orchestration","REST controller for experience-bff","contracts/openapi/experience-bff.openapi.yaml","via-bff","","via-bff-mobile","","","","","TSHEPO ext_authz","experience-bff","implemented-or-partial","","bff-api-facade"
"experience-bff:ClinicalKnowledgeController","/v1","services/experience-bff/src/main/java/zw/gov/mohcc/impilo/experience/controller/ClinicalKnowledgeController.java","backend-controller","experience/workflow-orchestration","REST controller for experience-bff","contracts/openapi/experience-bff.openapi.yaml","via-bff","","via-bff-mobile","","","","","TSHEPO ext_authz","experience-bff","implemented-or-partial","","bff-api-facade"
"experience-bff:ClinicalNotesController","/internal/v1/clinical-notes","services/experience-bff/src/main/java/zw/gov/mohcc/impilo/experience/controller/ClinicalNotesController.java","backend-controller","experience/workflow-orchestration","REST controller for experience-bff","contracts/openapi/experience-bff.openapi.yaml","via-bff","","via-bff-mobile","","","","","TSHEPO ext_authz","experience-bff","implemented-or-partial","","bff-api-facade"
"experience-bff:ClinicalShrArtifactController","/internal/v1/clinical/shr-artifacts","services/experience-bff/src/main/java/zw/gov/mohcc/impilo/experience/controller/ClinicalShrArtifactController.java","backend-controller","experience/workflow-orchestration","REST controller for experience-bff","contracts/openapi/experience-bff.openapi.yaml","via-bff","","via-bff-mobile","","","","","TSHEPO ext_authz","experience-bff","implemented-or-partial","","bff-api-facade"
"experience-bff:ClinicalSourceIngestionController","/internal/v1/clinical/source","services/experience-bff/src/main/java/zw/gov/mohcc/impilo/experience/controller/ClinicalSourceIngestionController.java","backend-controller","experience/workflow-orchestration","REST controller for experience-bff","contracts/openapi/experience-bff.openapi.yaml","via-bff","","via-bff-mobile","","","","","TSHEPO ext_authz","experience-bff","implemented-or-partial","","bff-api-facade"
"experience-bff:ClinicalTimelineController","/internal/v1/timeline","services/experience-bff/src/main/java/zw/gov/mohcc/impilo/experience/controller/ClinicalTimelineController.java","backend-controller","experience/workflow-orchestration","REST controller for experience-bff","contracts/openapi/experience-bff.openapi.yaml","via-bff","","via-bff-mobile","","","","","TSHEPO ext_authz","experience-bff","implemented-or-partial","","bff-api-facade"
"experience-bff:ClinicalToolsController","/internal/v1/clinical-tools","services/experience-bff/src/main/java/zw/gov/mohcc/impilo/experience/controller/ClinicalToolsController.java","backend-controller","experience/workflow-orchestration","REST controller for experience-bff","contracts/openapi/experience-bff.openapi.yaml","via-bff","","via-bff-mobile","","","","","TSHEPO ext_authz","experience-bff","implemented-or-partial","","bff-api-facade"
"experience-bff:ClinicalWorklistController","/v1","services/experience-bff/src/main/java/zw/gov/mohcc/impilo/experience/controller/ClinicalWorklistController.java","backend-controller","experience/workflow-orchestration","REST controller for experience-bff","contracts/openapi/experience-bff.openapi.yaml","via-bff","","via-bff-mobile","","","","","TSHEPO ext_authz","experience-bff","implemented-or-partial","","bff-api-facade"
"experience-bff:CommerceFlowController","/internal/v1/commerce","services/experience-bff/src/main/java/zw/gov/mohcc/impilo/experience/controller/CommerceFlowController.java","backend-controller","experience/workflow-orchestration","REST controller for experience-bff","contracts/openapi/experience-bff.openapi.yaml","via-bff","","via-bff-mobile","","","","","TSHEPO ext_authz","experience-bff","implemented-or-partial","","bff-api-facade"
"experience-bff:CommerceSubstitutionController","/internal/v1/commerce","services/experience-bff/src/main/java/zw/gov/mohcc/impilo/experience/controller/CommerceSubstitutionController.java","backend-controller","experience/workflow-orchestration","REST controller for experience-bff","contracts/openapi/experience-bff.openapi.yaml","via-bff","","via-bff-mobile","","","","","TSHEPO ext_authz","experience-bff","implemented-or-partial","","bff-api-facade"
"experience-bff:CommsApprovalController","/internal/v1/comms/approval-queue","services/experience-bff/src/main/java/zw/gov/mohcc/impilo/experience/controller/CommsApprovalController.java","backend-controller","experience/workflow-orchestration","REST controller for experience-bff","contracts/openapi/experience-bff.openapi.yaml","via-bff","","via-bff-mobile","","","","","TSHEPO ext_authz","experience-bff","implemented-or-partial","","bff-api-facade"
"experience-bff:CommsTemplateController","/internal/v1/comms/templates","services/experience-bff/src/main/java/zw/gov/mohcc/impilo/experience/controller/CommsTemplateController.java","backend-controller","experience/workflow-orchestration","REST controller for experience-bff","contracts/openapi/experience-bff.openapi.yaml","via-bff","","via-bff-mobile","","","","","TSHEPO ext_authz","experience-bff","implemented-or-partial","","bff-api-facade"
"experience-bff:CommunicationController","/internal/v1/communication","services/experience-bff/src/main/java/zw/gov/mohcc/impilo/experience/controller/CommunicationController.java","backend-controller","experience/workflow-orchestration","REST controller for experience-bff","contracts/openapi/experience-bff.openapi.yaml","via-bff","","via-bff-mobile","","","","","TSHEPO ext_authz","experience-bff","implemented-or-partial","","bff-api-facade"
"experience-bff:CommunityController","/internal/v1/community","services/experience-bff/src/main/java/zw/gov/mohcc/impilo/experience/controller/CommunityController.java","backend-controller","experience/workflow-orchestration","REST controller for experience-bff","contracts/openapi/experience-bff.openapi.yaml","via-bff","","via-bff-mobile","","","","","TSHEPO ext_authz","experience-bff","implemented-or-partial","","bff-api-facade"
"experience-bff:ConditionsController","/internal/v1/conditions","services/experience-bff/src/main/java/zw/gov/mohcc/impilo/experience/controller/ConditionsController.java","backend-controller","experience/workflow-orchestration","REST controller for experience-bff","contracts/openapi/experience-bff.openapi.yaml","via-bff","","via-bff-mobile","","","","","TSHEPO ext_authz","experience-bff","implemented-or-partial","","bff-api-facade"
"experience-bff:CoreTransactionController","/v1","services/experience-bff/src/main/java/zw/gov/mohcc/impilo/experience/controller/CoreTransactionController.java","backend-controller","experience/workflow-orchestration","REST controller for experience-bff","contracts/openapi/experience-bff.openapi.yaml","via-bff","","via-bff-mobile","","","","","TSHEPO ext_authz","experience-bff","implemented-or-partial","","bff-api-facade"
"experience-bff:CostaIntelBffController","/internal/v1/finance/costa-intel","services/experience-bff/src/main/java/zw/gov/mohcc/impilo/experience/controller/CostaIntelBffController.java","backend-controller","experience/workflow-orchestration","REST controller for experience-bff","contracts/openapi/experience-bff.openapi.yaml","via-bff","","via-bff-mobile","","","","","TSHEPO ext_authz","experience-bff","implemented-or-partial","","bff-api-facade"
"experience-bff:CoverageController","/internal/v1/coverage","services/experience-bff/src/main/java/zw/gov/mohcc/impilo/experience/controller/CoverageController.java","backend-controller","experience/workflow-orchestration","REST controller for experience-bff","contracts/openapi/experience-bff.openapi.yaml","via-bff","","via-bff-mobile","","","","","TSHEPO ext_authz","experience-bff","implemented-or-partial","","bff-api-facade"
"experience-bff:CoverageRegistrationPreviewController","/internal/v1/registry/coverage","services/experience-bff/src/main/java/zw/gov/mohcc/impilo/experience/controller/CoverageRegistrationPreviewController.java","backend-controller","experience/workflow-orchestration","REST controller for experience-bff","contracts/openapi/experience-bff.openapi.yaml","via-bff","","via-bff-mobile","","","","","TSHEPO ext_authz","experience-bff","implemented-or-partial","","bff-api-facade"
"experience-bff:CredentialVaultController","/internal/v1/credentials","services/experience-bff/src/main/java/zw/gov/mohcc/impilo/experience/controller/CredentialVaultController.java","backend-controller","experience/workflow-orchestration","REST controller for experience-bff","contracts/openapi/experience-bff.openapi.yaml","via-bff","","via-bff-mobile","","","","","TSHEPO ext_authz","experience-bff","implemented-or-partial","","bff-api-facade"
"experience-bff:DataAccessGovernanceController","/internal/v1/governance/access","services/experience-bff/src/main/java/zw/gov/mohcc/impilo/experience/controller/DataAccessGovernanceController.java","backend-controller","experience/workflow-orchestration","REST controller for experience-bff","contracts/openapi/experience-bff.openapi.yaml","via-bff","","via-bff-mobile","","","","","TSHEPO ext_authz","experience-bff","implemented-or-partial","","bff-api-facade"
"experience-bff:DemoJourneyController","/internal/v1/demo-journeys","services/experience-bff/src/main/java/zw/gov/mohcc/impilo/experience/controller/DemoJourneyController.java","backend-controller","experience/workflow-orchestration","REST controller for experience-bff","contracts/openapi/experience-bff.openapi.yaml","via-bff","","via-bff-mobile","","","","","TSHEPO ext_authz","experience-bff","implemented-or-partial","","bff-api-facade"
"experience-bff:DeviceRegistryController","/internal/v1/devices","services/experience-bff/src/main/java/zw/gov/mohcc/impilo/experience/controller/DeviceRegistryController.java","backend-controller","experience/workflow-orchestration","REST controller for experience-bff","contracts/openapi/experience-bff.openapi.yaml","via-bff","","via-bff-mobile","","","","","TSHEPO ext_authz","experience-bff","implemented-or-partial","","bff-api-facade"
"experience-bff:DispatchController","/internal/v1/dispatch","services/experience-bff/src/main/java/zw/gov/mohcc/impilo/experience/controller/DispatchController.java","backend-controller","experience/workflow-orchestration","REST controller for experience-bff","contracts/openapi/experience-bff.openapi.yaml","via-bff","","via-bff-mobile","","","","","TSHEPO ext_authz","experience-bff","implemented-or-partial","","bff-api-facade"
"experience-bff:EhrPatientSummaryController","/internal/v1/summary","services/experience-bff/src/main/java/zw/gov/mohcc/impilo/experience/controller/EhrPatientSummaryController.java","backend-controller","experience/workflow-orchestration","REST controller for experience-bff","contracts/openapi/experience-bff.openapi.yaml","via-bff","","via-bff-mobile","","","","","TSHEPO ext_authz","experience-bff","implemented-or-partial","","bff-api-facade"
"experience-bff:EncounterController","/internal/v1/encounters","services/experience-bff/src/main/java/zw/gov/mohcc/impilo/experience/controller/EncounterController.java","backend-controller","experience/workflow-orchestration","REST controller for experience-bff","contracts/openapi/experience-bff.openapi.yaml","via-bff","","via-bff-mobile","","","","","TSHEPO ext_authz","experience-bff","implemented-or-partial","","bff-api-facade"
"experience-bff:ErpGlBffController","/internal/v1/erp/gl","services/experience-bff/src/main/java/zw/gov/mohcc/impilo/experience/controller/ErpGlBffController.java","backend-controller","experience/workflow-orchestration","REST controller for experience-bff","contracts/openapi/experience-bff.openapi.yaml","via-bff","","via-bff-mobile","","","","","TSHEPO ext_authz","experience-bff","implemented-or-partial","","bff-api-facade"
"experience-bff:ErpHrBffController","/internal/v1/erp/hr","services/experience-bff/src/main/java/zw/gov/mohcc/impilo/experience/controller/ErpHrBffController.java","backend-controller","experience/workflow-orchestration","REST controller for experience-bff","contracts/openapi/experience-bff.openapi.yaml","via-bff","","via-bff-mobile","","","","","TSHEPO ext_authz","experience-bff","implemented-or-partial","","bff-api-facade"
"experience-bff:ErpProcurementBffController","/internal/v1/erp/procurement","services/experience-bff/src/main/java/zw/gov/mohcc/impilo/experience/controller/ErpProcurementBffController.java","backend-controller","experience/workflow-orchestration","REST controller for experience-bff","contracts/openapi/experience-bff.openapi.yaml","via-bff","","via-bff-mobile","","","","","TSHEPO ext_authz","experience-bff","implemented-or-partial","","bff-api-facade"
"experience-bff:ExtensionController","/internal/v1/extensions","services/experience-bff/src/main/java/zw/gov/mohcc/impilo/experience/controller/ExtensionController.java","backend-controller","experience/workflow-orchestration","REST controller for experience-bff","contracts/openapi/experience-bff.openapi.yaml","via-bff","","via-bff-mobile","","","","","TSHEPO ext_authz","experience-bff","implemented-or-partial","","bff-api-facade"
"experience-bff:FacilityController","/internal/v1/facilities","services/experience-bff/src/main/java/zw/gov/mohcc/impilo/experience/controller/FacilityController.java","backend-controller","experience/workflow-orchestration","REST controller for experience-bff","contracts/openapi/experience-bff.openapi.yaml","via-bff","","via-bff-mobile","","","","","TSHEPO ext_authz","experience-bff","implemented-or-partial","","bff-api-facade"
"experience-bff:FacilityOperationsAggregateController","/internal/v1/operations","services/experience-bff/src/main/java/zw/gov/mohcc/impilo/experience/controller/FacilityOperationsAggregateController.java","backend-controller","experience/workflow-orchestration","REST controller for experience-bff","contracts/openapi/experience-bff.openapi.yaml","via-bff","","via-bff-mobile","","","","","TSHEPO ext_authz","experience-bff","implemented-or-partial","","bff-api-facade"
"experience-bff:FacilityRegulatoryController","/internal/v1/facility-registry","services/experience-bff/src/main/java/zw/gov/mohcc/impilo/experience/controller/FacilityRegulatoryController.java","backend-controller","experience/workflow-orchestration","REST controller for experience-bff","contracts/openapi/experience-bff.openapi.yaml","via-bff","","via-bff-mobile","","","","","TSHEPO ext_authz","experience-bff","implemented-or-partial","","bff-api-facade"
"experience-bff:FhirInteropController","/internal/v1/fhir","services/experience-bff/src/main/java/zw/gov/mohcc/impilo/experience/controller/FhirInteropController.java","backend-controller","experience/workflow-orchestration","REST controller for experience-bff","contracts/openapi/experience-bff.openapi.yaml","via-bff","","via-bff-mobile","","","","","TSHEPO ext_authz","experience-bff","implemented-or-partial","","bff-api-facade"
"experience-bff:FinanceBillingWorkspaceController","/internal/v1/finance/billing-workspace","services/experience-bff/src/main/java/zw/gov/mohcc/impilo/experience/controller/FinanceBillingWorkspaceController.java","backend-controller","experience/workflow-orchestration","REST controller for experience-bff","contracts/openapi/experience-bff.openapi.yaml","via-bff","","via-bff-mobile","","","","","TSHEPO ext_authz","experience-bff","implemented-or-partial","","bff-api-facade"
"experience-bff:FinanceController","/internal/v1/finance","services/experience-bff/src/main/java/zw/gov/mohcc/impilo/experience/controller/FinanceController.java","backend-controller","experience/workflow-orchestration","REST controller for experience-bff","contracts/openapi/experience-bff.openapi.yaml","via-bff","","via-bff-mobile","","","","","TSHEPO ext_authz","experience-bff","implemented-or-partial","","bff-api-facade"
"experience-bff:FinanceLedgerController","/internal/v1/finance/ledger","services/experience-bff/src/main/java/zw/gov/mohcc/impilo/experience/controller/FinanceLedgerController.java","backend-controller","experience/workflow-orchestration","REST controller for experience-bff","contracts/openapi/experience-bff.openapi.yaml","via-bff","","via-bff-mobile","","","","","TSHEPO ext_authz","experience-bff","implemented-or-partial","","bff-api-facade"
"experience-bff:FinanceMushexPlatformController","/internal/v1/finance/mushex-platform","services/experience-bff/src/main/java/zw/gov/mohcc/impilo/experience/controller/FinanceMushexPlatformController.java","backend-controller","experience/workflow-orchestration","REST controller for experience-bff","contracts/openapi/experience-bff.openapi.yaml","via-bff","","via-bff-mobile","","","","","TSHEPO ext_authz","experience-bff","implemented-or-partial","","bff-api-facade"
"experience-bff:FinancialBudgetsBffController","/internal/v1/finance/budgets","services/experience-bff/src/main/java/zw/gov/mohcc/impilo/experience/controller/FinancialBudgetsBffController.java","backend-controller","experience/workflow-orchestration","REST controller for experience-bff","contracts/openapi/experience-bff.openapi.yaml","via-bff","","via-bff-mobile","","","","","TSHEPO ext_authz","experience-bff","implemented-or-partial","","bff-api-facade"
"experience-bff:FinancialDocumentFinanceBffController","/internal/v1/finance/documents","services/experience-bff/src/main/java/zw/gov/mohcc/impilo/experience/controller/FinancialDocumentFinanceBffController.java","backend-controller","experience/workflow-orchestration","REST controller for experience-bff","contracts/openapi/experience-bff.openapi.yaml","via-bff","","via-bff-mobile","","","","","TSHEPO ext_authz","experience-bff","implemented-or-partial","","bff-api-facade"
"experience-bff:FinancialReportsBffController","/internal/v1/finance/reports","services/experience-bff/src/main/java/zw/gov/mohcc/impilo/experience/controller/FinancialReportsBffController.java","backend-controller","experience/workflow-orchestration","REST controller for experience-bff","contracts/openapi/experience-bff.openapi.yaml","via-bff","","via-bff-mobile","","","","","TSHEPO ext_authz","experience-bff","implemented-or-partial","","bff-api-facade"
"experience-bff:GrowthController","/internal/v1/growth","services/experience-bff/src/main/java/zw/gov/mohcc/impilo/experience/controller/GrowthController.java","backend-controller","experience/workflow-orchestration","REST controller for experience-bff","contracts/openapi/experience-bff.openapi.yaml","via-bff","","via-bff-mobile","","","","","TSHEPO ext_authz","experience-bff","implemented-or-partial","","bff-api-facade"
"experience-bff:GuidanceController","/internal/v1/guidance","services/experience-bff/src/main/java/zw/gov/mohcc/impilo/experience/controller/GuidanceController.java","backend-controller","experience/workflow-orchestration","REST controller for experience-bff","contracts/openapi/experience-bff.openapi.yaml","via-bff","","via-bff-mobile","","","","","TSHEPO ext_authz","experience-bff","implemented-or-partial","","bff-api-facade"
"experience-bff:HealthController","/v1","services/experience-bff/src/main/java/zw/gov/mohcc/impilo/experience/controller/HealthController.java","backend-controller","experience/workflow-orchestration","REST controller for experience-bff","contracts/openapi/experience-bff.openapi.yaml","via-bff","","via-bff-mobile","","","","","TSHEPO ext_authz","experience-bff","implemented-or-partial","","bff-api-facade"
"experience-bff:HealthIntelligenceController","/internal/v1/intelligence-plane","services/experience-bff/src/main/java/zw/gov/mohcc/impilo/experience/controller/HealthIntelligenceController.java","backend-controller","experience/workflow-orchestration","REST controller for experience-bff","contracts/openapi/experience-bff.openapi.yaml","via-bff","","via-bff-mobile","","","","","TSHEPO ext_authz","experience-bff","implemented-or-partial","","bff-api-facade"
"experience-bff:HealthOsMarketplaceController","/internal/v1/marketplace","services/experience-bff/src/main/java/zw/gov/mohcc/impilo/experience/controller/HealthOsMarketplaceController.java","backend-controller","experience/workflow-orchestration","REST controller for experience-bff","contracts/openapi/experience-bff.openapi.yaml","via-bff","","via-bff-mobile","","","","","TSHEPO ext_authz","experience-bff","implemented-or-partial","","bff-api-facade"
"experience-bff:IdentityAssuranceController","/internal/v1/identity/assurance","services/experience-bff/src/main/java/zw/gov/mohcc/impilo/experience/controller/IdentityAssuranceController.java","backend-controller","experience/workflow-orchestration","REST controller for experience-bff","contracts/openapi/experience-bff.openapi.yaml","via-bff","","via-bff-mobile","","","","","TSHEPO ext_authz","experience-bff","implemented-or-partial","","bff-api-facade"
"experience-bff:IdentityServicesController","/internal/v1/identity","services/experience-bff/src/main/java/zw/gov/mohcc/impilo/experience/controller/IdentityServicesController.java","backend-controller","experience/workflow-orchestration","REST controller for experience-bff","contracts/openapi/experience-bff.openapi.yaml","via-bff","","via-bff-mobile","","","","","TSHEPO ext_authz","experience-bff","implemented-or-partial","","bff-api-facade"
"experience-bff:ImagingExperienceController","/internal/v1/imaging","services/experience-bff/src/main/java/zw/gov/mohcc/impilo/experience/controller/ImagingExperienceController.java","backend-controller","experience/workflow-orchestration","REST controller for experience-bff","contracts/openapi/experience-bff.openapi.yaml","via-bff","","via-bff-mobile","","","","","TSHEPO ext_authz","experience-bff","implemented-or-partial","","bff-api-facade"
"experience-bff:ImmunizationsController","/internal/v1/immunizations","services/experience-bff/src/main/java/zw/gov/mohcc/impilo/experience/controller/ImmunizationsController.java","backend-controller","experience/workflow-orchestration","REST controller for experience-bff","contracts/openapi/experience-bff.openapi.yaml","via-bff","","via-bff-mobile","","","","","TSHEPO ext_authz","experience-bff","implemented-or-partial","","bff-api-facade"
"experience-bff:InpatientController","/internal/v1/inpatient","services/experience-bff/src/main/java/zw/gov/mohcc/impilo/experience/controller/InpatientController.java","backend-controller","experience/workflow-orchestration","REST controller for experience-bff","contracts/openapi/experience-bff.openapi.yaml","via-bff","","via-bff-mobile","","","","","TSHEPO ext_authz","experience-bff","implemented-or-partial","","bff-api-facade"
"experience-bff:IntegrationHubController","/internal/v1/integration-hub","services/experience-bff/src/main/java/zw/gov/mohcc/impilo/experience/controller/IntegrationHubController.java","backend-controller","experience/workflow-orchestration","REST controller for experience-bff","contracts/openapi/experience-bff.openapi.yaml","via-bff","","via-bff-mobile","","","","","TSHEPO ext_authz","experience-bff","implemented-or-partial","","bff-api-facade"
"experience-bff:InventoryController","/internal/v1/inventory","services/experience-bff/src/main/java/zw/gov/mohcc/impilo/experience/controller/InventoryController.java","backend-controller","experience/workflow-orchestration","REST controller for experience-bff","contracts/openapi/experience-bff.openapi.yaml","via-bff","","via-bff-mobile","","","","","TSHEPO ext_authz","experience-bff","implemented-or-partial","","bff-api-facade"
"experience-bff:InventoryElmisSupplyBffController","/internal/v1/inventory-elmis","services/experience-bff/src/main/java/zw/gov/mohcc/impilo/experience/controller/InventoryElmisSupplyBffController.java","backend-controller","experience/workflow-orchestration","REST controller for experience-bff","contracts/openapi/experience-bff.openapi.yaml","via-bff","","via-bff-mobile","","","","","TSHEPO ext_authz","experience-bff","implemented-or-partial","","bff-api-facade"
"experience-bff:InventorySupplyBffController","/internal/v1/inventory","services/experience-bff/src/main/java/zw/gov/mohcc/impilo/experience/controller/InventorySupplyBffController.java","backend-controller","experience/workflow-orchestration","REST controller for experience-bff","contracts/openapi/experience-bff.openapi.yaml","via-bff","","via-bff-mobile","","","","","TSHEPO ext_authz","experience-bff","implemented-or-partial","","bff-api-facade"
"experience-bff:LabOrdersController","/internal/v1/lab-orders","services/experience-bff/src/main/java/zw/gov/mohcc/impilo/experience/controller/LabOrdersController.java","backend-controller","experience/workflow-orchestration","REST controller for experience-bff","contracts/openapi/experience-bff.openapi.yaml","via-bff","","via-bff-mobile","","","","","TSHEPO ext_authz","experience-bff","implemented-or-partial","","bff-api-facade"
"experience-bff:LabourMonitoringController","/internal/v1/labour-monitoring","services/experience-bff/src/main/java/zw/gov/mohcc/impilo/experience/controller/LabourMonitoringController.java","backend-controller","experience/workflow-orchestration","REST controller for experience-bff","contracts/openapi/experience-bff.openapi.yaml","via-bff","","via-bff-mobile","","","","","TSHEPO ext_authz","experience-bff","implemented-or-partial","","bff-api-facade"
"experience-bff:LearningController","/internal/v1/learning","services/experience-bff/src/main/java/zw/gov/mohcc/impilo/experience/controller/LearningController.java","backend-controller","experience/workflow-orchestration","REST controller for experience-bff","contracts/openapi/experience-bff.openapi.yaml","via-bff","","via-bff-mobile","","","","","TSHEPO ext_authz","experience-bff","implemented-or-partial","","bff-api-facade"
"experience-bff:LlmGatewayController","/v1","services/experience-bff/src/main/java/zw/gov/mohcc/impilo/experience/controller/LlmGatewayController.java","backend-controller","experience/workflow-orchestration","REST controller for experience-bff","contracts/openapi/experience-bff.openapi.yaml","via-bff","","via-bff-mobile","","","","","TSHEPO ext_authz","experience-bff","implemented-or-partial","","bff-api-facade"
"experience-bff:MarketplaceController","/internal/v1/marketplace","services/experience-bff/src/main/java/zw/gov/mohcc/impilo/experience/controller/MarketplaceController.java","backend-controller","experience/workflow-orchestration","REST controller for experience-bff","contracts/openapi/experience-bff.openapi.yaml","via-bff","","via-bff-mobile","","","","","TSHEPO ext_authz","experience-bff","implemented-or-partial","","bff-api-facade"
"experience-bff:MarketplaceOpsController","/internal/v1/commerce/ops","services/experience-bff/src/main/java/zw/gov/mohcc/impilo/experience/controller/MarketplaceOpsController.java","backend-controller","experience/workflow-orchestration","REST controller for experience-bff","contracts/openapi/experience-bff.openapi.yaml","via-bff","","via-bff-mobile","","","","","TSHEPO ext_authz","experience-bff","implemented-or-partial","","bff-api-facade"
"experience-bff:MaternitySummaryController","/internal/v1/maternity","services/experience-bff/src/main/java/zw/gov/mohcc/impilo/experience/controller/MaternitySummaryController.java","backend-controller","experience/workflow-orchestration","REST controller for experience-bff","contracts/openapi/experience-bff.openapi.yaml","via-bff","","via-bff-mobile","","","","","TSHEPO ext_authz","experience-bff","implemented-or-partial","","bff-api-facade"
"experience-bff:MobileCitizenController","/internal/v1/mobile/citizen","services/experience-bff/src/main/java/zw/gov/mohcc/impilo/experience/controller/MobileCitizenController.java","backend-controller","experience/workflow-orchestration","REST controller for experience-bff","contracts/openapi/experience-bff.openapi.yaml","via-bff","","via-bff-mobile","","","","","TSHEPO ext_authz","experience-bff","implemented-or-partial","","bff-api-facade"
"experience-bff:MobileGovernanceController","/internal/v1/mobile/provider/governance","services/experience-bff/src/main/java/zw/gov/mohcc/impilo/experience/controller/MobileGovernanceController.java","backend-controller","experience/workflow-orchestration","REST controller for experience-bff","contracts/openapi/experience-bff.openapi.yaml","via-bff","","via-bff-mobile","","","","","TSHEPO ext_authz","experience-bff","implemented-or-partial","","bff-api-facade"
"experience-bff:MobileProviderController","/internal/v1/mobile/provider","services/experience-bff/src/main/java/zw/gov/mohcc/impilo/experience/controller/MobileProviderController.java","backend-controller","experience/workflow-orchestration","REST controller for experience-bff","contracts/openapi/experience-bff.openapi.yaml","via-bff","","via-bff-mobile","","","","","TSHEPO ext_authz","experience-bff","implemented-or-partial","","bff-api-facade"
"experience-bff:MobileProviderExtendedController","/internal/v1/mobile/provider","services/experience-bff/src/main/java/zw/gov/mohcc/impilo/experience/controller/MobileProviderExtendedController.java","backend-controller","experience/workflow-orchestration","REST controller for experience-bff","contracts/openapi/experience-bff.openapi.yaml","via-bff","","via-bff-mobile","","","","","TSHEPO ext_authz","experience-bff","implemented-or-partial","","bff-api-facade"
"experience-bff:MsikaGovernanceController","/internal/v1/msika","services/experience-bff/src/main/java/zw/gov/mohcc/impilo/experience/controller/MsikaGovernanceController.java","backend-controller","experience/workflow-orchestration","REST controller for experience-bff","contracts/openapi/experience-bff.openapi.yaml","via-bff","","via-bff-mobile","","","","","TSHEPO ext_authz","experience-bff","implemented-or-partial","","bff-api-facade"
"experience-bff:MvumoAdminController","/internal/v1/mvumo-admin","services/experience-bff/src/main/java/zw/gov/mohcc/impilo/experience/controller/MvumoAdminController.java","backend-controller","experience/workflow-orchestration","REST controller for experience-bff","contracts/openapi/experience-bff.openapi.yaml","via-bff","","via-bff-mobile","","","","","TSHEPO ext_authz","experience-bff","implemented-or-partial","","bff-api-facade"
"experience-bff:MvumoServiceProxyController","/v1","services/experience-bff/src/main/java/zw/gov/mohcc/impilo/experience/controller/MvumoServiceProxyController.java","backend-controller","experience/workflow-orchestration","REST controller for experience-bff","contracts/openapi/experience-bff.openapi.yaml","via-bff","","via-bff-mobile","","","","","TSHEPO ext_authz","experience-bff","implemented-or-partial","","bff-api-facade"
"experience-bff:NdilaController","/internal/v1/ndila","services/experience-bff/src/main/java/zw/gov/mohcc/impilo/experience/controller/NdilaController.java","backend-controller","experience/workflow-orchestration","REST controller for experience-bff","contracts/openapi/experience-bff.openapi.yaml","via-bff","","via-bff-mobile","","","","","TSHEPO ext_authz","experience-bff","implemented-or-partial","","bff-api-facade"
"experience-bff:NhumeController","/internal/v1/nhume","services/experience-bff/src/main/java/zw/gov/mohcc/impilo/experience/controller/NhumeController.java","backend-controller","experience/workflow-orchestration","REST controller for experience-bff","contracts/openapi/experience-bff.openapi.yaml","via-bff","","via-bff-mobile","","","","","TSHEPO ext_authz","experience-bff","implemented-or-partial","","bff-api-facade"
"experience-bff:NotificationController","/internal/v1/notifications","services/experience-bff/src/main/java/zw/gov/mohcc/impilo/experience/controller/NotificationController.java","backend-controller","experience/workflow-orchestration","REST controller for experience-bff","contracts/openapi/experience-bff.openapi.yaml","via-bff","","via-bff-mobile","","","","","TSHEPO ext_authz","experience-bff","implemented-or-partial","","bff-api-facade"
"experience-bff:NotificationTemplateController","/internal/v1/notifications/templates","services/experience-bff/src/main/java/zw/gov/mohcc/impilo/experience/controller/NotificationTemplateController.java","backend-controller","experience/workflow-orchestration","REST controller for experience-bff","contracts/openapi/experience-bff.openapi.yaml","via-bff","","via-bff-mobile","","","","","TSHEPO ext_authz","experience-bff","implemented-or-partial","","bff-api-facade"
"experience-bff:OmnichannelController","/internal/v1/omnichannel","services/experience-bff/src/main/java/zw/gov/mohcc/impilo/experience/controller/OmnichannelController.java","backend-controller","experience/workflow-orchestration","REST controller for experience-bff","contracts/openapi/experience-bff.openapi.yaml","via-bff","","via-bff-mobile","","","","","TSHEPO ext_authz","experience-bff","implemented-or-partial","","bff-api-facade"
"experience-bff:PacsController","/internal/v1/pacs","services/experience-bff/src/main/java/zw/gov/mohcc/impilo/experience/controller/PacsController.java","backend-controller","experience/workflow-orchestration","REST controller for experience-bff","contracts/openapi/experience-bff.openapi.yaml","via-bff","","via-bff-mobile","","","","","TSHEPO ext_authz","experience-bff","implemented-or-partial","","bff-api-facade"
"experience-bff:PatientAccountFinanceBffController","/internal/v1/finance/patient-accounts","services/experience-bff/src/main/java/zw/gov/mohcc/impilo/experience/controller/PatientAccountFinanceBffController.java","backend-controller","experience/workflow-orchestration","REST controller for experience-bff","contracts/openapi/experience-bff.openapi.yaml","via-bff","","via-bff-mobile","","","","","TSHEPO ext_authz","experience-bff","implemented-or-partial","","bff-api-facade"
"experience-bff:PatientController","/internal/v1/patients","services/experience-bff/src/main/java/zw/gov/mohcc/impilo/experience/controller/PatientController.java","backend-controller","experience/workflow-orchestration","REST controller for experience-bff","contracts/openapi/experience-bff.openapi.yaml","via-bff","","via-bff-mobile","","","","","TSHEPO ext_authz","experience-bff","implemented-or-partial","","bff-api-facade"
"experience-bff:PatientShareBffController","/v1","services/experience-bff/src/main/java/zw/gov/mohcc/impilo/experience/controller/PatientShareBffController.java","backend-controller","experience/workflow-orchestration","REST controller for experience-bff","contracts/openapi/experience-bff.openapi.yaml","via-bff","","via-bff-mobile","","","","","TSHEPO ext_authz","experience-bff","implemented-or-partial","","bff-api-facade"
"experience-bff:PayerClaimsController","/internal/v1/finance/payer-claims","services/experience-bff/src/main/java/zw/gov/mohcc/impilo/experience/controller/PayerClaimsController.java","backend-controller","experience/workflow-orchestration","REST controller for experience-bff","contracts/openapi/experience-bff.openapi.yaml","via-bff","","via-bff-mobile","","","","","TSHEPO ext_authz","experience-bff","implemented-or-partial","","bff-api-facade"
"experience-bff:PayerOpsController","/internal/v1/finance/payer-ops","services/experience-bff/src/main/java/zw/gov/mohcc/impilo/experience/controller/PayerOpsController.java","backend-controller","experience/workflow-orchestration","REST controller for experience-bff","contracts/openapi/experience-bff.openapi.yaml","via-bff","","via-bff-mobile","","","","","TSHEPO ext_authz","experience-bff","implemented-or-partial","","bff-api-facade"
"experience-bff:PaymentPlanFinanceBffController","/internal/v1/finance/payment-plans","services/experience-bff/src/main/java/zw/gov/mohcc/impilo/experience/controller/PaymentPlanFinanceBffController.java","backend-controller","experience/workflow-orchestration","REST controller for experience-bff","contracts/openapi/experience-bff.openapi.yaml","via-bff","","via-bff-mobile","","","","","TSHEPO ext_authz","experience-bff","implemented-or-partial","","bff-api-facade"
"experience-bff:PharmacyController","/internal/v1/pharmacy","services/experience-bff/src/main/java/zw/gov/mohcc/impilo/experience/controller/PharmacyController.java","backend-controller","experience/workflow-orchestration","REST controller for experience-bff","contracts/openapi/experience-bff.openapi.yaml","via-bff","","via-bff-mobile","","","","","TSHEPO ext_authz","experience-bff","implemented-or-partial","","bff-api-facade"
"experience-bff:PolicyConsentController","/internal/v1/consent","services/experience-bff/src/main/java/zw/gov/mohcc/impilo/experience/controller/PolicyConsentController.java","backend-controller","experience/workflow-orchestration","REST controller for experience-bff","contracts/openapi/experience-bff.openapi.yaml","via-bff","","via-bff-mobile","","","","","TSHEPO ext_authz","experience-bff","implemented-or-partial","","bff-api-facade"
"experience-bff:PreviewVersionController","/v1","services/experience-bff/src/main/java/zw/gov/mohcc/impilo/experience/controller/PreviewVersionController.java","backend-controller","experience/workflow-orchestration","REST controller for experience-bff","contracts/openapi/experience-bff.openapi.yaml","via-bff","","via-bff-mobile","","","","","TSHEPO ext_authz","experience-bff","implemented-or-partial","","bff-api-facade"
"experience-bff:PrivacyPreferencesController","/internal/v1/settings/privacy","services/experience-bff/src/main/java/zw/gov/mohcc/impilo/experience/controller/PrivacyPreferencesController.java","backend-controller","experience/workflow-orchestration","REST controller for experience-bff","contracts/openapi/experience-bff.openapi.yaml","via-bff","","via-bff-mobile","","","","","TSHEPO ext_authz","experience-bff","implemented-or-partial","","bff-api-facade"
"experience-bff:ProductRegistryController","/internal/v1/product-registry","services/experience-bff/src/main/java/zw/gov/mohcc/impilo/experience/controller/ProductRegistryController.java","backend-controller","experience/workflow-orchestration","REST controller for experience-bff","contracts/openapi/experience-bff.openapi.yaml","via-bff","","via-bff-mobile","","","","","TSHEPO ext_authz","experience-bff","implemented-or-partial","","bff-api-facade"
"experience-bff:ProviderActivationController","/internal/v1/identity/providers","services/experience-bff/src/main/java/zw/gov/mohcc/impilo/experience/controller/ProviderActivationController.java","backend-controller","experience/workflow-orchestration","REST controller for experience-bff","contracts/openapi/experience-bff.openapi.yaml","via-bff","","via-bff-mobile","","","","","TSHEPO ext_authz","experience-bff","implemented-or-partial","","bff-api-facade"
"experience-bff:ProviderFinancingController","/internal/v1","services/experience-bff/src/main/java/zw/gov/mohcc/impilo/experience/controller/ProviderFinancingController.java","backend-controller","experience/workflow-orchestration","REST controller for experience-bff","contracts/openapi/experience-bff.openapi.yaml","via-bff","","via-bff-mobile","","","","","TSHEPO ext_authz","experience-bff","implemented-or-partial","","bff-api-facade"
"experience-bff:PublicHealthController","/internal/v1/public-health","services/experience-bff/src/main/java/zw/gov/mohcc/impilo/experience/controller/PublicHealthController.java","backend-controller","experience/workflow-orchestration","REST controller for experience-bff","contracts/openapi/experience-bff.openapi.yaml","via-bff","","via-bff-mobile","","","","","TSHEPO ext_authz","experience-bff","implemented-or-partial","","bff-api-facade"
"experience-bff:QueueController","/internal/v1/queue","services/experience-bff/src/main/java/zw/gov/mohcc/impilo/experience/controller/QueueController.java","backend-controller","experience/workflow-orchestration","REST controller for experience-bff","contracts/openapi/experience-bff.openapi.yaml","via-bff","","via-bff-mobile","","","","","TSHEPO ext_authz","experience-bff","implemented-or-partial","","bff-api-facade"
"experience-bff:ReconciliationController","/internal/v1/finance/reconciliation","services/experience-bff/src/main/java/zw/gov/mohcc/impilo/experience/controller/ReconciliationController.java","backend-controller","experience/workflow-orchestration","REST controller for experience-bff","contracts/openapi/experience-bff.openapi.yaml","via-bff","","via-bff-mobile","","","","","TSHEPO ext_authz","experience-bff","implemented-or-partial","","bff-api-facade"
"experience-bff:ReferralsController","/internal/v1/referrals","services/experience-bff/src/main/java/zw/gov/mohcc/impilo/experience/controller/ReferralsController.java","backend-controller","experience/workflow-orchestration","REST controller for experience-bff","contracts/openapi/experience-bff.openapi.yaml","via-bff","","via-bff-mobile","","","","","TSHEPO ext_authz","experience-bff","implemented-or-partial","","bff-api-facade"
"experience-bff:RefundOpsController","/internal/v1/finance/refunds","services/experience-bff/src/main/java/zw/gov/mohcc/impilo/experience/controller/RefundOpsController.java","backend-controller","experience/workflow-orchestration","REST controller for experience-bff","contracts/openapi/experience-bff.openapi.yaml","via-bff","","via-bff-mobile","","","","","TSHEPO ext_authz","experience-bff","implemented-or-partial","","bff-api-facade"
"experience-bff:RegistryController","/internal/v1/registry","services/experience-bff/src/main/java/zw/gov/mohcc/impilo/experience/controller/RegistryController.java","backend-controller","experience/workflow-orchestration","REST controller for experience-bff","contracts/openapi/experience-bff.openapi.yaml","via-bff","","via-bff-mobile","","","","","TSHEPO ext_authz","experience-bff","implemented-or-partial","","bff-api-facade"
"experience-bff:RegistryDownstreamController","/internal/v1/registry-downstream","services/experience-bff/src/main/java/zw/gov/mohcc/impilo/experience/controller/RegistryDownstreamController.java","backend-controller","experience/workflow-orchestration","REST controller for experience-bff","contracts/openapi/experience-bff.openapi.yaml","via-bff","","via-bff-mobile","","","","","TSHEPO ext_authz","experience-bff","implemented-or-partial","","bff-api-facade"
"experience-bff:RegistryGeoLocalityController","/internal/v1/registry","services/experience-bff/src/main/java/zw/gov/mohcc/impilo/experience/controller/RegistryGeoLocalityController.java","backend-controller","experience/workflow-orchestration","REST controller for experience-bff","contracts/openapi/experience-bff.openapi.yaml","via-bff","","via-bff-mobile","","","","","TSHEPO ext_authz","experience-bff","implemented-or-partial","","bff-api-facade"
"experience-bff:RegistryShellController","/internal/v1/registry-shell","services/experience-bff/src/main/java/zw/gov/mohcc/impilo/experience/controller/RegistryShellController.java","backend-controller","experience/workflow-orchestration","REST controller for experience-bff","contracts/openapi/experience-bff.openapi.yaml","via-bff","","via-bff-mobile","","","","","TSHEPO ext_authz","experience-bff","implemented-or-partial","","bff-api-facade"
"experience-bff:ReportJobController","/internal/v1/reports","services/experience-bff/src/main/java/zw/gov/mohcc/impilo/experience/controller/ReportJobController.java","backend-controller","experience/workflow-orchestration","REST controller for experience-bff","contracts/openapi/experience-bff.openapi.yaml","via-bff","","via-bff-mobile","","","","","TSHEPO ext_authz","experience-bff","implemented-or-partial","","bff-api-facade"
"experience-bff:SchedulingController","/internal/v1/appointments","services/experience-bff/src/main/java/zw/gov/mohcc/impilo/experience/controller/SchedulingController.java","backend-controller","experience/workflow-orchestration","REST controller for experience-bff","contracts/openapi/experience-bff.openapi.yaml","via-bff","","via-bff-mobile","","","","","TSHEPO ext_authz","experience-bff","implemented-or-partial","","bff-api-facade"
"experience-bff:SearchController","/internal/v1/search","services/experience-bff/src/main/java/zw/gov/mohcc/impilo/experience/controller/SearchController.java","backend-controller","experience/workflow-orchestration","REST controller for experience-bff","contracts/openapi/experience-bff.openapi.yaml","via-bff","","via-bff-mobile","","","","","TSHEPO ext_authz","experience-bff","implemented-or-partial","","bff-api-facade"
"experience-bff:ServiceAccessDecisionFinanceBffController","/internal/v1/finance/service-access-decisions","services/experience-bff/src/main/java/zw/gov/mohcc/impilo/experience/controller/ServiceAccessDecisionFinanceBffController.java","backend-controller","experience/workflow-orchestration","REST controller for experience-bff","contracts/openapi/experience-bff.openapi.yaml","via-bff","","via-bff-mobile","","","","","TSHEPO ext_authz","experience-bff","implemented-or-partial","","bff-api-facade"
"experience-bff:SettlementController","/internal/v1/finance/settlements","services/experience-bff/src/main/java/zw/gov/mohcc/impilo/experience/controller/SettlementController.java","backend-controller","experience/workflow-orchestration","REST controller for experience-bff","contracts/openapi/experience-bff.openapi.yaml","via-bff","","via-bff-mobile","","","","","TSHEPO ext_authz","experience-bff","implemented-or-partial","","bff-api-facade"
"experience-bff:ShellFileCatalogController","/internal/v1/shell/file-catalog","services/experience-bff/src/main/java/zw/gov/mohcc/impilo/experience/controller/ShellFileCatalogController.java","backend-controller","experience/workflow-orchestration","REST controller for experience-bff","contracts/openapi/experience-bff.openapi.yaml","via-bff","","via-bff-mobile","","","","","TSHEPO ext_authz","experience-bff","implemented-or-partial","","bff-api-facade"
"experience-bff:ShellWorkspaceStateController","/internal/v1/shell/workspace-state","services/experience-bff/src/main/java/zw/gov/mohcc/impilo/experience/controller/ShellWorkspaceStateController.java","backend-controller","experience/workflow-orchestration","REST controller for experience-bff","contracts/openapi/experience-bff.openapi.yaml","via-bff","","via-bff-mobile","","","","","TSHEPO ext_authz","experience-bff","implemented-or-partial","","bff-api-facade"
"experience-bff:ShiftController","/internal/v1/shifts","services/experience-bff/src/main/java/zw/gov/mohcc/impilo/experience/controller/ShiftController.java","backend-controller","experience/workflow-orchestration","REST controller for experience-bff","contracts/openapi/experience-bff.openapi.yaml","via-bff","","via-bff-mobile","","","","","TSHEPO ext_authz","experience-bff","implemented-or-partial","","bff-api-facade"
"experience-bff:SocialComposerController","/internal/v1/social/composer","services/experience-bff/src/main/java/zw/gov/mohcc/impilo/experience/controller/SocialComposerController.java","backend-controller","experience/workflow-orchestration","REST controller for experience-bff","contracts/openapi/experience-bff.openapi.yaml","via-bff","","via-bff-mobile","","","","","TSHEPO ext_authz","experience-bff","implemented-or-partial","","bff-api-facade"
"experience-bff:SocialController","/internal/v1/social","services/experience-bff/src/main/java/zw/gov/mohcc/impilo/experience/controller/SocialController.java","backend-controller","experience/workflow-orchestration","REST controller for experience-bff","contracts/openapi/experience-bff.openapi.yaml","via-bff","","via-bff-mobile","","","","","TSHEPO ext_authz","experience-bff","implemented-or-partial","","bff-api-facade"
"experience-bff:StaffingController","/internal/v1/staffing","services/experience-bff/src/main/java/zw/gov/mohcc/impilo/experience/controller/StaffingController.java","backend-controller","experience/workflow-orchestration","REST controller for experience-bff","contracts/openapi/experience-bff.openapi.yaml","via-bff","","via-bff-mobile","","","","","TSHEPO ext_authz","experience-bff","implemented-or-partial","","bff-api-facade"
"experience-bff:StructuredHistoryController","/internal/v1/ehr","services/experience-bff/src/main/java/zw/gov/mohcc/impilo/experience/controller/StructuredHistoryController.java","backend-controller","experience/workflow-orchestration","REST controller for experience-bff","contracts/openapi/experience-bff.openapi.yaml","via-bff","","via-bff-mobile","","","","","TSHEPO ext_authz","experience-bff","implemented-or-partial","","bff-api-facade"
"experience-bff:SummaryProxyController","/internal/v1/summary","services/experience-bff/src/main/java/zw/gov/mohcc/impilo/experience/controller/SummaryProxyController.java","backend-controller","experience/workflow-orchestration","REST controller for experience-bff","contracts/openapi/experience-bff.openapi.yaml","via-bff","","via-bff-mobile","","","","","TSHEPO ext_authz","experience-bff","implemented-or-partial","","bff-api-facade"
"experience-bff:SupportController","/internal/v1/support","services/experience-bff/src/main/java/zw/gov/mohcc/impilo/experience/controller/SupportController.java","backend-controller","experience/workflow-orchestration","REST controller for experience-bff","contracts/openapi/experience-bff.openapi.yaml","via-bff","","via-bff-mobile","","","","","TSHEPO ext_authz","experience-bff","implemented-or-partial","","bff-api-facade"
"experience-bff:TeleconsultController","/internal/v1/teleconsult","services/experience-bff/src/main/java/zw/gov/mohcc/impilo/experience/controller/TeleconsultController.java","backend-controller","experience/workflow-orchestration","REST controller for experience-bff","contracts/openapi/experience-bff.openapi.yaml","via-bff","","via-bff-mobile","","","","","TSHEPO ext_authz","experience-bff","implemented-or-partial","","bff-api-facade"
"experience-bff:TempIdReviewController","/internal/v1/admin/temp-id-review","services/experience-bff/src/main/java/zw/gov/mohcc/impilo/experience/controller/TempIdReviewController.java","backend-controller","experience/workflow-orchestration","REST controller for experience-bff","contracts/openapi/experience-bff.openapi.yaml","via-bff","","via-bff-mobile","","","","","TSHEPO ext_authz","experience-bff","implemented-or-partial","","bff-api-facade"
"experience-bff:TriageController","/internal/v1/triage","services/experience-bff/src/main/java/zw/gov/mohcc/impilo/experience/controller/TriageController.java","backend-controller","experience/workflow-orchestration","REST controller for experience-bff","contracts/openapi/experience-bff.openapi.yaml","via-bff","","via-bff-mobile","","","","","TSHEPO ext_authz","experience-bff","implemented-or-partial","","bff-api-facade"
"experience-bff:TrustAdminController","/internal/v1/admin/trust","services/experience-bff/src/main/java/zw/gov/mohcc/impilo/experience/controller/TrustAdminController.java","backend-controller","experience/workflow-orchestration","REST controller for experience-bff","contracts/openapi/experience-bff.openapi.yaml","via-bff","","via-bff-mobile","","","","","TSHEPO ext_authz","experience-bff","implemented-or-partial","","bff-api-facade"
"experience-bff:UbomiController","/internal/v1/ubomi","services/experience-bff/src/main/java/zw/gov/mohcc/impilo/experience/controller/UbomiController.java","backend-controller","experience/workflow-orchestration","REST controller for experience-bff","contracts/openapi/experience-bff.openapi.yaml","via-bff","","via-bff-mobile","","","","","TSHEPO ext_authz","experience-bff","implemented-or-partial","","bff-api-facade"
"experience-bff:VarapiBiometricBffController","/internal/v1/identity/biometric/varapi","services/experience-bff/src/main/java/zw/gov/mohcc/impilo/experience/controller/VarapiBiometricBffController.java","backend-controller","experience/workflow-orchestration","REST controller for experience-bff","contracts/openapi/experience-bff.openapi.yaml","via-bff","","via-bff-mobile","","","","","TSHEPO ext_authz","experience-bff","implemented-or-partial","","bff-api-facade"
"experience-bff:VendorOperationsController","/internal/v1/commerce/vendor","services/experience-bff/src/main/java/zw/gov/mohcc/impilo/experience/controller/VendorOperationsController.java","backend-controller","experience/workflow-orchestration","REST controller for experience-bff","contracts/openapi/experience-bff.openapi.yaml","via-bff","","via-bff-mobile","","","","","TSHEPO ext_authz","experience-bff","implemented-or-partial","","bff-api-facade"
"experience-bff:VisibilityProfileController","/internal/v1/profile","services/experience-bff/src/main/java/zw/gov/mohcc/impilo/experience/controller/VisibilityProfileController.java","backend-controller","experience/workflow-orchestration","REST controller for experience-bff","contracts/openapi/experience-bff.openapi.yaml","via-bff","","via-bff-mobile","","","","","TSHEPO ext_authz","experience-bff","implemented-or-partial","","bff-api-facade"
"experience-bff:VitalsController","/internal/v1/vitals","services/experience-bff/src/main/java/zw/gov/mohcc/impilo/experience/controller/VitalsController.java","backend-controller","experience/workflow-orchestration","REST controller for experience-bff","contracts/openapi/experience-bff.openapi.yaml","via-bff","","via-bff-mobile","","","","","TSHEPO ext_authz","experience-bff","implemented-or-partial","","bff-api-facade"
"experience-bff:VitoBiometricBffController","/internal/v1/identity/biometric/vito","services/experience-bff/src/main/java/zw/gov/mohcc/impilo/experience/controller/VitoBiometricBffController.java","backend-controller","experience/workflow-orchestration","REST controller for experience-bff","contracts/openapi/experience-bff.openapi.yaml","via-bff","","via-bff-mobile","","","","","TSHEPO ext_authz","experience-bff","implemented-or-partial","","bff-api-facade"
"experience-bff:VitoCardsBffController","/internal/v1/vito/cards","services/experience-bff/src/main/java/zw/gov/mohcc/impilo/experience/controller/VitoCardsBffController.java","backend-controller","experience/workflow-orchestration","REST controller for experience-bff","contracts/openapi/experience-bff.openapi.yaml","via-bff","","via-bff-mobile","","","","","TSHEPO ext_authz","experience-bff","implemented-or-partial","","bff-api-facade"
"experience-bff:VitoClientRegistryBffController","/internal/v1/vito/client-registry","services/experience-bff/src/main/java/zw/gov/mohcc/impilo/experience/controller/VitoClientRegistryBffController.java","backend-controller","experience/workflow-orchestration","REST controller for experience-bff","contracts/openapi/experience-bff.openapi.yaml","via-bff","","via-bff-mobile","","","","","TSHEPO ext_authz","experience-bff","implemented-or-partial","","bff-api-facade"
"experience-bff:VitoDedupBffController","/internal/v1/vito/dedup","services/experience-bff/src/main/java/zw/gov/mohcc/impilo/experience/controller/VitoDedupBffController.java","backend-controller","experience/workflow-orchestration","REST controller for experience-bff","contracts/openapi/experience-bff.openapi.yaml","via-bff","","via-bff-mobile","","","","","TSHEPO ext_authz","experience-bff","implemented-or-partial","","bff-api-facade"
"experience-bff:VitoIdIssuanceBffController","/internal/v1/vito/identity","services/experience-bff/src/main/java/zw/gov/mohcc/impilo/experience/controller/VitoIdIssuanceBffController.java","backend-controller","experience/workflow-orchestration","REST controller for experience-bff","contracts/openapi/experience-bff.openapi.yaml","via-bff","","via-bff-mobile","","","","","TSHEPO ext_authz","experience-bff","implemented-or-partial","","bff-api-facade"
"experience-bff:VitoInternalSearchBffController","/internal/v1/vito/internal/clients","services/experience-bff/src/main/java/zw/gov/mohcc/impilo/experience/controller/VitoInternalSearchBffController.java","backend-controller","experience/workflow-orchestration","REST controller for experience-bff","contracts/openapi/experience-bff.openapi.yaml","via-bff","","via-bff-mobile","","","","","TSHEPO ext_authz","experience-bff","implemented-or-partial","","bff-api-facade"
"experience-bff:VitoIssuanceBffController","/internal/v1/vito/issuance","services/experience-bff/src/main/java/zw/gov/mohcc/impilo/experience/controller/VitoIssuanceBffController.java","backend-controller","experience/workflow-orchestration","REST controller for experience-bff","contracts/openapi/experience-bff.openapi.yaml","via-bff","","via-bff-mobile","","","","","TSHEPO ext_authz","experience-bff","implemented-or-partial","","bff-api-facade"
"experience-bff:VitoMatchBffController","/internal/v1/vito/match","services/experience-bff/src/main/java/zw/gov/mohcc/impilo/experience/controller/VitoMatchBffController.java","backend-controller","experience/workflow-orchestration","REST controller for experience-bff","contracts/openapi/experience-bff.openapi.yaml","via-bff","","via-bff-mobile","","","","","TSHEPO ext_authz","experience-bff","implemented-or-partial","","bff-api-facade"
"experience-bff:VitoPrintBffController","/internal/v1/vito/print","services/experience-bff/src/main/java/zw/gov/mohcc/impilo/experience/controller/VitoPrintBffController.java","backend-controller","experience/workflow-orchestration","REST controller for experience-bff","contracts/openapi/experience-bff.openapi.yaml","via-bff","","via-bff-mobile","","","","","TSHEPO ext_authz","experience-bff","implemented-or-partial","","bff-api-facade"
"experience-bff:VitoPublicPatientSharesBffController","/internal/v1/vito/public/patient-shares","services/experience-bff/src/main/java/zw/gov/mohcc/impilo/experience/controller/VitoPublicPatientSharesBffController.java","backend-controller","experience/workflow-orchestration","REST controller for experience-bff","contracts/openapi/experience-bff.openapi.yaml","via-bff","","via-bff-mobile","","","","","TSHEPO ext_authz","experience-bff","implemented-or-partial","","bff-api-facade"
"experience-bff:VitoQrBffController","/internal/v1/vito/qr","services/experience-bff/src/main/java/zw/gov/mohcc/impilo/experience/controller/VitoQrBffController.java","backend-controller","experience/workflow-orchestration","REST controller for experience-bff","contracts/openapi/experience-bff.openapi.yaml","via-bff","","via-bff-mobile","","","","","TSHEPO ext_authz","experience-bff","implemented-or-partial","","bff-api-facade"
"experience-bff:VitoRegistryAdminBffController","/internal/v1/vito/registry","services/experience-bff/src/main/java/zw/gov/mohcc/impilo/experience/controller/VitoRegistryAdminBffController.java","backend-controller","experience/workflow-orchestration","REST controller for experience-bff","contracts/openapi/experience-bff.openapi.yaml","via-bff","","via-bff-mobile","","","","","TSHEPO ext_authz","experience-bff","implemented-or-partial","","bff-api-facade"
"experience-bff:VitoSlipsBffController","/internal/v1/vito/slips","services/experience-bff/src/main/java/zw/gov/mohcc/impilo/experience/controller/VitoSlipsBffController.java","backend-controller","experience/workflow-orchestration","REST controller for experience-bff","contracts/openapi/experience-bff.openapi.yaml","via-bff","","via-bff-mobile","","","","","TSHEPO ext_authz","experience-bff","implemented-or-partial","","bff-api-facade"
"experience-bff:WalletController","/internal/v1/wallet","services/experience-bff/src/main/java/zw/gov/mohcc/impilo/experience/controller/WalletController.java","backend-controller","experience/workflow-orchestration","REST controller for experience-bff","contracts/openapi/experience-bff.openapi.yaml","via-bff","","via-bff-mobile","","","","","TSHEPO ext_authz","experience-bff","implemented-or-partial","","bff-api-facade"
"experience-bff:WellnessController","/internal/v1/wellness","services/experience-bff/src/main/java/zw/gov/mohcc/impilo/experience/controller/WellnessController.java","backend-controller","experience/workflow-orchestration","REST controller for experience-bff","contracts/openapi/experience-bff.openapi.yaml","via-bff","","via-bff-mobile","","","","","TSHEPO ext_authz","experience-bff","implemented-or-partial","","bff-api-facade"
"experience-bff:WorkflowController","/internal/v1/workflows","services/experience-bff/src/main/java/zw/gov/mohcc/impilo/experience/controller/WorkflowController.java","backend-controller","experience/workflow-orchestration","REST controller for experience-bff","contracts/openapi/experience-bff.openapi.yaml","via-bff","","via-bff-mobile","","","","","TSHEPO ext_authz","experience-bff","implemented-or-partial","","bff-api-facade"
"experience-bff:WorkforceGovernanceController","/internal/v1/workforce-governance","services/experience-bff/src/main/java/zw/gov/mohcc/impilo/experience/controller/WorkforceGovernanceController.java","backend-controller","experience/workflow-orchestration","REST controller for experience-bff","contracts/openapi/experience-bff.openapi.yaml","via-bff","","via-bff-mobile","","","","","TSHEPO ext_authz","experience-bff","implemented-or-partial","","bff-api-facade"
"experience-bff:WorkspaceController","/internal/v1/workspaces","services/experience-bff/src/main/java/zw/gov/mohcc/impilo/experience/controller/WorkspaceController.java","backend-controller","experience/workflow-orchestration","REST controller for experience-bff","contracts/openapi/experience-bff.openapi.yaml","via-bff","","via-bff-mobile","","","","","TSHEPO ext_authz","experience-bff","implemented-or-partial","","bff-api-facade"
"experience-bff:ZiboRegistryProxyController","/internal/v1/registry/zibo","services/experience-bff/src/main/java/zw/gov/mohcc/impilo/experience/controller/ZiboRegistryProxyController.java","backend-controller","experience/workflow-orchestration","REST controller for experience-bff","contracts/openapi/experience-bff.openapi.yaml","via-bff","","via-bff-mobile","","","","","TSHEPO ext_authz","experience-bff","implemented-or-partial","","bff-api-facade"
"experience-bff:MobileDiagnosisController","/internal/v1/mobile/provider/diagnosis","services/experience-bff/src/main/java/zw/gov/mohcc/impilo/experience/controller/mobile/MobileDiagnosisController.java","backend-controller","experience/workflow-orchestration","REST controller for experience-bff","contracts/openapi/experience-bff.openapi.yaml","via-bff","","via-bff-mobile","","","","","TSHEPO ext_authz","experience-bff","implemented-or-partial","","bff-api-facade"
"experience-bff:MobileDischargeController","/internal/v1/mobile/provider/discharge","services/experience-bff/src/main/java/zw/gov/mohcc/impilo/experience/controller/mobile/MobileDischargeController.java","backend-controller","experience/workflow-orchestration","REST controller for experience-bff","contracts/openapi/experience-bff.openapi.yaml","via-bff","","via-bff-mobile","","","","","TSHEPO ext_authz","experience-bff","implemented-or-partial","","bff-api-facade"
"experience-bff:MobileEncounterController","/internal/v1/mobile/provider/encounters","services/experience-bff/src/main/java/zw/gov/mohcc/impilo/experience/controller/mobile/MobileEncounterController.java","backend-controller","experience/workflow-orchestration","REST controller for experience-bff","contracts/openapi/experience-bff.openapi.yaml","via-bff","","via-bff-mobile","","","","","TSHEPO ext_authz","experience-bff","implemented-or-partial","","bff-api-facade"
"experience-bff:MobileFormController","/internal/v1/mobile/provider/forms","services/experience-bff/src/main/java/zw/gov/mohcc/impilo/experience/controller/mobile/MobileFormController.java","backend-controller","experience/workflow-orchestration","REST controller for experience-bff","contracts/openapi/experience-bff.openapi.yaml","via-bff","","via-bff-mobile","","","","","TSHEPO ext_authz","experience-bff","implemented-or-partial","","bff-api-facade"
"experience-bff:MobileHouseholdController","/internal/v1/mobile/provider","services/experience-bff/src/main/java/zw/gov/mohcc/impilo/experience/controller/mobile/MobileHouseholdController.java","backend-controller","experience/workflow-orchestration","REST controller for experience-bff","contracts/openapi/experience-bff.openapi.yaml","via-bff","","via-bff-mobile","","","","","TSHEPO ext_authz","experience-bff","implemented-or-partial","","bff-api-facade"
"experience-bff:MobileInventoryController","/internal/v1/mobile/provider/inventory","services/experience-bff/src/main/java/zw/gov/mohcc/impilo/experience/controller/mobile/MobileInventoryController.java","backend-controller","experience/workflow-orchestration","REST controller for experience-bff","contracts/openapi/experience-bff.openapi.yaml","via-bff","","via-bff-mobile","","","","","TSHEPO ext_authz","experience-bff","implemented-or-partial","","bff-api-facade"
"experience-bff:MobileLabController","/internal/v1/mobile/provider/labs","services/experience-bff/src/main/java/zw/gov/mohcc/impilo/experience/controller/mobile/MobileLabController.java","backend-controller","experience/workflow-orchestration","REST controller for experience-bff","contracts/openapi/experience-bff.openapi.yaml","via-bff","","via-bff-mobile","","","","","TSHEPO ext_authz","experience-bff","implemented-or-partial","","bff-api-facade"
"experience-bff:MobileMessagingController","/internal/v1/mobile/provider/messaging","services/experience-bff/src/main/java/zw/gov/mohcc/impilo/experience/controller/mobile/MobileMessagingController.java","backend-controller","experience/workflow-orchestration","REST controller for experience-bff","contracts/openapi/experience-bff.openapi.yaml","via-bff","","via-bff-mobile","","","","","TSHEPO ext_authz","experience-bff","implemented-or-partial","","bff-api-facade"
"experience-bff:MobileNoticesController","/internal/v1/mobile/provider/notices","services/experience-bff/src/main/java/zw/gov/mohcc/impilo/experience/controller/mobile/MobileNoticesController.java","backend-controller","experience/workflow-orchestration","REST controller for experience-bff","contracts/openapi/experience-bff.openapi.yaml","via-bff","","via-bff-mobile","","","","","TSHEPO ext_authz","experience-bff","implemented-or-partial","","bff-api-facade"
"experience-bff:MobileOfflineController","/internal/v1/mobile/provider/offline","services/experience-bff/src/main/java/zw/gov/mohcc/impilo/experience/controller/mobile/MobileOfflineController.java","backend-controller","experience/workflow-orchestration","REST controller for experience-bff","contracts/openapi/experience-bff.openapi.yaml","via-bff","","via-bff-mobile","","","","","TSHEPO ext_authz","experience-bff","implemented-or-partial","","bff-api-facade"
"experience-bff:MobilePrescriptionController","/internal/v1/mobile/provider/prescriptions","services/experience-bff/src/main/java/zw/gov/mohcc/impilo/experience/controller/mobile/MobilePrescriptionController.java","backend-controller","experience/workflow-orchestration","REST controller for experience-bff","contracts/openapi/experience-bff.openapi.yaml","via-bff","","via-bff-mobile","","","","","TSHEPO ext_authz","experience-bff","implemented-or-partial","","bff-api-facade"
"experience-bff:MobileProfileController","/internal/v1/mobile/provider/profile","services/experience-bff/src/main/java/zw/gov/mohcc/impilo/experience/controller/mobile/MobileProfileController.java","backend-controller","experience/workflow-orchestration","REST controller for experience-bff","contracts/openapi/experience-bff.openapi.yaml","via-bff","","via-bff-mobile","","","","","TSHEPO ext_authz","experience-bff","implemented-or-partial","","bff-api-facade"
"experience-bff:MobileProviderSearchController","/internal/v1/mobile/provider/search","services/experience-bff/src/main/java/zw/gov/mohcc/impilo/experience/controller/mobile/MobileProviderSearchController.java","backend-controller","experience/workflow-orchestration","REST controller for experience-bff","contracts/openapi/experience-bff.openapi.yaml","via-bff","","via-bff-mobile","","","","","TSHEPO ext_authz","experience-bff","implemented-or-partial","","bff-api-facade"
"experience-bff:MobileReferralController","/internal/v1/mobile/provider/referrals","services/experience-bff/src/main/java/zw/gov/mohcc/impilo/experience/controller/mobile/MobileReferralController.java","backend-controller","experience/workflow-orchestration","REST controller for experience-bff","contracts/openapi/experience-bff.openapi.yaml","via-bff","","via-bff-mobile","","","","","TSHEPO ext_authz","experience-bff","implemented-or-partial","","bff-api-facade"
"experience-bff:MobileResultsController","/internal/v1/mobile/provider/labs/results","services/experience-bff/src/main/java/zw/gov/mohcc/impilo/experience/controller/mobile/MobileResultsController.java","backend-controller","experience/workflow-orchestration","REST controller for experience-bff","contracts/openapi/experience-bff.openapi.yaml","via-bff","","via-bff-mobile","","","","","TSHEPO ext_authz","experience-bff","implemented-or-partial","","bff-api-facade"
"experience-bff:MobileScheduleController","/internal/v1/mobile/provider/schedule","services/experience-bff/src/main/java/zw/gov/mohcc/impilo/experience/controller/mobile/MobileScheduleController.java","backend-controller","experience/workflow-orchestration","REST controller for experience-bff","contracts/openapi/experience-bff.openapi.yaml","via-bff","","via-bff-mobile","","","","","TSHEPO ext_authz","experience-bff","implemented-or-partial","","bff-api-facade"
"experience-bff:MobileSupervisorController","/internal/v1/mobile/provider/supervisor","services/experience-bff/src/main/java/zw/gov/mohcc/impilo/experience/controller/mobile/MobileSupervisorController.java","backend-controller","experience/workflow-orchestration","REST controller for experience-bff","contracts/openapi/experience-bff.openapi.yaml","via-bff","","via-bff-mobile","","","","","TSHEPO ext_authz","experience-bff","implemented-or-partial","","bff-api-facade"
"experience-bff:MobileSupportController","/internal/v1/mobile/provider/support","services/experience-bff/src/main/java/zw/gov/mohcc/impilo/experience/controller/mobile/MobileSupportController.java","backend-controller","experience/workflow-orchestration","REST controller for experience-bff","contracts/openapi/experience-bff.openapi.yaml","via-bff","","via-bff-mobile","","","","","TSHEPO ext_authz","experience-bff","implemented-or-partial","","bff-api-facade"
"experience-bff:MobileTaskController","/internal/v1/mobile/provider/tasks","services/experience-bff/src/main/java/zw/gov/mohcc/impilo/experience/controller/mobile/MobileTaskController.java","backend-controller","experience/workflow-orchestration","REST controller for experience-bff","contracts/openapi/experience-bff.openapi.yaml","via-bff","","via-bff-mobile","","","","","TSHEPO ext_authz","experience-bff","implemented-or-partial","","bff-api-facade"
"experience-bff:MobileTelemedicineController","/internal/v1/mobile/provider/telemedicine","services/experience-bff/src/main/java/zw/gov/mohcc/impilo/experience/controller/mobile/MobileTelemedicineController.java","backend-controller","experience/workflow-orchestration","REST controller for experience-bff","contracts/openapi/experience-bff.openapi.yaml","via-bff","","via-bff-mobile","","","","","TSHEPO ext_authz","experience-bff","implemented-or-partial","","bff-api-facade"
"experience-bff:MobileTriageController","/internal/v1/mobile/provider/triage","services/experience-bff/src/main/java/zw/gov/mohcc/impilo/experience/controller/mobile/MobileTriageController.java","backend-controller","experience/workflow-orchestration","REST controller for experience-bff","contracts/openapi/experience-bff.openapi.yaml","via-bff","","via-bff-mobile","","","","","TSHEPO ext_authz","experience-bff","implemented-or-partial","","bff-api-facade"
"experience-bff:MobileVitalsController","/internal/v1/mobile/provider/vitals","services/experience-bff/src/main/java/zw/gov/mohcc/impilo/experience/controller/mobile/MobileVitalsController.java","backend-controller","experience/workflow-orchestration","REST controller for experience-bff","contracts/openapi/experience-bff.openapi.yaml","via-bff","","via-bff-mobile","","","","","TSHEPO ext_authz","experience-bff","implemented-or-partial","","bff-api-facade"
"experience-bff:CitizenAppointmentController","/internal/v1/mobile/citizen/appointments","services/experience-bff/src/main/java/zw/gov/mohcc/impilo/experience/controller/mobile/citizen/CitizenAppointmentController.java","backend-controller","experience/workflow-orchestration","REST controller for experience-bff","contracts/openapi/experience-bff.openapi.yaml","via-bff","","via-bff-mobile","","","","","TSHEPO ext_authz","experience-bff","implemented-or-partial","","bff-api-facade"
"experience-bff:CitizenConsentController","/internal/v1/mobile/citizen/consents","services/experience-bff/src/main/java/zw/gov/mohcc/impilo/experience/controller/mobile/citizen/CitizenConsentController.java","backend-controller","experience/workflow-orchestration","REST controller for experience-bff","contracts/openapi/experience-bff.openapi.yaml","via-bff","","via-bff-mobile","","","","","TSHEPO ext_authz","experience-bff","implemented-or-partial","","bff-api-facade"
"experience-bff:CitizenCoverageController","/internal/v1/mobile/citizen/coverage","services/experience-bff/src/main/java/zw/gov/mohcc/impilo/experience/controller/mobile/citizen/CitizenCoverageController.java","backend-controller","experience/workflow-orchestration","REST controller for experience-bff","contracts/openapi/experience-bff.openapi.yaml","via-bff","","via-bff-mobile","","","","","TSHEPO ext_authz","experience-bff","implemented-or-partial","","bff-api-facade"
"experience-bff:CitizenDeliveryController","/internal/v1/mobile/citizen/deliveries","services/experience-bff/src/main/java/zw/gov/mohcc/impilo/experience/controller/mobile/citizen/CitizenDeliveryController.java","backend-controller","experience/workflow-orchestration","REST controller for experience-bff","contracts/openapi/experience-bff.openapi.yaml","via-bff","","via-bff-mobile","","","","","TSHEPO ext_authz","experience-bff","implemented-or-partial","","bff-api-facade"
"experience-bff:CitizenFeedController","/internal/v1/mobile/citizen/feed","services/experience-bff/src/main/java/zw/gov/mohcc/impilo/experience/controller/mobile/citizen/CitizenFeedController.java","backend-controller","experience/workflow-orchestration","REST controller for experience-bff","contracts/openapi/experience-bff.openapi.yaml","via-bff","","via-bff-mobile","","","","","TSHEPO ext_authz","experience-bff","implemented-or-partial","","bff-api-facade"
"experience-bff:CitizenHealthSummaryController","/v1","services/experience-bff/src/main/java/zw/gov/mohcc/impilo/experience/controller/mobile/citizen/CitizenHealthSummaryController.java","backend-controller","experience/workflow-orchestration","REST controller for experience-bff","contracts/openapi/experience-bff.openapi.yaml","via-bff","","via-bff-mobile","","","","","TSHEPO ext_authz","experience-bff","implemented-or-partial","","bff-api-facade"
"experience-bff:CitizenIntegrationController","/internal/v1/mobile/citizen/integration","services/experience-bff/src/main/java/zw/gov/mohcc/impilo/experience/controller/mobile/citizen/CitizenIntegrationController.java","backend-controller","experience/workflow-orchestration","REST controller for experience-bff","contracts/openapi/experience-bff.openapi.yaml","via-bff","","via-bff-mobile","","","","","TSHEPO ext_authz","experience-bff","implemented-or-partial","","bff-api-facade"
"experience-bff:CitizenLongtailController","/internal/v1/mobile/citizen","services/experience-bff/src/main/java/zw/gov/mohcc/impilo/experience/controller/mobile/citizen/CitizenLongtailController.java","backend-controller","experience/workflow-orchestration","REST controller for experience-bff","contracts/openapi/experience-bff.openapi.yaml","via-bff","","via-bff-mobile","","","","","TSHEPO ext_authz","experience-bff","implemented-or-partial","","bff-api-facade"
"experience-bff:CitizenMarketplaceController","/internal/v1/mobile/citizen/marketplace","services/experience-bff/src/main/java/zw/gov/mohcc/impilo/experience/controller/mobile/citizen/CitizenMarketplaceController.java","backend-controller","experience/workflow-orchestration","REST controller for experience-bff","contracts/openapi/experience-bff.openapi.yaml","via-bff","","via-bff-mobile","","","","","TSHEPO ext_authz","experience-bff","implemented-or-partial","","bff-api-facade"
"experience-bff:CitizenMessagingController","/internal/v1/mobile/citizen/messaging","services/experience-bff/src/main/java/zw/gov/mohcc/impilo/experience/controller/mobile/citizen/CitizenMessagingController.java","backend-controller","experience/workflow-orchestration","REST controller for experience-bff","contracts/openapi/experience-bff.openapi.yaml","via-bff","","via-bff-mobile","","","","","TSHEPO ext_authz","experience-bff","implemented-or-partial","","bff-api-facade"
"experience-bff:CitizenNhumeController","/internal/v1/mobile/citizen/nhume","services/experience-bff/src/main/java/zw/gov/mohcc/impilo/experience/controller/mobile/citizen/CitizenNhumeController.java","backend-controller","experience/workflow-orchestration","REST controller for experience-bff","contracts/openapi/experience-bff.openapi.yaml","via-bff","","via-bff-mobile","","","","","TSHEPO ext_authz","experience-bff","implemented-or-partial","","bff-api-facade"
"experience-bff:CitizenPrescriptionController","/internal/v1/mobile/citizen/prescriptions","services/experience-bff/src/main/java/zw/gov/mohcc/impilo/experience/controller/mobile/citizen/CitizenPrescriptionController.java","backend-controller","experience/workflow-orchestration","REST controller for experience-bff","contracts/openapi/experience-bff.openapi.yaml","via-bff","","via-bff-mobile","","","","","TSHEPO ext_authz","experience-bff","implemented-or-partial","","bff-api-facade"
"experience-bff:CitizenProfileController","/internal/v1/mobile/citizen/profile","services/experience-bff/src/main/java/zw/gov/mohcc/impilo/experience/controller/mobile/citizen/CitizenProfileController.java","backend-controller","experience/workflow-orchestration","REST controller for experience-bff","contracts/openapi/experience-bff.openapi.yaml","via-bff","","via-bff-mobile","","","","","TSHEPO ext_authz","experience-bff","implemented-or-partial","","bff-api-facade"
"experience-bff:CitizenPublicHealthController","/internal/v1/mobile/citizen/public-health","services/experience-bff/src/main/java/zw/gov/mohcc/impilo/experience/controller/mobile/citizen/CitizenPublicHealthController.java","backend-controller","experience/workflow-orchestration","REST controller for experience-bff","contracts/openapi/experience-bff.openapi.yaml","via-bff","","via-bff-mobile","","","","","TSHEPO ext_authz","experience-bff","implemented-or-partial","","bff-api-facade"
"experience-bff:CitizenRecordsController","/internal/v1/mobile/citizen/records","services/experience-bff/src/main/java/zw/gov/mohcc/impilo/experience/controller/mobile/citizen/CitizenRecordsController.java","backend-controller","experience/workflow-orchestration","REST controller for experience-bff","contracts/openapi/experience-bff.openapi.yaml","via-bff","","via-bff-mobile","","","","","TSHEPO ext_authz","experience-bff","implemented-or-partial","","bff-api-facade"
"experience-bff:CitizenRemindersController","/internal/v1/mobile/citizen/reminders","services/experience-bff/src/main/java/zw/gov/mohcc/impilo/experience/controller/mobile/citizen/CitizenRemindersController.java","backend-controller","experience/workflow-orchestration","REST controller for experience-bff","contracts/openapi/experience-bff.openapi.yaml","via-bff","","via-bff-mobile","","","","","TSHEPO ext_authz","experience-bff","implemented-or-partial","","bff-api-facade"
"experience-bff:CitizenResultsController","/internal/v1/mobile/citizen/results","services/experience-bff/src/main/java/zw/gov/mohcc/impilo/experience/controller/mobile/citizen/CitizenResultsController.java","backend-controller","experience/workflow-orchestration","REST controller for experience-bff","contracts/openapi/experience-bff.openapi.yaml","via-bff","","via-bff-mobile","","","","","TSHEPO ext_authz","experience-bff","implemented-or-partial","","bff-api-facade"
"experience-bff:CitizenSocialController","/internal/v1/mobile/citizen/social","services/experience-bff/src/main/java/zw/gov/mohcc/impilo/experience/controller/mobile/citizen/CitizenSocialController.java","backend-controller","experience/workflow-orchestration","REST controller for experience-bff","contracts/openapi/experience-bff.openapi.yaml","via-bff","","via-bff-mobile","","","","","TSHEPO ext_authz","experience-bff","implemented-or-partial","","bff-api-facade"
"experience-bff:CitizenSupportController","/internal/v1/mobile/citizen/support","services/experience-bff/src/main/java/zw/gov/mohcc/impilo/experience/controller/mobile/citizen/CitizenSupportController.java","backend-controller","experience/workflow-orchestration","REST controller for experience-bff","contracts/openapi/experience-bff.openapi.yaml","via-bff","","via-bff-mobile","","","","","TSHEPO ext_authz","experience-bff","implemented-or-partial","","bff-api-facade"
"experience-bff:CitizenTelehealthController","/internal/v1/mobile/citizen/telehealth","services/experience-bff/src/main/java/zw/gov/mohcc/impilo/experience/controller/mobile/citizen/CitizenTelehealthController.java","backend-controller","experience/workflow-orchestration","REST controller for experience-bff","contracts/openapi/experience-bff.openapi.yaml","via-bff","","via-bff-mobile","","","","","TSHEPO ext_authz","experience-bff","implemented-or-partial","","bff-api-facade"
"experience-bff:CitizenTimelineController","/internal/v1/mobile/citizen/timeline","services/experience-bff/src/main/java/zw/gov/mohcc/impilo/experience/controller/mobile/citizen/CitizenTimelineController.java","backend-controller","experience/workflow-orchestration","REST controller for experience-bff","contracts/openapi/experience-bff.openapi.yaml","via-bff","","via-bff-mobile","","","","","TSHEPO ext_authz","experience-bff","implemented-or-partial","","bff-api-facade"
"experience-bff:ProviderAdminRegistryController","/internal/v1/mobile/provider/admin-registry","services/experience-bff/src/main/java/zw/gov/mohcc/impilo/experience/controller/mobile/provider/ProviderAdminRegistryController.java","backend-controller","experience/workflow-orchestration","REST controller for experience-bff","contracts/openapi/experience-bff.openapi.yaml","via-bff","","via-bff-mobile","","","","","TSHEPO ext_authz","experience-bff","implemented-or-partial","","bff-api-facade"
"experience-bff:ProviderDeliveryController","/internal/v1/mobile/provider/deliveries","services/experience-bff/src/main/java/zw/gov/mohcc/impilo/experience/controller/mobile/provider/ProviderDeliveryController.java","backend-controller","experience/workflow-orchestration","REST controller for experience-bff","contracts/openapi/experience-bff.openapi.yaml","via-bff","","via-bff-mobile","","","","","TSHEPO ext_authz","experience-bff","implemented-or-partial","","bff-api-facade"
"experience-bff:ProviderDeveloperHubController","/internal/v1/mobile/provider/developer","services/experience-bff/src/main/java/zw/gov/mohcc/impilo/experience/controller/mobile/provider/ProviderDeveloperHubController.java","backend-controller","experience/workflow-orchestration","REST controller for experience-bff","contracts/openapi/experience-bff.openapi.yaml","via-bff","","via-bff-mobile","","","","","TSHEPO ext_authz","experience-bff","implemented-or-partial","","bff-api-facade"
"experience-bff:ProviderIntegrationController","/internal/v1/mobile/provider/integration","services/experience-bff/src/main/java/zw/gov/mohcc/impilo/experience/controller/mobile/provider/ProviderIntegrationController.java","backend-controller","experience/workflow-orchestration","REST controller for experience-bff","contracts/openapi/experience-bff.openapi.yaml","via-bff","","via-bff-mobile","","","","","TSHEPO ext_authz","experience-bff","implemented-or-partial","","bff-api-facade"
"experience-bff:ProviderNhumeController","/internal/v1/mobile/provider/nhume","services/experience-bff/src/main/java/zw/gov/mohcc/impilo/experience/controller/mobile/provider/ProviderNhumeController.java","backend-controller","experience/workflow-orchestration","REST controller for experience-bff","contracts/openapi/experience-bff.openapi.yaml","via-bff","","via-bff-mobile","","","","","TSHEPO ext_authz","experience-bff","implemented-or-partial","","bff-api-facade"
"experience-bff:ProviderOpsReportsController","/internal/v1/mobile/provider/ops-reports","services/experience-bff/src/main/java/zw/gov/mohcc/impilo/experience/controller/mobile/provider/ProviderOpsReportsController.java","backend-controller","experience/workflow-orchestration","REST controller for experience-bff","contracts/openapi/experience-bff.openapi.yaml","via-bff","","via-bff-mobile","","","","","TSHEPO ext_authz","experience-bff","implemented-or-partial","","bff-api-facade"
"experience-bff:ProviderProfessionalChannelsHubController","/internal/v1/mobile/provider/professional-channels","services/experience-bff/src/main/java/zw/gov/mohcc/impilo/experience/controller/mobile/provider/ProviderProfessionalChannelsHubController.java","backend-controller","experience/workflow-orchestration","REST controller for experience-bff","contracts/openapi/experience-bff.openapi.yaml","via-bff","","via-bff-mobile","","","","","TSHEPO ext_authz","experience-bff","implemented-or-partial","","bff-api-facade"
"experience-bff:ProviderProfessionalSettingsHubController","/internal/v1/mobile/provider/professional-settings","services/experience-bff/src/main/java/zw/gov/mohcc/impilo/experience/controller/mobile/provider/ProviderProfessionalSettingsHubController.java","backend-controller","experience/workflow-orchestration","REST controller for experience-bff","contracts/openapi/experience-bff.openapi.yaml","via-bff","","via-bff-mobile","","","","","TSHEPO ext_authz","experience-bff","implemented-or-partial","","bff-api-facade"
"experience-bff:ProviderPublicHealthController","/internal/v1/mobile/provider/public-health","services/experience-bff/src/main/java/zw/gov/mohcc/impilo/experience/controller/mobile/provider/ProviderPublicHealthController.java","backend-controller","experience/workflow-orchestration","REST controller for experience-bff","contracts/openapi/experience-bff.openapi.yaml","via-bff","","via-bff-mobile","","","","","TSHEPO ext_authz","experience-bff","implemented-or-partial","","bff-api-facade"
"experience-bff:ProviderReportsController","/internal/v1/mobile/provider/reports","services/experience-bff/src/main/java/zw/gov/mohcc/impilo/experience/controller/mobile/provider/ProviderReportsController.java","backend-controller","experience/workflow-orchestration","REST controller for experience-bff","contracts/openapi/experience-bff.openapi.yaml","via-bff","","via-bff-mobile","","","","","TSHEPO ext_authz","experience-bff","implemented-or-partial","","bff-api-facade"
"experience-bff:ProviderSocialController","/internal/v1/mobile/provider/social","services/experience-bff/src/main/java/zw/gov/mohcc/impilo/experience/controller/mobile/provider/ProviderSocialController.java","backend-controller","experience/workflow-orchestration","REST controller for experience-bff","contracts/openapi/experience-bff.openapi.yaml","via-bff","","via-bff-mobile","","","","","TSHEPO ext_authz","experience-bff","implemented-or-partial","","bff-api-facade"
"experience-bff:RegistryIntakeController","/internal/v1/registry-intake","services/experience-bff/src/main/java/zw/gov/mohcc/impilo/experience/intake/RegistryIntakeController.java","backend-controller","experience/workflow-orchestration","REST controller for experience-bff","contracts/openapi/experience-bff.openapi.yaml","via-bff","","via-bff-mobile","","","","","TSHEPO ext_authz","experience-bff","implemented-or-partial","","bff-api-facade"
"experience-bff:WellnessServiceProxyController","/v1","services/experience-bff/src/main/java/zw/gov/mohcc/impilo/experience/wellness/proxy/WellnessServiceProxyController.java","backend-controller","experience/workflow-orchestration","REST controller for experience-bff","contracts/openapi/experience-bff.openapi.yaml","via-bff","","via-bff-mobile","","","","","TSHEPO ext_authz","experience-bff","implemented-or-partial","","bff-api-facade"
"fhir-gateway-service","FHIR Gateway","services/fhir-gateway-service","backend-service","clinical/care-delivery","Fhir Gateway canonical records","contract: contracts/openapi/fhir-gateway.openapi.yaml; status=partial","partial","","unknown","","","tshepo-authz-service","2 migration(s) in fhir-gateway-service","TSHEPO ext_authz via Envoy","tshepo-authz-service; experience-bff; integration-hub","production=baseline-assessed; impl=implemented-or-partial; frontend=unknown-or-partial","","clinical-service"
"fhir-gateway-service:GatewayProbeController","/internal/v1","services/fhir-gateway-service/src/main/java/zw/gov/mohcc/impilo/fhirgateway/api/GatewayProbeController.java","backend-controller","clinical/care-delivery","REST controller for fhir-gateway-service","contracts/openapi/fhir-gateway.openapi.yaml","via-bff","","via-bff-mobile","","","","","TSHEPO ext_authz","fhir-gateway-service","implemented-or-partial","","clinical-service"
"fhir-gateway-service:GatewayRouteController","/internal/v1/gateway","services/fhir-gateway-service/src/main/java/zw/gov/mohcc/impilo/fhirgateway/api/GatewayRouteController.java","backend-controller","clinical/care-delivery","REST controller for fhir-gateway-service","contracts/openapi/fhir-gateway.openapi.yaml","via-bff","","via-bff-mobile","","","","","TSHEPO ext_authz","fhir-gateway-service","implemented-or-partial","","clinical-service"
"forms-service","Forms","services/forms-service","backend-service","clinical/clinical-knowledge","Forms canonical records","contract: contracts/openapi/forms.openapi.yaml; status=partial","partial","","unknown","","","tshepo-authz-service","1 migration(s) in forms-service","TSHEPO ext_authz via Envoy","tshepo-authz-service; experience-bff; integration-hub","production=baseline-assessed; impl=implemented-or-partial; frontend=unknown-or-partial","","backend-capability"
"forms-service:FormSchemaController","/internal/v1/forms","services/forms-service/src/main/java/zw/gov/mohcc/impilo/forms/api/FormSchemaController.java","backend-controller","clinical/clinical-knowledge","REST controller for forms-service","contracts/openapi/forms.openapi.yaml","via-bff","","via-bff-mobile","","","","","TSHEPO ext_authz","forms-service","implemented-or-partial","","backend-capability"
"general-ledger-service","General Ledger","services/general-ledger-service","backend-service","enterprise/enterprise-resource","General Ledger canonical records","contract: contracts/openapi/general-ledger.openapi.yaml; status=partial","partial","","unknown","","","tshepo-authz-service","1 migration(s) in general-ledger-service","TSHEPO ext_authz via Envoy","tshepo-authz-service; experience-bff; integration-hub","production=baseline-assessed; impl=implemented-or-partial; frontend=unknown-or-partial","","finance-transaction-service"
"general-ledger-service:GlAccountsController","/internal/v1/gl/accounts","services/general-ledger-service/src/main/java/zw/gov/mohcc/impilo/gl/api/GlAccountsController.java","backend-controller","enterprise/enterprise-resource","REST controller for general-ledger-service","contracts/openapi/general-ledger.openapi.yaml","via-bff","","via-bff-mobile","","","","","TSHEPO ext_authz","general-ledger-service","implemented-or-partial","","finance-transaction-service"
"general-ledger-service:GlBudgetsController","/internal/v1/gl/budgets","services/general-ledger-service/src/main/java/zw/gov/mohcc/impilo/gl/api/GlBudgetsController.java","backend-controller","enterprise/enterprise-resource","REST controller for general-ledger-service","contracts/openapi/general-ledger.openapi.yaml","via-bff","","via-bff-mobile","","","","","TSHEPO ext_authz","general-ledger-service","implemented-or-partial","","finance-transaction-service"
"general-ledger-service:GlFinancialStatementsController","/internal/v1/gl/financial-statements","services/general-ledger-service/src/main/java/zw/gov/mohcc/impilo/gl/api/GlFinancialStatementsController.java","backend-controller","enterprise/enterprise-resource","REST controller for general-ledger-service","contracts/openapi/general-ledger.openapi.yaml","via-bff","","via-bff-mobile","","","","","TSHEPO ext_authz","general-ledger-service","implemented-or-partial","","finance-transaction-service"
"general-ledger-service:GlHealthController","/v1","services/general-ledger-service/src/main/java/zw/gov/mohcc/impilo/gl/api/GlHealthController.java","backend-controller","enterprise/enterprise-resource","REST controller for general-ledger-service","contracts/openapi/general-ledger.openapi.yaml","via-bff","","via-bff-mobile","","","","","TSHEPO ext_authz","general-ledger-service","implemented-or-partial","","finance-transaction-service"
"general-ledger-service:GlJournalsController","/internal/v1/gl/journals","services/general-ledger-service/src/main/java/zw/gov/mohcc/impilo/gl/api/GlJournalsController.java","backend-controller","enterprise/enterprise-resource","REST controller for general-ledger-service","contracts/openapi/general-ledger.openapi.yaml","via-bff","","via-bff-mobile","","","","","TSHEPO ext_authz","general-ledger-service","implemented-or-partial","","finance-transaction-service"
"general-ledger-service:GlPeriodsController","/internal/v1/gl/periods","services/general-ledger-service/src/main/java/zw/gov/mohcc/impilo/gl/api/GlPeriodsController.java","backend-controller","enterprise/enterprise-resource","REST controller for general-ledger-service","contracts/openapi/general-ledger.openapi.yaml","via-bff","","via-bff-mobile","","","","","TSHEPO ext_authz","general-ledger-service","implemented-or-partial","","finance-transaction-service"
"general-ledger-service:GlTrialBalanceController","/internal/v1/gl/trial-balance","services/general-ledger-service/src/main/java/zw/gov/mohcc/impilo/gl/api/GlTrialBalanceController.java","backend-controller","enterprise/enterprise-resource","REST controller for general-ledger-service","contracts/openapi/general-ledger.openapi.yaml","via-bff","","via-bff-mobile","","","","","TSHEPO ext_authz","general-ledger-service","implemented-or-partial","","finance-transaction-service"
"guidance-service","Guidance","services/guidance-service","backend-service","clinical/clinical-knowledge","Guidance canonical records","contract: contracts/openapi/guidance.openapi.yaml; status=partial","partial","","unknown","","","tshepo-authz-service","2 migration(s) in guidance-service","TSHEPO ext_authz via Envoy","tshepo-authz-service; experience-bff; integration-hub","production=baseline-assessed; impl=implemented-or-partial; frontend=unknown-or-partial","","backend-capability"
"guidance-service:GuidanceApiController","/internal/v1/guidance","services/guidance-service/src/main/java/zw/gov/mohcc/impilo/guidance/api/GuidanceApiController.java","backend-controller","clinical/clinical-knowledge","REST controller for guidance-service","contracts/openapi/guidance.openapi.yaml","via-bff","","via-bff-mobile","","","","","TSHEPO ext_authz","guidance-service","implemented-or-partial","","backend-capability"
"hr-payroll-service","Hr Payroll","services/hr-payroll-service","backend-service","enterprise/enterprise-resource","Hr Payroll canonical records","contract: contracts/openapi/hr-payroll.openapi.yaml; status=partial","partial","","unknown","","","tshepo-authz-service","1 migration(s) in hr-payroll-service","TSHEPO ext_authz via Envoy","tshepo-authz-service; experience-bff; integration-hub","production=baseline-assessed; impl=implemented-or-partial; frontend=unknown-or-partial","","finance-transaction-service"
"hr-payroll-service:HrHealthController","/v1","services/hr-payroll-service/src/main/java/zw/gov/mohcc/impilo/hrpayroll/api/HrHealthController.java","backend-controller","enterprise/enterprise-resource","REST controller for hr-payroll-service","contracts/openapi/hr-payroll.openapi.yaml","via-bff","","via-bff-mobile","","","","","TSHEPO ext_authz","hr-payroll-service","implemented-or-partial","","finance-transaction-service"
"identity-assurance-service","Identity Assurance","services/identity-assurance-service","backend-service","trust/identity-governance","Identity Assurance canonical records","contract: contracts/openapi/identity-assurance.openapi.yaml; status=partial","partial","","unknown","","","","1 migration(s) in identity-assurance-service","TSHEPO ext_authz via Envoy","experience-bff; integration-hub","production=baseline-assessed; impl=implemented-or-partial; frontend=unknown-or-partial","","trust-security-service"
"identity-assurance-service:AttestationController","/internal/v1/attestations","services/identity-assurance-service/src/main/java/zw/gov/mohcc/impilo/ia/api/AttestationController.java","backend-controller","trust/identity-governance","REST controller for identity-assurance-service","contracts/openapi/identity-assurance.openapi.yaml","via-bff","","via-bff-mobile","","","","","TSHEPO ext_authz","identity-assurance-service","implemented-or-partial","","trust-security-service"
"identity-assurance-service:RiskAssessmentController","/internal/v1/risk","services/identity-assurance-service/src/main/java/zw/gov/mohcc/impilo/ia/api/RiskAssessmentController.java","backend-controller","trust/identity-governance","REST controller for identity-assurance-service","contracts/openapi/identity-assurance.openapi.yaml","via-bff","","via-bff-mobile","","","","","TSHEPO ext_authz","identity-assurance-service","implemented-or-partial","","trust-security-service"
"indawo-service","INDAWO","services/indawo-service","backend-service","registry/registry-spine","Indawo canonical records","contract: contracts/openapi/indawo.openapi.yaml; status=partial","partial","/public-health/*","partial","","usePublicHealth.ts, useSiteRegistry.ts","tshepo-authz-service","6 migration(s) in indawo-service","TSHEPO ext_authz via Envoy","tshepo-authz-service; experience-bff; integration-hub","production=baseline-assessed; impl=implemented-or-partial; frontend=unknown-or-partial","Map layer integration incomplete","backend-capability"
"indawo-service:AddressController","/internal/v1/addresses","services/indawo-service/src/main/java/zw/gov/mohcc/impilo/indawo/api/AddressController.java","backend-controller","registry/registry-spine","REST controller for indawo-service","contracts/openapi/indawo.openapi.yaml","via-bff","","via-bff-mobile","","","","","TSHEPO ext_authz","indawo-service","implemented-or-partial","","backend-capability"
"indawo-service:SiteController","/v1","services/indawo-service/src/main/java/zw/gov/mohcc/impilo/indawo/api/SiteController.java","backend-controller","registry/registry-spine","REST controller for indawo-service","contracts/openapi/indawo.openapi.yaml","via-bff","","via-bff-mobile","","","","","TSHEPO ext_authz","indawo-service","implemented-or-partial","","backend-capability"
"indawo-service:SiteRegulatoryController","/internal/v1/site-registry","services/indawo-service/src/main/java/zw/gov/mohcc/impilo/indawo/api/SiteRegulatoryController.java","backend-controller","registry/registry-spine","REST controller for indawo-service","contracts/openapi/indawo.openapi.yaml","via-bff","","via-bff-mobile","","","","","TSHEPO ext_authz","indawo-service","implemented-or-partial","","backend-capability"
"indawo-service:SnapshotController","/internal/v1/snapshots","services/indawo-service/src/main/java/zw/gov/mohcc/impilo/indawo/api/SnapshotController.java","backend-controller","registry/registry-spine","REST controller for indawo-service","contracts/openapi/indawo.openapi.yaml","via-bff","","via-bff-mobile","","","","","TSHEPO ext_authz","indawo-service","implemented-or-partial","","backend-capability"
"inpatient-service","Inpatient","services/inpatient-service","backend-service","clinical/care-delivery","Inpatient canonical records","contract: contracts/openapi/inpatient.openapi.yaml; status=partial","partial","","unknown","","","tshepo-authz-service","4 migration(s) in inpatient-service","TSHEPO ext_authz via Envoy","tshepo-authz-service; experience-bff; integration-hub","production=baseline-assessed; impl=implemented-or-partial; frontend=unknown-or-partial","","clinical-service"
"inpatient-service:AdmissionController","/internal/v1/admissions","services/inpatient-service/src/main/java/zw/gov/mohcc/impilo/inpatient/api/controller/AdmissionController.java","backend-controller","clinical/care-delivery","REST controller for inpatient-service","contracts/openapi/inpatient.openapi.yaml","via-bff","","via-bff-mobile","","","","","TSHEPO ext_authz","inpatient-service","implemented-or-partial","","clinical-service"
"inpatient-service:InpatientV11ProbeController","/internal/v1","services/inpatient-service/src/main/java/zw/gov/mohcc/impilo/inpatient/api/controller/InpatientV11ProbeController.java","backend-controller","clinical/care-delivery","REST controller for inpatient-service","contracts/openapi/inpatient.openapi.yaml","via-bff","","via-bff-mobile","","","","","TSHEPO ext_authz","inpatient-service","implemented-or-partial","","clinical-service"
"integration-hub","Integration Hub","services/integration-hub","backend-service","integration/interoperability","Integration Hub canonical records","contract: contracts/openapi/integration-hub.openapi.yaml; status=partial","partial","","unknown","","","tshepo-authz-service","4 migration(s) in integration-hub","TSHEPO ext_authz via Envoy","tshepo-authz-service; experience-bff; integration-hub","production=baseline-assessed; impl=implemented-or-partial; frontend=unknown-or-partial","","integration-adapter"
"integration-hub:DeadLetterController","/internal/v1/deadletters","services/integration-hub/src/main/java/zw/gov/mohcc/impilo/integration/api/DeadLetterController.java","backend-controller","integration/interoperability","REST controller for integration-hub","contracts/openapi/integration-hub.openapi.yaml","via-bff","","via-bff-mobile","","","","","TSHEPO ext_authz","integration-hub","implemented-or-partial","","integration-adapter"
"integration-hub:DispatchController","/internal/v1/dispatch","services/integration-hub/src/main/java/zw/gov/mohcc/impilo/integration/api/DispatchController.java","backend-controller","integration/interoperability","REST controller for integration-hub","contracts/openapi/integration-hub.openapi.yaml","via-bff","","via-bff-mobile","","","","","TSHEPO ext_authz","integration-hub","implemented-or-partial","","integration-adapter"
"integration-hub:MappingTemplateController","/internal/v1/mapping-templates","services/integration-hub/src/main/java/zw/gov/mohcc/impilo/integration/api/MappingTemplateController.java","backend-controller","integration/interoperability","REST controller for integration-hub","contracts/openapi/integration-hub.openapi.yaml","via-bff","","via-bff-mobile","","","","","TSHEPO ext_authz","integration-hub","implemented-or-partial","","integration-adapter"
"integration-hub:RouteController","/internal/v1/routes","services/integration-hub/src/main/java/zw/gov/mohcc/impilo/integration/api/RouteController.java","backend-controller","integration/interoperability","REST controller for integration-hub","contracts/openapi/integration-hub.openapi.yaml","via-bff","","via-bff-mobile","","","","","TSHEPO ext_authz","integration-hub","implemented-or-partial","","integration-adapter"
"inventory-elmis-adapter","Inventory eLMIS","services/inventory-elmis-adapter","backend-service","clinical/care-delivery","Inventory Elmis Adapter canonical records","no-matched-openapi; status=partial","partial","","unknown","","","tshepo-authz-service","1 migration(s) in inventory-elmis-adapter","TSHEPO ext_authz via Envoy","tshepo-authz-service; experience-bff; integration-hub","production=baseline-assessed; impl=implemented-or-partial; frontend=unknown-or-partial","","integration-adapter"
"inventory-elmis-adapter:InventoryElmisV11ProbeController","/internal/v1","services/inventory-elmis-adapter/src/main/java/zw/gov/mohcc/impilo/inventory/elmis/api/controller/InventoryElmisV11ProbeController.java","backend-controller","clinical/care-delivery","REST controller for inventory-elmis-adapter","contract-unmatched","via-bff","","via-bff-mobile","","","","","TSHEPO ext_authz","inventory-elmis-adapter","implemented-or-partial","","integration-adapter"
"inventory-elmis-adapter:SyncStateController","/internal/v1/sync-states","services/inventory-elmis-adapter/src/main/java/zw/gov/mohcc/impilo/inventory/elmis/api/controller/SyncStateController.java","backend-controller","clinical/care-delivery","REST controller for inventory-elmis-adapter","contract-unmatched","via-bff","","via-bff-mobile","","","","","TSHEPO ext_authz","inventory-elmis-adapter","implemented-or-partial","","integration-adapter"
"inventory-service","Inventory","services/inventory-service","backend-service","clinical/care-delivery","Inventory canonical records","contract: contracts/openapi/inventory.openapi.yaml; status=partial","partial","","unknown","","","tshepo-authz-service","3 migration(s) in inventory-service","TSHEPO ext_authz via Envoy","tshepo-authz-service; experience-bff; integration-hub","production=baseline-assessed; impl=implemented-or-partial; frontend=unknown-or-partial","","backend-capability"
"inventory-service:CountController","/v1/counts","services/inventory-service/src/main/java/zw/gov/mohcc/impilo/inventory/api/controller/CountController.java","backend-controller","clinical/care-delivery","REST controller for inventory-service","contracts/openapi/inventory.openapi.yaml","via-bff","","via-bff-mobile","","","","","TSHEPO ext_authz","inventory-service","implemented-or-partial","","backend-capability"
"inventory-service:FefoController","/v1/fefo","services/inventory-service/src/main/java/zw/gov/mohcc/impilo/inventory/api/controller/FefoController.java","backend-controller","clinical/care-delivery","REST controller for inventory-service","contracts/openapi/inventory.openapi.yaml","via-bff","","via-bff-mobile","","","","","TSHEPO ext_authz","inventory-service","implemented-or-partial","","backend-capability"
"inventory-service:HandoverController","/v1/handover","services/inventory-service/src/main/java/zw/gov/mohcc/impilo/inventory/api/controller/HandoverController.java","backend-controller","clinical/care-delivery","REST controller for inventory-service","contracts/openapi/inventory.openapi.yaml","via-bff","","via-bff-mobile","","","","","TSHEPO ext_authz","inventory-service","implemented-or-partial","","backend-capability"
"inventory-service:InternalController","/v1/internal","services/inventory-service/src/main/java/zw/gov/mohcc/impilo/inventory/api/controller/InternalController.java","backend-controller","clinical/care-delivery","REST controller for inventory-service","contracts/openapi/inventory.openapi.yaml","via-bff","","via-bff-mobile","","","","","TSHEPO ext_authz","inventory-service","implemented-or-partial","","backend-capability"
"inventory-service:ItemController","/v1/items","services/inventory-service/src/main/java/zw/gov/mohcc/impilo/inventory/api/controller/ItemController.java","backend-controller","clinical/care-delivery","REST controller for inventory-service","contracts/openapi/inventory.openapi.yaml","via-bff","","via-bff-mobile","","","","","TSHEPO ext_authz","inventory-service","implemented-or-partial","","backend-capability"
"inventory-service:LedgerController","/v1/ledger","services/inventory-service/src/main/java/zw/gov/mohcc/impilo/inventory/api/controller/LedgerController.java","backend-controller","clinical/care-delivery","REST controller for inventory-service","contracts/openapi/inventory.openapi.yaml","via-bff","","via-bff-mobile","","","","","TSHEPO ext_authz","inventory-service","implemented-or-partial","","backend-capability"
"inventory-service:OnHandController","/v1/onhand","services/inventory-service/src/main/java/zw/gov/mohcc/impilo/inventory/api/controller/OnHandController.java","backend-controller","clinical/care-delivery","REST controller for inventory-service","contracts/openapi/inventory.openapi.yaml","via-bff","","via-bff-mobile","","","","","TSHEPO ext_authz","inventory-service","implemented-or-partial","","backend-capability"
"inventory-service:ReconcileController","/v1/reconcile","services/inventory-service/src/main/java/zw/gov/mohcc/impilo/inventory/api/controller/ReconcileController.java","backend-controller","clinical/care-delivery","REST controller for inventory-service","contracts/openapi/inventory.openapi.yaml","via-bff","","via-bff-mobile","","","","","TSHEPO ext_authz","inventory-service","implemented-or-partial","","backend-capability"
"inventory-service:RequisitionController","/v1/requisitions","services/inventory-service/src/main/java/zw/gov/mohcc/impilo/inventory/api/controller/RequisitionController.java","backend-controller","clinical/care-delivery","REST controller for inventory-service","contracts/openapi/inventory.openapi.yaml","via-bff","","via-bff-mobile","","","","","TSHEPO ext_authz","inventory-service","implemented-or-partial","","backend-capability"
"inventory-service:InventoryV11ProbeController","/internal/v1","services/inventory-service/src/main/java/zw/gov/mohcc/impilo/inventory/api/controller/v11/InventoryV11ProbeController.java","backend-controller","clinical/care-delivery","REST controller for inventory-service","contracts/openapi/inventory.openapi.yaml","via-bff","","via-bff-mobile","","","","","TSHEPO ext_authz","inventory-service","implemented-or-partial","","backend-capability"
"iot-ingestion-service","IoT Ingestion","services/iot-ingestion-service","backend-service","integration/platform-ops","Iot Ingestion canonical records","contract: contracts/openapi/iot-ingestion.openapi.yaml; status=partial","partial","","unknown","","","tshepo-authz-service","3 migration(s) in iot-ingestion-service","TSHEPO ext_authz via Envoy","tshepo-authz-service; experience-bff; integration-hub","production=baseline-assessed; impl=implemented-or-partial; frontend=unknown-or-partial","","backend-capability"
"iot-ingestion-service:TelemetryIngestController","/v1","services/iot-ingestion-service/src/main/java/zw/gov/mohcc/impilo/iotingestion/api/TelemetryIngestController.java","backend-controller","integration/platform-ops","REST controller for iot-ingestion-service","contracts/openapi/iot-ingestion.openapi.yaml","via-bff","","via-bff-mobile","","","","","TSHEPO ext_authz","iot-ingestion-service","implemented-or-partial","","backend-capability"
"jobs-service","Jobs","services/jobs-service","backend-service","integration/interoperability","Jobs canonical records","contract: contracts/openapi/jobs.openapi.yaml; status=partial","partial","","unknown","","","tshepo-authz-service","1 migration(s) in jobs-service","TSHEPO ext_authz via Envoy","tshepo-authz-service; experience-bff; integration-hub","production=baseline-assessed; impl=implemented-or-partial; frontend=unknown-or-partial","","worker-job"
"jobs-service:JobDefinitionController","/internal/v1/jobs","services/jobs-service/src/main/java/zw/gov/mohcc/impilo/jobs/api/controller/JobDefinitionController.java","backend-controller","integration/interoperability","REST controller for jobs-service","contracts/openapi/jobs.openapi.yaml","via-bff","","via-bff-mobile","","","","","TSHEPO ext_authz","jobs-service","implemented-or-partial","","worker-job"
"jobs-service:JobsV11ProbeController","/internal/v1","services/jobs-service/src/main/java/zw/gov/mohcc/impilo/jobs/api/controller/JobsV11ProbeController.java","backend-controller","integration/interoperability","REST controller for jobs-service","contracts/openapi/jobs.openapi.yaml","via-bff","","via-bff-mobile","","","","","TSHEPO ext_authz","jobs-service","implemented-or-partial","","worker-job"
"landela-adapter-service","Landela","services/landela-adapter-service","backend-service","integration/interoperability","Landela Adapter canonical records","contract: contracts/openapi/landela-adapter.openapi.yaml; status=partial","partial","","unknown","","","tshepo-authz-service","1 migration(s) in landela-adapter-service","TSHEPO ext_authz via Envoy","tshepo-authz-service; experience-bff; integration-hub","production=baseline-assessed; impl=implemented-or-partial; frontend=unknown-or-partial","","document-imaging-service"
"landela-adapter-service:AuditController","/v1/internal/documents","services/landela-adapter-service/src/main/java/zw/gov/mohcc/impilo/landela/api/controller/AuditController.java","backend-controller","integration/interoperability","REST controller for landela-adapter-service","contracts/openapi/landela-adapter.openapi.yaml","via-bff","","via-bff-mobile","","","","","TSHEPO ext_authz","landela-adapter-service","implemented-or-partial","","document-imaging-service"
"landela-adapter-service:DocumentController","/v1/internal/documents","services/landela-adapter-service/src/main/java/zw/gov/mohcc/impilo/landela/api/controller/DocumentController.java","backend-controller","integration/interoperability","REST controller for landela-adapter-service","contracts/openapi/landela-adapter.openapi.yaml","via-bff","","via-bff-mobile","","","","","TSHEPO ext_authz","landela-adapter-service","implemented-or-partial","","document-imaging-service"
"landela-adapter-service:LandelaV11ProbeController","/internal/v1","services/landela-adapter-service/src/main/java/zw/gov/mohcc/impilo/landela/api/controller/v11/LandelaV11ProbeController.java","backend-controller","integration/interoperability","REST controller for landela-adapter-service","contracts/openapi/landela-adapter.openapi.yaml","via-bff","","via-bff-mobile","","","","","TSHEPO ext_authz","landela-adapter-service","implemented-or-partial","","document-imaging-service"
"learning-service","Learning","services/learning-service","backend-service","experience/workflow-orchestration","Learning canonical records","contract: contracts/openapi/learning.openapi.yaml; status=partial","yes","","unknown","","","tshepo-authz-service; multiple-domain-services-via-bff","9 migration(s) in learning-service","TSHEPO ext_authz via Envoy","tshepo-authz-service; multiple-domain-services-via-bff; web-mobile-experience","production=baseline-assessed; impl=implemented-or-partial; frontend=wired","","backend-capability"
"learning-service:LearningInternalController","/internal/v1/learning","services/learning-service/src/main/java/zw/gov/mohcc/impilo/learning/api/LearningInternalController.java","backend-controller","experience/workflow-orchestration","REST controller for learning-service","contracts/openapi/learning.openapi.yaml","via-bff","","via-bff-mobile","","","","","TSHEPO ext_authz","learning-service","implemented-or-partial","","backend-capability"
"learning-service:LearningOrchestrationController","/internal/v1/learning/orchestration","services/learning-service/src/main/java/zw/gov/mohcc/impilo/learning/api/LearningOrchestrationController.java","backend-controller","experience/workflow-orchestration","REST controller for learning-service","contracts/openapi/learning.openapi.yaml","via-bff","","via-bff-mobile","","","","","TSHEPO ext_authz","learning-service","implemented-or-partial","","backend-capability"
"learning-service:VarapiLearningIntegrationController","/internal/v1/learning/integrations","services/learning-service/src/main/java/zw/gov/mohcc/impilo/learning/api/VarapiLearningIntegrationController.java","backend-controller","experience/workflow-orchestration","REST controller for learning-service","contracts/openapi/learning.openapi.yaml","via-bff","","via-bff-mobile","","","","","TSHEPO ext_authz","learning-service","implemented-or-partial","","backend-capability"
"learning-service:LearningV11ReadController","/internal/v1/learning/v11","services/learning-service/src/main/java/zw/gov/mohcc/impilo/learning/api/v11/LearningV11ReadController.java","backend-controller","experience/workflow-orchestration","REST controller for learning-service","contracts/openapi/learning.openapi.yaml","via-bff","","via-bff-mobile","","","","","TSHEPO ext_authz","learning-service","implemented-or-partial","","backend-capability"
"learning-service:LearningV11WriteController","/internal/v1/learning/v11","services/learning-service/src/main/java/zw/gov/mohcc/impilo/learning/api/v11/LearningV11WriteController.java","backend-controller","experience/workflow-orchestration","REST controller for learning-service","contracts/openapi/learning.openapi.yaml","via-bff","","via-bff-mobile","","","","","TSHEPO ext_authz","learning-service","implemented-or-partial","","backend-capability"
"learning-service:FundoAssessmentController","/internal/v1/learning/v11","services/learning-service/src/main/java/zw/gov/mohcc/impilo/learning/api/v11/fundo/FundoAssessmentController.java","backend-controller","experience/workflow-orchestration","REST controller for learning-service","contracts/openapi/learning.openapi.yaml","via-bff","","via-bff-mobile","","","","","TSHEPO ext_authz","learning-service","implemented-or-partial","","backend-capability"
"learning-service:FundoAuthoringController","/internal/v1/learning/v11","services/learning-service/src/main/java/zw/gov/mohcc/impilo/learning/api/v11/fundo/FundoAuthoringController.java","backend-controller","experience/workflow-orchestration","REST controller for learning-service","contracts/openapi/learning.openapi.yaml","via-bff","","via-bff-mobile","","","","","TSHEPO ext_authz","learning-service","implemented-or-partial","","backend-capability"
"learning-service:FundoCatalogController","/internal/v1/learning/v11","services/learning-service/src/main/java/zw/gov/mohcc/impilo/learning/api/v11/fundo/FundoCatalogController.java","backend-controller","experience/workflow-orchestration","REST controller for learning-service","contracts/openapi/learning.openapi.yaml","via-bff","","via-bff-mobile","","","","","TSHEPO ext_authz","learning-service","implemented-or-partial","","backend-capability"
"learning-service:FundoCertificateController","/internal/v1/learning/v11","services/learning-service/src/main/java/zw/gov/mohcc/impilo/learning/api/v11/fundo/FundoCertificateController.java","backend-controller","experience/workflow-orchestration","REST controller for learning-service","contracts/openapi/learning.openapi.yaml","via-bff","","via-bff-mobile","","","","","TSHEPO ext_authz","learning-service","implemented-or-partial","","backend-capability"
"learning-service:FundoCohortReportController","/internal/v1/learning/v11","services/learning-service/src/main/java/zw/gov/mohcc/impilo/learning/api/v11/fundo/FundoCohortReportController.java","backend-controller","experience/workflow-orchestration","REST controller for learning-service","contracts/openapi/learning.openapi.yaml","via-bff","","via-bff-mobile","","","","","TSHEPO ext_authz","learning-service","implemented-or-partial","","backend-capability"
"learning-service:FundoEnrolmentController","/internal/v1/learning/v11","services/learning-service/src/main/java/zw/gov/mohcc/impilo/learning/api/v11/fundo/FundoEnrolmentController.java","backend-controller","experience/workflow-orchestration","REST controller for learning-service","contracts/openapi/learning.openapi.yaml","via-bff","","via-bff-mobile","","","","","TSHEPO ext_authz","learning-service","implemented-or-partial","","backend-capability"
"learning-service:FundoLearnerController","/internal/v1/learning/v11","services/learning-service/src/main/java/zw/gov/mohcc/impilo/learning/api/v11/fundo/FundoLearnerController.java","backend-controller","experience/workflow-orchestration","REST controller for learning-service","contracts/openapi/learning.openapi.yaml","via-bff","","via-bff-mobile","","","","","TSHEPO ext_authz","learning-service","implemented-or-partial","","backend-capability"
"learning-service:FundoLearningRecordController","/internal/v1/learning/v11","services/learning-service/src/main/java/zw/gov/mohcc/impilo/learning/api/v11/fundo/FundoLearningRecordController.java","backend-controller","experience/workflow-orchestration","REST controller for learning-service","contracts/openapi/learning.openapi.yaml","via-bff","","via-bff-mobile","","","","","TSHEPO ext_authz","learning-service","implemented-or-partial","","backend-capability"
"learning-service:FundoLessonController","/internal/v1/learning/v11","services/learning-service/src/main/java/zw/gov/mohcc/impilo/learning/api/v11/fundo/FundoLessonController.java","backend-controller","experience/workflow-orchestration","REST controller for learning-service","contracts/openapi/learning.openapi.yaml","via-bff","","via-bff-mobile","","","","","TSHEPO ext_authz","learning-service","implemented-or-partial","","backend-capability"
"learning-service:FundoPathwayController","/internal/v1/learning/v11","services/learning-service/src/main/java/zw/gov/mohcc/impilo/learning/api/v11/fundo/FundoPathwayController.java","backend-controller","experience/workflow-orchestration","REST controller for learning-service","contracts/openapi/learning.openapi.yaml","via-bff","","via-bff-mobile","","","","","TSHEPO ext_authz","learning-service","implemented-or-partial","","backend-capability"
"learning-service:FundoProgressController","/internal/v1/learning/v11","services/learning-service/src/main/java/zw/gov/mohcc/impilo/learning/api/v11/fundo/FundoProgressController.java","backend-controller","experience/workflow-orchestration","REST controller for learning-service","contracts/openapi/learning.openapi.yaml","via-bff","","via-bff-mobile","","","","","TSHEPO ext_authz","learning-service","implemented-or-partial","","backend-capability"
"learning-service:FundoReportController","/internal/v1/learning/v11/reports","services/learning-service/src/main/java/zw/gov/mohcc/impilo/learning/api/v11/fundo/FundoReportController.java","backend-controller","experience/workflow-orchestration","REST controller for learning-service","contracts/openapi/learning.openapi.yaml","via-bff","","via-bff-mobile","","","","","TSHEPO ext_authz","learning-service","implemented-or-partial","","backend-capability"
"learning-service:FundoStudioController","/internal/v1/learning/v11","services/learning-service/src/main/java/zw/gov/mohcc/impilo/learning/api/v11/fundo/FundoStudioController.java","backend-controller","experience/workflow-orchestration","REST controller for learning-service","contracts/openapi/learning.openapi.yaml","via-bff","","via-bff-mobile","","","","","TSHEPO ext_authz","learning-service","implemented-or-partial","","backend-capability"
"llm-orchestration-service","Llm Orchestration","services/llm-orchestration-service","backend-service","integration/platform-ops","Llm Orchestration canonical records","no-matched-openapi; status=partial","partial","","unknown","","","tshepo-authz-service","1 migration(s) in llm-orchestration-service","TSHEPO ext_authz via Envoy","tshepo-authz-service; experience-bff; integration-hub","production=baseline-assessed; impl=implemented-or-partial; frontend=unknown-or-partial","","data-analytics-ai-service"
"llm-orchestration-service:LlmController","/internal/v1/llm","services/llm-orchestration-service/src/main/java/zw/gov/mohcc/impilo/llm/api/LlmController.java","backend-controller","integration/platform-ops","REST controller for llm-orchestration-service","contract-unmatched","via-bff","","via-bff-mobile","","","","","TSHEPO ext_authz","llm-orchestration-service","implemented-or-partial","","data-analytics-ai-service"
"msika-flow-service","Msika Flow","services/msika-flow-service","backend-service","enterprise/marketplace","Msika Flow canonical records","contract: contracts/openapi/msika-flow.openapi.yaml; status=partial","partial","","unknown","","","tshepo-authz-service","3 migration(s) in msika-flow-service","TSHEPO ext_authz via Envoy","tshepo-authz-service; experience-bff; integration-hub","production=baseline-assessed; impl=implemented-or-partial; frontend=unknown-or-partial","","finance-transaction-service"
"msika-flow-service:BookingController","/v1/bookings","services/msika-flow-service/src/main/java/zw/gov/mohcc/impilo/msikaflow/api/controller/BookingController.java","backend-controller","enterprise/marketplace","REST controller for msika-flow-service","contracts/openapi/msika-flow.openapi.yaml","via-bff","","via-bff-mobile","","","","","TSHEPO ext_authz","msika-flow-service","implemented-or-partial","","finance-transaction-service"
"msika-flow-service:CartController","/v1/cart","services/msika-flow-service/src/main/java/zw/gov/mohcc/impilo/msikaflow/api/controller/CartController.java","backend-controller","enterprise/marketplace","REST controller for msika-flow-service","contracts/openapi/msika-flow.openapi.yaml","via-bff","","via-bff-mobile","","","","","TSHEPO ext_authz","msika-flow-service","implemented-or-partial","","finance-transaction-service"
"msika-flow-service:CartsController","/v1/carts","services/msika-flow-service/src/main/java/zw/gov/mohcc/impilo/msikaflow/api/controller/CartsController.java","backend-controller","enterprise/marketplace","REST controller for msika-flow-service","contracts/openapi/msika-flow.openapi.yaml","via-bff","","via-bff-mobile","","","","","TSHEPO ext_authz","msika-flow-service","implemented-or-partial","","finance-transaction-service"
"msika-flow-service:LogisticsController","/v1/logistics","services/msika-flow-service/src/main/java/zw/gov/mohcc/impilo/msikaflow/api/controller/LogisticsController.java","backend-controller","enterprise/marketplace","REST controller for msika-flow-service","contracts/openapi/msika-flow.openapi.yaml","via-bff","","via-bff-mobile","","","","","TSHEPO ext_authz","msika-flow-service","implemented-or-partial","","finance-transaction-service"
"msika-flow-service:OpsController","/v1/ops","services/msika-flow-service/src/main/java/zw/gov/mohcc/impilo/msikaflow/api/controller/OpsController.java","backend-controller","enterprise/marketplace","REST controller for msika-flow-service","contracts/openapi/msika-flow.openapi.yaml","via-bff","","via-bff-mobile","","","","","TSHEPO ext_authz","msika-flow-service","implemented-or-partial","","finance-transaction-service"
"msika-flow-service:OrderController","/v1/orders","services/msika-flow-service/src/main/java/zw/gov/mohcc/impilo/msikaflow/api/controller/OrderController.java","backend-controller","enterprise/marketplace","REST controller for msika-flow-service","contracts/openapi/msika-flow.openapi.yaml","via-bff","","via-bff-mobile","","","","","TSHEPO ext_authz","msika-flow-service","implemented-or-partial","","finance-transaction-service"
"msika-flow-service:PickupController","/v1","services/msika-flow-service/src/main/java/zw/gov/mohcc/impilo/msikaflow/api/controller/PickupController.java","backend-controller","enterprise/marketplace","REST controller for msika-flow-service","contracts/openapi/msika-flow.openapi.yaml","via-bff","","via-bff-mobile","","","","","TSHEPO ext_authz","msika-flow-service","implemented-or-partial","","finance-transaction-service"
"msika-flow-service:RefundController","/v1/orders","services/msika-flow-service/src/main/java/zw/gov/mohcc/impilo/msikaflow/api/controller/RefundController.java","backend-controller","enterprise/marketplace","REST controller for msika-flow-service","contracts/openapi/msika-flow.openapi.yaml","via-bff","","via-bff-mobile","","","","","TSHEPO ext_authz","msika-flow-service","implemented-or-partial","","finance-transaction-service"
"msika-flow-service:RxController","/v1/rx","services/msika-flow-service/src/main/java/zw/gov/mohcc/impilo/msikaflow/api/controller/RxController.java","backend-controller","enterprise/marketplace","REST controller for msika-flow-service","contracts/openapi/msika-flow.openapi.yaml","via-bff","","via-bff-mobile","","","","","TSHEPO ext_authz","msika-flow-service","implemented-or-partial","","finance-transaction-service"
"msika-flow-service:VendorController","/v1/vendors","services/msika-flow-service/src/main/java/zw/gov/mohcc/impilo/msikaflow/api/controller/VendorController.java","backend-controller","enterprise/marketplace","REST controller for msika-flow-service","contracts/openapi/msika-flow.openapi.yaml","via-bff","","via-bff-mobile","","","","","TSHEPO ext_authz","msika-flow-service","implemented-or-partial","","finance-transaction-service"
"msika-flow-service:MsikaFlowV11ProbeController","/internal/v1","services/msika-flow-service/src/main/java/zw/gov/mohcc/impilo/msikaflow/api/controller/v11/MsikaFlowV11ProbeController.java","backend-controller","enterprise/marketplace","REST controller for msika-flow-service","contracts/openapi/msika-flow.openapi.yaml","via-bff","","via-bff-mobile","","","","","TSHEPO ext_authz","msika-flow-service","implemented-or-partial","","finance-transaction-service"
"msika-service","MSIKA","services/msika-service","backend-service","enterprise/marketplace","Msika canonical records","no-matched-openapi; status=partial","partial","","unknown","","","tshepo-authz-service","5 migration(s) in msika-service","TSHEPO ext_authz via Envoy","tshepo-authz-service; experience-bff; integration-hub","production=baseline-assessed; impl=implemented-or-partial; frontend=unknown-or-partial","","finance-transaction-service"
"msika-service:CatalogController","/v1/catalogs","services/msika-service/src/main/java/zw/gov/mohcc/impilo/msika/api/controller/CatalogController.java","backend-controller","enterprise/marketplace","REST controller for msika-service","contract-unmatched","via-bff","","via-bff-mobile","","","","","TSHEPO ext_authz","msika-service","implemented-or-partial","","finance-transaction-service"
"msika-service:FulfillmentPolicyController","/v1/fulfillment-policies","services/msika-service/src/main/java/zw/gov/mohcc/impilo/msika/api/controller/FulfillmentPolicyController.java","backend-controller","enterprise/marketplace","REST controller for msika-service","contract-unmatched","via-bff","","via-bff-mobile","","","","","TSHEPO ext_authz","msika-service","implemented-or-partial","","finance-transaction-service"
"msika-service:GovernanceController","/v1/governance","services/msika-service/src/main/java/zw/gov/mohcc/impilo/msika/api/controller/GovernanceController.java","backend-controller","enterprise/marketplace","REST controller for msika-service","contract-unmatched","via-bff","","via-bff-mobile","","","","","TSHEPO ext_authz","msika-service","implemented-or-partial","","finance-transaction-service"
"msika-service:ImportController","/v1/import","services/msika-service/src/main/java/zw/gov/mohcc/impilo/msika/api/controller/ImportController.java","backend-controller","enterprise/marketplace","REST controller for msika-service","contract-unmatched","via-bff","","via-bff-mobile","","","","","TSHEPO ext_authz","msika-service","implemented-or-partial","","finance-transaction-service"
"msika-service:ItemController","/v1","services/msika-service/src/main/java/zw/gov/mohcc/impilo/msika/api/controller/ItemController.java","backend-controller","enterprise/marketplace","REST controller for msika-service","contract-unmatched","via-bff","","via-bff-mobile","","","","","TSHEPO ext_authz","msika-service","implemented-or-partial","","finance-transaction-service"
"msika-service:MappingController","/v1/mappings","services/msika-service/src/main/java/zw/gov/mohcc/impilo/msika/api/controller/MappingController.java","backend-controller","enterprise/marketplace","REST controller for msika-service","contract-unmatched","via-bff","","via-bff-mobile","","","","","TSHEPO ext_authz","msika-service","implemented-or-partial","","finance-transaction-service"
"msika-service:OfferingController","/v1/offerings","services/msika-service/src/main/java/zw/gov/mohcc/impilo/msika/api/controller/OfferingController.java","backend-controller","enterprise/marketplace","REST controller for msika-service","contract-unmatched","via-bff","","via-bff-mobile","","","","","TSHEPO ext_authz","msika-service","implemented-or-partial","","finance-transaction-service"
"msika-service:PackController","/v1/packs","services/msika-service/src/main/java/zw/gov/mohcc/impilo/msika/api/controller/PackController.java","backend-controller","enterprise/marketplace","REST controller for msika-service","contract-unmatched","via-bff","","via-bff-mobile","","","","","TSHEPO ext_authz","msika-service","implemented-or-partial","","finance-transaction-service"
"msika-service:SearchController","/v1/search","services/msika-service/src/main/java/zw/gov/mohcc/impilo/msika/api/controller/SearchController.java","backend-controller","enterprise/marketplace","REST controller for msika-service","contract-unmatched","via-bff","","via-bff-mobile","","","","","TSHEPO ext_authz","msika-service","implemented-or-partial","","finance-transaction-service"
"msika-service:SnapshotController","/internal/v1/snapshots","services/msika-service/src/main/java/zw/gov/mohcc/impilo/msika/api/controller/SnapshotController.java","backend-controller","enterprise/marketplace","REST controller for msika-service","contract-unmatched","via-bff","","via-bff-mobile","","","","","TSHEPO ext_authz","msika-service","implemented-or-partial","","finance-transaction-service"
"msika-service:ValidationController","/v1/validate","services/msika-service/src/main/java/zw/gov/mohcc/impilo/msika/api/controller/ValidationController.java","backend-controller","enterprise/marketplace","REST controller for msika-service","contract-unmatched","via-bff","","via-bff-mobile","","","","","TSHEPO ext_authz","msika-service","implemented-or-partial","","finance-transaction-service"
"mushe-wallet-service","Mushe Wallet","services/mushe-wallet-service","backend-service","enterprise/finance","Mushe Wallet canonical records","contract: contracts/openapi/mushe-wallet.openapi.yaml; status=partial","partial","","unknown","","","tshepo-authz-service","2 migration(s) in mushe-wallet-service","TSHEPO ext_authz via Envoy","tshepo-authz-service; experience-bff; integration-hub","production=baseline-assessed; impl=implemented-or-partial; frontend=unknown-or-partial","","finance-transaction-service"
"mushe-wallet-service:FundingController","/internal/v1/funding","services/mushe-wallet-service/src/main/java/zw/gov/mohcc/impilo/wallet/api/controller/FundingController.java","backend-controller","enterprise/finance","REST controller for mushe-wallet-service","contracts/openapi/mushe-wallet.openapi.yaml","via-bff","","via-bff-mobile","","","","","TSHEPO ext_authz","mushe-wallet-service","implemented-or-partial","","finance-transaction-service"
"mushe-wallet-service:HoldController","/internal/v1/holds","services/mushe-wallet-service/src/main/java/zw/gov/mohcc/impilo/wallet/api/controller/HoldController.java","backend-controller","enterprise/finance","REST controller for mushe-wallet-service","contracts/openapi/mushe-wallet.openapi.yaml","via-bff","","via-bff-mobile","","","","","TSHEPO ext_authz","mushe-wallet-service","implemented-or-partial","","finance-transaction-service"
"mushe-wallet-service:MerchantController","/internal/v1/merchants","services/mushe-wallet-service/src/main/java/zw/gov/mohcc/impilo/wallet/api/controller/MerchantController.java","backend-controller","enterprise/finance","REST controller for mushe-wallet-service","contracts/openapi/mushe-wallet.openapi.yaml","via-bff","","via-bff-mobile","","","","","TSHEPO ext_authz","mushe-wallet-service","implemented-or-partial","","finance-transaction-service"
"mushe-wallet-service:MusheV11ProbeController","/internal/v1","services/mushe-wallet-service/src/main/java/zw/gov/mohcc/impilo/wallet/api/controller/MusheV11ProbeController.java","backend-controller","enterprise/finance","REST controller for mushe-wallet-service","contracts/openapi/mushe-wallet.openapi.yaml","via-bff","","via-bff-mobile","","","","","TSHEPO ext_authz","mushe-wallet-service","implemented-or-partial","","finance-transaction-service"
"mushe-wallet-service:WalletController","/internal/v1/wallets","services/mushe-wallet-service/src/main/java/zw/gov/mohcc/impilo/wallet/api/controller/WalletController.java","backend-controller","enterprise/finance","REST controller for mushe-wallet-service","contracts/openapi/mushe-wallet.openapi.yaml","via-bff","","via-bff-mobile","","","","","TSHEPO ext_authz","mushe-wallet-service","implemented-or-partial","","finance-transaction-service"
"mushe-wallet-service:CardController","/internal/v1/cards","services/mushe-wallet-service/src/main/java/zw/gov/mohcc/impilo/wallet/card/CardController.java","backend-controller","enterprise/finance","REST controller for mushe-wallet-service","contracts/openapi/mushe-wallet.openapi.yaml","via-bff","","via-bff-mobile","","","","","TSHEPO ext_authz","mushe-wallet-service","implemented-or-partial","","finance-transaction-service"
"mushex-service","MUSheX","services/mushex-service","backend-service","enterprise/finance","Mushex canonical records","contract: contracts/openapi/mushex.openapi.yaml; status=partial","partial","","unknown","","","tshepo-authz-service","8 migration(s) in mushex-service","TSHEPO ext_authz via Envoy","tshepo-authz-service; experience-bff; integration-hub","production=baseline-assessed; impl=implemented-or-partial; frontend=unknown-or-partial","","finance-transaction-service"
"mushex-service:AdapterReadinessController","/mushex/v1/platform/adapter-readiness","services/mushex-service/src/main/java/zw/gov/mohcc/impilo/mushex/api/AdapterReadinessController.java","backend-controller","enterprise/finance","REST controller for mushex-service","contracts/openapi/mushex.openapi.yaml","via-bff","","via-bff-mobile","","","","","TSHEPO ext_authz","mushex-service","implemented-or-partial","","finance-transaction-service"
"mushex-service:AdapterWebhookController","/mushex/v1/adapters","services/mushex-service/src/main/java/zw/gov/mohcc/impilo/mushex/api/AdapterWebhookController.java","backend-controller","enterprise/finance","REST controller for mushex-service","contracts/openapi/mushex.openapi.yaml","via-bff","","via-bff-mobile","","","","","TSHEPO ext_authz","mushex-service","implemented-or-partial","","finance-transaction-service"
"mushex-service:CardProfilePlatformController","/mushex/v1/platform/card-profiles","services/mushex-service/src/main/java/zw/gov/mohcc/impilo/mushex/api/CardProfilePlatformController.java","backend-controller","enterprise/finance","REST controller for mushex-service","contracts/openapi/mushex.openapi.yaml","via-bff","","via-bff-mobile","","","","","TSHEPO ext_authz","mushex-service","implemented-or-partial","","finance-transaction-service"
"mushex-service:ClaimController","/mushex/v1/claims","services/mushex-service/src/main/java/zw/gov/mohcc/impilo/mushex/api/ClaimController.java","backend-controller","enterprise/finance","REST controller for mushex-service","contracts/openapi/mushex.openapi.yaml","via-bff","","via-bff-mobile","","","","","TSHEPO ext_authz","mushex-service","implemented-or-partial","","finance-transaction-service"
"mushex-service:FraudController","/mushex/v1/fraud","services/mushex-service/src/main/java/zw/gov/mohcc/impilo/mushex/api/FraudController.java","backend-controller","enterprise/finance","REST controller for mushex-service","contracts/openapi/mushex.openapi.yaml","via-bff","","via-bff-mobile","","","","","TSHEPO ext_authz","mushex-service","implemented-or-partial","","finance-transaction-service"
"mushex-service:InternalMushexClaimController","/internal/v1/claims","services/mushex-service/src/main/java/zw/gov/mohcc/impilo/mushex/api/InternalMushexClaimController.java","backend-controller","enterprise/finance","REST controller for mushex-service","contracts/openapi/mushex.openapi.yaml","via-bff","","via-bff-mobile","","","","","TSHEPO ext_authz","mushex-service","implemented-or-partial","","finance-transaction-service"
"mushex-service:LedgerController","/mushex/v1/ledger","services/mushex-service/src/main/java/zw/gov/mohcc/impilo/mushex/api/LedgerController.java","backend-controller","enterprise/finance","REST controller for mushex-service","contracts/openapi/mushex.openapi.yaml","via-bff","","via-bff-mobile","","","","","TSHEPO ext_authz","mushex-service","implemented-or-partial","","finance-transaction-service"
"mushex-service:OpsController","/mushex/v1/ops","services/mushex-service/src/main/java/zw/gov/mohcc/impilo/mushex/api/OpsController.java","backend-controller","enterprise/finance","REST controller for mushex-service","contracts/openapi/mushex.openapi.yaml","via-bff","","via-bff-mobile","","","","","TSHEPO ext_authz","mushex-service","implemented-or-partial","","finance-transaction-service"
"mushex-service:PaymentIntentController","/mushex/v1/payment-intents","services/mushex-service/src/main/java/zw/gov/mohcc/impilo/mushex/api/PaymentIntentController.java","backend-controller","enterprise/finance","REST controller for mushex-service","contracts/openapi/mushex.openapi.yaml","via-bff","","via-bff-mobile","","","","","TSHEPO ext_authz","mushex-service","implemented-or-partial","","finance-transaction-service"
"mushex-service:ReconciliationController","/mushex/v1/recon","services/mushex-service/src/main/java/zw/gov/mohcc/impilo/mushex/api/ReconciliationController.java","backend-controller","enterprise/finance","REST controller for mushex-service","contracts/openapi/mushex.openapi.yaml","via-bff","","via-bff-mobile","","","","","TSHEPO ext_authz","mushex-service","implemented-or-partial","","finance-transaction-service"
"mushex-service:RemittanceController","/mushex/v1/remittance","services/mushex-service/src/main/java/zw/gov/mohcc/impilo/mushex/api/RemittanceController.java","backend-controller","enterprise/finance","REST controller for mushex-service","contracts/openapi/mushex.openapi.yaml","via-bff","","via-bff-mobile","","","","","TSHEPO ext_authz","mushex-service","implemented-or-partial","","finance-transaction-service"
"mushex-service:RemittanceTransferController","/mushex/v1/remittance-transfers","services/mushex-service/src/main/java/zw/gov/mohcc/impilo/mushex/api/RemittanceTransferController.java","backend-controller","enterprise/finance","REST controller for mushex-service","contracts/openapi/mushex.openapi.yaml","via-bff","","via-bff-mobile","","","","","TSHEPO ext_authz","mushex-service","implemented-or-partial","","finance-transaction-service"
"mushex-service:ReversalRecordPlatformController","/mushex/v1/platform/reversals","services/mushex-service/src/main/java/zw/gov/mohcc/impilo/mushex/api/ReversalRecordPlatformController.java","backend-controller","enterprise/finance","REST controller for mushex-service","contracts/openapi/mushex.openapi.yaml","via-bff","","via-bff-mobile","","","","","TSHEPO ext_authz","mushex-service","implemented-or-partial","","finance-transaction-service"
"mushex-service:SettlementController","/mushex/v1/settlements","services/mushex-service/src/main/java/zw/gov/mohcc/impilo/mushex/api/SettlementController.java","backend-controller","enterprise/finance","REST controller for mushex-service","contracts/openapi/mushex.openapi.yaml","via-bff","","via-bff-mobile","","","","","TSHEPO ext_authz","mushex-service","implemented-or-partial","","finance-transaction-service"
"mushex-service:WalletPlatformController","/mushex/v1/platform/wallets","services/mushex-service/src/main/java/zw/gov/mohcc/impilo/mushex/api/WalletPlatformController.java","backend-controller","enterprise/finance","REST controller for mushex-service","contracts/openapi/mushex.openapi.yaml","via-bff","","via-bff-mobile","","","","","TSHEPO ext_authz","mushex-service","implemented-or-partial","","finance-transaction-service"
"mushex-service:MushexV11ProbeController","/internal/v1","services/mushex-service/src/main/java/zw/gov/mohcc/impilo/mushex/api/v11/MushexV11ProbeController.java","backend-controller","enterprise/finance","REST controller for mushex-service","contracts/openapi/mushex.openapi.yaml","via-bff","","via-bff-mobile","","","","","TSHEPO ext_authz","mushex-service","implemented-or-partial","","finance-transaction-service"
"mvumo-service","Mvumo","services/mvumo-service","backend-service","trust/identity-governance","Mvumo canonical records","contract: contracts/openapi/mvumo.openapi.yaml; status=partial","partial","","unknown","","","","4 migration(s) in mvumo-service","TSHEPO ext_authz via Envoy","experience-bff; integration-hub","production=baseline-assessed; impl=implemented-or-partial; frontend=unknown-or-partial","","backend-capability"
"mvumo-service:MvumoInternalController","/internal/v1/mvumo","services/mvumo-service/src/main/java/zw/gov/mohcc/impilo/mvumo/api/MvumoInternalController.java","backend-controller","trust/identity-governance","REST controller for mvumo-service","contracts/openapi/mvumo.openapi.yaml","via-bff","","via-bff-mobile","","","","","TSHEPO ext_authz","mvumo-service","implemented-or-partial","","backend-capability"
"national-data-repository-service","National Data Repository","services/national-data-repository-service","backend-service","data/intelligence","National Data Repository canonical records","contract: contracts/openapi/national-data-repository.openapi.yaml; status=partial","partial","","unknown","","","tshepo-authz-service","1 migration(s) in national-data-repository-service","TSHEPO ext_authz via Envoy","tshepo-authz-service; experience-bff; integration-hub","production=baseline-assessed; impl=implemented-or-partial; frontend=unknown-or-partial","","data-analytics-ai-service"
"national-data-repository-service:DatasetController","/internal/v1/datasets","services/national-data-repository-service/src/main/java/zw/gov/mohcc/impilo/ndr/api/controller/DatasetController.java","backend-controller","data/intelligence","REST controller for national-data-repository-service","contracts/openapi/national-data-repository.openapi.yaml","via-bff","","via-bff-mobile","","","","","TSHEPO ext_authz","national-data-repository-service","implemented-or-partial","","data-analytics-ai-service"
"national-data-repository-service:QueryController","/internal/v1/query","services/national-data-repository-service/src/main/java/zw/gov/mohcc/impilo/ndr/api/controller/QueryController.java","backend-controller","data/intelligence","REST controller for national-data-repository-service","contracts/openapi/national-data-repository.openapi.yaml","via-bff","","via-bff-mobile","","","","","TSHEPO ext_authz","national-data-repository-service","implemented-or-partial","","data-analytics-ai-service"
"ndila-service","Ndila","services/ndila-service","backend-service","integration/interoperability","canonical geospatial location registry; routing, ETA, and distance matrix orchestration; geofencing and catchment boundary operations; tracking asset telemetry normalization; spatial search and geospatial intelligence context","contract: contracts/openapi/ndila.openapi.yaml; status=partial","partial","NdilaIntelligencePanel","partial","","lib/ndila/ndila-client.ts","tshepo-authz-service; tuso-service; indawo-service; varapi-service; surveillance-service","1 migration(s) in ndila-service","TSHEPO ext_authz via Envoy","tshepo-authz-service; tuso-service; indawo-service; varapi-service; surveillance-service; experience-bff; integration-hub; nhume-service; dispatch-service","production=baseline-assessed; impl=implemented-or-partial; frontend=unknown-or-partial","Web ops map dashboards incomplete","backend-capability"
"ndila-service:NdilaAudienceController","/v1","services/ndila-service/src/main/java/zw/gov/mohcc/impilo/ndila/api/NdilaAudienceController.java","backend-controller","integration/interoperability","REST controller for ndila-service","contracts/openapi/ndila.openapi.yaml","via-bff","","via-bff-mobile","","","","","TSHEPO ext_authz","ndila-service","implemented-or-partial","","backend-capability"
"ndila-service:NdilaCatchmentController","/v1","services/ndila-service/src/main/java/zw/gov/mohcc/impilo/ndila/api/NdilaCatchmentController.java","backend-controller","integration/interoperability","REST controller for ndila-service","contracts/openapi/ndila.openapi.yaml","via-bff","","via-bff-mobile","","","","","TSHEPO ext_authz","ndila-service","implemented-or-partial","","backend-capability"
"ndila-service:NdilaGeocodingController","/v1","services/ndila-service/src/main/java/zw/gov/mohcc/impilo/ndila/api/NdilaGeocodingController.java","backend-controller","integration/interoperability","REST controller for ndila-service","contracts/openapi/ndila.openapi.yaml","via-bff","","via-bff-mobile","","","","","TSHEPO ext_authz","ndila-service","implemented-or-partial","","backend-capability"
"ndila-service:NdilaGeofenceController","/v1","services/ndila-service/src/main/java/zw/gov/mohcc/impilo/ndila/api/NdilaGeofenceController.java","backend-controller","integration/interoperability","REST controller for ndila-service","contracts/openapi/ndila.openapi.yaml","via-bff","","via-bff-mobile","","","","","TSHEPO ext_authz","ndila-service","implemented-or-partial","","backend-capability"
"ndila-service:NdilaHealthController","/v1","services/ndila-service/src/main/java/zw/gov/mohcc/impilo/ndila/api/NdilaHealthController.java","backend-controller","integration/interoperability","REST controller for ndila-service","contracts/openapi/ndila.openapi.yaml","via-bff","","via-bff-mobile","","","","","TSHEPO ext_authz","ndila-service","implemented-or-partial","","backend-capability"
"ndila-service:NdilaIntelligenceController","/v1","services/ndila-service/src/main/java/zw/gov/mohcc/impilo/ndila/api/NdilaIntelligenceController.java","backend-controller","integration/interoperability","REST controller for ndila-service","contracts/openapi/ndila.openapi.yaml","via-bff","","via-bff-mobile","","","","","TSHEPO ext_authz","ndila-service","implemented-or-partial","","backend-capability"
"ndila-service:NdilaLocationController","/v1","services/ndila-service/src/main/java/zw/gov/mohcc/impilo/ndila/api/NdilaLocationController.java","backend-controller","integration/interoperability","REST controller for ndila-service","contracts/openapi/ndila.openapi.yaml","via-bff","","via-bff-mobile","","","","","TSHEPO ext_authz","ndila-service","implemented-or-partial","","backend-capability"
"ndila-service:NdilaProviderOpsController","/v1","services/ndila-service/src/main/java/zw/gov/mohcc/impilo/ndila/api/NdilaProviderOpsController.java","backend-controller","integration/interoperability","REST controller for ndila-service","contracts/openapi/ndila.openapi.yaml","via-bff","","via-bff-mobile","","","","","TSHEPO ext_authz","ndila-service","implemented-or-partial","","backend-capability"
"ndila-service:NdilaRoutingController","/v1","services/ndila-service/src/main/java/zw/gov/mohcc/impilo/ndila/api/NdilaRoutingController.java","backend-controller","integration/interoperability","REST controller for ndila-service","contracts/openapi/ndila.openapi.yaml","via-bff","","via-bff-mobile","","","","","TSHEPO ext_authz","ndila-service","implemented-or-partial","","backend-capability"
"ndila-service:NdilaSpatialSearchController","/v1","services/ndila-service/src/main/java/zw/gov/mohcc/impilo/ndila/api/NdilaSpatialSearchController.java","backend-controller","integration/interoperability","REST controller for ndila-service","contracts/openapi/ndila.openapi.yaml","via-bff","","via-bff-mobile","","","","","TSHEPO ext_authz","ndila-service","implemented-or-partial","","backend-capability"
"ndila-service:NdilaTileController","/v1","services/ndila-service/src/main/java/zw/gov/mohcc/impilo/ndila/api/NdilaTileController.java","backend-controller","integration/interoperability","REST controller for ndila-service","contracts/openapi/ndila.openapi.yaml","via-bff","","via-bff-mobile","","","","","TSHEPO ext_authz","ndila-service","implemented-or-partial","","backend-capability"
"ndila-service:NdilaTrackingController","/v1","services/ndila-service/src/main/java/zw/gov/mohcc/impilo/ndila/api/NdilaTrackingController.java","backend-controller","integration/interoperability","REST controller for ndila-service","contracts/openapi/ndila.openapi.yaml","via-bff","","via-bff-mobile","","","","","TSHEPO ext_authz","ndila-service","implemented-or-partial","","backend-capability"
"ndr-service","NDR","services/ndr-service","backend-service","data/intelligence","Ndr canonical records","contract: contracts/openapi/ndr.openapi.yaml; status=partial","partial","","unknown","","","tshepo-authz-service","3 migration(s) in ndr-service","TSHEPO ext_authz via Envoy","tshepo-authz-service; experience-bff; integration-hub","production=baseline-assessed; impl=implemented-or-partial; frontend=unknown-or-partial","","data-analytics-ai-service"
"ndr-service:NdrController","/v1","services/ndr-service/src/main/java/zw/gov/mohcc/impilo/ndr/api/NdrController.java","backend-controller","data/intelligence","REST controller for ndr-service","contracts/openapi/ndr.openapi.yaml","via-bff","","via-bff-mobile","","","","","TSHEPO ext_authz","ndr-service","implemented-or-partial","","data-analytics-ai-service"
"nhume-service","Nhume","services/nhume-service","backend-service","integration/interoperability","dispatch request and assignment lifecycle; courier and fleet operational registry; last-mile tracking and proof-of-delivery telemetry; delivery chain-of-custody and exception workflow","no-matched-openapi; status=partial","partial","/nhume/*, /operations/dispatch","partial","","lib/nhume.ts, useDispatchOps.ts","tshepo-authz-service; ndila-service; vito-service; varapi-service; tuso-service; indawo-service; msika-service; mushex-service","4 migration(s) in nhume-service","TSHEPO ext_authz via Envoy","tshepo-authz-service; ndila-service; vito-service; varapi-service; tuso-service; indawo-service; msika-service; mushex-service; experience-bff; integration-hub","production=baseline-assessed; impl=implemented-or-partial; frontend=unknown-or-partial","Dual path: nhume vs dispatch BFF","backend-capability"
"nhume-service:NhumeAutonomousController","/v1","services/nhume-service/src/main/java/zw/gov/mohcc/impilo/nhume/api/NhumeAutonomousController.java","backend-controller","integration/interoperability","REST controller for nhume-service","contract-unmatched","via-bff","","via-bff-mobile","","","","","TSHEPO ext_authz","nhume-service","implemented-or-partial","","backend-capability"
"nhume-service:NhumeCourierController","/v1","services/nhume-service/src/main/java/zw/gov/mohcc/impilo/nhume/api/NhumeCourierController.java","backend-controller","integration/interoperability","REST controller for nhume-service","contract-unmatched","via-bff","","via-bff-mobile","","","","","TSHEPO ext_authz","nhume-service","implemented-or-partial","","backend-capability"
"nhume-service:NhumeDashboardController","/v1","services/nhume-service/src/main/java/zw/gov/mohcc/impilo/nhume/api/NhumeDashboardController.java","backend-controller","integration/interoperability","REST controller for nhume-service","contract-unmatched","via-bff","","via-bff-mobile","","","","","TSHEPO ext_authz","nhume-service","implemented-or-partial","","backend-capability"
"nhume-service:NhumeDeliveryController","/v1","services/nhume-service/src/main/java/zw/gov/mohcc/impilo/nhume/api/NhumeDeliveryController.java","backend-controller","integration/interoperability","REST controller for nhume-service","contract-unmatched","via-bff","","via-bff-mobile","","","","","TSHEPO ext_authz","nhume-service","implemented-or-partial","","backend-capability"
"nhume-service:NhumeFleetController","/v1","services/nhume-service/src/main/java/zw/gov/mohcc/impilo/nhume/api/NhumeFleetController.java","backend-controller","integration/interoperability","REST controller for nhume-service","contract-unmatched","via-bff","","via-bff-mobile","","","","","TSHEPO ext_authz","nhume-service","implemented-or-partial","","backend-capability"
"nhume-service:NhumePolicyController","/v1","services/nhume-service/src/main/java/zw/gov/mohcc/impilo/nhume/api/NhumePolicyController.java","backend-controller","integration/interoperability","REST controller for nhume-service","contract-unmatched","via-bff","","via-bff-mobile","","","","","TSHEPO ext_authz","nhume-service","implemented-or-partial","","backend-capability"
"nhume-service:NhumeWebhookController","/v1","services/nhume-service/src/main/java/zw/gov/mohcc/impilo/nhume/api/NhumeWebhookController.java","backend-controller","integration/interoperability","REST controller for nhume-service","contract-unmatched","via-bff","","via-bff-mobile","","","","","TSHEPO ext_authz","nhume-service","implemented-or-partial","","backend-capability"
"notification-service","Notification","services/notification-service","backend-service","integration/interoperability","Notification canonical records","contract: contracts/openapi/notification.openapi.yaml; status=partial","partial","","unknown","","","tshepo-authz-service","6 migration(s) in notification-service","TSHEPO ext_authz via Envoy","tshepo-authz-service; experience-bff; integration-hub","production=baseline-assessed; impl=implemented-or-partial; frontend=unknown-or-partial","","backend-capability"
"notification-service:DeliveryReceiptController","/internal/v1/delivery-receipts","services/notification-service/src/main/java/zw/gov/mohcc/impilo/notification/api/DeliveryReceiptController.java","backend-controller","integration/interoperability","REST controller for notification-service","contracts/openapi/notification.openapi.yaml","via-bff","","via-bff-mobile","","","","","TSHEPO ext_authz","notification-service","implemented-or-partial","","backend-capability"
"notification-service:NotifyController","/internal/v1","services/notification-service/src/main/java/zw/gov/mohcc/impilo/notification/api/NotifyController.java","backend-controller","integration/interoperability","REST controller for notification-service","contracts/openapi/notification.openapi.yaml","via-bff","","via-bff-mobile","","","","","TSHEPO ext_authz","notification-service","implemented-or-partial","","backend-capability"
"notification-service:TemplateController","/internal/v1/templates","services/notification-service/src/main/java/zw/gov/mohcc/impilo/notification/api/TemplateController.java","backend-controller","integration/interoperability","REST controller for notification-service","contracts/openapi/notification.openapi.yaml","via-bff","","via-bff-mobile","","","","","TSHEPO ext_authz","notification-service","implemented-or-partial","","backend-capability"
"notification-service:WorkerController","/internal/v1/worker","services/notification-service/src/main/java/zw/gov/mohcc/impilo/notification/api/WorkerController.java","backend-controller","integration/interoperability","REST controller for notification-service","contracts/openapi/notification.openapi.yaml","via-bff","","via-bff-mobile","","","","","TSHEPO ext_authz","notification-service","implemented-or-partial","","backend-capability"
"observability-service","Observability","services/observability-service","backend-service","integration/platform-ops","Observability canonical records","contract: contracts/openapi/observability.openapi.yaml; status=partial","partial","","unknown","","","tshepo-authz-service","2 migration(s) in observability-service","TSHEPO ext_authz via Envoy","tshepo-authz-service; experience-bff; integration-hub","production=baseline-assessed; impl=implemented-or-partial; frontend=unknown-or-partial","","backend-capability"
"observability-service:AlertRuleController","/internal/v1/alert-rules","services/observability-service/src/main/java/zw/gov/mohcc/impilo/obs/api/AlertRuleController.java","backend-controller","integration/platform-ops","REST controller for observability-service","contracts/openapi/observability.openapi.yaml","via-bff","","via-bff-mobile","","","","","TSHEPO ext_authz","observability-service","implemented-or-partial","","backend-capability"
"observability-service:DashboardController","/internal/v1/dashboards","services/observability-service/src/main/java/zw/gov/mohcc/impilo/obs/api/DashboardController.java","backend-controller","integration/platform-ops","REST controller for observability-service","contracts/openapi/observability.openapi.yaml","via-bff","","via-bff-mobile","","","","","TSHEPO ext_authz","observability-service","implemented-or-partial","","backend-capability"
"observability-service:OpsController","/internal/v1/ops","services/observability-service/src/main/java/zw/gov/mohcc/impilo/obs/api/OpsController.java","backend-controller","integration/platform-ops","REST controller for observability-service","contracts/openapi/observability.openapi.yaml","via-bff","","via-bff-mobile","","","","","TSHEPO ext_authz","observability-service","implemented-or-partial","","backend-capability"
"offline-edge-service","Offline Edge","services/offline-edge-service","backend-service","integration/platform-ops","Offline Edge canonical records","contract: contracts/openapi/offline-edge.openapi.yaml; status=partial","partial","","unknown","","","tshepo-authz-service","8 migration(s) in offline-edge-service","TSHEPO ext_authz via Envoy","tshepo-authz-service; experience-bff; integration-hub","production=baseline-assessed; impl=implemented-or-partial; frontend=unknown-or-partial","","offline-federation-service"
"offline-edge-service:BreakGlassController","/v1","services/offline-edge-service/src/main/java/zw/gov/mohcc/impilo/offlineedge/api/BreakGlassController.java","backend-controller","integration/platform-ops","REST controller for offline-edge-service","contracts/openapi/offline-edge.openapi.yaml","via-bff","","via-bff-mobile","","","","","TSHEPO ext_authz","offline-edge-service","implemented-or-partial","","offline-federation-service"
"offline-edge-service:ConflictReviewController","/v1","services/offline-edge-service/src/main/java/zw/gov/mohcc/impilo/offlineedge/api/ConflictReviewController.java","backend-controller","integration/platform-ops","REST controller for offline-edge-service","contracts/openapi/offline-edge.openapi.yaml","via-bff","","via-bff-mobile","","","","","TSHEPO ext_authz","offline-edge-service","implemented-or-partial","","offline-federation-service"
"offline-edge-service:OfflineEdgeController","/v1","services/offline-edge-service/src/main/java/zw/gov/mohcc/impilo/offlineedge/api/OfflineEdgeController.java","backend-controller","integration/platform-ops","REST controller for offline-edge-service","contracts/openapi/offline-edge.openapi.yaml","via-bff","","via-bff-mobile","","","","","TSHEPO ext_authz","offline-edge-service","implemented-or-partial","","offline-federation-service"
"offline-edge-service:SyncController","/v1","services/offline-edge-service/src/main/java/zw/gov/mohcc/impilo/offlineedge/api/SyncController.java","backend-controller","integration/platform-ops","REST controller for offline-edge-service","contracts/openapi/offline-edge.openapi.yaml","via-bff","","via-bff-mobile","","","","","TSHEPO ext_authz","offline-edge-service","implemented-or-partial","","offline-federation-service"
"offline-edge-service:VitalsController","/v1","services/offline-edge-service/src/main/java/zw/gov/mohcc/impilo/offlineedge/api/VitalsController.java","backend-controller","integration/platform-ops","REST controller for offline-edge-service","contracts/openapi/offline-edge.openapi.yaml","via-bff","","via-bff-mobile","","","","","TSHEPO ext_authz","offline-edge-service","implemented-or-partial","","offline-federation-service"
"offline-sync-service","Offline Sync","services/offline-sync-service","backend-service","integration/interoperability","Offline Sync canonical records","contract: contracts/openapi/offline-sync.openapi.yaml; status=partial","partial","","unknown","","","tshepo-authz-service","2 migration(s) in offline-sync-service","TSHEPO ext_authz via Envoy","tshepo-authz-service; experience-bff; integration-hub","production=baseline-assessed; impl=implemented-or-partial; frontend=unknown-or-partial","","offline-federation-service"
"offline-sync-service:ConflictQueueController","/internal/v1/conflicts","services/offline-sync-service/src/main/java/zw/gov/mohcc/impilo/offlinesync/api/controller/ConflictQueueController.java","backend-controller","integration/interoperability","REST controller for offline-sync-service","contracts/openapi/offline-sync.openapi.yaml","via-bff","","via-bff-mobile","","","","","TSHEPO ext_authz","offline-sync-service","implemented-or-partial","","offline-federation-service"
"offline-sync-service:OfflineSyncV11ProbeController","/internal/v1","services/offline-sync-service/src/main/java/zw/gov/mohcc/impilo/offlinesync/api/controller/OfflineSyncV11ProbeController.java","backend-controller","integration/interoperability","REST controller for offline-sync-service","contracts/openapi/offline-sync.openapi.yaml","via-bff","","via-bff-mobile","","","","","TSHEPO ext_authz","offline-sync-service","implemented-or-partial","","offline-federation-service"
"offline-sync-service:SyncPackController","/internal/v1/sync-packs","services/offline-sync-service/src/main/java/zw/gov/mohcc/impilo/offlinesync/api/controller/SyncPackController.java","backend-controller","integration/interoperability","REST controller for offline-sync-service","contracts/openapi/offline-sync.openapi.yaml","via-bff","","via-bff-mobile","","","","","TSHEPO ext_authz","offline-sync-service","implemented-or-partial","","offline-federation-service"
"oros-service","OROS","services/oros-service","backend-service","clinical/care-delivery","Oros canonical records","contract: contracts/openapi/oros.openapi.yaml; status=partial","partial","","unknown","","","tshepo-authz-service","2 migration(s) in oros-service","TSHEPO ext_authz via Envoy","tshepo-authz-service; experience-bff; integration-hub","production=baseline-assessed; impl=implemented-or-partial; frontend=unknown-or-partial","","finance-transaction-service"
"oros-service:AckController","/v1/orders/{orderId}/ack","services/oros-service/src/main/java/zw/gov/mohcc/impilo/oros/api/controller/AckController.java","backend-controller","clinical/care-delivery","REST controller for oros-service","contracts/openapi/oros.openapi.yaml","via-bff","","via-bff-mobile","","","","","TSHEPO ext_authz","oros-service","implemented-or-partial","","finance-transaction-service"
"oros-service:CatalogController","/v1/catalog","services/oros-service/src/main/java/zw/gov/mohcc/impilo/oros/api/controller/CatalogController.java","backend-controller","clinical/care-delivery","REST controller for oros-service","contracts/openapi/oros.openapi.yaml","via-bff","","via-bff-mobile","","","","","TSHEPO ext_authz","oros-service","implemented-or-partial","","finance-transaction-service"
"oros-service:InternalController","/v1/internal","services/oros-service/src/main/java/zw/gov/mohcc/impilo/oros/api/controller/InternalController.java","backend-controller","clinical/care-delivery","REST controller for oros-service","contracts/openapi/oros.openapi.yaml","via-bff","","via-bff-mobile","","","","","TSHEPO ext_authz","oros-service","implemented-or-partial","","finance-transaction-service"
"oros-service:OrderController","/v1/orders","services/oros-service/src/main/java/zw/gov/mohcc/impilo/oros/api/controller/OrderController.java","backend-controller","clinical/care-delivery","REST controller for oros-service","contracts/openapi/oros.openapi.yaml","via-bff","","via-bff-mobile","","","","","TSHEPO ext_authz","oros-service","implemented-or-partial","","finance-transaction-service"
"oros-service:ReconcileController","/v1/reconcile","services/oros-service/src/main/java/zw/gov/mohcc/impilo/oros/api/controller/ReconcileController.java","backend-controller","clinical/care-delivery","REST controller for oros-service","contracts/openapi/oros.openapi.yaml","via-bff","","via-bff-mobile","","","","","TSHEPO ext_authz","oros-service","implemented-or-partial","","finance-transaction-service"
"oros-service:ResultController","/v1/orders/{orderId}/results","services/oros-service/src/main/java/zw/gov/mohcc/impilo/oros/api/controller/ResultController.java","backend-controller","clinical/care-delivery","REST controller for oros-service","contracts/openapi/oros.openapi.yaml","via-bff","","via-bff-mobile","","","","","TSHEPO ext_authz","oros-service","implemented-or-partial","","finance-transaction-service"
"oros-service:RouteController","/v1/routes","services/oros-service/src/main/java/zw/gov/mohcc/impilo/oros/api/controller/RouteController.java","backend-controller","clinical/care-delivery","REST controller for oros-service","contracts/openapi/oros.openapi.yaml","via-bff","","via-bff-mobile","","","","","TSHEPO ext_authz","oros-service","implemented-or-partial","","finance-transaction-service"
"oros-service:WorklistController","/v1","services/oros-service/src/main/java/zw/gov/mohcc/impilo/oros/api/controller/WorklistController.java","backend-controller","clinical/care-delivery","REST controller for oros-service","contracts/openapi/oros.openapi.yaml","via-bff","","via-bff-mobile","","","","","TSHEPO ext_authz","oros-service","implemented-or-partial","","finance-transaction-service"
"oros-service:WorkstepController","/v1","services/oros-service/src/main/java/zw/gov/mohcc/impilo/oros/api/controller/WorkstepController.java","backend-controller","clinical/care-delivery","REST controller for oros-service","contracts/openapi/oros.openapi.yaml","via-bff","","via-bff-mobile","","","","","TSHEPO ext_authz","oros-service","implemented-or-partial","","finance-transaction-service"
"oros-service:OrosV11ProbeController","/internal/v1","services/oros-service/src/main/java/zw/gov/mohcc/impilo/oros/api/controller/v11/OrosV11ProbeController.java","backend-controller","clinical/care-delivery","REST controller for oros-service","contracts/openapi/oros.openapi.yaml","via-bff","","via-bff-mobile","","","","","TSHEPO ext_authz","oros-service","implemented-or-partial","","finance-transaction-service"
"pacs-adapter-service","PACS Adapter","services/pacs-adapter-service","backend-service","clinical/care-delivery","Pacs Adapter canonical records","contract: contracts/openapi/pacs-adapter.openapi.yaml; status=partial","partial","","unknown","","","tshepo-authz-service","3 migration(s) in pacs-adapter-service","TSHEPO ext_authz via Envoy","tshepo-authz-service; experience-bff; integration-hub","production=baseline-assessed; impl=implemented-or-partial; frontend=unknown-or-partial","","document-imaging-service"
"pacs-adapter-service:ImagingStudyController","/internal/v1/imaging-studies","services/pacs-adapter-service/src/main/java/zw/gov/mohcc/impilo/pacs/api/controller/ImagingStudyController.java","backend-controller","clinical/care-delivery","REST controller for pacs-adapter-service","contracts/openapi/pacs-adapter.openapi.yaml","via-bff","","via-bff-mobile","","","","","TSHEPO ext_authz","pacs-adapter-service","implemented-or-partial","","document-imaging-service"
"pacs-adapter-service:PacsV11ProbeController","/internal/v1","services/pacs-adapter-service/src/main/java/zw/gov/mohcc/impilo/pacs/api/controller/PacsV11ProbeController.java","backend-controller","clinical/care-delivery","REST controller for pacs-adapter-service","contracts/openapi/pacs-adapter.openapi.yaml","via-bff","","via-bff-mobile","","","","","TSHEPO ext_authz","pacs-adapter-service","implemented-or-partial","","document-imaging-service"
"pct-service","PCT","services/pct-service","backend-service","clinical/care-delivery","Pct canonical records","contract: contracts/openapi/pct.openapi.yaml; status=partial","partial","","unknown","","","tshepo-authz-service","9 migration(s) in pct-service","TSHEPO ext_authz via Envoy","tshepo-authz-service; experience-bff; integration-hub","production=baseline-assessed; impl=implemented-or-partial; frontend=unknown-or-partial","","clinical-service"
"pct-service:AdmissionController","/v1","services/pct-service/src/main/java/zw/gov/mohcc/impilo/pct/api/controller/AdmissionController.java","backend-controller","clinical/care-delivery","REST controller for pct-service","contracts/openapi/pct.openapi.yaml","via-bff","","via-bff-mobile","","","","","TSHEPO ext_authz","pct-service","implemented-or-partial","","clinical-service"
"pct-service:ClinicalNoteController","/v1/clinical-notes","services/pct-service/src/main/java/zw/gov/mohcc/impilo/pct/api/controller/ClinicalNoteController.java","backend-controller","clinical/care-delivery","REST controller for pct-service","contracts/openapi/pct.openapi.yaml","via-bff","","via-bff-mobile","","","","","TSHEPO ext_authz","pct-service","implemented-or-partial","","clinical-service"
"pct-service:DeathController","/v1","services/pct-service/src/main/java/zw/gov/mohcc/impilo/pct/api/controller/DeathController.java","backend-controller","clinical/care-delivery","REST controller for pct-service","contracts/openapi/pct.openapi.yaml","via-bff","","via-bff-mobile","","","","","TSHEPO ext_authz","pct-service","implemented-or-partial","","clinical-service"
"pct-service:DischargeController","/v1","services/pct-service/src/main/java/zw/gov/mohcc/impilo/pct/api/controller/DischargeController.java","backend-controller","clinical/care-delivery","REST controller for pct-service","contracts/openapi/pct.openapi.yaml","via-bff","","via-bff-mobile","","","","","TSHEPO ext_authz","pct-service","implemented-or-partial","","clinical-service"
"pct-service:EncounterController","/v1","services/pct-service/src/main/java/zw/gov/mohcc/impilo/pct/api/controller/EncounterController.java","backend-controller","clinical/care-delivery","REST controller for pct-service","contracts/openapi/pct.openapi.yaml","via-bff","","via-bff-mobile","","","","","TSHEPO ext_authz","pct-service","implemented-or-partial","","clinical-service"
"pct-service:JourneyController","/v1/journeys","services/pct-service/src/main/java/zw/gov/mohcc/impilo/pct/api/controller/JourneyController.java","backend-controller","clinical/care-delivery","REST controller for pct-service","contracts/openapi/pct.openapi.yaml","via-bff","","via-bff-mobile","","","","","TSHEPO ext_authz","pct-service","implemented-or-partial","","clinical-service"
"pct-service:OpsController","/v1/ops","services/pct-service/src/main/java/zw/gov/mohcc/impilo/pct/api/controller/OpsController.java","backend-controller","clinical/care-delivery","REST controller for pct-service","contracts/openapi/pct.openapi.yaml","via-bff","","via-bff-mobile","","","","","TSHEPO ext_authz","pct-service","implemented-or-partial","","clinical-service"
"pct-service:QueueController","/v1/queues","services/pct-service/src/main/java/zw/gov/mohcc/impilo/pct/api/controller/QueueController.java","backend-controller","clinical/care-delivery","REST controller for pct-service","contracts/openapi/pct.openapi.yaml","via-bff","","via-bff-mobile","","","","","TSHEPO ext_authz","pct-service","implemented-or-partial","","clinical-service"
"pct-service:QueueItemController","/v1/queue-items","services/pct-service/src/main/java/zw/gov/mohcc/impilo/pct/api/controller/QueueItemController.java","backend-controller","clinical/care-delivery","REST controller for pct-service","contracts/openapi/pct.openapi.yaml","via-bff","","via-bff-mobile","","","","","TSHEPO ext_authz","pct-service","implemented-or-partial","","clinical-service"
"pct-service:ReferralController","/v1/referrals","services/pct-service/src/main/java/zw/gov/mohcc/impilo/pct/api/controller/ReferralController.java","backend-controller","clinical/care-delivery","REST controller for pct-service","contracts/openapi/pct.openapi.yaml","via-bff","","via-bff-mobile","","","","","TSHEPO ext_authz","pct-service","implemented-or-partial","","clinical-service"
"pct-service:TaskController","/v1/tasks","services/pct-service/src/main/java/zw/gov/mohcc/impilo/pct/api/controller/TaskController.java","backend-controller","clinical/care-delivery","REST controller for pct-service","contracts/openapi/pct.openapi.yaml","via-bff","","via-bff-mobile","","","","","TSHEPO ext_authz","pct-service","implemented-or-partial","","clinical-service"
"pct-service:TelehealthController","/v1","services/pct-service/src/main/java/zw/gov/mohcc/impilo/pct/api/controller/TelehealthController.java","backend-controller","clinical/care-delivery","REST controller for pct-service","contracts/openapi/pct.openapi.yaml","via-bff","","via-bff-mobile","","","","","TSHEPO ext_authz","pct-service","implemented-or-partial","","clinical-service"
"pct-service:TelemedicineController","/v1","services/pct-service/src/main/java/zw/gov/mohcc/impilo/pct/api/controller/TelemedicineController.java","backend-controller","clinical/care-delivery","REST controller for pct-service","contracts/openapi/pct.openapi.yaml","via-bff","","via-bff-mobile","","","","","TSHEPO ext_authz","pct-service","implemented-or-partial","","clinical-service"
"pct-service:WorkController","/v1/work","services/pct-service/src/main/java/zw/gov/mohcc/impilo/pct/api/controller/WorkController.java","backend-controller","clinical/care-delivery","REST controller for pct-service","contracts/openapi/pct.openapi.yaml","via-bff","","via-bff-mobile","","","","","TSHEPO ext_authz","pct-service","implemented-or-partial","","clinical-service"
"pct-service:PctV11ProbeController","/internal/v1","services/pct-service/src/main/java/zw/gov/mohcc/impilo/pct/api/controller/v11/PctV11ProbeController.java","backend-controller","clinical/care-delivery","REST controller for pct-service","contracts/openapi/pct.openapi.yaml","via-bff","","via-bff-mobile","","","","","TSHEPO ext_authz","pct-service","implemented-or-partial","","clinical-service"
"pharmacy-elmis-adapter","Pharmacy eLMIS","services/pharmacy-elmis-adapter","backend-service","clinical/care-delivery","Pharmacy Elmis Adapter canonical records","no-matched-openapi; status=partial","partial","","unknown","","","tshepo-authz-service","1 migration(s) in pharmacy-elmis-adapter","TSHEPO ext_authz via Envoy","tshepo-authz-service; experience-bff; integration-hub","production=baseline-assessed; impl=implemented-or-partial; frontend=unknown-or-partial","","clinical-service"
"pharmacy-elmis-adapter:DispenseSyncController","/internal/v1/dispense-sync","services/pharmacy-elmis-adapter/src/main/java/zw/gov/mohcc/impilo/pharmacy/elmis/api/controller/DispenseSyncController.java","backend-controller","clinical/care-delivery","REST controller for pharmacy-elmis-adapter","contract-unmatched","via-bff","","via-bff-mobile","","","","","TSHEPO ext_authz","pharmacy-elmis-adapter","implemented-or-partial","","clinical-service"
"pharmacy-elmis-adapter:PharmacyElmisV11ProbeController","/internal/v1","services/pharmacy-elmis-adapter/src/main/java/zw/gov/mohcc/impilo/pharmacy/elmis/api/controller/PharmacyElmisV11ProbeController.java","backend-controller","clinical/care-delivery","REST controller for pharmacy-elmis-adapter","contract-unmatched","via-bff","","via-bff-mobile","","","","","TSHEPO ext_authz","pharmacy-elmis-adapter","implemented-or-partial","","clinical-service"
"pharmacy-service","Pharmacy","services/pharmacy-service","backend-service","clinical/care-delivery","Pharmacy canonical records","contract: contracts/openapi/pharmacy.openapi.yaml; status=partial","partial","","unknown","","","tshepo-authz-service","4 migration(s) in pharmacy-service","TSHEPO ext_authz via Envoy","tshepo-authz-service; experience-bff; integration-hub","production=baseline-assessed; impl=implemented-or-partial; frontend=unknown-or-partial","","clinical-service"
"pharmacy-service:BarcodeController","/v1/items","services/pharmacy-service/src/main/java/zw/gov/mohcc/impilo/pharmacy/api/controller/BarcodeController.java","backend-controller","clinical/care-delivery","REST controller for pharmacy-service","contracts/openapi/pharmacy.openapi.yaml","via-bff","","via-bff-mobile","","","","","TSHEPO ext_authz","pharmacy-service","implemented-or-partial","","clinical-service"
"pharmacy-service:DispenseController","/v1/dispense-orders","services/pharmacy-service/src/main/java/zw/gov/mohcc/impilo/pharmacy/api/controller/DispenseController.java","backend-controller","clinical/care-delivery","REST controller for pharmacy-service","contracts/openapi/pharmacy.openapi.yaml","via-bff","","via-bff-mobile","","","","","TSHEPO ext_authz","pharmacy-service","implemented-or-partial","","clinical-service"
"pharmacy-service:InternalController","/v1/internal","services/pharmacy-service/src/main/java/zw/gov/mohcc/impilo/pharmacy/api/controller/InternalController.java","backend-controller","clinical/care-delivery","REST controller for pharmacy-service","contracts/openapi/pharmacy.openapi.yaml","via-bff","","via-bff-mobile","","","","","TSHEPO ext_authz","pharmacy-service","implemented-or-partial","","clinical-service"
"pharmacy-service:PickupController","/v1","services/pharmacy-service/src/main/java/zw/gov/mohcc/impilo/pharmacy/api/controller/PickupController.java","backend-controller","clinical/care-delivery","REST controller for pharmacy-service","contracts/openapi/pharmacy.openapi.yaml","via-bff","","via-bff-mobile","","","","","TSHEPO ext_authz","pharmacy-service","implemented-or-partial","","clinical-service"
"pharmacy-service:PrescriptionController","/v1/prescriptions","services/pharmacy-service/src/main/java/zw/gov/mohcc/impilo/pharmacy/api/controller/PrescriptionController.java","backend-controller","clinical/care-delivery","REST controller for pharmacy-service","contracts/openapi/pharmacy.openapi.yaml","via-bff","","via-bff-mobile","","","","","TSHEPO ext_authz","pharmacy-service","implemented-or-partial","","clinical-service"
"pharmacy-service:ReconcileController","/v1/reconcile","services/pharmacy-service/src/main/java/zw/gov/mohcc/impilo/pharmacy/api/controller/ReconcileController.java","backend-controller","clinical/care-delivery","REST controller for pharmacy-service","contracts/openapi/pharmacy.openapi.yaml","via-bff","","via-bff-mobile","","","","","TSHEPO ext_authz","pharmacy-service","implemented-or-partial","","clinical-service"
"pharmacy-service:ReturnController","/v1/dispense-orders","services/pharmacy-service/src/main/java/zw/gov/mohcc/impilo/pharmacy/api/controller/ReturnController.java","backend-controller","clinical/care-delivery","REST controller for pharmacy-service","contracts/openapi/pharmacy.openapi.yaml","via-bff","","via-bff-mobile","","","","","TSHEPO ext_authz","pharmacy-service","implemented-or-partial","","clinical-service"
"pharmacy-service:SubstitutionController","/v1/dispense-items","services/pharmacy-service/src/main/java/zw/gov/mohcc/impilo/pharmacy/api/controller/SubstitutionController.java","backend-controller","clinical/care-delivery","REST controller for pharmacy-service","contracts/openapi/pharmacy.openapi.yaml","via-bff","","via-bff-mobile","","","","","TSHEPO ext_authz","pharmacy-service","implemented-or-partial","","clinical-service"
"pharmacy-service:WorklistController","/v1","services/pharmacy-service/src/main/java/zw/gov/mohcc/impilo/pharmacy/api/controller/WorklistController.java","backend-controller","clinical/care-delivery","REST controller for pharmacy-service","contracts/openapi/pharmacy.openapi.yaml","via-bff","","via-bff-mobile","","","","","TSHEPO ext_authz","pharmacy-service","implemented-or-partial","","clinical-service"
"pharmacy-service:PharmacyV11ProbeController","/internal/v1","services/pharmacy-service/src/main/java/zw/gov/mohcc/impilo/pharmacy/api/controller/v11/PharmacyV11ProbeController.java","backend-controller","clinical/care-delivery","REST controller for pharmacy-service","contracts/openapi/pharmacy.openapi.yaml","via-bff","","via-bff-mobile","","","","","TSHEPO ext_authz","pharmacy-service","implemented-or-partial","","clinical-service"
"procurement-service","Procurement","services/procurement-service","backend-service","enterprise/enterprise-resource","Procurement canonical records","contract: contracts/openapi/procurement.openapi.yaml; status=partial","partial","","unknown","","","tshepo-authz-service","1 migration(s) in procurement-service","TSHEPO ext_authz via Envoy","tshepo-authz-service; experience-bff; integration-hub","production=baseline-assessed; impl=implemented-or-partial; frontend=unknown-or-partial","","finance-transaction-service"
"procurement-service:ProcHealthController","/v1","services/procurement-service/src/main/java/zw/gov/mohcc/impilo/procurement/api/ProcHealthController.java","backend-controller","enterprise/enterprise-resource","REST controller for procurement-service","contracts/openapi/procurement.openapi.yaml","via-bff","","via-bff-mobile","","","","","TSHEPO ext_authz","procurement-service","implemented-or-partial","","finance-transaction-service"
"product-registry-service","Product Registry","services/product-registry-service","backend-service","registry/registry-spine","Product Registry canonical records","contract: contracts/openapi/product-registry.openapi.yaml; status=partial","partial","","unknown","","","tshepo-authz-service","2 migration(s) in product-registry-service","TSHEPO ext_authz via Envoy","tshepo-authz-service; experience-bff; integration-hub","production=baseline-assessed; impl=implemented-or-partial; frontend=unknown-or-partial","","registry-service"
"product-registry-service:ProductController","/internal/v1/products","services/product-registry-service/src/main/java/zw/gov/mohcc/impilo/productregistry/api/controller/ProductController.java","backend-controller","registry/registry-spine","REST controller for product-registry-service","contracts/openapi/product-registry.openapi.yaml","via-bff","","via-bff-mobile","","","","","TSHEPO ext_authz","product-registry-service","implemented-or-partial","","registry-service"
"product-registry-service:ProductRegistryV11ProbeController","/internal/v1","services/product-registry-service/src/main/java/zw/gov/mohcc/impilo/productregistry/api/controller/ProductRegistryV11ProbeController.java","backend-controller","registry/registry-spine","REST controller for product-registry-service","contracts/openapi/product-registry.openapi.yaml","via-bff","","via-bff-mobile","","","","","TSHEPO ext_authz","product-registry-service","implemented-or-partial","","registry-service"
"product-registry-service:SnapshotController","/internal/v1/products/snapshot","services/product-registry-service/src/main/java/zw/gov/mohcc/impilo/productregistry/api/controller/SnapshotController.java","backend-controller","registry/registry-spine","REST controller for product-registry-service","contracts/openapi/product-registry.openapi.yaml","via-bff","","via-bff-mobile","","","","","TSHEPO ext_authz","product-registry-service","implemented-or-partial","","registry-service"
"referral-service","Referral","services/referral-service","backend-service","integration/platform-ops","Referral canonical records","contract: contracts/openapi/referral.openapi.yaml; status=partial","partial","","unknown","","","tshepo-authz-service","none detected","TSHEPO ext_authz via Envoy","tshepo-authz-service; experience-bff; integration-hub","production=baseline-assessed; impl=implemented-or-partial; frontend=unknown-or-partial","","backend-capability"
"reporting-service","Reporting","services/reporting-service","backend-service","data/intelligence","Reporting canonical records","contract: contracts/openapi/reporting.openapi.yaml; status=partial","partial","","unknown","","","tshepo-authz-service","1 migration(s) in reporting-service","TSHEPO ext_authz via Envoy","tshepo-authz-service; experience-bff; integration-hub","production=baseline-assessed; impl=implemented-or-partial; frontend=unknown-or-partial","","data-analytics-ai-service"
"reporting-service:ReportController","/internal/v1/reports","services/reporting-service/src/main/java/zw/gov/mohcc/impilo/reporting/api/ReportController.java","backend-controller","data/intelligence","REST controller for reporting-service","contracts/openapi/reporting.openapi.yaml","via-bff","","via-bff-mobile","","","","","TSHEPO ext_authz","reporting-service","implemented-or-partial","","data-analytics-ai-service"
"rules-service","Rules","services/rules-service","backend-service","clinical/clinical-knowledge","Rules canonical records","contract: contracts/openapi/rules.openapi.yaml; status=partial","partial","","unknown","","","tshepo-authz-service","3 migration(s) in rules-service","TSHEPO ext_authz via Envoy","tshepo-authz-service; experience-bff; integration-hub","production=baseline-assessed; impl=implemented-or-partial; frontend=unknown-or-partial","","backend-capability"
"rules-service:RuleController","/internal/v1/rules","services/rules-service/src/main/java/zw/gov/mohcc/impilo/rules/api/RuleController.java","backend-controller","clinical/clinical-knowledge","REST controller for rules-service","contracts/openapi/rules.openapi.yaml","via-bff","","via-bff-mobile","","","","","TSHEPO ext_authz","rules-service","implemented-or-partial","","backend-capability"
"scheduling-service","Scheduling","services/scheduling-service","backend-service","clinical/care-delivery","Scheduling canonical records","contract: contracts/openapi/scheduling.openapi.yaml; status=partial","partial","","unknown","","","tshepo-authz-service","none detected","TSHEPO ext_authz via Envoy","tshepo-authz-service; experience-bff; integration-hub","production=baseline-assessed; impl=implemented-or-partial; frontend=unknown-or-partial","","backend-capability"
"scheduling-service:SchedulingMvpController","/v1","services/scheduling-service/src/main/java/zw/gov/mohcc/impilo/scheduling/api/SchedulingMvpController.java","backend-controller","clinical/care-delivery","REST controller for scheduling-service","contracts/openapi/scheduling.openapi.yaml","via-bff","","via-bff-mobile","","","","","TSHEPO ext_authz","scheduling-service","implemented-or-partial","","backend-capability"
"schema-registry-service","Schema Registry","services/schema-registry-service","backend-service","integration/platform-ops","Schema Registry canonical records","contract: contracts/openapi/schema-registry.openapi.yaml; status=partial","partial","","unknown","","","tshepo-authz-service","1 migration(s) in schema-registry-service","TSHEPO ext_authz via Envoy","tshepo-authz-service; experience-bff; integration-hub","production=baseline-assessed; impl=implemented-or-partial; frontend=unknown-or-partial","","backend-capability"
"schema-registry-service:SchemaRegistryController","/v1","services/schema-registry-service/src/main/java/zw/gov/mohcc/impilo/schemaregistry/api/SchemaRegistryController.java","backend-controller","integration/platform-ops","REST controller for schema-registry-service","contracts/openapi/schema-registry.openapi.yaml","via-bff","","via-bff-mobile","","","","","TSHEPO ext_authz","schema-registry-service","implemented-or-partial","","backend-capability"
"search-service","Search","services/search-service","backend-service","data/intelligence","Search canonical records","contract: contracts/openapi/search.openapi.yaml; status=partial","partial","","unknown","","","tshepo-authz-service","3 migration(s) in search-service","TSHEPO ext_authz via Envoy","tshepo-authz-service; experience-bff; integration-hub","production=baseline-assessed; impl=implemented-or-partial; frontend=unknown-or-partial","","data-analytics-ai-service"
"search-service:SearchIndexController","/internal/v1/search","services/search-service/src/main/java/zw/gov/mohcc/impilo/search/api/SearchIndexController.java","backend-controller","data/intelligence","REST controller for search-service","contracts/openapi/search.openapi.yaml","via-bff","","via-bff-mobile","","","","","TSHEPO ext_authz","search-service","implemented-or-partial","","data-analytics-ai-service"
"security-hardening-service","Security Hardening","services/security-hardening-service","backend-service","integration/platform-ops","Security Hardening canonical records","contract: contracts/openapi/security-hardening.openapi.yaml; status=partial","partial","","unknown","","","tshepo-authz-service","1 migration(s) in security-hardening-service","TSHEPO ext_authz via Envoy","tshepo-authz-service; experience-bff; integration-hub","production=baseline-assessed; impl=implemented-or-partial; frontend=unknown-or-partial","","backend-capability"
"security-hardening-service:PolicyPackController","/internal/v1/policy-packs","services/security-hardening-service/src/main/java/zw/gov/mohcc/impilo/secharden/api/PolicyPackController.java","backend-controller","integration/platform-ops","REST controller for security-hardening-service","contracts/openapi/security-hardening.openapi.yaml","via-bff","","via-bff-mobile","","","","","TSHEPO ext_authz","security-hardening-service","implemented-or-partial","","backend-capability"
"security-hardening-service:ScanController","/internal/v1/scans","services/security-hardening-service/src/main/java/zw/gov/mohcc/impilo/secharden/api/ScanController.java","backend-controller","integration/platform-ops","REST controller for security-hardening-service","contracts/openapi/security-hardening.openapi.yaml","via-bff","","via-bff-mobile","","","","","TSHEPO ext_authz","security-hardening-service","implemented-or-partial","","backend-capability"
"share-slip-service","Share Slip","services/share-slip-service","backend-service","enterprise/finance","Share Slip canonical records","contract: contracts/openapi/share-slip.openapi.yaml; status=partial","partial","","unknown","","","tshepo-authz-service","1 migration(s) in share-slip-service","TSHEPO ext_authz via Envoy","tshepo-authz-service; experience-bff; integration-hub","production=baseline-assessed; impl=implemented-or-partial; frontend=unknown-or-partial","","backend-capability"
"share-slip-service:PublicShareController","/v1/public/share","services/share-slip-service/src/main/java/zw/gov/mohcc/impilo/shareslip/api/PublicShareController.java","backend-controller","enterprise/finance","REST controller for share-slip-service","contracts/openapi/share-slip.openapi.yaml","via-bff","","via-bff-mobile","","","","","TSHEPO ext_authz","share-slip-service","implemented-or-partial","","backend-capability"
"share-slip-service:ShareLinkController","/v1/internal/share-links","services/share-slip-service/src/main/java/zw/gov/mohcc/impilo/shareslip/api/ShareLinkController.java","backend-controller","enterprise/finance","REST controller for share-slip-service","contracts/openapi/share-slip.openapi.yaml","via-bff","","via-bff-mobile","","","","","TSHEPO ext_authz","share-slip-service","implemented-or-partial","","backend-capability"
"share-slip-service:ShareSlipV11ProbeController","/internal/v1","services/share-slip-service/src/main/java/zw/gov/mohcc/impilo/shareslip/api/v11/ShareSlipV11ProbeController.java","backend-controller","enterprise/finance","REST controller for share-slip-service","contracts/openapi/share-slip.openapi.yaml","via-bff","","via-bff-mobile","","","","","TSHEPO ext_authz","share-slip-service","implemented-or-partial","","backend-capability"
"simba-service","Simba","services/simba-service","backend-service","enterprise/wellness-personal-health-data","wellness journeys; lifestyle plans; self-care plans; preventive care workflows; wellness goals; habit tracking workflows; coaching and nudge workflows; wellness programme participation; longitudinal wellness progress; connected source registry and permissions; personal wellness readings and manual entries; wellness remote monitoring alerts","contract: contracts/openapi/simba.openapi.yaml; status=partial","partial","","unknown","","","tshepo-authz-service","2 migration(s) in simba-service","TSHEPO ext_authz via Envoy","tshepo-authz-service; experience-bff; integration-hub","production=baseline-assessed; impl=implemented-or-partial; frontend=unknown-or-partial","","backend-capability"
"simba-service:ActivityController","/internal/v1/wellness/activities","services/simba-service/src/main/java/zw/gov/mohcc/impilo/simba/api/controller/ActivityController.java","backend-controller","enterprise/wellness-personal-health-data","REST controller for simba-service","contracts/openapi/simba.openapi.yaml","via-bff","","via-bff-mobile","","","","","TSHEPO ext_authz","simba-service","implemented-or-partial","","backend-capability"
"simba-service:ChallengeController","/internal/v1/wellness/challenges","services/simba-service/src/main/java/zw/gov/mohcc/impilo/simba/api/controller/ChallengeController.java","backend-controller","enterprise/wellness-personal-health-data","REST controller for simba-service","contracts/openapi/simba.openapi.yaml","via-bff","","via-bff-mobile","","","","","TSHEPO ext_authz","simba-service","implemented-or-partial","","backend-capability"
"simba-service:ClubController","/internal/v1/wellness/clubs","services/simba-service/src/main/java/zw/gov/mohcc/impilo/simba/api/controller/ClubController.java","backend-controller","enterprise/wellness-personal-health-data","REST controller for simba-service","contracts/openapi/simba.openapi.yaml","via-bff","","via-bff-mobile","","","","","TSHEPO ext_authz","simba-service","implemented-or-partial","","backend-capability"
"simba-service:ConnectIngestController","/internal/v1/wellness/connect","services/simba-service/src/main/java/zw/gov/mohcc/impilo/simba/api/controller/ConnectIngestController.java","backend-controller","enterprise/wellness-personal-health-data","REST controller for simba-service","contracts/openapi/simba.openapi.yaml","via-bff","","via-bff-mobile","","","","","TSHEPO ext_authz","simba-service","implemented-or-partial","","backend-capability"
"simba-service:DietController","/internal/v1/wellness/diet","services/simba-service/src/main/java/zw/gov/mohcc/impilo/simba/api/controller/DietController.java","backend-controller","enterprise/wellness-personal-health-data","REST controller for simba-service","contracts/openapi/simba.openapi.yaml","via-bff","","via-bff-mobile","","","","","TSHEPO ext_authz","simba-service","implemented-or-partial","","backend-capability"
"simba-service:ExerciseController","/internal/v1/wellness/exercise","services/simba-service/src/main/java/zw/gov/mohcc/impilo/simba/api/controller/ExerciseController.java","backend-controller","enterprise/wellness-personal-health-data","REST controller for simba-service","contracts/openapi/simba.openapi.yaml","via-bff","","via-bff-mobile","","","","","TSHEPO ext_authz","simba-service","implemented-or-partial","","backend-capability"
"simba-service:GoalsController","/internal/v1/wellness/goals","services/simba-service/src/main/java/zw/gov/mohcc/impilo/simba/api/controller/GoalsController.java","backend-controller","enterprise/wellness-personal-health-data","REST controller for simba-service","contracts/openapi/simba.openapi.yaml","via-bff","","via-bff-mobile","","","","","TSHEPO ext_authz","simba-service","implemented-or-partial","","backend-capability"
"simba-service:MoodLogController","/internal/v1/wellness/mood","services/simba-service/src/main/java/zw/gov/mohcc/impilo/simba/api/controller/MoodLogController.java","backend-controller","enterprise/wellness-personal-health-data","REST controller for simba-service","contracts/openapi/simba.openapi.yaml","via-bff","","via-bff-mobile","","","","","TSHEPO ext_authz","simba-service","implemented-or-partial","","backend-capability"
"simba-service:PersonalHealthDataController","/internal/v1/wellness/personal-data","services/simba-service/src/main/java/zw/gov/mohcc/impilo/simba/api/controller/PersonalHealthDataController.java","backend-controller","enterprise/wellness-personal-health-data","REST controller for simba-service","contracts/openapi/simba.openapi.yaml","via-bff","","via-bff-mobile","","","","","TSHEPO ext_authz","simba-service","implemented-or-partial","","backend-capability"
"simba-service:SimbaV11ProbeController","/internal/v1","services/simba-service/src/main/java/zw/gov/mohcc/impilo/simba/api/controller/SimbaV11ProbeController.java","backend-controller","enterprise/wellness-personal-health-data","REST controller for simba-service","contracts/openapi/simba.openapi.yaml","via-bff","","via-bff-mobile","","","","","TSHEPO ext_authz","simba-service","implemented-or-partial","","backend-capability"
"simba-service:SleepController","/internal/v1/wellness/sleep","services/simba-service/src/main/java/zw/gov/mohcc/impilo/simba/api/controller/SleepController.java","backend-controller","enterprise/wellness-personal-health-data","REST controller for simba-service","contracts/openapi/simba.openapi.yaml","via-bff","","via-bff-mobile","","","","","TSHEPO ext_authz","simba-service","implemented-or-partial","","backend-capability"
"simba-service:VitalsLogController","/internal/v1/wellness/vitals","services/simba-service/src/main/java/zw/gov/mohcc/impilo/simba/api/controller/VitalsLogController.java","backend-controller","enterprise/wellness-personal-health-data","REST controller for simba-service","contracts/openapi/simba.openapi.yaml","via-bff","","via-bff-mobile","","","","","TSHEPO ext_authz","simba-service","implemented-or-partial","","backend-capability"
"simba-service:WellnessProfileController","/internal/v1/wellness/profiles","services/simba-service/src/main/java/zw/gov/mohcc/impilo/simba/api/controller/WellnessProfileController.java","backend-controller","enterprise/wellness-personal-health-data","REST controller for simba-service","contracts/openapi/simba.openapi.yaml","via-bff","","via-bff-mobile","","","","","TSHEPO ext_authz","simba-service","implemented-or-partial","","backend-capability"
"support-service","Support","services/support-service","backend-service","integration/platform-ops","Support canonical records","contract: contracts/openapi/support.openapi.yaml; status=partial","partial","","unknown","","","tshepo-authz-service","4 migration(s) in support-service","TSHEPO ext_authz via Envoy","tshepo-authz-service; experience-bff; integration-hub","production=baseline-assessed; impl=implemented-or-partial; frontend=unknown-or-partial","","backend-capability"
"support-service:ArticleController","/v1","services/support-service/src/main/java/zw/gov/mohcc/impilo/support/api/ArticleController.java","backend-controller","integration/platform-ops","REST controller for support-service","contracts/openapi/support.openapi.yaml","via-bff","","via-bff-mobile","","","","","TSHEPO ext_authz","support-service","implemented-or-partial","","backend-capability"
"support-service:AssignmentController","/v1","services/support-service/src/main/java/zw/gov/mohcc/impilo/support/api/AssignmentController.java","backend-controller","integration/platform-ops","REST controller for support-service","contracts/openapi/support.openapi.yaml","via-bff","","via-bff-mobile","","","","","TSHEPO ext_authz","support-service","implemented-or-partial","","backend-capability"
"support-service:CommentController","/v1","services/support-service/src/main/java/zw/gov/mohcc/impilo/support/api/CommentController.java","backend-controller","integration/platform-ops","REST controller for support-service","contracts/openapi/support.openapi.yaml","via-bff","","via-bff-mobile","","","","","TSHEPO ext_authz","support-service","implemented-or-partial","","backend-capability"
"support-service:DashboardController","/v1","services/support-service/src/main/java/zw/gov/mohcc/impilo/support/api/DashboardController.java","backend-controller","integration/platform-ops","REST controller for support-service","contracts/openapi/support.openapi.yaml","via-bff","","via-bff-mobile","","","","","TSHEPO ext_authz","support-service","implemented-or-partial","","backend-capability"
"support-service:MessageController","/v1","services/support-service/src/main/java/zw/gov/mohcc/impilo/support/api/MessageController.java","backend-controller","integration/platform-ops","REST controller for support-service","contracts/openapi/support.openapi.yaml","via-bff","","via-bff-mobile","","","","","TSHEPO ext_authz","support-service","implemented-or-partial","","backend-capability"
"support-service:SnapshotController","/internal/v1/snapshots","services/support-service/src/main/java/zw/gov/mohcc/impilo/support/api/SnapshotController.java","backend-controller","integration/platform-ops","REST controller for support-service","contracts/openapi/support.openapi.yaml","via-bff","","via-bff-mobile","","","","","TSHEPO ext_authz","support-service","implemented-or-partial","","backend-capability"
"support-service:TicketController","/v1","services/support-service/src/main/java/zw/gov/mohcc/impilo/support/api/TicketController.java","backend-controller","integration/platform-ops","REST controller for support-service","contracts/openapi/support.openapi.yaml","via-bff","","via-bff-mobile","","","","","TSHEPO ext_authz","support-service","implemented-or-partial","","backend-capability"
"surveillance-service","Surveillance","services/surveillance-service","backend-service","data/public-health-surveillance","public-health surveillance signals and case aggregates; surveillance alert definitions and epidemiological counters; notifiable event monitoring telemetry","contract: contracts/openapi/surveillance.openapi.yaml; status=partial","partial","","unknown","","","tshepo-authz-service","11 migration(s) in surveillance-service","TSHEPO ext_authz via Envoy","tshepo-authz-service; experience-bff; integration-hub","production=baseline-assessed; impl=implemented-or-partial; frontend=unknown-or-partial","","data-analytics-ai-service"
"surveillance-service:CaseController","/internal/v1/cases","services/surveillance-service/src/main/java/zw/gov/mohcc/impilo/surv/api/CaseController.java","backend-controller","data/public-health-surveillance","REST controller for surveillance-service","contracts/openapi/surveillance.openapi.yaml","via-bff","","via-bff-mobile","","","","","TSHEPO ext_authz","surveillance-service","implemented-or-partial","","data-analytics-ai-service"
"surveillance-service:CounterController","/v1","services/surveillance-service/src/main/java/zw/gov/mohcc/impilo/surv/api/CounterController.java","backend-controller","data/public-health-surveillance","REST controller for surveillance-service","contracts/openapi/surveillance.openapi.yaml","via-bff","","via-bff-mobile","","","","","TSHEPO ext_authz","surveillance-service","implemented-or-partial","","data-analytics-ai-service"
"surveillance-service:IngestController","/internal/v1/ingest","services/surveillance-service/src/main/java/zw/gov/mohcc/impilo/surv/api/IngestController.java","backend-controller","data/public-health-surveillance","REST controller for surveillance-service","contracts/openapi/surveillance.openapi.yaml","via-bff","","via-bff-mobile","","","","","TSHEPO ext_authz","surveillance-service","implemented-or-partial","","data-analytics-ai-service"
"surveillance-service:PublicHealthOperationsController","/internal/v1/public-health","services/surveillance-service/src/main/java/zw/gov/mohcc/impilo/surv/api/PublicHealthOperationsController.java","backend-controller","data/public-health-surveillance","REST controller for surveillance-service","contracts/openapi/surveillance.openapi.yaml","via-bff","","via-bff-mobile","","","","","TSHEPO ext_authz","surveillance-service","implemented-or-partial","","data-analytics-ai-service"
"surveillance-service:SignalController","/internal/v1/signals","services/surveillance-service/src/main/java/zw/gov/mohcc/impilo/surv/api/SignalController.java","backend-controller","data/public-health-surveillance","REST controller for surveillance-service","contracts/openapi/surveillance.openapi.yaml","via-bff","","via-bff-mobile","","","","","TSHEPO ext_authz","surveillance-service","implemented-or-partial","","data-analytics-ai-service"
"tshepo-audit-service","TSHEPO Audit","services/tshepo-audit-service","backend-service","trust/identity-governance","Tshepo Audit canonical records","contract: contracts/openapi/tshepo-audit.openapi.yaml; status=partial","partial","/admin/trust, /settings/security","partial","","useTrustAdmin.ts","","2 migration(s) in tshepo-audit-service","TSHEPO ext_authz via Envoy","experience-bff; integration-hub","production=baseline-assessed; impl=implemented-or-partial; frontend=unknown-or-partial","Device block UX still admin-only","trust-security-service"
"tshepo-audit-service:AccessHistoryController","/v1/audit/access-history","services/tshepo-audit-service/src/main/java/zw/gov/mohcc/impilo/tshepo/audit/api/controller/AccessHistoryController.java","backend-controller","trust/identity-governance","REST controller for tshepo-audit-service","contracts/openapi/tshepo-audit.openapi.yaml","via-bff","","via-bff-mobile","","","","","TSHEPO ext_authz","tshepo-audit-service","implemented-or-partial","","trust-security-service"
"tshepo-audit-service:AuditExportController","/v1/audit","services/tshepo-audit-service/src/main/java/zw/gov/mohcc/impilo/tshepo/audit/api/controller/AuditExportController.java","backend-controller","trust/identity-governance","REST controller for tshepo-audit-service","contracts/openapi/tshepo-audit.openapi.yaml","via-bff","","via-bff-mobile","","","","","TSHEPO ext_authz","tshepo-audit-service","implemented-or-partial","","trust-security-service"
"tshepo-audit-service:AuditIngestController","/v1/audit/events","services/tshepo-audit-service/src/main/java/zw/gov/mohcc/impilo/tshepo/audit/api/controller/AuditIngestController.java","backend-controller","trust/identity-governance","REST controller for tshepo-audit-service","contracts/openapi/tshepo-audit.openapi.yaml","via-bff","","via-bff-mobile","","","","","TSHEPO ext_authz","tshepo-audit-service","implemented-or-partial","","trust-security-service"
"tshepo-audit-service:AuditQueryController","/v1/audit/events","services/tshepo-audit-service/src/main/java/zw/gov/mohcc/impilo/tshepo/audit/api/controller/AuditQueryController.java","backend-controller","trust/identity-governance","REST controller for tshepo-audit-service","contracts/openapi/tshepo-audit.openapi.yaml","via-bff","","via-bff-mobile","","","","","TSHEPO ext_authz","tshepo-audit-service","implemented-or-partial","","trust-security-service"
"tshepo-audit-service:ChainIntegrityController","/v1/audit","services/tshepo-audit-service/src/main/java/zw/gov/mohcc/impilo/tshepo/audit/api/controller/ChainIntegrityController.java","backend-controller","trust/identity-governance","REST controller for tshepo-audit-service","contracts/openapi/tshepo-audit.openapi.yaml","via-bff","","via-bff-mobile","","","","","TSHEPO ext_authz","tshepo-audit-service","implemented-or-partial","","trust-security-service"
"tshepo-audit-service:TshepoAuditV11ProbeController","/internal/v1","services/tshepo-audit-service/src/main/java/zw/gov/mohcc/impilo/tshepo/audit/api/controller/v11/TshepoAuditV11ProbeController.java","backend-controller","trust/identity-governance","REST controller for tshepo-audit-service","contracts/openapi/tshepo-audit.openapi.yaml","via-bff","","via-bff-mobile","","","","","TSHEPO ext_authz","tshepo-audit-service","implemented-or-partial","","trust-security-service"
"tshepo-authz-service","TSHEPO Authz","services/tshepo-authz-service","backend-service","trust/identity-governance","Tshepo Authz canonical records","contract: contracts/openapi/tshepo-authz.openapi.yaml; status=partial","partial","/admin/trust, /settings/security","partial","","useTrustAdmin.ts","","12 migration(s) in tshepo-authz-service","TSHEPO ext_authz via Envoy","experience-bff; integration-hub","production=baseline-assessed; impl=implemented-or-partial; frontend=unknown-or-partial","Device block UX still admin-only","trust-security-service"
"tshepo-authz-service:AuthorizeController","/v1/authorize","services/tshepo-authz-service/src/main/java/zw/gov/mohcc/impilo/tshepo/authz/api/AuthorizeController.java","backend-controller","trust/identity-governance","REST controller for tshepo-authz-service","contracts/openapi/tshepo-authz.openapi.yaml","via-bff","","via-bff-mobile","","","","","TSHEPO ext_authz","tshepo-authz-service","implemented-or-partial","","trust-security-service"
"tshepo-authz-service:BreakGlassController","/v1/break-glass","services/tshepo-authz-service/src/main/java/zw/gov/mohcc/impilo/tshepo/authz/api/BreakGlassController.java","backend-controller","trust/identity-governance","REST controller for tshepo-authz-service","contracts/openapi/tshepo-authz.openapi.yaml","via-bff","","via-bff-mobile","","","","","TSHEPO ext_authz","tshepo-authz-service","implemented-or-partial","","trust-security-service"
"tshepo-authz-service:DeviceController","/v1/devices","services/tshepo-authz-service/src/main/java/zw/gov/mohcc/impilo/tshepo/authz/api/DeviceController.java","backend-controller","trust/identity-governance","REST controller for tshepo-authz-service","contracts/openapi/tshepo-authz.openapi.yaml","via-bff","","via-bff-mobile","","","","","TSHEPO ext_authz","tshepo-authz-service","implemented-or-partial","","trust-security-service"
"tshepo-authz-service:LegacyPolicyCompatibilityController","/v1","services/tshepo-authz-service/src/main/java/zw/gov/mohcc/impilo/tshepo/authz/api/LegacyPolicyCompatibilityController.java","backend-controller","trust/identity-governance","REST controller for tshepo-authz-service","contracts/openapi/tshepo-authz.openapi.yaml","via-bff","","via-bff-mobile","","","","","TSHEPO ext_authz","tshepo-authz-service","implemented-or-partial","","trust-security-service"
"tshepo-authz-service:PolicyController","/v1/policies","services/tshepo-authz-service/src/main/java/zw/gov/mohcc/impilo/tshepo/authz/api/PolicyController.java","backend-controller","trust/identity-governance","REST controller for tshepo-authz-service","contracts/openapi/tshepo-authz.openapi.yaml","via-bff","","via-bff-mobile","","","","","TSHEPO ext_authz","tshepo-authz-service","implemented-or-partial","","trust-security-service"
"tshepo-authz-service:StepUpController","/v1/step-up","services/tshepo-authz-service/src/main/java/zw/gov/mohcc/impilo/tshepo/authz/api/StepUpController.java","backend-controller","trust/identity-governance","REST controller for tshepo-authz-service","contracts/openapi/tshepo-authz.openapi.yaml","via-bff","","via-bff-mobile","","","","","TSHEPO ext_authz","tshepo-authz-service","implemented-or-partial","","trust-security-service"
"tshepo-authz-service:VisibilityEscalationController","/v1/visibility-escalations","services/tshepo-authz-service/src/main/java/zw/gov/mohcc/impilo/tshepo/authz/api/VisibilityEscalationController.java","backend-controller","trust/identity-governance","REST controller for tshepo-authz-service","contracts/openapi/tshepo-authz.openapi.yaml","via-bff","","via-bff-mobile","","","","","TSHEPO ext_authz","tshepo-authz-service","implemented-or-partial","","trust-security-service"
"tshepo-authz-service:TshepoAuthzV11ProbeController","/internal/v1","services/tshepo-authz-service/src/main/java/zw/gov/mohcc/impilo/tshepo/authz/api/v11/TshepoAuthzV11ProbeController.java","backend-controller","trust/identity-governance","REST controller for tshepo-authz-service","contracts/openapi/tshepo-authz.openapi.yaml","via-bff","","via-bff-mobile","","","","","TSHEPO ext_authz","tshepo-authz-service","implemented-or-partial","","trust-security-service"
"tshepo-consent-service","TSHEPO Consent","services/tshepo-consent-service","backend-service","trust/identity-governance","Tshepo Consent canonical records","contract: contracts/openapi/tshepo-consent.openapi.yaml; status=partial","partial","/admin/trust, /settings/security","partial","","useTrustAdmin.ts","","1 migration(s) in tshepo-consent-service","TSHEPO ext_authz via Envoy","experience-bff; integration-hub","production=baseline-assessed; impl=implemented-or-partial; frontend=unknown-or-partial","Device block UX still admin-only","trust-security-service"
"tshepo-consent-service:ConsentController","/v1/consent","services/tshepo-consent-service/src/main/java/zw/gov/mohcc/impilo/tshepo/consent/api/ConsentController.java","backend-controller","trust/identity-governance","REST controller for tshepo-consent-service","contracts/openapi/tshepo-consent.openapi.yaml","via-bff","","via-bff-mobile","","","","","TSHEPO ext_authz","tshepo-consent-service","implemented-or-partial","","trust-security-service"
"tshepo-consent-service:ConsentEvaluationController","/v1/consent","services/tshepo-consent-service/src/main/java/zw/gov/mohcc/impilo/tshepo/consent/api/ConsentEvaluationController.java","backend-controller","trust/identity-governance","REST controller for tshepo-consent-service","contracts/openapi/tshepo-consent.openapi.yaml","via-bff","","via-bff-mobile","","","","","TSHEPO ext_authz","tshepo-consent-service","implemented-or-partial","","trust-security-service"
"tshepo-consent-service:PortalConsentController","/v1/consent/portal","services/tshepo-consent-service/src/main/java/zw/gov/mohcc/impilo/tshepo/consent/api/PortalConsentController.java","backend-controller","trust/identity-governance","REST controller for tshepo-consent-service","contracts/openapi/tshepo-consent.openapi.yaml","via-bff","","via-bff-mobile","","","","","TSHEPO ext_authz","tshepo-consent-service","implemented-or-partial","","trust-security-service"
"tshepo-consent-service:ShareLinkController","/v1/consent/share-links","services/tshepo-consent-service/src/main/java/zw/gov/mohcc/impilo/tshepo/consent/api/ShareLinkController.java","backend-controller","trust/identity-governance","REST controller for tshepo-consent-service","contracts/openapi/tshepo-consent.openapi.yaml","via-bff","","via-bff-mobile","","","","","TSHEPO ext_authz","tshepo-consent-service","implemented-or-partial","","trust-security-service"
"tshepo-consent-service:TshepoConsentV11ProbeController","/internal/v1","services/tshepo-consent-service/src/main/java/zw/gov/mohcc/impilo/tshepo/consent/api/v11/TshepoConsentV11ProbeController.java","backend-controller","trust/identity-governance","REST controller for tshepo-consent-service","contracts/openapi/tshepo-consent.openapi.yaml","via-bff","","via-bff-mobile","","","","","TSHEPO ext_authz","tshepo-consent-service","implemented-or-partial","","trust-security-service"
"tshepo-identity-service","TSHEPO Identity","services/tshepo-identity-service","backend-service","trust/identity-governance","Tshepo Identity canonical records","contract: contracts/openapi/tshepo-identity.openapi.yaml; status=partial","partial","/admin/trust, /settings/security","partial","","useTrustAdmin.ts","","1 migration(s) in tshepo-identity-service","TSHEPO ext_authz via Envoy","experience-bff; integration-hub","production=baseline-assessed; impl=implemented-or-partial; frontend=unknown-or-partial","Device block UX still admin-only","trust-security-service"
"tshepo-identity-service:CpidController","/v1/identity/cpid","services/tshepo-identity-service/src/main/java/zw/gov/mohcc/impilo/tshepo/identity/api/controller/CpidController.java","backend-controller","trust/identity-governance","REST controller for tshepo-identity-service","contracts/openapi/tshepo-identity.openapi.yaml","via-bff","","via-bff-mobile","","","","","TSHEPO ext_authz","tshepo-identity-service","implemented-or-partial","","trust-security-service"
"tshepo-identity-service:MosipController","/v1/identity/mosip","services/tshepo-identity-service/src/main/java/zw/gov/mohcc/impilo/tshepo/identity/api/controller/MosipController.java","backend-controller","trust/identity-governance","REST controller for tshepo-identity-service","contracts/openapi/tshepo-identity.openapi.yaml","via-bff","","via-bff-mobile","","","","","TSHEPO ext_authz","tshepo-identity-service","implemented-or-partial","","trust-security-service"
"tshepo-identity-service:ReconciliationController","/v1/identity","services/tshepo-identity-service/src/main/java/zw/gov/mohcc/impilo/tshepo/identity/api/controller/ReconciliationController.java","backend-controller","trust/identity-governance","REST controller for tshepo-identity-service","contracts/openapi/tshepo-identity.openapi.yaml","via-bff","","via-bff-mobile","","","","","TSHEPO ext_authz","tshepo-identity-service","implemented-or-partial","","trust-security-service"
"tshepo-identity-service:ResolutionController","/v1/identity","services/tshepo-identity-service/src/main/java/zw/gov/mohcc/impilo/tshepo/identity/api/controller/ResolutionController.java","backend-controller","trust/identity-governance","REST controller for tshepo-identity-service","contracts/openapi/tshepo-identity.openapi.yaml","via-bff","","via-bff-mobile","","","","","TSHEPO ext_authz","tshepo-identity-service","implemented-or-partial","","trust-security-service"
"tshepo-identity-service:TokenController","/v1/identity/tokens","services/tshepo-identity-service/src/main/java/zw/gov/mohcc/impilo/tshepo/identity/api/controller/TokenController.java","backend-controller","trust/identity-governance","REST controller for tshepo-identity-service","contracts/openapi/tshepo-identity.openapi.yaml","via-bff","","via-bff-mobile","","","","","TSHEPO ext_authz","tshepo-identity-service","implemented-or-partial","","trust-security-service"
"tshepo-identity-service:TshepoIdentityV11ProbeController","/internal/v1","services/tshepo-identity-service/src/main/java/zw/gov/mohcc/impilo/tshepo/identity/api/controller/v11/TshepoIdentityV11ProbeController.java","backend-controller","trust/identity-governance","REST controller for tshepo-identity-service","contracts/openapi/tshepo-identity.openapi.yaml","via-bff","","via-bff-mobile","","","","","TSHEPO ext_authz","tshepo-identity-service","implemented-or-partial","","trust-security-service"
"tshepo-keys-service","TSHEPO Keys","services/tshepo-keys-service","backend-service","trust/identity-governance","Tshepo Keys canonical records","contract: contracts/openapi/tshepo-keys.openapi.yaml; status=partial","partial","/admin/trust, /settings/security","partial","","useTrustAdmin.ts","","1 migration(s) in tshepo-keys-service","TSHEPO ext_authz via Envoy","experience-bff; integration-hub","production=baseline-assessed; impl=implemented-or-partial; frontend=unknown-or-partial","Device block UX still admin-only","trust-security-service"
"tshepo-keys-service:CertificateController","/v1/certificates","services/tshepo-keys-service/src/main/java/zw/gov/mohcc/impilo/tshepo/keys/api/CertificateController.java","backend-controller","trust/identity-governance","REST controller for tshepo-keys-service","contracts/openapi/tshepo-keys.openapi.yaml","via-bff","","via-bff-mobile","","","","","TSHEPO ext_authz","tshepo-keys-service","implemented-or-partial","","trust-security-service"
"tshepo-keys-service:JwksController","/v1/keys","services/tshepo-keys-service/src/main/java/zw/gov/mohcc/impilo/tshepo/keys/api/JwksController.java","backend-controller","trust/identity-governance","REST controller for tshepo-keys-service","contracts/openapi/tshepo-keys.openapi.yaml","via-bff","","via-bff-mobile","","","","","TSHEPO ext_authz","tshepo-keys-service","implemented-or-partial","","trust-security-service"
"tshepo-keys-service:KeyManagementController","/v1/keys","services/tshepo-keys-service/src/main/java/zw/gov/mohcc/impilo/tshepo/keys/api/KeyManagementController.java","backend-controller","trust/identity-governance","REST controller for tshepo-keys-service","contracts/openapi/tshepo-keys.openapi.yaml","via-bff","","via-bff-mobile","","","","","TSHEPO ext_authz","tshepo-keys-service","implemented-or-partial","","trust-security-service"
"tshepo-keys-service:SigningController","/v1/sign","services/tshepo-keys-service/src/main/java/zw/gov/mohcc/impilo/tshepo/keys/api/SigningController.java","backend-controller","trust/identity-governance","REST controller for tshepo-keys-service","contracts/openapi/tshepo-keys.openapi.yaml","via-bff","","via-bff-mobile","","","","","TSHEPO ext_authz","tshepo-keys-service","implemented-or-partial","","trust-security-service"
"tshepo-keys-service:TshepoKeysV11ProbeController","/internal/v1","services/tshepo-keys-service/src/main/java/zw/gov/mohcc/impilo/tshepo/keys/api/v11/TshepoKeysV11ProbeController.java","backend-controller","trust/identity-governance","REST controller for tshepo-keys-service","contracts/openapi/tshepo-keys.openapi.yaml","via-bff","","via-bff-mobile","","","","","TSHEPO ext_authz","tshepo-keys-service","implemented-or-partial","","trust-security-service"
"tshepo-offline-service","TSHEPO Offline","services/tshepo-offline-service","backend-service","trust/identity-governance","Tshepo Offline canonical records","contract: contracts/openapi/tshepo-offline.openapi.yaml; status=partial","partial","/admin/trust, /settings/security","partial","","useTrustAdmin.ts","","1 migration(s) in tshepo-offline-service","TSHEPO ext_authz via Envoy","experience-bff; integration-hub","production=baseline-assessed; impl=implemented-or-partial; frontend=unknown-or-partial","Device block UX still admin-only","trust-security-service"
"tshepo-offline-service:CapabilityController","/v1/offline/capabilities","services/tshepo-offline-service/src/main/java/zw/gov/mohcc/impilo/tshepo/offline/api/CapabilityController.java","backend-controller","trust/identity-governance","REST controller for tshepo-offline-service","contracts/openapi/tshepo-offline.openapi.yaml","via-bff","","via-bff-mobile","","","","","TSHEPO ext_authz","tshepo-offline-service","implemented-or-partial","","trust-security-service"
"tshepo-offline-service:OfflineActionController","/v1/offline/actions","services/tshepo-offline-service/src/main/java/zw/gov/mohcc/impilo/tshepo/offline/api/OfflineActionController.java","backend-controller","trust/identity-governance","REST controller for tshepo-offline-service","contracts/openapi/tshepo-offline.openapi.yaml","via-bff","","via-bff-mobile","","","","","TSHEPO ext_authz","tshepo-offline-service","implemented-or-partial","","trust-security-service"
"tshepo-offline-service:OfflinePackController","/v1/offline/packs","services/tshepo-offline-service/src/main/java/zw/gov/mohcc/impilo/tshepo/offline/api/OfflinePackController.java","backend-controller","trust/identity-governance","REST controller for tshepo-offline-service","contracts/openapi/tshepo-offline.openapi.yaml","via-bff","","via-bff-mobile","","","","","TSHEPO ext_authz","tshepo-offline-service","implemented-or-partial","","trust-security-service"
"tshepo-offline-service:ReconciliationController","/v1/offline/reconcile","services/tshepo-offline-service/src/main/java/zw/gov/mohcc/impilo/tshepo/offline/api/ReconciliationController.java","backend-controller","trust/identity-governance","REST controller for tshepo-offline-service","contracts/openapi/tshepo-offline.openapi.yaml","via-bff","","via-bff-mobile","","","","","TSHEPO ext_authz","tshepo-offline-service","implemented-or-partial","","trust-security-service"
"tshepo-offline-service:TshepoOfflineV11ProbeController","/internal/v1","services/tshepo-offline-service/src/main/java/zw/gov/mohcc/impilo/tshepo/offline/api/v11/TshepoOfflineV11ProbeController.java","backend-controller","trust/identity-governance","REST controller for tshepo-offline-service","contracts/openapi/tshepo-offline.openapi.yaml","via-bff","","via-bff-mobile","","","","","TSHEPO ext_authz","tshepo-offline-service","implemented-or-partial","","trust-security-service"
"tshepo-service","TSHEPO; legacy monolith","services/tshepo-service","backend-service","trust/identity-governance","Tshepo canonical records","contract: contracts/openapi/tshepo.openapi.yaml; status=partial","partial","/admin/trust, /settings/security","partial","","useTrustAdmin.ts","","11 migration(s) in tshepo-service","TSHEPO ext_authz via Envoy","experience-bff; integration-hub","production=baseline-assessed; impl=implemented-or-partial; frontend=unknown-or-partial","Device block UX still admin-only","trust-security-service"
"tshepo-service:AuthorizeController","/v1/authorize","services/tshepo-service/src/main/java/zw/gov/mohcc/impilo/tshepo/api/AuthorizeController.java","backend-controller","trust/identity-governance","REST controller for tshepo-service","contracts/openapi/tshepo.openapi.yaml","via-bff","","via-bff-mobile","","","","","TSHEPO ext_authz","tshepo-service","implemented-or-partial","","trust-security-service"
"tshepo-service:LegacyRouteUsageController","/internal/v1/legacy","services/tshepo-service/src/main/java/zw/gov/mohcc/impilo/tshepo/api/LegacyRouteUsageController.java","backend-controller","trust/identity-governance","REST controller for tshepo-service","contracts/openapi/tshepo.openapi.yaml","via-bff","","via-bff-mobile","","","","","TSHEPO ext_authz","tshepo-service","implemented-or-partial","","trust-security-service"
"tshepo-service:BiometricPolicyController","/v1/biometric-policy","services/tshepo-service/src/main/java/zw/gov/mohcc/impilo/tshepo/api/biometric/BiometricPolicyController.java","backend-controller","trust/identity-governance","REST controller for tshepo-service","contracts/openapi/tshepo.openapi.yaml","via-bff","","via-bff-mobile","","","","","TSHEPO ext_authz","tshepo-service","implemented-or-partial","","trust-security-service"
"tshepo-service:CouncilLearningOrchestrationRelayController","/internal/v1/council-regulatory/learning","services/tshepo-service/src/main/java/zw/gov/mohcc/impilo/tshepo/api/council/CouncilLearningOrchestrationRelayController.java","backend-controller","trust/identity-governance","REST controller for tshepo-service","contracts/openapi/tshepo.openapi.yaml","via-bff","","via-bff-mobile","","","","","TSHEPO ext_authz","tshepo-service","implemented-or-partial","","trust-security-service"
"tshepo-service:CouncilRegulatoryPolicyController","/v1/council-regulatory","services/tshepo-service/src/main/java/zw/gov/mohcc/impilo/tshepo/api/council/CouncilRegulatoryPolicyController.java","backend-controller","trust/identity-governance","REST controller for tshepo-service","contracts/openapi/tshepo.openapi.yaml","via-bff","","via-bff-mobile","","","","","TSHEPO ext_authz","tshepo-service","implemented-or-partial","","trust-security-service"
"tshepo-service:PatientSharePolicyController","/v1/patient-share-policy","services/tshepo-service/src/main/java/zw/gov/mohcc/impilo/tshepo/api/patientshare/PatientSharePolicyController.java","backend-controller","trust/identity-governance","REST controller for tshepo-service","contracts/openapi/tshepo.openapi.yaml","via-bff","","via-bff-mobile","","","","","TSHEPO ext_authz","tshepo-service","implemented-or-partial","","trust-security-service"
"tshepo-service:TshepoV11ProbeController","/internal/v1","services/tshepo-service/src/main/java/zw/gov/mohcc/impilo/tshepo/api/v11/TshepoV11ProbeController.java","backend-controller","trust/identity-governance","REST controller for tshepo-service","contracts/openapi/tshepo.openapi.yaml","via-bff","","via-bff-mobile","","","","","TSHEPO ext_authz","tshepo-service","implemented-or-partial","","trust-security-service"
"tshepo-service:FederationControlController","/internal/v1/federation","services/tshepo-service/src/main/java/zw/gov/mohcc/impilo/tshepo/federation/api/FederationControlController.java","backend-controller","trust/identity-governance","REST controller for tshepo-service","contracts/openapi/tshepo.openapi.yaml","via-bff","","via-bff-mobile","","","","","TSHEPO ext_authz","tshepo-service","implemented-or-partial","","trust-security-service"
"tuso-service","TUSO","services/tuso-service","backend-service","registry/registry-spine","Tuso canonical records","contract: contracts/openapi/tuso.openapi.yaml; status=partial","partial","/facility/*, /registry/facilities/*","partial","","useFacilities.ts, useTusoRegistry.ts","tshepo-authz-service","9 migration(s) in tuso-service","TSHEPO ext_authz via Envoy","tshepo-authz-service; experience-bff; integration-hub","production=baseline-assessed; impl=implemented-or-partial; frontend=unknown-or-partial","Control-tower / digital readiness dashboards thin","registry-service"
"tuso-service:ConfigController","/v1/internal/facilities/{facilityId}/config","services/tuso-service/src/main/java/zw/gov/mohcc/impilo/tuso/api/controller/ConfigController.java","backend-controller","registry/registry-spine","REST controller for tuso-service","contracts/openapi/tuso.openapi.yaml","via-bff","","via-bff-mobile","","","","","TSHEPO ext_authz","tuso-service","implemented-or-partial","","registry-service"
"tuso-service:ControlTowerController","/v1/internal","services/tuso-service/src/main/java/zw/gov/mohcc/impilo/tuso/api/controller/ControlTowerController.java","backend-controller","registry/registry-spine","REST controller for tuso-service","contracts/openapi/tuso.openapi.yaml","via-bff","","via-bff-mobile","","","","","TSHEPO ext_authz","tuso-service","implemented-or-partial","","registry-service"
"tuso-service:FacilityController","/v1/internal/facilities","services/tuso-service/src/main/java/zw/gov/mohcc/impilo/tuso/api/controller/FacilityController.java","backend-controller","registry/registry-spine","REST controller for tuso-service","contracts/openapi/tuso.openapi.yaml","via-bff","","via-bff-mobile","","","","","TSHEPO ext_authz","tuso-service","implemented-or-partial","","registry-service"
"tuso-service:FacilityRegulatoryController","/v1/internal/facility-registry","services/tuso-service/src/main/java/zw/gov/mohcc/impilo/tuso/api/controller/FacilityRegulatoryController.java","backend-controller","registry/registry-spine","REST controller for tuso-service","contracts/openapi/tuso.openapi.yaml","via-bff","","via-bff-mobile","","","","","TSHEPO ext_authz","tuso-service","implemented-or-partial","","registry-service"
"tuso-service:LocalityGazetteerController","/v1/internal/localities","services/tuso-service/src/main/java/zw/gov/mohcc/impilo/tuso/api/controller/LocalityGazetteerController.java","backend-controller","registry/registry-spine","REST controller for tuso-service","contracts/openapi/tuso.openapi.yaml","via-bff","","via-bff-mobile","","","","","TSHEPO ext_authz","tuso-service","implemented-or-partial","","registry-service"
"tuso-service:PublicFacilityController","/v1/public/facilities","services/tuso-service/src/main/java/zw/gov/mohcc/impilo/tuso/api/controller/PublicFacilityController.java","backend-controller","registry/registry-spine","REST controller for tuso-service","contracts/openapi/tuso.openapi.yaml","via-bff","","via-bff-mobile","","","","","TSHEPO ext_authz","tuso-service","implemented-or-partial","","registry-service"
"tuso-service:ResourceController","/v1/internal","services/tuso-service/src/main/java/zw/gov/mohcc/impilo/tuso/api/controller/ResourceController.java","backend-controller","registry/registry-spine","REST controller for tuso-service","contracts/openapi/tuso.openapi.yaml","via-bff","","via-bff-mobile","","","","","TSHEPO ext_authz","tuso-service","implemented-or-partial","","registry-service"
"tuso-service:ShiftController","/v1/internal/facilities/{facilityId}","services/tuso-service/src/main/java/zw/gov/mohcc/impilo/tuso/api/controller/ShiftController.java","backend-controller","registry/registry-spine","REST controller for tuso-service","contracts/openapi/tuso.openapi.yaml","via-bff","","via-bff-mobile","","","","","TSHEPO ext_authz","tuso-service","implemented-or-partial","","registry-service"
"tuso-service:SnapshotController","/internal/v1/snapshots","services/tuso-service/src/main/java/zw/gov/mohcc/impilo/tuso/api/controller/SnapshotController.java","backend-controller","registry/registry-spine","REST controller for tuso-service","contracts/openapi/tuso.openapi.yaml","via-bff","","via-bff-mobile","","","","","TSHEPO ext_authz","tuso-service","implemented-or-partial","","registry-service"
"tuso-service:WorkspaceController","/v1/internal","services/tuso-service/src/main/java/zw/gov/mohcc/impilo/tuso/api/controller/WorkspaceController.java","backend-controller","registry/registry-spine","REST controller for tuso-service","contracts/openapi/tuso.openapi.yaml","via-bff","","via-bff-mobile","","","","","TSHEPO ext_authz","tuso-service","implemented-or-partial","","registry-service"
"tuso-service:ZwGeoReferenceController","/v1/internal/geo/zw","services/tuso-service/src/main/java/zw/gov/mohcc/impilo/tuso/api/controller/ZwGeoReferenceController.java","backend-controller","registry/registry-spine","REST controller for tuso-service","contracts/openapi/tuso.openapi.yaml","via-bff","","via-bff-mobile","","","","","TSHEPO ext_authz","tuso-service","implemented-or-partial","","registry-service"
"tuso-service:TusoV11ProbeController","/internal/v1","services/tuso-service/src/main/java/zw/gov/mohcc/impilo/tuso/api/v11/TusoV11ProbeController.java","backend-controller","registry/registry-spine","REST controller for tuso-service","contracts/openapi/tuso.openapi.yaml","via-bff","","via-bff-mobile","","","","","TSHEPO ext_authz","tuso-service","implemented-or-partial","","registry-service"
"tuso-service:TusoSecurityProbeController","/v1","services/tuso-service/src/test/java/zw/gov/mohcc/impilo/tuso/config/TusoSecurityProbeController.java","backend-controller","registry/registry-spine","REST controller for tuso-service","contracts/openapi/tuso.openapi.yaml","via-bff","","via-bff-mobile","","","","","TSHEPO ext_authz","tuso-service","implemented-or-partial","","registry-service"
"ubomi-service","UBOMI","services/ubomi-service","backend-service","registry/registry-spine","Ubomi canonical records","contract: contracts/openapi/ubomi.openapi.yaml; status=partial","partial","/ubomi","unknown","","useUbomiRegistry.ts (new)","tshepo-authz-service","1 migration(s) in ubomi-service","TSHEPO ext_authz via Envoy","tshepo-authz-service; experience-bff; integration-hub","production=baseline-assessed; impl=implemented-or-partial; frontend=unknown-or-partial","Mobile CRVS parity missing","backend-capability"
"ubomi-service:BirthNotificationController","/v1/births","services/ubomi-service/src/main/java/zw/gov/mohcc/impilo/ubomi/api/BirthNotificationController.java","backend-controller","registry/registry-spine","REST controller for ubomi-service","contracts/openapi/ubomi.openapi.yaml","via-bff","","via-bff-mobile","","","","","TSHEPO ext_authz","ubomi-service","implemented-or-partial","","backend-capability"
"ubomi-service:DeathNotificationController","/v1/deaths","services/ubomi-service/src/main/java/zw/gov/mohcc/impilo/ubomi/api/DeathNotificationController.java","backend-controller","registry/registry-spine","REST controller for ubomi-service","contracts/openapi/ubomi.openapi.yaml","via-bff","","via-bff-mobile","","","","","TSHEPO ext_authz","ubomi-service","implemented-or-partial","","backend-capability"
"ubomi-service:VerificationController","/v1/verifications","services/ubomi-service/src/main/java/zw/gov/mohcc/impilo/ubomi/api/VerificationController.java","backend-controller","registry/registry-spine","REST controller for ubomi-service","contracts/openapi/ubomi.openapi.yaml","via-bff","","via-bff-mobile","","","","","TSHEPO ext_authz","ubomi-service","implemented-or-partial","","backend-capability"
"ubomi-service:UbomiV11ProbeController","/internal/v1","services/ubomi-service/src/main/java/zw/gov/mohcc/impilo/ubomi/api/v11/UbomiV11ProbeController.java","backend-controller","registry/registry-spine","REST controller for ubomi-service","contracts/openapi/ubomi.openapi.yaml","via-bff","","via-bff-mobile","","","","","TSHEPO ext_authz","ubomi-service","implemented-or-partial","","backend-capability"
"varapi-service","VARAPI","services/varapi-service","backend-service","registry/registry-spine","Varapi canonical records","contract: contracts/openapi/varapi.openapi.yaml; status=partial","partial","/registry/providers/*","partial","","useRegistry.ts, useLicenses.ts, useCpd.ts","tshepo-authz-service","15 migration(s) in varapi-service","TSHEPO ext_authz via Envoy","tshepo-authz-service; experience-bff; integration-hub","production=baseline-assessed; impl=implemented-or-partial; frontend=unknown-or-partial","Council import / reconciliation queue thin","registry-service"
"varapi-service:AffiliationController","/v1/internal/providers/affiliations","services/varapi-service/src/main/java/zw/gov/mohcc/impilo/varapi/api/controller/AffiliationController.java","backend-controller","registry/registry-spine","REST controller for varapi-service","contracts/openapi/varapi.openapi.yaml","via-bff","","via-bff-mobile","","","","","TSHEPO ext_authz","varapi-service","implemented-or-partial","","registry-service"
"varapi-service:CertificateController","/v1/internal/providers/certificates","services/varapi-service/src/main/java/zw/gov/mohcc/impilo/varapi/api/controller/CertificateController.java","backend-controller","registry/registry-spine","REST controller for varapi-service","contracts/openapi/varapi.openapi.yaml","via-bff","","via-bff-mobile","","","","","TSHEPO ext_authz","varapi-service","implemented-or-partial","","registry-service"
"varapi-service:CollaborationCouncilsController","/v1/internal/collaboration/councils","services/varapi-service/src/main/java/zw/gov/mohcc/impilo/varapi/api/controller/CollaborationCouncilsController.java","backend-controller","registry/registry-spine","REST controller for varapi-service","contracts/openapi/varapi.openapi.yaml","via-bff","","via-bff-mobile","","","","","TSHEPO ext_authz","varapi-service","implemented-or-partial","","registry-service"
"varapi-service:ComplianceController","/v1/internal/providers/compliance","services/varapi-service/src/main/java/zw/gov/mohcc/impilo/varapi/api/controller/ComplianceController.java","backend-controller","registry/registry-spine","REST controller for varapi-service","contracts/openapi/varapi.openapi.yaml","via-bff","","via-bff-mobile","","","","","TSHEPO ext_authz","varapi-service","implemented-or-partial","","registry-service"
"varapi-service:CouncilController","/v1/internal/councils","services/varapi-service/src/main/java/zw/gov/mohcc/impilo/varapi/api/controller/CouncilController.java","backend-controller","registry/registry-spine","REST controller for varapi-service","contracts/openapi/varapi.openapi.yaml","via-bff","","via-bff-mobile","","","","","TSHEPO ext_authz","varapi-service","implemented-or-partial","","registry-service"
"varapi-service:CpdController","/v1/internal/providers/{providerPublicId}/cpd","services/varapi-service/src/main/java/zw/gov/mohcc/impilo/varapi/api/controller/CpdController.java","backend-controller","registry/registry-spine","REST controller for varapi-service","contracts/openapi/varapi.openapi.yaml","via-bff","","via-bff-mobile","","","","","TSHEPO ext_authz","varapi-service","implemented-or-partial","","registry-service"
"varapi-service:EligibilityController","/v1/internal/eligibility","services/varapi-service/src/main/java/zw/gov/mohcc/impilo/varapi/api/controller/EligibilityController.java","backend-controller","registry/registry-spine","REST controller for varapi-service","contracts/openapi/varapi.openapi.yaml","via-bff","","via-bff-mobile","","","","","TSHEPO ext_authz","varapi-service","implemented-or-partial","","registry-service"
"varapi-service:ExternalProviderCollaborationController","/v1/internal/collaboration/external-providers","services/varapi-service/src/main/java/zw/gov/mohcc/impilo/varapi/api/controller/ExternalProviderCollaborationController.java","backend-controller","registry/registry-spine","REST controller for varapi-service","contracts/openapi/varapi.openapi.yaml","via-bff","","via-bff-mobile","","","","","TSHEPO ext_authz","varapi-service","implemented-or-partial","","registry-service"
"varapi-service:FhirController","/v1/fhir","services/varapi-service/src/main/java/zw/gov/mohcc/impilo/varapi/api/controller/FhirController.java","backend-controller","registry/registry-spine","REST controller for varapi-service","contracts/openapi/varapi.openapi.yaml","via-bff","","via-bff-mobile","","","","","TSHEPO ext_authz","varapi-service","implemented-or-partial","","registry-service"
"varapi-service:LicenseController","/v1/internal/providers/{providerPublicId}/licenses","services/varapi-service/src/main/java/zw/gov/mohcc/impilo/varapi/api/controller/LicenseController.java","backend-controller","registry/registry-spine","REST controller for varapi-service","contracts/openapi/varapi.openapi.yaml","via-bff","","via-bff-mobile","","","","","TSHEPO ext_authz","varapi-service","implemented-or-partial","","registry-service"
"varapi-service:PortalController","/v1/portal","services/varapi-service/src/main/java/zw/gov/mohcc/impilo/varapi/api/controller/PortalController.java","backend-controller","registry/registry-spine","REST controller for varapi-service","contracts/openapi/varapi.openapi.yaml","via-bff","","via-bff-mobile","","","","","TSHEPO ext_authz","varapi-service","implemented-or-partial","","registry-service"
"varapi-service:PracticeContextController","/v1/internal/providers/practice-contexts","services/varapi-service/src/main/java/zw/gov/mohcc/impilo/varapi/api/controller/PracticeContextController.java","backend-controller","registry/registry-spine","REST controller for varapi-service","contracts/openapi/varapi.openapi.yaml","via-bff","","via-bff-mobile","","","","","TSHEPO ext_authz","varapi-service","implemented-or-partial","","registry-service"
"varapi-service:PractitionerInChargeController","/v1/internal/providers/pic-assignments","services/varapi-service/src/main/java/zw/gov/mohcc/impilo/varapi/api/controller/PractitionerInChargeController.java","backend-controller","registry/registry-spine","REST controller for varapi-service","contracts/openapi/varapi.openapi.yaml","via-bff","","via-bff-mobile","","","","","TSHEPO ext_authz","varapi-service","implemented-or-partial","","registry-service"
"varapi-service:PrivilegeController","/v1/internal","services/varapi-service/src/main/java/zw/gov/mohcc/impilo/varapi/api/controller/PrivilegeController.java","backend-controller","registry/registry-spine","REST controller for varapi-service","contracts/openapi/varapi.openapi.yaml","via-bff","","via-bff-mobile","","","","","TSHEPO ext_authz","varapi-service","implemented-or-partial","","registry-service"
"varapi-service:ProviderApplicationController","/v1/internal/providers/applications","services/varapi-service/src/main/java/zw/gov/mohcc/impilo/varapi/api/controller/ProviderApplicationController.java","backend-controller","registry/registry-spine","REST controller for varapi-service","contracts/openapi/varapi.openapi.yaml","via-bff","","via-bff-mobile","","","","","TSHEPO ext_authz","varapi-service","implemented-or-partial","","registry-service"
"varapi-service:ProviderBiometricController","/v1/provider-biometric","services/varapi-service/src/main/java/zw/gov/mohcc/impilo/varapi/api/controller/ProviderBiometricController.java","backend-controller","registry/registry-spine","REST controller for varapi-service","contracts/openapi/varapi.openapi.yaml","via-bff","","via-bff-mobile","","","","","TSHEPO ext_authz","varapi-service","implemented-or-partial","","registry-service"
"varapi-service:ProviderByHealthIdController","/v1/internal/providers/by-health-id","services/varapi-service/src/main/java/zw/gov/mohcc/impilo/varapi/api/controller/ProviderByHealthIdController.java","backend-controller","registry/registry-spine","REST controller for varapi-service","contracts/openapi/varapi.openapi.yaml","via-bff","","via-bff-mobile","","","","","TSHEPO ext_authz","varapi-service","implemented-or-partial","","registry-service"
"varapi-service:ProviderController","/v1/internal/providers","services/varapi-service/src/main/java/zw/gov/mohcc/impilo/varapi/api/controller/ProviderController.java","backend-controller","registry/registry-spine","REST controller for varapi-service","contracts/openapi/varapi.openapi.yaml","via-bff","","via-bff-mobile","","","","","TSHEPO ext_authz","varapi-service","implemented-or-partial","","registry-service"
"varapi-service:ProviderCouncilInternalController","/v1/internal/provider-council","services/varapi-service/src/main/java/zw/gov/mohcc/impilo/varapi/api/controller/ProviderCouncilInternalController.java","backend-controller","registry/registry-spine","REST controller for varapi-service","contracts/openapi/varapi.openapi.yaml","via-bff","","via-bff-mobile","","","","","TSHEPO ext_authz","varapi-service","implemented-or-partial","","registry-service"
"varapi-service:ProviderLifecycleController","/v1/internal/providers/lifecycle","services/varapi-service/src/main/java/zw/gov/mohcc/impilo/varapi/api/controller/ProviderLifecycleController.java","backend-controller","registry/registry-spine","REST controller for varapi-service","contracts/openapi/varapi.openapi.yaml","via-bff","","via-bff-mobile","","","","","TSHEPO ext_authz","varapi-service","implemented-or-partial","","registry-service"
"varapi-service:QualificationController","/v1/internal/providers/qualifications","services/varapi-service/src/main/java/zw/gov/mohcc/impilo/varapi/api/controller/QualificationController.java","backend-controller","registry/registry-spine","REST controller for varapi-service","contracts/openapi/varapi.openapi.yaml","via-bff","","via-bff-mobile","","","","","TSHEPO ext_authz","varapi-service","implemented-or-partial","","registry-service"
"varapi-service:ReconciliationController","/v1/internal/reconciliation","services/varapi-service/src/main/java/zw/gov/mohcc/impilo/varapi/api/controller/ReconciliationController.java","backend-controller","registry/registry-spine","REST controller for varapi-service","contracts/openapi/varapi.openapi.yaml","via-bff","","via-bff-mobile","","","","","TSHEPO ext_authz","varapi-service","implemented-or-partial","","registry-service"
"varapi-service:SnapshotController","/internal/v1/snapshots","services/varapi-service/src/main/java/zw/gov/mohcc/impilo/varapi/api/controller/SnapshotController.java","backend-controller","registry/registry-spine","REST controller for varapi-service","contracts/openapi/varapi.openapi.yaml","via-bff","","via-bff-mobile","","","","","TSHEPO ext_authz","varapi-service","implemented-or-partial","","registry-service"
"varapi-service:TokenController","/v1/internal/provider-token","services/varapi-service/src/main/java/zw/gov/mohcc/impilo/varapi/api/controller/TokenController.java","backend-controller","registry/registry-spine","REST controller for varapi-service","contracts/openapi/varapi.openapi.yaml","via-bff","","via-bff-mobile","","","","","TSHEPO ext_authz","varapi-service","implemented-or-partial","","registry-service"
"varapi-service:TusoInteropController","/v1/internal/interop/eligibility","services/varapi-service/src/main/java/zw/gov/mohcc/impilo/varapi/api/controller/TusoInteropController.java","backend-controller","registry/registry-spine","REST controller for varapi-service","contracts/openapi/varapi.openapi.yaml","via-bff","","via-bff-mobile","","","","","TSHEPO ext_authz","varapi-service","implemented-or-partial","","registry-service"
"varapi-service:VarapiV11ProbeController","/internal/v1","services/varapi-service/src/main/java/zw/gov/mohcc/impilo/varapi/api/v11/VarapiV11ProbeController.java","backend-controller","registry/registry-spine","REST controller for varapi-service","contracts/openapi/varapi.openapi.yaml","via-bff","","via-bff-mobile","","","","","TSHEPO ext_authz","varapi-service","implemented-or-partial","","registry-service"
"varapi-service:FundoWebhookController","/v1/webhooks/fundo","services/varapi-service/src/main/java/zw/gov/mohcc/impilo/varapi/api/webhook/FundoWebhookController.java","backend-controller","registry/registry-spine","REST controller for varapi-service","contracts/openapi/varapi.openapi.yaml","via-bff","","via-bff-mobile","","","","","TSHEPO ext_authz","varapi-service","implemented-or-partial","","registry-service"
"vito-service","VITO","services/vito-service","backend-service","registry/registry-spine","Vito canonical records","contract: contracts/openapi/vito.openapi.yaml; status=partial","partial","/id-services, /registry/*","partial","","useIdentity.ts, useClientRegistry.ts","tshepo-authz-service","28 migration(s) in vito-service","TSHEPO ext_authz via Envoy","tshepo-authz-service; experience-bff; integration-hub","production=baseline-assessed; impl=implemented-or-partial; frontend=unknown-or-partial","Issuance queue / card ops not fully surfaced","registry-service"
"vito-service:AuditController","/v1/internal/audit","services/vito-service/src/main/java/zw/gov/mohcc/impilo/vito/api/AuditController.java","backend-controller","registry/registry-spine","REST controller for vito-service","contracts/openapi/vito.openapi.yaml","via-bff","","via-bff-mobile","","","","","TSHEPO ext_authz","vito-service","implemented-or-partial","","registry-service"
"vito-service:BiometricController","/v1/biometric","services/vito-service/src/main/java/zw/gov/mohcc/impilo/vito/api/BiometricController.java","backend-controller","registry/registry-spine","REST controller for vito-service","contracts/openapi/vito.openapi.yaml","via-bff","","via-bff-mobile","","","","","TSHEPO ext_authz","vito-service","implemented-or-partial","","registry-service"
"vito-service:CardController","/v1/cards","services/vito-service/src/main/java/zw/gov/mohcc/impilo/vito/api/CardController.java","backend-controller","registry/registry-spine","REST controller for vito-service","contracts/openapi/vito.openapi.yaml","via-bff","","via-bff-mobile","","","","","TSHEPO ext_authz","vito-service","implemented-or-partial","","registry-service"
"vito-service:ClientController","/v1/clients","services/vito-service/src/main/java/zw/gov/mohcc/impilo/vito/api/ClientController.java","backend-controller","registry/registry-spine","REST controller for vito-service","contracts/openapi/vito.openapi.yaml","via-bff","","via-bff-mobile","","","","","TSHEPO ext_authz","vito-service","implemented-or-partial","","registry-service"
"vito-service:ClientIdentityOperationsController","/v1/client-registry","services/vito-service/src/main/java/zw/gov/mohcc/impilo/vito/api/ClientIdentityOperationsController.java","backend-controller","registry/registry-spine","REST controller for vito-service","contracts/openapi/vito.openapi.yaml","via-bff","","via-bff-mobile","","","","","TSHEPO ext_authz","vito-service","implemented-or-partial","","registry-service"
"vito-service:DedupController","/v1/internal/dedup","services/vito-service/src/main/java/zw/gov/mohcc/impilo/vito/api/DedupController.java","backend-controller","registry/registry-spine","REST controller for vito-service","contracts/openapi/vito.openapi.yaml","via-bff","","via-bff-mobile","","","","","TSHEPO ext_authz","vito-service","implemented-or-partial","","registry-service"
"vito-service:ExternalClientController","/v1/clients","services/vito-service/src/main/java/zw/gov/mohcc/impilo/vito/api/ExternalClientController.java","backend-controller","registry/registry-spine","REST controller for vito-service","contracts/openapi/vito.openapi.yaml","via-bff","","via-bff-mobile","","","","","TSHEPO ext_authz","vito-service","implemented-or-partial","","registry-service"
"vito-service:IdIssuanceController","/v1/identity","services/vito-service/src/main/java/zw/gov/mohcc/impilo/vito/api/IdIssuanceController.java","backend-controller","registry/registry-spine","REST controller for vito-service","contracts/openapi/vito.openapi.yaml","via-bff","","via-bff-mobile","","","","","TSHEPO ext_authz","vito-service","implemented-or-partial","","registry-service"
"vito-service:InternalSearchController","/v1/internal/clients","services/vito-service/src/main/java/zw/gov/mohcc/impilo/vito/api/InternalSearchController.java","backend-controller","registry/registry-spine","REST controller for vito-service","contracts/openapi/vito.openapi.yaml","via-bff","","via-bff-mobile","","","","","TSHEPO ext_authz","vito-service","implemented-or-partial","","registry-service"
"vito-service:IssuanceController","/v1/internal/issuance","services/vito-service/src/main/java/zw/gov/mohcc/impilo/vito/api/IssuanceController.java","backend-controller","registry/registry-spine","REST controller for vito-service","contracts/openapi/vito.openapi.yaml","via-bff","","via-bff-mobile","","","","","TSHEPO ext_authz","vito-service","implemented-or-partial","","registry-service"
"vito-service:MatchController","/v1/match","services/vito-service/src/main/java/zw/gov/mohcc/impilo/vito/api/MatchController.java","backend-controller","registry/registry-spine","REST controller for vito-service","contracts/openapi/vito.openapi.yaml","via-bff","","via-bff-mobile","","","","","TSHEPO ext_authz","vito-service","implemented-or-partial","","registry-service"
"vito-service:PatientShareController","/v1/clients/{healthId}/patient-shares","services/vito-service/src/main/java/zw/gov/mohcc/impilo/vito/api/PatientShareController.java","backend-controller","registry/registry-spine","REST controller for vito-service","contracts/openapi/vito.openapi.yaml","via-bff","","via-bff-mobile","","","","","TSHEPO ext_authz","vito-service","implemented-or-partial","","registry-service"
"vito-service:PhidPoolController","/v1/phid-pool","services/vito-service/src/main/java/zw/gov/mohcc/impilo/vito/api/PhidPoolController.java","backend-controller","registry/registry-spine","REST controller for vito-service","contracts/openapi/vito.openapi.yaml","via-bff","","via-bff-mobile","","","","","TSHEPO ext_authz","vito-service","implemented-or-partial","","registry-service"
"vito-service:PortalController","/v1/portal","services/vito-service/src/main/java/zw/gov/mohcc/impilo/vito/api/PortalController.java","backend-controller","registry/registry-spine","REST controller for vito-service","contracts/openapi/vito.openapi.yaml","via-bff","","via-bff-mobile","","","","","TSHEPO ext_authz","vito-service","implemented-or-partial","","registry-service"
"vito-service:PrintJobController","/v1/print","services/vito-service/src/main/java/zw/gov/mohcc/impilo/vito/api/PrintJobController.java","backend-controller","registry/registry-spine","REST controller for vito-service","contracts/openapi/vito.openapi.yaml","via-bff","","via-bff-mobile","","","","","TSHEPO ext_authz","vito-service","implemented-or-partial","","registry-service"
"vito-service:PublicPatientShareController","/v1/public/patient-shares","services/vito-service/src/main/java/zw/gov/mohcc/impilo/vito/api/PublicPatientShareController.java","backend-controller","registry/registry-spine","REST controller for vito-service","contracts/openapi/vito.openapi.yaml","via-bff","","via-bff-mobile","","","","","TSHEPO ext_authz","vito-service","implemented-or-partial","","registry-service"
"vito-service:QrResolverController","/v1/qr","services/vito-service/src/main/java/zw/gov/mohcc/impilo/vito/api/QrResolverController.java","backend-controller","registry/registry-spine","REST controller for vito-service","contracts/openapi/vito.openapi.yaml","via-bff","","via-bff-mobile","","","","","TSHEPO ext_authz","vito-service","implemented-or-partial","","registry-service"
"vito-service:RecoveryController","/v1/recovery","services/vito-service/src/main/java/zw/gov/mohcc/impilo/vito/api/RecoveryController.java","backend-controller","registry/registry-spine","REST controller for vito-service","contracts/openapi/vito.openapi.yaml","via-bff","","via-bff-mobile","","","","","TSHEPO ext_authz","vito-service","implemented-or-partial","","registry-service"
"vito-service:RegistryAdminController","/v1/registry","services/vito-service/src/main/java/zw/gov/mohcc/impilo/vito/api/RegistryAdminController.java","backend-controller","registry/registry-spine","REST controller for vito-service","contracts/openapi/vito.openapi.yaml","via-bff","","via-bff-mobile","","","","","TSHEPO ext_authz","vito-service","implemented-or-partial","","registry-service"
"vito-service:SlipController","/v1/slips","services/vito-service/src/main/java/zw/gov/mohcc/impilo/vito/api/SlipController.java","backend-controller","registry/registry-spine","REST controller for vito-service","contracts/openapi/vito.openapi.yaml","via-bff","","via-bff-mobile","","","","","TSHEPO ext_authz","vito-service","implemented-or-partial","","registry-service"
"vito-service:SnapshotController","/internal/v1/snapshots","services/vito-service/src/main/java/zw/gov/mohcc/impilo/vito/api/SnapshotController.java","backend-controller","registry/registry-spine","REST controller for vito-service","contracts/openapi/vito.openapi.yaml","via-bff","","via-bff-mobile","","","","","TSHEPO ext_authz","vito-service","implemented-or-partial","","registry-service"
"vito-service:WalletController","/v1/wallet","services/vito-service/src/main/java/zw/gov/mohcc/impilo/vito/api/WalletController.java","backend-controller","registry/registry-spine","REST controller for vito-service","contracts/openapi/vito.openapi.yaml","via-bff","","via-bff-mobile","","","","","TSHEPO ext_authz","vito-service","implemented-or-partial","","registry-service"
"vito-service:V11PatientsController","/internal/v1/patients","services/vito-service/src/main/java/zw/gov/mohcc/impilo/vito/api/v11/V11PatientsController.java","backend-controller","registry/registry-spine","REST controller for vito-service","contracts/openapi/vito.openapi.yaml","via-bff","","via-bff-mobile","","","","","TSHEPO ext_authz","vito-service","implemented-or-partial","","registry-service"
"vito-service:VitoV11ProbeController","/internal/v1","services/vito-service/src/main/java/zw/gov/mohcc/impilo/vito/api/v11/VitoV11ProbeController.java","backend-controller","registry/registry-spine","REST controller for vito-service","contracts/openapi/vito.openapi.yaml","via-bff","","via-bff-mobile","","","","","TSHEPO ext_authz","vito-service","implemented-or-partial","","registry-service"
"wellness-service","Wellness","services/wellness-service","backend-service","enterprise/wellness-compatibility-alias","Backend service module wellness-service","contract: contracts/openapi/wellness.openapi.yaml; status=partial","partial","","unknown","","","simba-service","4 migration(s) in wellness-service","TSHEPO ext_authz via Envoy","simba-service; experience-bff; integration-hub","production=baseline-assessed; impl=implemented-or-partial; frontend=unknown-or-partial","","backend-capability"
"wellness-service:CitizenMyLifeController","/internal/v1/mobile/citizen","services/wellness-service/src/main/java/zw/gov/mohcc/impilo/wellness/citizen/CitizenMyLifeController.java","backend-controller","enterprise/wellness-compatibility-alias","REST controller for wellness-service","contracts/openapi/wellness.openapi.yaml","via-bff","","via-bff-mobile","","","","","TSHEPO ext_authz","wellness-service","implemented-or-partial","","backend-capability"
"wellness-service:WellnessHealthConnectController","/internal/v1/wellness/connect/v1","services/wellness-service/src/main/java/zw/gov/mohcc/impilo/wellness/connect/WellnessHealthConnectController.java","backend-controller","enterprise/wellness-compatibility-alias","REST controller for wellness-service","contracts/openapi/wellness.openapi.yaml","via-bff","","via-bff-mobile","","","","","TSHEPO ext_authz","wellness-service","implemented-or-partial","","backend-capability"
"wellness-service:WellnessDomainController","/internal/v1/wellness","services/wellness-service/src/main/java/zw/gov/mohcc/impilo/wellness/domain/WellnessDomainController.java","backend-controller","enterprise/wellness-compatibility-alias","REST controller for wellness-service","contracts/openapi/wellness.openapi.yaml","via-bff","","via-bff-mobile","","","","","TSHEPO ext_authz","wellness-service","implemented-or-partial","","backend-capability"
"wellness-service:WellnessPersonalDataController","/internal/v1/wellness/personal-data","services/wellness-service/src/main/java/zw/gov/mohcc/impilo/wellness/personaldata/WellnessPersonalDataController.java","backend-controller","enterprise/wellness-compatibility-alias","REST controller for wellness-service","contracts/openapi/wellness.openapi.yaml","via-bff","","via-bff-mobile","","","","","TSHEPO ext_authz","wellness-service","implemented-or-partial","","backend-capability"
"workflow-service","Workflow","services/workflow-service","backend-service","integration/interoperability","Workflow canonical records","contract: contracts/openapi/workflow.openapi.yaml; status=partial","partial","","unknown","","","tshepo-authz-service","2 migration(s) in workflow-service","TSHEPO ext_authz via Envoy","tshepo-authz-service; experience-bff; integration-hub","production=baseline-assessed; impl=implemented-or-partial; frontend=unknown-or-partial","","backend-capability"
"workflow-service:WorkflowDefinitionController","/v1","services/workflow-service/src/main/java/zw/gov/mohcc/impilo/workflow/api/WorkflowDefinitionController.java","backend-controller","integration/interoperability","REST controller for workflow-service","contracts/openapi/workflow.openapi.yaml","via-bff","","via-bff-mobile","","","","","TSHEPO ext_authz","workflow-service","implemented-or-partial","","backend-capability"
"workflow-service:WorkflowInstanceController","/v1","services/workflow-service/src/main/java/zw/gov/mohcc/impilo/workflow/api/WorkflowInstanceController.java","backend-controller","integration/interoperability","REST controller for workflow-service","contracts/openapi/workflow.openapi.yaml","via-bff","","via-bff-mobile","","","","","TSHEPO ext_authz","workflow-service","implemented-or-partial","","backend-capability"
"workflow-service:WorkflowSnapshotController","/v1","services/workflow-service/src/main/java/zw/gov/mohcc/impilo/workflow/api/WorkflowSnapshotController.java","backend-controller","integration/interoperability","REST controller for workflow-service","contracts/openapi/workflow.openapi.yaml","via-bff","","via-bff-mobile","","","","","TSHEPO ext_authz","workflow-service","implemented-or-partial","","backend-capability"
"workforce-governance-service","Workforce Governance","services/workforce-governance-service","backend-service","enterprise/workforce-operations","Workforce Governance canonical records","contract: contracts/openapi/workforce-governance.openapi.yaml; status=partial","partial","","unknown","","","tshepo-authz-service","1 migration(s) in workforce-governance-service","TSHEPO ext_authz via Envoy","tshepo-authz-service; experience-bff; integration-hub","production=baseline-assessed; impl=implemented-or-partial; frontend=unknown-or-partial","","backend-capability"
"workforce-governance-service:GovernanceInternalController","/v1/internal/governance","services/workforce-governance-service/src/main/java/zw/gov/mohcc/impilo/governance/api/GovernanceInternalController.java","backend-controller","enterprise/workforce-operations","REST controller for workforce-governance-service","contracts/openapi/workforce-governance.openapi.yaml","via-bff","","via-bff-mobile","","","","","TSHEPO ext_authz","workforce-governance-service","implemented-or-partial","","backend-capability"
"zibo-service","ZIBO","services/zibo-service","backend-service","registry/terminology","Zibo canonical records","contract: contracts/openapi/zibo.openapi.yaml; status=partial","partial","ui/zibo-web","unknown","","ziboApi.ts","tshepo-authz-service","2 migration(s) in zibo-service","TSHEPO ext_authz via Envoy","tshepo-authz-service; experience-bff; integration-hub","production=baseline-assessed; impl=implemented-or-partial; frontend=unknown-or-partial","Separate zibo-web app only","registry-service"
"zibo-service:ArtifactController","/v1/artifacts","services/zibo-service/src/main/java/zw/gov/mohcc/impilo/zibo/api/controller/ArtifactController.java","backend-controller","registry/terminology","REST controller for zibo-service","contracts/openapi/zibo.openapi.yaml","via-bff","","via-bff-mobile","","","","","TSHEPO ext_authz","zibo-service","implemented-or-partial","","registry-service"
"zibo-service:AssignmentController","/v1/assignments","services/zibo-service/src/main/java/zw/gov/mohcc/impilo/zibo/api/controller/AssignmentController.java","backend-controller","registry/terminology","REST controller for zibo-service","contracts/openapi/zibo.openapi.yaml","via-bff","","via-bff-mobile","","","","","TSHEPO ext_authz","zibo-service","implemented-or-partial","","registry-service"
"zibo-service:GovernanceController","/v1/governance","services/zibo-service/src/main/java/zw/gov/mohcc/impilo/zibo/api/controller/GovernanceController.java","backend-controller","registry/terminology","REST controller for zibo-service","contracts/openapi/zibo.openapi.yaml","via-bff","","via-bff-mobile","","","","","TSHEPO ext_authz","zibo-service","implemented-or-partial","","registry-service"
"zibo-service:ImportExportController","/v1","services/zibo-service/src/main/java/zw/gov/mohcc/impilo/zibo/api/controller/ImportExportController.java","backend-controller","registry/terminology","REST controller for zibo-service","contracts/openapi/zibo.openapi.yaml","via-bff","","via-bff-mobile","","","","","TSHEPO ext_authz","zibo-service","implemented-or-partial","","registry-service"
"zibo-service:MappingController","/v1/map","services/zibo-service/src/main/java/zw/gov/mohcc/impilo/zibo/api/controller/MappingController.java","backend-controller","registry/terminology","REST controller for zibo-service","contracts/openapi/zibo.openapi.yaml","via-bff","","via-bff-mobile","","","","","TSHEPO ext_authz","zibo-service","implemented-or-partial","","registry-service"
"zibo-service:PackController","/v1/packs","services/zibo-service/src/main/java/zw/gov/mohcc/impilo/zibo/api/controller/PackController.java","backend-controller","registry/terminology","REST controller for zibo-service","contracts/openapi/zibo.openapi.yaml","via-bff","","via-bff-mobile","","","","","TSHEPO ext_authz","zibo-service","implemented-or-partial","","registry-service"
"zibo-service:SnapshotController","/internal/v1/snapshots","services/zibo-service/src/main/java/zw/gov/mohcc/impilo/zibo/api/controller/SnapshotController.java","backend-controller","registry/terminology","REST controller for zibo-service","contracts/openapi/zibo.openapi.yaml","via-bff","","via-bff-mobile","","","","","TSHEPO ext_authz","zibo-service","implemented-or-partial","","registry-service"
"zibo-service:ValidationController","/v1/validate","services/zibo-service/src/main/java/zw/gov/mohcc/impilo/zibo/api/controller/ValidationController.java","backend-controller","registry/terminology","REST controller for zibo-service","contracts/openapi/zibo.openapi.yaml","via-bff","","via-bff-mobile","","","","","TSHEPO ext_authz","zibo-service","implemented-or-partial","","registry-service"
"ai-model-registry.openapi.yaml","AI Model Registry Service","contracts/openapi/ai-model-registry.openapi.yaml","openapi-contract","contracts","OpenAPI contract with ~9 paths, ~14 operations","paths=9; operations=14","via-generated-client-or-bff","","via-bff-mobile","","","","","contract-defined","","documented","","api-contract"
"analytics-pipeline.openapi.yaml","Analytics Pipeline Service API","contracts/openapi/analytics-pipeline.openapi.yaml","openapi-contract","contracts","OpenAPI contract with ~3 paths, ~3 operations","paths=3; operations=3","via-generated-client-or-bff","","via-bff-mobile","","","","","contract-defined","","documented","","api-contract"
"asset-registry.openapi.yaml","""Asset Registry""","contracts/openapi/asset-registry.openapi.yaml","openapi-contract","contracts","OpenAPI contract with ~1 paths, ~1 operations","paths=1; operations=1","via-generated-client-or-bff","","via-bff-mobile","","","","","contract-defined","","documented","","api-contract"
"audit-ledger.openapi.yaml","Audit Ledger — Append-only audit chain API","contracts/openapi/audit-ledger.openapi.yaml","openapi-contract","contracts","OpenAPI contract with ~4 paths, ~5 operations","paths=4; operations=5","via-generated-client-or-bff","","via-bff-mobile","","","","","contract-defined","","documented","","api-contract"
"butano-fhir.openapi.yaml","BUTANO FHIR — Internal FHIR resource API","contracts/openapi/butano-fhir.openapi.yaml","openapi-contract","contracts","OpenAPI contract with ~4 paths, ~5 operations","paths=4; operations=5","via-generated-client-or-bff","","via-bff-mobile","","","","","contract-defined","","documented","","api-contract"
"butano.custom.openapi.yaml","BUTANO — Shared Health Record (Custom Endpoints)","contracts/openapi/butano.custom.openapi.yaml","openapi-contract","contracts","OpenAPI contract with ~7 paths, ~7 operations","paths=7; operations=7","via-generated-client-or-bff","","via-bff-mobile","","","","","contract-defined","","documented","","api-contract"
"campaigns.openapi.yaml","Campaigns Service API","contracts/openapi/campaigns.openapi.yaml","openapi-contract","contracts","OpenAPI contract with ~5 paths, ~6 operations","paths=5; operations=6","via-generated-client-or-bff","","via-bff-mobile","","","","","contract-defined","","documented","","api-contract"
"card-print.openapi.yaml","Card Print Agent API","contracts/openapi/card-print.openapi.yaml","openapi-contract","contracts","OpenAPI contract with ~5 paths, ~6 operations","paths=5; operations=6","via-generated-client-or-bff","","via-bff-mobile","","","","","contract-defined","","documented","","api-contract"
"channels.openapi.yaml","Channels — Multi-channel Messaging & Session API","contracts/openapi/channels.openapi.yaml","openapi-contract","contracts","OpenAPI contract with ~7 paths, ~8 operations","paths=7; operations=8","via-generated-client-or-bff","","via-bff-mobile","","","","","contract-defined","","documented","","api-contract"
"clinical-knowledge-platform.openapi.yaml","Clinical Knowledge Platform API","contracts/openapi/clinical-knowledge-platform.openapi.yaml","openapi-contract","contracts","OpenAPI contract with ~2 paths, ~2 operations","paths=2; operations=2","via-generated-client-or-bff","","via-bff-mobile","","","","","contract-defined","","documented","","api-contract"
"community.openapi.yaml","Community Service API","contracts/openapi/community.openapi.yaml","openapi-contract","contracts","OpenAPI contract with ~8 paths, ~11 operations","paths=8; operations=11","via-generated-client-or-bff","","via-bff-mobile","","","","","contract-defined","","documented","","api-contract"
"connector-fhir.openapi.yaml","""Connector FHIR""","contracts/openapi/connector-fhir.openapi.yaml","openapi-contract","contracts","OpenAPI contract with ~1 paths, ~1 operations","paths=1; operations=1","via-generated-client-or-bff","","via-bff-mobile","","","","","contract-defined","","documented","","api-contract"
"core-transaction-openapi.yaml","Core Transaction Composition API","contracts/openapi/core-transaction-openapi.yaml","openapi-contract","contracts","OpenAPI contract with ~10 paths, ~11 operations","paths=10; operations=11","via-generated-client-or-bff","","via-bff-mobile","","","","","contract-defined","","documented","","api-contract"
"costa-billing-extensions.yaml","costa-billing-extensions.yaml","contracts/openapi/costa-billing-extensions.yaml","openapi-contract","contracts","OpenAPI contract with ~0 paths, ~0 operations","paths=0; operations=0","via-generated-client-or-bff","","via-bff-mobile","","","","","contract-defined","","empty-or-stub","empty contract","api-contract"
"costa.openapi.yaml","COSTA — Costing Engine & Claims API","contracts/openapi/costa.openapi.yaml","openapi-contract","contracts","OpenAPI contract with ~25 paths, ~25 operations","paths=25; operations=25","via-generated-client-or-bff","","via-bff-mobile","","","","","contract-defined","","documented","","api-contract"
"coverage.openapi.yaml","Coverage Service API","contracts/openapi/coverage.openapi.yaml","openapi-contract","contracts","OpenAPI contract with ~28 paths, ~36 operations","paths=28; operations=36","via-generated-client-or-bff","","via-bff-mobile","","","","","contract-defined","","documented","","api-contract"
"credential-verification.openapi.yaml","Credential Verification Service API","contracts/openapi/credential-verification.openapi.yaml","openapi-contract","contracts","OpenAPI contract with ~5 paths, ~6 operations","paths=5; operations=6","via-generated-client-or-bff","","via-bff-mobile","","","","","contract-defined","","documented","","api-contract"
"data-access-governance.openapi.yaml","DAGS — Data Access Governance Service API","contracts/openapi/data-access-governance.openapi.yaml","openapi-contract","contracts","OpenAPI contract with ~5 paths, ~7 operations","paths=5; operations=7","via-generated-client-or-bff","","via-bff-mobile","","","","","contract-defined","","documented","","api-contract"
"data-governance.openapi.yaml","Data Governance Service API","contracts/openapi/data-governance.openapi.yaml","openapi-contract","contracts","OpenAPI contract with ~1 paths, ~1 operations","paths=1; operations=1","via-generated-client-or-bff","","via-bff-mobile","","","","","contract-defined","","documented","","api-contract"
"data-ingestion.openapi.yaml","""Data Ingestion""","contracts/openapi/data-ingestion.openapi.yaml","openapi-contract","contracts","OpenAPI contract with ~1 paths, ~1 operations","paths=1; operations=1","via-generated-client-or-bff","","via-bff-mobile","","","","","contract-defined","","documented","","api-contract"
"data-pipeline.openapi.yaml","""Data Pipeline""","contracts/openapi/data-pipeline.openapi.yaml","openapi-contract","contracts","OpenAPI contract with ~1 paths, ~1 operations","paths=1; operations=1","via-generated-client-or-bff","","via-bff-mobile","","","","","contract-defined","","documented","","api-contract"
"data-warehouse.openapi.yaml","""Data Warehouse""","contracts/openapi/data-warehouse.openapi.yaml","openapi-contract","contracts","OpenAPI contract with ~5 paths, ~5 operations","paths=5; operations=5","via-generated-client-or-bff","","via-bff-mobile","","","","","contract-defined","","documented","","api-contract"
"developer-portal.openapi.yaml","Developer Portal — Partner & API key management API","contracts/openapi/developer-portal.openapi.yaml","openapi-contract","contracts","OpenAPI contract with ~13 paths, ~15 operations","paths=13; operations=15","via-generated-client-or-bff","","via-bff-mobile","","","","","contract-defined","","documented","","api-contract"
"dispatch.openapi.yaml","""Dispatch""","contracts/openapi/dispatch.openapi.yaml","openapi-contract","contracts","OpenAPI contract with ~1 paths, ~1 operations","paths=1; operations=1","via-generated-client-or-bff","","via-bff-mobile","","","","","contract-defined","","documented","","api-contract"
"document-store.openapi.yaml","Document Store Service API","contracts/openapi/document-store.openapi.yaml","openapi-contract","contracts","OpenAPI contract with ~9 paths, ~12 operations","paths=9; operations=12","via-generated-client-or-bff","","via-bff-mobile","","","","","contract-defined","","documented","","api-contract"
"experience-bff.openapi.yaml","""Experience BFF""","contracts/openapi/experience-bff.openapi.yaml","openapi-contract","contracts","OpenAPI contract with ~162 paths, ~189 operations","paths=162; operations=189","via-generated-client-or-bff","","via-bff-mobile","","","","","contract-defined","","documented","","api-contract"
"fhir-gateway.openapi.yaml","FHIR Gateway — internal control API","contracts/openapi/fhir-gateway.openapi.yaml","openapi-contract","contracts","OpenAPI contract with ~4 paths, ~5 operations","paths=4; operations=5","via-generated-client-or-bff","","via-bff-mobile","","","","","contract-defined","","documented","","api-contract"
"forms.openapi.yaml","Forms Service API","contracts/openapi/forms.openapi.yaml","openapi-contract","contracts","OpenAPI contract with ~6 paths, ~7 operations","paths=6; operations=7","via-generated-client-or-bff","","via-bff-mobile","","","","","contract-defined","","documented","","api-contract"
"general-ledger.openapi.yaml","General Ledger Service","contracts/openapi/general-ledger.openapi.yaml","openapi-contract","contracts","OpenAPI contract with ~8 paths, ~9 operations","paths=8; operations=9","via-generated-client-or-bff","","via-bff-mobile","","","","","contract-defined","","documented","","api-contract"
"guidance.openapi.yaml","Guidance Service API","contracts/openapi/guidance.openapi.yaml","openapi-contract","contracts","OpenAPI contract with ~3 paths, ~3 operations","paths=3; operations=3","via-generated-client-or-bff","","via-bff-mobile","","","","","contract-defined","","documented","","api-contract"
"health-os-launcher.openapi.yaml","Health OS Launcher (Experience BFF surface)","contracts/openapi/health-os-launcher.openapi.yaml","openapi-contract","contracts","OpenAPI contract with ~3 paths, ~0 operations","paths=3; operations=0","via-generated-client-or-bff","","via-bff-mobile","","","","","contract-defined","","documented","","api-contract"
"hr-payroll.openapi.yaml","HR & Payroll Service","contracts/openapi/hr-payroll.openapi.yaml","openapi-contract","contracts","OpenAPI contract with ~8 paths, ~9 operations","paths=8; operations=9","via-generated-client-or-bff","","via-bff-mobile","","","","","contract-defined","","documented","","api-contract"
"identity-assurance.openapi.yaml","Identity Assurance — Attestations & risk API","contracts/openapi/identity-assurance.openapi.yaml","openapi-contract","contracts","OpenAPI contract with ~2 paths, ~3 operations","paths=2; operations=3","via-generated-client-or-bff","","via-bff-mobile","","","","","contract-defined","","documented","","api-contract"
"imaging-viewer-launch.openapi.yaml","Impilo Imaging Viewer Launch Contract","contracts/openapi/imaging-viewer-launch.openapi.yaml","openapi-contract","contracts","OpenAPI contract with ~2 paths, ~2 operations","paths=2; operations=2","via-generated-client-or-bff","","via-bff-mobile","","","","","contract-defined","","documented","","api-contract"
"indawo.openapi.yaml","INDAWO — Site & Address Registry API","contracts/openapi/indawo.openapi.yaml","openapi-contract","contracts","OpenAPI contract with ~3 paths, ~4 operations","paths=3; operations=4","via-generated-client-or-bff","","via-bff-mobile","","","","","contract-defined","","documented","","api-contract"
"inpatient.openapi.yaml","Inpatient Service API","contracts/openapi/inpatient.openapi.yaml","openapi-contract","contracts","OpenAPI contract with ~6 paths, ~7 operations","paths=6; operations=7","via-generated-client-or-bff","","via-bff-mobile","","","","","contract-defined","","documented","","api-contract"
"integration-hub.openapi.yaml","Integration Hub API","contracts/openapi/integration-hub.openapi.yaml","openapi-contract","contracts","OpenAPI contract with ~2 paths, ~3 operations","paths=2; operations=3","via-generated-client-or-bff","","via-bff-mobile","","","","","contract-defined","","documented","","api-contract"
"integration-registry.openapi.yaml","Integration Service Governance Registry API","contracts/openapi/integration-registry.openapi.yaml","openapi-contract","contracts","OpenAPI contract with ~9 paths, ~0 operations","paths=9; operations=0","via-generated-client-or-bff","","via-bff-mobile","","","","","contract-defined","","documented","","api-contract"
"inventory-elmis.openapi.yaml","""Inventory eLMIS""","contracts/openapi/inventory-elmis.openapi.yaml","openapi-contract","contracts","OpenAPI contract with ~1 paths, ~1 operations","paths=1; operations=1","via-generated-client-or-bff","","via-bff-mobile","","","","","contract-defined","","documented","","api-contract"
"inventory.openapi.yaml","Inventory & Supply Chain Service API","contracts/openapi/inventory.openapi.yaml","openapi-contract","contracts","OpenAPI contract with ~39 paths, ~39 operations","paths=39; operations=39","via-generated-client-or-bff","","via-bff-mobile","","","","","contract-defined","","documented","","api-contract"
"iot-ingestion.openapi.yaml","""IoT Ingestion""","contracts/openapi/iot-ingestion.openapi.yaml","openapi-contract","contracts","OpenAPI contract with ~1 paths, ~1 operations","paths=1; operations=1","via-generated-client-or-bff","","via-bff-mobile","","","","","contract-defined","","documented","","api-contract"
"jobs.openapi.yaml","""Jobs""","contracts/openapi/jobs.openapi.yaml","openapi-contract","contracts","OpenAPI contract with ~1 paths, ~1 operations","paths=1; operations=1","via-generated-client-or-bff","","via-bff-mobile","","","","","contract-defined","","documented","","api-contract"
"landela-adapter.openapi.yaml","Landela Adapter Service API","contracts/openapi/landela-adapter.openapi.yaml","openapi-contract","contracts","OpenAPI contract with ~8 paths, ~9 operations","paths=8; operations=9","via-generated-client-or-bff","","via-bff-mobile","","","","","contract-defined","","documented","","api-contract"
"learning.openapi.yaml","Learning Service (Impilo Fundo) — Internal API","contracts/openapi/learning.openapi.yaml","openapi-contract","contracts","OpenAPI contract with ~66 paths, ~81 operations","paths=66; operations=81","via-generated-client-or-bff","","via-bff-mobile","","","","","contract-defined","","documented","","api-contract"
"mobile-citizen.openapi.yaml","Impilo Mobile Citizen API (BFF)","contracts/openapi/mobile-citizen.openapi.yaml","openapi-contract","contracts","OpenAPI contract with ~10 paths, ~11 operations","paths=10; operations=11","via-generated-client-or-bff","","via-bff-mobile","","","","","contract-defined","","documented","","api-contract"
"mobile-provider.openapi.yaml","Impilo Mobile Provider API (BFF)","contracts/openapi/mobile-provider.openapi.yaml","openapi-contract","contracts","OpenAPI contract with ~26 paths, ~29 operations","paths=26; operations=29","via-generated-client-or-bff","","via-bff-mobile","","","","","contract-defined","","documented","","api-contract"
"monitoring.openapi.yaml","Impilo Citizen Monitoring API (v1)","contracts/openapi/monitoring.openapi.yaml","openapi-contract","contracts","OpenAPI contract with ~2 paths, ~3 operations","paths=2; operations=3","via-generated-client-or-bff","","via-bff-mobile","","","","","contract-defined","","documented","","api-contract"
"msika-apps.openapi.yaml","Msika Apps — Capability Marketplace API","contracts/openapi/msika-apps.openapi.yaml","openapi-contract","contracts","OpenAPI contract with ~12 paths, ~0 operations","paths=12; operations=0","via-generated-client-or-bff","","via-bff-mobile","","","","","contract-defined","","documented","","api-contract"
"msika-core.openapi.yaml","MSIKA Core — National Products & Services Registry API","contracts/openapi/msika-core.openapi.yaml","openapi-contract","contracts","OpenAPI contract with ~23 paths, ~26 operations","paths=23; operations=26","via-generated-client-or-bff","","via-bff-mobile","","","","","contract-defined","","documented","","api-contract"
"msika-flow.openapi.yaml","MSIKA Flow — Health Marketplace Orchestration API","contracts/openapi/msika-flow.openapi.yaml","openapi-contract","contracts","OpenAPI contract with ~29 paths, ~29 operations","paths=29; operations=29","via-generated-client-or-bff","","via-bff-mobile","","","","","contract-defined","","documented","","api-contract"
"mushe-wallet.openapi.yaml","Mushe Wallet — Health Payment Wallet & Smart Card Platform","contracts/openapi/mushe-wallet.openapi.yaml","openapi-contract","contracts","OpenAPI contract with ~29 paths, ~30 operations","paths=29; operations=30","via-generated-client-or-bff","","via-bff-mobile","","","","","contract-defined","","documented","","api-contract"
"mushex.openapi.yaml","MUSHEX — Health Payments, Remittances & Claims Switching API","contracts/openapi/mushex.openapi.yaml","openapi-contract","contracts","OpenAPI contract with ~30 paths, ~32 operations","paths=30; operations=32","via-generated-client-or-bff","","via-bff-mobile","","","","","contract-defined","","documented","","api-contract"
"mvumo.openapi.yaml","MVUMO Trust Orchestration API","contracts/openapi/mvumo.openapi.yaml","openapi-contract","contracts","OpenAPI contract with ~6 paths, ~0 operations","paths=6; operations=0","via-generated-client-or-bff","","via-bff-mobile","","","","","contract-defined","","documented","","api-contract"
"national-data-repository.openapi.yaml","""National Data Repository""","contracts/openapi/national-data-repository.openapi.yaml","openapi-contract","contracts","OpenAPI contract with ~4 paths, ~5 operations","paths=4; operations=5","via-generated-client-or-bff","","via-bff-mobile","","","","","contract-defined","","documented","","api-contract"
"ndila.openapi.yaml","Ndila Service API","contracts/openapi/ndila.openapi.yaml","openapi-contract","contracts","OpenAPI contract with ~37 paths, ~38 operations","paths=37; operations=38","via-generated-client-or-bff","","via-bff-mobile","","","","","contract-defined","","documented","","api-contract"
"ndr.openapi.yaml","""NDR""","contracts/openapi/ndr.openapi.yaml","openapi-contract","contracts","OpenAPI contract with ~5 paths, ~5 operations","paths=5; operations=5","via-generated-client-or-bff","","via-bff-mobile","","","","","contract-defined","","documented","","api-contract"
"notification.openapi.yaml","Notification Service API","contracts/openapi/notification.openapi.yaml","openapi-contract","contracts","OpenAPI contract with ~9 paths, ~12 operations","paths=9; operations=12","via-generated-client-or-bff","","via-bff-mobile","","","","","contract-defined","","documented","","api-contract"
"observability.openapi.yaml","""Observability""","contracts/openapi/observability.openapi.yaml","openapi-contract","contracts","OpenAPI contract with ~1 paths, ~1 operations","paths=1; operations=1","via-generated-client-or-bff","","via-bff-mobile","","","","","contract-defined","","documented","","api-contract"
"offline-edge.openapi.yaml","""Offline Edge""","contracts/openapi/offline-edge.openapi.yaml","openapi-contract","contracts","OpenAPI contract with ~1 paths, ~1 operations","paths=1; operations=1","via-generated-client-or-bff","","via-bff-mobile","","","","","contract-defined","","documented","","api-contract"
"offline-sync.openapi.yaml","Offline Sync — Sync Pack & Conflict Queue API","contracts/openapi/offline-sync.openapi.yaml","openapi-contract","contracts","OpenAPI contract with ~8 paths, ~9 operations","paths=8; operations=9","via-generated-client-or-bff","","via-bff-mobile","","","","","contract-defined","","documented","","api-contract"
"oros.openapi.yaml","""OROS -- Orders & Results Orchestration Service API""","contracts/openapi/oros.openapi.yaml","openapi-contract","contracts","OpenAPI contract with ~24 paths, ~28 operations","paths=24; operations=28","via-generated-client-or-bff","","via-bff-mobile","","","","","contract-defined","","documented","","api-contract"
"pacs-adapter.openapi.yaml","PACS Adapter — Imaging Execution & Orthanc Gateway API","contracts/openapi/pacs-adapter.openapi.yaml","openapi-contract","contracts","OpenAPI contract with ~20 paths, ~23 operations","paths=20; operations=23","via-generated-client-or-bff","","via-bff-mobile","","","","","contract-defined","","documented","","api-contract"
"pct.openapi.yaml","""PCT \u2014 Patient Care Tracker API""","contracts/openapi/pct.openapi.yaml","openapi-contract","contracts","OpenAPI contract with ~53 paths, ~55 operations","paths=53; operations=55","via-generated-client-or-bff","","via-bff-mobile","","","","","contract-defined","","documented","","api-contract"
"pharmacy-elmis.openapi.yaml","""Pharmacy eLMIS""","contracts/openapi/pharmacy-elmis.openapi.yaml","openapi-contract","contracts","OpenAPI contract with ~1 paths, ~1 operations","paths=1; operations=1","via-generated-client-or-bff","","via-bff-mobile","","","","","contract-defined","","documented","","api-contract"
"pharmacy.openapi.yaml","OROS Pharmacy Service API","contracts/openapi/pharmacy.openapi.yaml","openapi-contract","contracts","OpenAPI contract with ~26 paths, ~26 operations","paths=26; operations=26","via-generated-client-or-bff","","via-bff-mobile","","","","","contract-defined","","documented","","api-contract"
"procurement.openapi.yaml","Procurement Service","contracts/openapi/procurement.openapi.yaml","openapi-contract","contracts","OpenAPI contract with ~9 paths, ~10 operations","paths=9; operations=10","via-generated-client-or-bff","","via-bff-mobile","","","","","contract-defined","","documented","","api-contract"
"product-registry.openapi.yaml","Product Registry Service API","contracts/openapi/product-registry.openapi.yaml","openapi-contract","contracts","OpenAPI contract with ~6 paths, ~7 operations","paths=6; operations=7","via-generated-client-or-bff","","via-bff-mobile","","","","","contract-defined","","documented","","api-contract"
"referral.openapi.yaml","Referral Service API","contracts/openapi/referral.openapi.yaml","openapi-contract","contracts","OpenAPI contract with ~6 paths, ~7 operations","paths=6; operations=7","via-generated-client-or-bff","","via-bff-mobile","","","","","contract-defined","","documented","","api-contract"
"reporting.openapi.yaml","""Reporting""","contracts/openapi/reporting.openapi.yaml","openapi-contract","contracts","OpenAPI contract with ~1 paths, ~1 operations","paths=1; operations=1","via-generated-client-or-bff","","via-bff-mobile","","","","","contract-defined","","documented","","api-contract"
"rtc-gateway.openapi.yaml","Impilo RTC Gateway API","contracts/openapi/rtc-gateway.openapi.yaml","openapi-contract","contracts","OpenAPI contract with ~4 paths, ~4 operations","paths=4; operations=4","via-generated-client-or-bff","","via-bff-mobile","","","","","contract-defined","","documented","","api-contract"
"rules.openapi.yaml","Rules Service API","contracts/openapi/rules.openapi.yaml","openapi-contract","contracts","OpenAPI contract with ~5 paths, ~6 operations","paths=5; operations=6","via-generated-client-or-bff","","via-bff-mobile","","","","","contract-defined","","documented","","api-contract"
"scheduling.openapi.yaml","Scheduling Service API","contracts/openapi/scheduling.openapi.yaml","openapi-contract","contracts","OpenAPI contract with ~4 paths, ~0 operations","paths=4; operations=0","via-generated-client-or-bff","","via-bff-mobile","","","","","contract-defined","","documented","","api-contract"
"schema-registry.openapi.yaml","Schema Registry — Event schema catalog API","contracts/openapi/schema-registry.openapi.yaml","openapi-contract","contracts","OpenAPI contract with ~6 paths, ~6 operations","paths=6; operations=6","via-generated-client-or-bff","","via-bff-mobile","","","","","contract-defined","","documented","","api-contract"
"search.openapi.yaml","Search Service API","contracts/openapi/search.openapi.yaml","openapi-contract","contracts","OpenAPI contract with ~4 paths, ~4 operations","paths=4; operations=4","via-generated-client-or-bff","","via-bff-mobile","","","","","contract-defined","","documented","","api-contract"
"security-hardening.openapi.yaml","""Security Hardening""","contracts/openapi/security-hardening.openapi.yaml","openapi-contract","contracts","OpenAPI contract with ~1 paths, ~1 operations","paths=1; operations=1","via-generated-client-or-bff","","via-bff-mobile","","","","","contract-defined","","documented","","api-contract"
"share-slip.openapi.yaml","Share Slip Service API","contracts/openapi/share-slip.openapi.yaml","openapi-contract","contracts","OpenAPI contract with ~7 paths, ~8 operations","paths=7; operations=8","via-generated-client-or-bff","","via-bff-mobile","","","","","contract-defined","","documented","","api-contract"
"simba.openapi.yaml","SIMBA — Wellness Tracker Service","contracts/openapi/simba.openapi.yaml","openapi-contract","contracts","OpenAPI contract with ~25 paths, ~37 operations","paths=25; operations=37","via-generated-client-or-bff","","via-bff-mobile","","","","","contract-defined","","documented","","api-contract"
"social.openapi.yaml","Community Social Surface","contracts/openapi/social.openapi.yaml","openapi-contract","contracts","OpenAPI contract with ~22 paths, ~30 operations","paths=22; operations=30","via-generated-client-or-bff","","via-bff-mobile","","","","","contract-defined","","documented","","api-contract"
"support.openapi.yaml","""Support""","contracts/openapi/support.openapi.yaml","openapi-contract","contracts","OpenAPI contract with ~1 paths, ~1 operations","paths=1; operations=1","via-generated-client-or-bff","","via-bff-mobile","","","","","contract-defined","","documented","","api-contract"
"surveillance.openapi.yaml","Surveillance Service API","contracts/openapi/surveillance.openapi.yaml","openapi-contract","contracts","OpenAPI contract with ~9 paths, ~12 operations","paths=9; operations=12","via-generated-client-or-bff","","via-bff-mobile","","","","","contract-defined","","documented","","api-contract"
"tshepo-audit.openapi.yaml","TSHEPO Audit — Immutable Audit Chain & Access History Service","contracts/openapi/tshepo-audit.openapi.yaml","openapi-contract","contracts","OpenAPI contract with ~9 paths, ~10 operations","paths=9; operations=10","via-generated-client-or-bff","","via-bff-mobile","","","","","contract-defined","","documented","","api-contract"
"tshepo-authz.openapi.yaml","TSHEPO Authz — Authorization & Policy Decision Service","contracts/openapi/tshepo-authz.openapi.yaml","openapi-contract","contracts","OpenAPI contract with ~16 paths, ~19 operations","paths=16; operations=19","via-generated-client-or-bff","","via-bff-mobile","","","","","contract-defined","","documented","","api-contract"
"tshepo-consent.openapi.yaml","TSHEPO Consent — Consent Directive & Share Link Governance","contracts/openapi/tshepo-consent.openapi.yaml","openapi-contract","contracts","OpenAPI contract with ~11 paths, ~13 operations","paths=11; operations=13","via-generated-client-or-bff","","via-bff-mobile","","","","","contract-defined","","documented","","api-contract"
"tshepo-identity.openapi.yaml","TSHEPO Identity — Clinical Pseudonymous Identity Service","contracts/openapi/tshepo-identity.openapi.yaml","openapi-contract","contracts","OpenAPI contract with ~14 paths, ~14 operations","paths=14; operations=14","via-generated-client-or-bff","","via-bff-mobile","","","","","contract-defined","","documented","","api-contract"
"tshepo-keys.openapi.yaml","TSHEPO Keys — Cryptographic Key Management & Signing Service","contracts/openapi/tshepo-keys.openapi.yaml","openapi-contract","contracts","OpenAPI contract with ~10 paths, ~12 operations","paths=10; operations=12","via-generated-client-or-bff","","via-bff-mobile","","","","","contract-defined","","documented","","api-contract"
"tshepo-offline.openapi.yaml","TSHEPO Offline — Offline Capability & Reconciliation Service","contracts/openapi/tshepo-offline.openapi.yaml","openapi-contract","contracts","OpenAPI contract with ~12 paths, ~14 operations","paths=12; operations=14","via-generated-client-or-bff","","via-bff-mobile","","","","","contract-defined","","documented","","api-contract"
"tshepo.openapi.yaml","""TSHEPO""","contracts/openapi/tshepo.openapi.yaml","openapi-contract","contracts","OpenAPI contract with ~1 paths, ~1 operations","paths=1; operations=1","via-generated-client-or-bff","","via-bff-mobile","","","","","contract-defined","","documented","","api-contract"
"tuso.openapi.yaml","TUSO — Facility, Workspace & Shift Context API","contracts/openapi/tuso.openapi.yaml","openapi-contract","contracts","OpenAPI contract with ~29 paths, ~34 operations","paths=29; operations=34","via-generated-client-or-bff","","via-bff-mobile","","","","","contract-defined","","documented","","api-contract"
"ubomi.openapi.yaml","UBOMI — Civil Registry Notifications API","contracts/openapi/ubomi.openapi.yaml","openapi-contract","contracts","OpenAPI contract with ~3 paths, ~4 operations","paths=3; operations=4","via-generated-client-or-bff","","via-bff-mobile","","","","","contract-defined","","documented","","api-contract"
"varapi.openapi.yaml","VARAPI — Provider & Professional Registry API","contracts/openapi/varapi.openapi.yaml","openapi-contract","contracts","OpenAPI contract with ~41 paths, ~44 operations","paths=41; operations=44","via-generated-client-or-bff","","via-bff-mobile","","","","","contract-defined","","documented","","api-contract"
"vito.openapi.yaml","VITO — Client Identity Registry","contracts/openapi/vito.openapi.yaml","openapi-contract","contracts","OpenAPI contract with ~57 paths, ~57 operations","paths=57; operations=57","via-generated-client-or-bff","","via-bff-mobile","","","","","contract-defined","","documented","","api-contract"
"wellness.openapi.yaml","Impilo Wellness Service API","contracts/openapi/wellness.openapi.yaml","openapi-contract","contracts","OpenAPI contract with ~34 paths, ~41 operations","paths=34; operations=41","via-generated-client-or-bff","","via-bff-mobile","","","","","contract-defined","","documented","","api-contract"
"workflow.openapi.yaml","Workflow Service API","contracts/openapi/workflow.openapi.yaml","openapi-contract","contracts","OpenAPI contract with ~2 paths, ~2 operations","paths=2; operations=2","via-generated-client-or-bff","","via-bff-mobile","","","","","contract-defined","","documented","","api-contract"
"workforce-governance.openapi.yaml","Workforce Governance Service API","contracts/openapi/workforce-governance.openapi.yaml","openapi-contract","contracts","OpenAPI contract with ~4 paths, ~0 operations","paths=4; operations=0","via-generated-client-or-bff","","via-bff-mobile","","","","","contract-defined","","documented","","api-contract"
"zibo.openapi.yaml","""ZIBO -- Terminology, Definitions & Classification API""","contracts/openapi/zibo.openapi.yaml","openapi-contract","contracts","OpenAPI contract with ~29 paths, ~35 operations","paths=29; operations=35","via-generated-client-or-bff","","via-bff-mobile","","","","","contract-defined","","documented","","api-contract"
"butano-shr.asyncapi.yaml","","contracts/asyncapi/butano-shr.asyncapi.yaml","asyncapi-contract","events","AsyncAPI event contract (~8 channel definitions)","event-contract","indirect","","indirect","","","kafka/outbox; channels~8","event_outbox tables","audit-trail","","documented","","api-contract"
"campaigns-outbound.asyncapi.yaml","","contracts/asyncapi/campaigns-outbound.asyncapi.yaml","asyncapi-contract","events","AsyncAPI event contract (~8 channel definitions)","event-contract","indirect","","indirect","","","kafka/outbox; channels~8","event_outbox tables","audit-trail","","documented","","api-contract"
"core-transaction-events.asyncapi.yaml","","contracts/asyncapi/core-transaction-events.asyncapi.yaml","asyncapi-contract","events","AsyncAPI event contract (~7 channel definitions)","event-contract","indirect","","indirect","","","kafka/outbox; channels~7","event_outbox tables","audit-trail","","documented","","api-contract"
"data-ingestion-bronze.asyncapi.yaml","","contracts/asyncapi/data-ingestion-bronze.asyncapi.yaml","asyncapi-contract","events","AsyncAPI event contract (~5 channel definitions)","event-contract","indirect","","indirect","","","kafka/outbox; channels~5","event_outbox tables","audit-trail","","documented","","api-contract"
"data-pipeline-reporting-aggregate.asyncapi.yaml","","contracts/asyncapi/data-pipeline-reporting-aggregate.asyncapi.yaml","asyncapi-contract","events","AsyncAPI event contract (~5 channel definitions)","event-contract","indirect","","indirect","","","kafka/outbox; channels~5","event_outbox tables","audit-trail","","documented","","api-contract"
"document-store.asyncapi.yaml","","contracts/asyncapi/document-store.asyncapi.yaml","asyncapi-contract","events","AsyncAPI event contract (~6 channel definitions)","event-contract","indirect","","indirect","","","kafka/outbox; channels~6","event_outbox tables","audit-trail","","documented","","api-contract"
"finance-oros-pharmacy.asyncapi.yaml","","contracts/asyncapi/finance-oros-pharmacy.asyncapi.yaml","asyncapi-contract","events","AsyncAPI event contract (~10 channel definitions)","event-contract","indirect","","indirect","","","kafka/outbox; channels~10","event_outbox tables","audit-trail","","documented","","api-contract"
"health-os-external-publishable-events.asyncapi.yaml","","contracts/asyncapi/health-os-external-publishable-events.asyncapi.yaml","asyncapi-contract","events","AsyncAPI event contract (~26 channel definitions)","event-contract","indirect","","indirect","","","kafka/outbox; channels~26","event_outbox tables","audit-trail","","documented","","api-contract"
"imaging-pipeline.asyncapi.yaml","","contracts/asyncapi/imaging-pipeline.asyncapi.yaml","asyncapi-contract","events","AsyncAPI event contract (~14 channel definitions)","event-contract","indirect","","indirect","","","kafka/outbox; channels~14","event_outbox tables","audit-trail","","documented","","api-contract"
"ndila-events.asyncapi.yaml","","contracts/asyncapi/ndila-events.asyncapi.yaml","asyncapi-contract","events","AsyncAPI event contract (~31 channel definitions)","event-contract","indirect","","indirect","","","kafka/outbox; channels~31","event_outbox tables","audit-trail","","documented","","api-contract"
"pct-clinical-encounter.asyncapi.yaml","","contracts/asyncapi/pct-clinical-encounter.asyncapi.yaml","asyncapi-contract","events","AsyncAPI event contract (~7 channel definitions)","event-contract","indirect","","indirect","","","kafka/outbox; channels~7","event_outbox tables","audit-trail","","documented","","api-contract"
"trust-governance.asyncapi.yaml","","contracts/asyncapi/trust-governance.asyncapi.yaml","asyncapi-contract","events","AsyncAPI event contract (~8 channel definitions)","event-contract","indirect","","indirect","","","kafka/outbox; channels~8","event_outbox tables","audit-trail","","documented","","api-contract"
"bff:AccessChannelsController","/internal/v1/access","services/experience-bff/src/main/java/zw/gov/mohcc/impilo/experience/controller/AccessChannelsController.java","bff-controller","experience/bff","Experience BFF controller at /internal/v1/access","experience-bff.openapi.yaml (partial baseline)","yes","","partial","","","","","TSHEPO session + ext_authz","experience-bff","implemented","BFF OpenAPI documents only ~189 of ~1406 handlers","bff-api-facade"
"bff:AccountDeletionController","/internal/v1/account","services/experience-bff/src/main/java/zw/gov/mohcc/impilo/experience/controller/AccountDeletionController.java","bff-controller","experience/bff","Experience BFF controller at /internal/v1/account","experience-bff.openapi.yaml (partial baseline)","yes","","partial","","","","","TSHEPO session + ext_authz","experience-bff","implemented","BFF OpenAPI documents only ~189 of ~1406 handlers","bff-api-facade"
"bff:AdminReportJobController","/internal/v1/admin/reports/jobs","services/experience-bff/src/main/java/zw/gov/mohcc/impilo/experience/controller/AdminReportJobController.java","bff-controller","experience/bff","Experience BFF controller at /internal/v1/admin/reports/jobs","experience-bff.openapi.yaml (partial baseline)","yes","","partial","","","","","TSHEPO session + ext_authz","experience-bff","implemented","BFF OpenAPI documents only ~189 of ~1406 handlers","bff-api-facade"
"bff:AdminUserController","/internal/v1/admin/users","services/experience-bff/src/main/java/zw/gov/mohcc/impilo/experience/controller/AdminUserController.java","bff-controller","experience/bff","Experience BFF controller at /internal/v1/admin/users","experience-bff.openapi.yaml (partial baseline)","yes","","partial","","","","","TSHEPO session + ext_authz","experience-bff","implemented","BFF OpenAPI documents only ~189 of ~1406 handlers","bff-api-facade"
"bff:AdminWardController","/internal/v1/admin/wards","services/experience-bff/src/main/java/zw/gov/mohcc/impilo/experience/controller/AdminWardController.java","bff-controller","experience/bff","Experience BFF controller at /internal/v1/admin/wards","experience-bff.openapi.yaml (partial baseline)","yes","","partial","","","","","TSHEPO session + ext_authz","experience-bff","implemented","BFF OpenAPI documents only ~189 of ~1406 handlers","bff-api-facade"
"bff:AiGovernanceController","/internal/v1/ai-governance","services/experience-bff/src/main/java/zw/gov/mohcc/impilo/experience/controller/AiGovernanceController.java","bff-controller","experience/bff","Experience BFF controller at /internal/v1/ai-governance","experience-bff.openapi.yaml (partial baseline)","yes","","partial","","","","","TSHEPO session + ext_authz","experience-bff","implemented","BFF OpenAPI documents only ~189 of ~1406 handlers","bff-api-facade"
"bff:AiModelRegistryController","/internal/v1","services/experience-bff/src/main/java/zw/gov/mohcc/impilo/experience/controller/AiModelRegistryController.java","bff-controller","experience/bff","Experience BFF controller at /internal/v1","experience-bff.openapi.yaml (partial baseline)","yes","","partial","","","","","TSHEPO session + ext_authz","experience-bff","implemented","BFF OpenAPI documents only ~189 of ~1406 handlers","bff-api-facade"
"bff:AllergiesController","/internal/v1/allergies","services/experience-bff/src/main/java/zw/gov/mohcc/impilo/experience/controller/AllergiesController.java","bff-controller","experience/bff","Experience BFF controller at /internal/v1/allergies","experience-bff.openapi.yaml (partial baseline)","yes","","partial","","","","","TSHEPO session + ext_authz","experience-bff","implemented","BFF OpenAPI documents only ~189 of ~1406 handlers","bff-api-facade"
"bff:AppealsExperienceController","/internal/v1/appeals","services/experience-bff/src/main/java/zw/gov/mohcc/impilo/experience/controller/AppealsExperienceController.java","bff-controller","experience/bff","Experience BFF controller at /internal/v1/appeals","experience-bff.openapi.yaml (partial baseline)","yes","","partial","","","","","TSHEPO session + ext_authz","experience-bff","implemented","BFF OpenAPI documents only ~189 of ~1406 handlers","bff-api-facade"
"bff:AssetRegistrySupplyBffController","/internal/v1/asset-registry","services/experience-bff/src/main/java/zw/gov/mohcc/impilo/experience/controller/AssetRegistrySupplyBffController.java","bff-controller","experience/bff","Experience BFF controller at /internal/v1/asset-registry","experience-bff.openapi.yaml (partial baseline)","yes","","partial","","","","","TSHEPO session + ext_authz","experience-bff","implemented","BFF OpenAPI documents only ~189 of ~1406 handlers","bff-api-facade"
"bff:AssistantNotificationsController","/internal/v1/assistant","services/experience-bff/src/main/java/zw/gov/mohcc/impilo/experience/controller/AssistantNotificationsController.java","bff-controller","experience/bff","Experience BFF controller at /internal/v1/assistant","experience-bff.openapi.yaml (partial baseline)","yes","","partial","","","","","TSHEPO session + ext_authz","experience-bff","implemented","BFF OpenAPI documents only ~189 of ~1406 handlers","bff-api-facade"
"bff:AuditController","/internal/v1/admin/audit","services/experience-bff/src/main/java/zw/gov/mohcc/impilo/experience/controller/AuditController.java","bff-controller","experience/bff","Experience BFF controller at /internal/v1/admin/audit","experience-bff.openapi.yaml (partial baseline)","yes","","partial","","","","","TSHEPO session + ext_authz","experience-bff","implemented","BFF OpenAPI documents only ~189 of ~1406 handlers","bff-api-facade"
"bff:AuthSessionController","/internal/v1","services/experience-bff/src/main/java/zw/gov/mohcc/impilo/experience/controller/AuthSessionController.java","bff-controller","experience/bff","Experience BFF controller at /internal/v1","experience-bff.openapi.yaml (partial baseline)","yes","","partial","","","","","TSHEPO session + ext_authz","experience-bff","implemented","BFF OpenAPI documents only ~189 of ~1406 handlers","bff-api-facade"
"bff:BedController","/internal/v1/beds","services/experience-bff/src/main/java/zw/gov/mohcc/impilo/experience/controller/BedController.java","bff-controller","experience/bff","Experience BFF controller at /internal/v1/beds","experience-bff.openapi.yaml (partial baseline)","yes","","partial","","","","","TSHEPO session + ext_authz","experience-bff","implemented","BFF OpenAPI documents only ~189 of ~1406 handlers","bff-api-facade"
"bff:BiometricPolicyBffController","/internal/v1/trust","services/experience-bff/src/main/java/zw/gov/mohcc/impilo/experience/controller/BiometricPolicyBffController.java","bff-controller","experience/bff","Experience BFF controller at /internal/v1/trust","experience-bff.openapi.yaml (partial baseline)","yes","","partial","","","","","TSHEPO session + ext_authz","experience-bff","implemented","BFF OpenAPI documents only ~189 of ~1406 handlers","bff-api-facade"
"bff:CareEmergencyInpatientController","/internal/v1","services/experience-bff/src/main/java/zw/gov/mohcc/impilo/experience/controller/CareEmergencyInpatientController.java","bff-controller","experience/bff","Experience BFF controller at /internal/v1","experience-bff.openapi.yaml (partial baseline)","yes","","partial","","","","","TSHEPO session + ext_authz","experience-bff","implemented","BFF OpenAPI documents only ~189 of ~1406 handlers","bff-api-facade"
"bff:ChannelsController","/internal/v1/channels","services/experience-bff/src/main/java/zw/gov/mohcc/impilo/experience/controller/ChannelsController.java","bff-controller","experience/bff","Experience BFF controller at /internal/v1/channels","experience-bff.openapi.yaml (partial baseline)","yes","","partial","","","","","TSHEPO session + ext_authz","experience-bff","implemented","BFF OpenAPI documents only ~189 of ~1406 handlers","bff-api-facade"
"bff:CitizenHealthSummaryWebController","/internal/v1/citizen","services/experience-bff/src/main/java/zw/gov/mohcc/impilo/experience/controller/CitizenHealthSummaryWebController.java","bff-controller","experience/bff","Experience BFF controller at /internal/v1/citizen","experience-bff.openapi.yaml (partial baseline)","yes","","partial","","","","","TSHEPO session + ext_authz","experience-bff","implemented","BFF OpenAPI documents only ~189 of ~1406 handlers","bff-api-facade"
"bff:ClientRegistryController","/internal/v1/client-registry","services/experience-bff/src/main/java/zw/gov/mohcc/impilo/experience/controller/ClientRegistryController.java","bff-controller","experience/bff","Experience BFF controller at /internal/v1/client-registry","experience-bff.openapi.yaml (partial baseline)","yes","","partial","","","","","TSHEPO session + ext_authz","experience-bff","implemented","BFF OpenAPI documents only ~189 of ~1406 handlers","bff-api-facade"
"bff:ClinicalCurationController","/internal/v1/clinical/curation","services/experience-bff/src/main/java/zw/gov/mohcc/impilo/experience/controller/ClinicalCurationController.java","bff-controller","experience/bff","Experience BFF controller at /internal/v1/clinical/curation","experience-bff.openapi.yaml (partial baseline)","yes","","partial","","","","","TSHEPO session + ext_authz","experience-bff","implemented","BFF OpenAPI documents only ~189 of ~1406 handlers","bff-api-facade"
"bff:ClinicalDepthController","/internal/v1","services/experience-bff/src/main/java/zw/gov/mohcc/impilo/experience/controller/ClinicalDepthController.java","bff-controller","experience/bff","Experience BFF controller at /internal/v1","experience-bff.openapi.yaml (partial baseline)","yes","","partial","","","","","TSHEPO session + ext_authz","experience-bff","implemented","BFF OpenAPI documents only ~189 of ~1406 handlers","bff-api-facade"
"bff:ClinicalDocumentsController","/internal/v1/clinical-documents","services/experience-bff/src/main/java/zw/gov/mohcc/impilo/experience/controller/ClinicalDocumentsController.java","bff-controller","experience/bff","Experience BFF controller at /internal/v1/clinical-documents","experience-bff.openapi.yaml (partial baseline)","yes","","partial","","","","","TSHEPO session + ext_authz","experience-bff","implemented","BFF OpenAPI documents only ~189 of ~1406 handlers","bff-api-facade"
"bff:ClinicalKnowledgeController","/internal/v1","services/experience-bff/src/main/java/zw/gov/mohcc/impilo/experience/controller/ClinicalKnowledgeController.java","bff-controller","experience/bff","Experience BFF controller at /internal/v1","experience-bff.openapi.yaml (partial baseline)","yes","","partial","","","","","TSHEPO session + ext_authz","experience-bff","implemented","BFF OpenAPI documents only ~189 of ~1406 handlers","bff-api-facade"
"bff:ClinicalNotesController","/internal/v1/clinical-notes","services/experience-bff/src/main/java/zw/gov/mohcc/impilo/experience/controller/ClinicalNotesController.java","bff-controller","experience/bff","Experience BFF controller at /internal/v1/clinical-notes","experience-bff.openapi.yaml (partial baseline)","yes","","partial","","","","","TSHEPO session + ext_authz","experience-bff","implemented","BFF OpenAPI documents only ~189 of ~1406 handlers","bff-api-facade"
"bff:ClinicalShrArtifactController","/internal/v1/clinical/shr-artifacts","services/experience-bff/src/main/java/zw/gov/mohcc/impilo/experience/controller/ClinicalShrArtifactController.java","bff-controller","experience/bff","Experience BFF controller at /internal/v1/clinical/shr-artifacts","experience-bff.openapi.yaml (partial baseline)","yes","","partial","","","","","TSHEPO session + ext_authz","experience-bff","implemented","BFF OpenAPI documents only ~189 of ~1406 handlers","bff-api-facade"
"bff:ClinicalSourceIngestionController","/internal/v1/clinical/source","services/experience-bff/src/main/java/zw/gov/mohcc/impilo/experience/controller/ClinicalSourceIngestionController.java","bff-controller","experience/bff","Experience BFF controller at /internal/v1/clinical/source","experience-bff.openapi.yaml (partial baseline)","yes","","partial","","","","","TSHEPO session + ext_authz","experience-bff","implemented","BFF OpenAPI documents only ~189 of ~1406 handlers","bff-api-facade"
"bff:ClinicalTimelineController","/internal/v1/timeline","services/experience-bff/src/main/java/zw/gov/mohcc/impilo/experience/controller/ClinicalTimelineController.java","bff-controller","experience/bff","Experience BFF controller at /internal/v1/timeline","experience-bff.openapi.yaml (partial baseline)","yes","","partial","","","","","TSHEPO session + ext_authz","experience-bff","implemented","BFF OpenAPI documents only ~189 of ~1406 handlers","bff-api-facade"
"bff:ClinicalToolsController","/internal/v1/clinical-tools","services/experience-bff/src/main/java/zw/gov/mohcc/impilo/experience/controller/ClinicalToolsController.java","bff-controller","experience/bff","Experience BFF controller at /internal/v1/clinical-tools","experience-bff.openapi.yaml (partial baseline)","yes","","partial","","","","","TSHEPO session + ext_authz","experience-bff","implemented","BFF OpenAPI documents only ~189 of ~1406 handlers","bff-api-facade"
"bff:ClinicalWorklistController","/internal/v1","services/experience-bff/src/main/java/zw/gov/mohcc/impilo/experience/controller/ClinicalWorklistController.java","bff-controller","experience/bff","Experience BFF controller at /internal/v1","experience-bff.openapi.yaml (partial baseline)","yes","","partial","","","","","TSHEPO session + ext_authz","experience-bff","implemented","BFF OpenAPI documents only ~189 of ~1406 handlers","bff-api-facade"
"bff:CommerceFlowController","/internal/v1/commerce","services/experience-bff/src/main/java/zw/gov/mohcc/impilo/experience/controller/CommerceFlowController.java","bff-controller","experience/bff","Experience BFF controller at /internal/v1/commerce","experience-bff.openapi.yaml (partial baseline)","yes","","partial","","","","","TSHEPO session + ext_authz","experience-bff","implemented","BFF OpenAPI documents only ~189 of ~1406 handlers","bff-api-facade"
"bff:CommerceSubstitutionController","/internal/v1/commerce","services/experience-bff/src/main/java/zw/gov/mohcc/impilo/experience/controller/CommerceSubstitutionController.java","bff-controller","experience/bff","Experience BFF controller at /internal/v1/commerce","experience-bff.openapi.yaml (partial baseline)","yes","","partial","","","","","TSHEPO session + ext_authz","experience-bff","implemented","BFF OpenAPI documents only ~189 of ~1406 handlers","bff-api-facade"
"bff:CommsApprovalController","/internal/v1/comms/approval-queue","services/experience-bff/src/main/java/zw/gov/mohcc/impilo/experience/controller/CommsApprovalController.java","bff-controller","experience/bff","Experience BFF controller at /internal/v1/comms/approval-queue","experience-bff.openapi.yaml (partial baseline)","yes","","partial","","","","","TSHEPO session + ext_authz","experience-bff","implemented","BFF OpenAPI documents only ~189 of ~1406 handlers","bff-api-facade"
"bff:CommsTemplateController","/internal/v1/comms/templates","services/experience-bff/src/main/java/zw/gov/mohcc/impilo/experience/controller/CommsTemplateController.java","bff-controller","experience/bff","Experience BFF controller at /internal/v1/comms/templates","experience-bff.openapi.yaml (partial baseline)","yes","","partial","","","","","TSHEPO session + ext_authz","experience-bff","implemented","BFF OpenAPI documents only ~189 of ~1406 handlers","bff-api-facade"
"bff:CommunicationController","/internal/v1/communication","services/experience-bff/src/main/java/zw/gov/mohcc/impilo/experience/controller/CommunicationController.java","bff-controller","experience/bff","Experience BFF controller at /internal/v1/communication","experience-bff.openapi.yaml (partial baseline)","yes","","partial","","","","","TSHEPO session + ext_authz","experience-bff","implemented","BFF OpenAPI documents only ~189 of ~1406 handlers","bff-api-facade"
"bff:CommunityController","/internal/v1/community","services/experience-bff/src/main/java/zw/gov/mohcc/impilo/experience/controller/CommunityController.java","bff-controller","experience/bff","Experience BFF controller at /internal/v1/community","experience-bff.openapi.yaml (partial baseline)","yes","","partial","","","","","TSHEPO session + ext_authz","experience-bff","implemented","BFF OpenAPI documents only ~189 of ~1406 handlers","bff-api-facade"
"bff:ConditionsController","/internal/v1/conditions","services/experience-bff/src/main/java/zw/gov/mohcc/impilo/experience/controller/ConditionsController.java","bff-controller","experience/bff","Experience BFF controller at /internal/v1/conditions","experience-bff.openapi.yaml (partial baseline)","yes","","partial","","","","","TSHEPO session + ext_authz","experience-bff","implemented","BFF OpenAPI documents only ~189 of ~1406 handlers","bff-api-facade"
"bff:CoreTransactionController","/internal/v1","services/experience-bff/src/main/java/zw/gov/mohcc/impilo/experience/controller/CoreTransactionController.java","bff-controller","experience/bff","Experience BFF controller at /internal/v1","experience-bff.openapi.yaml (partial baseline)","yes","","partial","","","","","TSHEPO session + ext_authz","experience-bff","implemented","BFF OpenAPI documents only ~189 of ~1406 handlers","bff-api-facade"
"bff:CostaIntelBffController","/internal/v1/finance/costa-intel","services/experience-bff/src/main/java/zw/gov/mohcc/impilo/experience/controller/CostaIntelBffController.java","bff-controller","experience/bff","Experience BFF controller at /internal/v1/finance/costa-intel","experience-bff.openapi.yaml (partial baseline)","yes","","partial","","","","","TSHEPO session + ext_authz","experience-bff","implemented","BFF OpenAPI documents only ~189 of ~1406 handlers","bff-api-facade"
"bff:CoverageController","/internal/v1/coverage","services/experience-bff/src/main/java/zw/gov/mohcc/impilo/experience/controller/CoverageController.java","bff-controller","experience/bff","Experience BFF controller at /internal/v1/coverage","experience-bff.openapi.yaml (partial baseline)","yes","","partial","","","","","TSHEPO session + ext_authz","experience-bff","implemented","BFF OpenAPI documents only ~189 of ~1406 handlers","bff-api-facade"
"bff:CoverageRegistrationPreviewController","/internal/v1/registry/coverage","services/experience-bff/src/main/java/zw/gov/mohcc/impilo/experience/controller/CoverageRegistrationPreviewController.java","bff-controller","experience/bff","Experience BFF controller at /internal/v1/registry/coverage","experience-bff.openapi.yaml (partial baseline)","yes","","partial","","","","","TSHEPO session + ext_authz","experience-bff","implemented","BFF OpenAPI documents only ~189 of ~1406 handlers","bff-api-facade"
"bff:CredentialVaultController","/internal/v1/credentials","services/experience-bff/src/main/java/zw/gov/mohcc/impilo/experience/controller/CredentialVaultController.java","bff-controller","experience/bff","Experience BFF controller at /internal/v1/credentials","experience-bff.openapi.yaml (partial baseline)","yes","","partial","","","","","TSHEPO session + ext_authz","experience-bff","implemented","BFF OpenAPI documents only ~189 of ~1406 handlers","bff-api-facade"
"bff:DataAccessGovernanceController","/internal/v1/governance/access","services/experience-bff/src/main/java/zw/gov/mohcc/impilo/experience/controller/DataAccessGovernanceController.java","bff-controller","experience/bff","Experience BFF controller at /internal/v1/governance/access","experience-bff.openapi.yaml (partial baseline)","yes","","partial","","","","","TSHEPO session + ext_authz","experience-bff","implemented","BFF OpenAPI documents only ~189 of ~1406 handlers","bff-api-facade"
"bff:DemoJourneyController","/internal/v1/demo-journeys","services/experience-bff/src/main/java/zw/gov/mohcc/impilo/experience/controller/DemoJourneyController.java","bff-controller","experience/bff","Experience BFF controller at /internal/v1/demo-journeys","experience-bff.openapi.yaml (partial baseline)","yes","","partial","","","","","TSHEPO session + ext_authz","experience-bff","implemented","BFF OpenAPI documents only ~189 of ~1406 handlers","bff-api-facade"
"bff:DeviceRegistryController","/internal/v1/devices","services/experience-bff/src/main/java/zw/gov/mohcc/impilo/experience/controller/DeviceRegistryController.java","bff-controller","experience/bff","Experience BFF controller at /internal/v1/devices","experience-bff.openapi.yaml (partial baseline)","yes","","partial","","","","","TSHEPO session + ext_authz","experience-bff","implemented","BFF OpenAPI documents only ~189 of ~1406 handlers","bff-api-facade"
"bff:DispatchController","/internal/v1/dispatch","services/experience-bff/src/main/java/zw/gov/mohcc/impilo/experience/controller/DispatchController.java","bff-controller","experience/bff","Experience BFF controller at /internal/v1/dispatch","experience-bff.openapi.yaml (partial baseline)","yes","","partial","","","","","TSHEPO session + ext_authz","experience-bff","implemented","BFF OpenAPI documents only ~189 of ~1406 handlers","bff-api-facade"
"bff:EhrPatientSummaryController","/internal/v1/summary","services/experience-bff/src/main/java/zw/gov/mohcc/impilo/experience/controller/EhrPatientSummaryController.java","bff-controller","experience/bff","Experience BFF controller at /internal/v1/summary","experience-bff.openapi.yaml (partial baseline)","yes","","partial","","","","","TSHEPO session + ext_authz","experience-bff","implemented","BFF OpenAPI documents only ~189 of ~1406 handlers","bff-api-facade"
"bff:EncounterController","/internal/v1/encounters","services/experience-bff/src/main/java/zw/gov/mohcc/impilo/experience/controller/EncounterController.java","bff-controller","experience/bff","Experience BFF controller at /internal/v1/encounters","experience-bff.openapi.yaml (partial baseline)","yes","","partial","","","","","TSHEPO session + ext_authz","experience-bff","implemented","BFF OpenAPI documents only ~189 of ~1406 handlers","bff-api-facade"
"bff:ErpGlBffController","/internal/v1/erp/gl","services/experience-bff/src/main/java/zw/gov/mohcc/impilo/experience/controller/ErpGlBffController.java","bff-controller","experience/bff","Experience BFF controller at /internal/v1/erp/gl","experience-bff.openapi.yaml (partial baseline)","yes","","partial","","","","","TSHEPO session + ext_authz","experience-bff","implemented","BFF OpenAPI documents only ~189 of ~1406 handlers","bff-api-facade"
"bff:ErpHrBffController","/internal/v1/erp/hr","services/experience-bff/src/main/java/zw/gov/mohcc/impilo/experience/controller/ErpHrBffController.java","bff-controller","experience/bff","Experience BFF controller at /internal/v1/erp/hr","experience-bff.openapi.yaml (partial baseline)","yes","","partial","","","","","TSHEPO session + ext_authz","experience-bff","implemented","BFF OpenAPI documents only ~189 of ~1406 handlers","bff-api-facade"
"bff:ErpProcurementBffController","/internal/v1/erp/procurement","services/experience-bff/src/main/java/zw/gov/mohcc/impilo/experience/controller/ErpProcurementBffController.java","bff-controller","experience/bff","Experience BFF controller at /internal/v1/erp/procurement","experience-bff.openapi.yaml (partial baseline)","yes","","partial","","","","","TSHEPO session + ext_authz","experience-bff","implemented","BFF OpenAPI documents only ~189 of ~1406 handlers","bff-api-facade"
"bff:ExtensionController","/internal/v1/extensions","services/experience-bff/src/main/java/zw/gov/mohcc/impilo/experience/controller/ExtensionController.java","bff-controller","experience/bff","Experience BFF controller at /internal/v1/extensions","experience-bff.openapi.yaml (partial baseline)","yes","","partial","","","","","TSHEPO session + ext_authz","experience-bff","implemented","BFF OpenAPI documents only ~189 of ~1406 handlers","bff-api-facade"
"bff:FacilityController","/internal/v1/facilities","services/experience-bff/src/main/java/zw/gov/mohcc/impilo/experience/controller/FacilityController.java","bff-controller","experience/bff","Experience BFF controller at /internal/v1/facilities","experience-bff.openapi.yaml (partial baseline)","yes","","partial","","","","","TSHEPO session + ext_authz","experience-bff","implemented","BFF OpenAPI documents only ~189 of ~1406 handlers","bff-api-facade"
"bff:FacilityOperationsAggregateController","/internal/v1/operations","services/experience-bff/src/main/java/zw/gov/mohcc/impilo/experience/controller/FacilityOperationsAggregateController.java","bff-controller","experience/bff","Experience BFF controller at /internal/v1/operations","experience-bff.openapi.yaml (partial baseline)","yes","","partial","","","","","TSHEPO session + ext_authz","experience-bff","implemented","BFF OpenAPI documents only ~189 of ~1406 handlers","bff-api-facade"
"bff:FacilityRegulatoryController","/internal/v1/facility-registry","services/experience-bff/src/main/java/zw/gov/mohcc/impilo/experience/controller/FacilityRegulatoryController.java","bff-controller","experience/bff","Experience BFF controller at /internal/v1/facility-registry","experience-bff.openapi.yaml (partial baseline)","yes","","partial","","","","","TSHEPO session + ext_authz","experience-bff","implemented","BFF OpenAPI documents only ~189 of ~1406 handlers","bff-api-facade"
"bff:FhirInteropController","/internal/v1/fhir","services/experience-bff/src/main/java/zw/gov/mohcc/impilo/experience/controller/FhirInteropController.java","bff-controller","experience/bff","Experience BFF controller at /internal/v1/fhir","experience-bff.openapi.yaml (partial baseline)","yes","","partial","","","","","TSHEPO session + ext_authz","experience-bff","implemented","BFF OpenAPI documents only ~189 of ~1406 handlers","bff-api-facade"
"bff:FinanceBillingWorkspaceController","/internal/v1/finance/billing-workspace","services/experience-bff/src/main/java/zw/gov/mohcc/impilo/experience/controller/FinanceBillingWorkspaceController.java","bff-controller","experience/bff","Experience BFF controller at /internal/v1/finance/billing-workspace","experience-bff.openapi.yaml (partial baseline)","yes","","partial","","","","","TSHEPO session + ext_authz","experience-bff","implemented","BFF OpenAPI documents only ~189 of ~1406 handlers","bff-api-facade"
"bff:FinanceController","/internal/v1/finance","services/experience-bff/src/main/java/zw/gov/mohcc/impilo/experience/controller/FinanceController.java","bff-controller","experience/bff","Experience BFF controller at /internal/v1/finance","experience-bff.openapi.yaml (partial baseline)","yes","","partial","","","","","TSHEPO session + ext_authz","experience-bff","implemented","BFF OpenAPI documents only ~189 of ~1406 handlers","bff-api-facade"
"bff:FinanceLedgerController","/internal/v1/finance/ledger","services/experience-bff/src/main/java/zw/gov/mohcc/impilo/experience/controller/FinanceLedgerController.java","bff-controller","experience/bff","Experience BFF controller at /internal/v1/finance/ledger","experience-bff.openapi.yaml (partial baseline)","yes","","partial","","","","","TSHEPO session + ext_authz","experience-bff","implemented","BFF OpenAPI documents only ~189 of ~1406 handlers","bff-api-facade"
"bff:FinanceMushexPlatformController","/internal/v1/finance/mushex-platform","services/experience-bff/src/main/java/zw/gov/mohcc/impilo/experience/controller/FinanceMushexPlatformController.java","bff-controller","experience/bff","Experience BFF controller at /internal/v1/finance/mushex-platform","experience-bff.openapi.yaml (partial baseline)","yes","","partial","","","","","TSHEPO session + ext_authz","experience-bff","implemented","BFF OpenAPI documents only ~189 of ~1406 handlers","bff-api-facade"
"bff:FinancialBudgetsBffController","/internal/v1/finance/budgets","services/experience-bff/src/main/java/zw/gov/mohcc/impilo/experience/controller/FinancialBudgetsBffController.java","bff-controller","experience/bff","Experience BFF controller at /internal/v1/finance/budgets","experience-bff.openapi.yaml (partial baseline)","yes","","partial","","","","","TSHEPO session + ext_authz","experience-bff","implemented","BFF OpenAPI documents only ~189 of ~1406 handlers","bff-api-facade"
"bff:FinancialDocumentFinanceBffController","/internal/v1/finance/documents","services/experience-bff/src/main/java/zw/gov/mohcc/impilo/experience/controller/FinancialDocumentFinanceBffController.java","bff-controller","experience/bff","Experience BFF controller at /internal/v1/finance/documents","experience-bff.openapi.yaml (partial baseline)","yes","","partial","","","","","TSHEPO session + ext_authz","experience-bff","implemented","BFF OpenAPI documents only ~189 of ~1406 handlers","bff-api-facade"
"bff:FinancialReportsBffController","/internal/v1/finance/reports","services/experience-bff/src/main/java/zw/gov/mohcc/impilo/experience/controller/FinancialReportsBffController.java","bff-controller","experience/bff","Experience BFF controller at /internal/v1/finance/reports","experience-bff.openapi.yaml (partial baseline)","yes","","partial","","","","","TSHEPO session + ext_authz","experience-bff","implemented","BFF OpenAPI documents only ~189 of ~1406 handlers","bff-api-facade"
"bff:GrowthController","/internal/v1/growth","services/experience-bff/src/main/java/zw/gov/mohcc/impilo/experience/controller/GrowthController.java","bff-controller","experience/bff","Experience BFF controller at /internal/v1/growth","experience-bff.openapi.yaml (partial baseline)","yes","","partial","","","","","TSHEPO session + ext_authz","experience-bff","implemented","BFF OpenAPI documents only ~189 of ~1406 handlers","bff-api-facade"
"bff:GuidanceController","/internal/v1/guidance","services/experience-bff/src/main/java/zw/gov/mohcc/impilo/experience/controller/GuidanceController.java","bff-controller","experience/bff","Experience BFF controller at /internal/v1/guidance","experience-bff.openapi.yaml (partial baseline)","yes","","partial","","","","","TSHEPO session + ext_authz","experience-bff","implemented","BFF OpenAPI documents only ~189 of ~1406 handlers","bff-api-facade"
"bff:HealthController","/internal/v1","services/experience-bff/src/main/java/zw/gov/mohcc/impilo/experience/controller/HealthController.java","bff-controller","experience/bff","Experience BFF controller at /internal/v1","experience-bff.openapi.yaml (partial baseline)","yes","","partial","","","","","TSHEPO session + ext_authz","experience-bff","implemented","BFF OpenAPI documents only ~189 of ~1406 handlers","bff-api-facade"
"bff:HealthIntelligenceController","/internal/v1/intelligence-plane","services/experience-bff/src/main/java/zw/gov/mohcc/impilo/experience/controller/HealthIntelligenceController.java","bff-controller","experience/bff","Experience BFF controller at /internal/v1/intelligence-plane","experience-bff.openapi.yaml (partial baseline)","yes","","partial","","","","","TSHEPO session + ext_authz","experience-bff","implemented","BFF OpenAPI documents only ~189 of ~1406 handlers","bff-api-facade"
"bff:HealthOsMarketplaceController","/internal/v1/marketplace","services/experience-bff/src/main/java/zw/gov/mohcc/impilo/experience/controller/HealthOsMarketplaceController.java","bff-controller","experience/bff","Experience BFF controller at /internal/v1/marketplace","experience-bff.openapi.yaml (partial baseline)","yes","","partial","","","","","TSHEPO session + ext_authz","experience-bff","implemented","BFF OpenAPI documents only ~189 of ~1406 handlers","bff-api-facade"
"bff:IdentityAssuranceController","/internal/v1/identity/assurance","services/experience-bff/src/main/java/zw/gov/mohcc/impilo/experience/controller/IdentityAssuranceController.java","bff-controller","experience/bff","Experience BFF controller at /internal/v1/identity/assurance","experience-bff.openapi.yaml (partial baseline)","yes","","partial","","","","","TSHEPO session + ext_authz","experience-bff","implemented","BFF OpenAPI documents only ~189 of ~1406 handlers","bff-api-facade"
"bff:IdentityServicesController","/internal/v1/identity","services/experience-bff/src/main/java/zw/gov/mohcc/impilo/experience/controller/IdentityServicesController.java","bff-controller","experience/bff","Experience BFF controller at /internal/v1/identity","experience-bff.openapi.yaml (partial baseline)","yes","","partial","","","","","TSHEPO session + ext_authz","experience-bff","implemented","BFF OpenAPI documents only ~189 of ~1406 handlers","bff-api-facade"
"bff:ImagingExperienceController","/internal/v1/imaging","services/experience-bff/src/main/java/zw/gov/mohcc/impilo/experience/controller/ImagingExperienceController.java","bff-controller","experience/bff","Experience BFF controller at /internal/v1/imaging","experience-bff.openapi.yaml (partial baseline)","yes","","partial","","","","","TSHEPO session + ext_authz","experience-bff","implemented","BFF OpenAPI documents only ~189 of ~1406 handlers","bff-api-facade"
"bff:ImmunizationsController","/internal/v1/immunizations","services/experience-bff/src/main/java/zw/gov/mohcc/impilo/experience/controller/ImmunizationsController.java","bff-controller","experience/bff","Experience BFF controller at /internal/v1/immunizations","experience-bff.openapi.yaml (partial baseline)","yes","","partial","","","","","TSHEPO session + ext_authz","experience-bff","implemented","BFF OpenAPI documents only ~189 of ~1406 handlers","bff-api-facade"
"bff:InpatientController","/internal/v1/inpatient","services/experience-bff/src/main/java/zw/gov/mohcc/impilo/experience/controller/InpatientController.java","bff-controller","experience/bff","Experience BFF controller at /internal/v1/inpatient","experience-bff.openapi.yaml (partial baseline)","yes","","partial","","","","","TSHEPO session + ext_authz","experience-bff","implemented","BFF OpenAPI documents only ~189 of ~1406 handlers","bff-api-facade"
"bff:IntegrationHubController","/internal/v1/integration-hub","services/experience-bff/src/main/java/zw/gov/mohcc/impilo/experience/controller/IntegrationHubController.java","bff-controller","experience/bff","Experience BFF controller at /internal/v1/integration-hub","experience-bff.openapi.yaml (partial baseline)","yes","","partial","","","","","TSHEPO session + ext_authz","experience-bff","implemented","BFF OpenAPI documents only ~189 of ~1406 handlers","bff-api-facade"
"bff:InventoryController","/internal/v1/inventory","services/experience-bff/src/main/java/zw/gov/mohcc/impilo/experience/controller/InventoryController.java","bff-controller","experience/bff","Experience BFF controller at /internal/v1/inventory","experience-bff.openapi.yaml (partial baseline)","yes","","partial","","","","","TSHEPO session + ext_authz","experience-bff","implemented","BFF OpenAPI documents only ~189 of ~1406 handlers","bff-api-facade"
"bff:InventoryElmisSupplyBffController","/internal/v1/inventory-elmis","services/experience-bff/src/main/java/zw/gov/mohcc/impilo/experience/controller/InventoryElmisSupplyBffController.java","bff-controller","experience/bff","Experience BFF controller at /internal/v1/inventory-elmis","experience-bff.openapi.yaml (partial baseline)","yes","","partial","","","","","TSHEPO session + ext_authz","experience-bff","implemented","BFF OpenAPI documents only ~189 of ~1406 handlers","bff-api-facade"
"bff:InventorySupplyBffController","/internal/v1/inventory","services/experience-bff/src/main/java/zw/gov/mohcc/impilo/experience/controller/InventorySupplyBffController.java","bff-controller","experience/bff","Experience BFF controller at /internal/v1/inventory","experience-bff.openapi.yaml (partial baseline)","yes","","partial","","","","","TSHEPO session + ext_authz","experience-bff","implemented","BFF OpenAPI documents only ~189 of ~1406 handlers","bff-api-facade"
"bff:LabOrdersController","/internal/v1/lab-orders","services/experience-bff/src/main/java/zw/gov/mohcc/impilo/experience/controller/LabOrdersController.java","bff-controller","experience/bff","Experience BFF controller at /internal/v1/lab-orders","experience-bff.openapi.yaml (partial baseline)","yes","","partial","","","","","TSHEPO session + ext_authz","experience-bff","implemented","BFF OpenAPI documents only ~189 of ~1406 handlers","bff-api-facade"
"bff:LabourMonitoringController","/internal/v1/labour-monitoring","services/experience-bff/src/main/java/zw/gov/mohcc/impilo/experience/controller/LabourMonitoringController.java","bff-controller","experience/bff","Experience BFF controller at /internal/v1/labour-monitoring","experience-bff.openapi.yaml (partial baseline)","yes","","partial","","","","","TSHEPO session + ext_authz","experience-bff","implemented","BFF OpenAPI documents only ~189 of ~1406 handlers","bff-api-facade"
"bff:LearningController","/internal/v1/learning","services/experience-bff/src/main/java/zw/gov/mohcc/impilo/experience/controller/LearningController.java","bff-controller","experience/bff","Experience BFF controller at /internal/v1/learning","experience-bff.openapi.yaml (partial baseline)","yes","","partial","","","","","TSHEPO session + ext_authz","experience-bff","implemented","BFF OpenAPI documents only ~189 of ~1406 handlers","bff-api-facade"
"bff:LlmGatewayController","/internal/v1","services/experience-bff/src/main/java/zw/gov/mohcc/impilo/experience/controller/LlmGatewayController.java","bff-controller","experience/bff","Experience BFF controller at /internal/v1","experience-bff.openapi.yaml (partial baseline)","yes","","partial","","","","","TSHEPO session + ext_authz","experience-bff","implemented","BFF OpenAPI documents only ~189 of ~1406 handlers","bff-api-facade"
"bff:MarketplaceController","/internal/v1/marketplace","services/experience-bff/src/main/java/zw/gov/mohcc/impilo/experience/controller/MarketplaceController.java","bff-controller","experience/bff","Experience BFF controller at /internal/v1/marketplace","experience-bff.openapi.yaml (partial baseline)","yes","","partial","","","","","TSHEPO session + ext_authz","experience-bff","implemented","BFF OpenAPI documents only ~189 of ~1406 handlers","bff-api-facade"
"bff:MarketplaceOpsController","/internal/v1/commerce/ops","services/experience-bff/src/main/java/zw/gov/mohcc/impilo/experience/controller/MarketplaceOpsController.java","bff-controller","experience/bff","Experience BFF controller at /internal/v1/commerce/ops","experience-bff.openapi.yaml (partial baseline)","yes","","partial","","","","","TSHEPO session + ext_authz","experience-bff","implemented","BFF OpenAPI documents only ~189 of ~1406 handlers","bff-api-facade"
"bff:MaternitySummaryController","/internal/v1/maternity","services/experience-bff/src/main/java/zw/gov/mohcc/impilo/experience/controller/MaternitySummaryController.java","bff-controller","experience/bff","Experience BFF controller at /internal/v1/maternity","experience-bff.openapi.yaml (partial baseline)","yes","","partial","","","","","TSHEPO session + ext_authz","experience-bff","implemented","BFF OpenAPI documents only ~189 of ~1406 handlers","bff-api-facade"
"bff:MobileCitizenController","/internal/v1/mobile/citizen","services/experience-bff/src/main/java/zw/gov/mohcc/impilo/experience/controller/MobileCitizenController.java","bff-controller","experience/bff","Experience BFF controller at /internal/v1/mobile/citizen","experience-bff.openapi.yaml (partial baseline)","yes","","yes","apps/mobile/*","","","","TSHEPO session + ext_authz","experience-bff","implemented","BFF OpenAPI documents only ~189 of ~1406 handlers","bff-api-facade"
"bff:MobileGovernanceController","/internal/v1/mobile/provider/governance","services/experience-bff/src/main/java/zw/gov/mohcc/impilo/experience/controller/MobileGovernanceController.java","bff-controller","experience/bff","Experience BFF controller at /internal/v1/mobile/provider/governance","experience-bff.openapi.yaml (partial baseline)","yes","","yes","apps/mobile/*","","","","TSHEPO session + ext_authz","experience-bff","implemented","BFF OpenAPI documents only ~189 of ~1406 handlers","bff-api-facade"
"bff:MobileProviderController","/internal/v1/mobile/provider","services/experience-bff/src/main/java/zw/gov/mohcc/impilo/experience/controller/MobileProviderController.java","bff-controller","experience/bff","Experience BFF controller at /internal/v1/mobile/provider","experience-bff.openapi.yaml (partial baseline)","yes","","yes","apps/mobile/*","","","","TSHEPO session + ext_authz","experience-bff","implemented","BFF OpenAPI documents only ~189 of ~1406 handlers","bff-api-facade"
"bff:MobileProviderExtendedController","/internal/v1/mobile/provider","services/experience-bff/src/main/java/zw/gov/mohcc/impilo/experience/controller/MobileProviderExtendedController.java","bff-controller","experience/bff","Experience BFF controller at /internal/v1/mobile/provider","experience-bff.openapi.yaml (partial baseline)","yes","","yes","apps/mobile/*","","","","TSHEPO session + ext_authz","experience-bff","implemented","BFF OpenAPI documents only ~189 of ~1406 handlers","bff-api-facade"
"bff:MsikaGovernanceController","/internal/v1/msika","services/experience-bff/src/main/java/zw/gov/mohcc/impilo/experience/controller/MsikaGovernanceController.java","bff-controller","experience/bff","Experience BFF controller at /internal/v1/msika","experience-bff.openapi.yaml (partial baseline)","yes","","partial","","","","","TSHEPO session + ext_authz","experience-bff","implemented","BFF OpenAPI documents only ~189 of ~1406 handlers","bff-api-facade"
"bff:MvumoAdminController","/internal/v1/mvumo-admin","services/experience-bff/src/main/java/zw/gov/mohcc/impilo/experience/controller/MvumoAdminController.java","bff-controller","experience/bff","Experience BFF controller at /internal/v1/mvumo-admin","experience-bff.openapi.yaml (partial baseline)","yes","","partial","","","","","TSHEPO session + ext_authz","experience-bff","implemented","BFF OpenAPI documents only ~189 of ~1406 handlers","bff-api-facade"
"bff:MvumoServiceProxyController","/internal/v1/mvumo/**","services/experience-bff/src/main/java/zw/gov/mohcc/impilo/experience/controller/MvumoServiceProxyController.java","bff-controller","experience/bff","Experience BFF controller at /internal/v1/mvumo/**","experience-bff.openapi.yaml (partial baseline)","yes","","partial","","","","","TSHEPO session + ext_authz","experience-bff","implemented","BFF OpenAPI documents only ~189 of ~1406 handlers","bff-api-facade"
"bff:NdilaController","/internal/v1/ndila","services/experience-bff/src/main/java/zw/gov/mohcc/impilo/experience/controller/NdilaController.java","bff-controller","experience/bff","Experience BFF controller at /internal/v1/ndila","experience-bff.openapi.yaml (partial baseline)","yes","","partial","","","","","TSHEPO session + ext_authz","experience-bff","implemented","BFF OpenAPI documents only ~189 of ~1406 handlers","bff-api-facade"
"bff:NhumeController","/internal/v1/nhume","services/experience-bff/src/main/java/zw/gov/mohcc/impilo/experience/controller/NhumeController.java","bff-controller","experience/bff","Experience BFF controller at /internal/v1/nhume","experience-bff.openapi.yaml (partial baseline)","yes","","partial","","","","","TSHEPO session + ext_authz","experience-bff","implemented","BFF OpenAPI documents only ~189 of ~1406 handlers","bff-api-facade"
"bff:NotificationController","/internal/v1/notifications","services/experience-bff/src/main/java/zw/gov/mohcc/impilo/experience/controller/NotificationController.java","bff-controller","experience/bff","Experience BFF controller at /internal/v1/notifications","experience-bff.openapi.yaml (partial baseline)","yes","","partial","","","","","TSHEPO session + ext_authz","experience-bff","implemented","BFF OpenAPI documents only ~189 of ~1406 handlers","bff-api-facade"
"bff:NotificationTemplateController","/internal/v1/notifications/templates","services/experience-bff/src/main/java/zw/gov/mohcc/impilo/experience/controller/NotificationTemplateController.java","bff-controller","experience/bff","Experience BFF controller at /internal/v1/notifications/templates","experience-bff.openapi.yaml (partial baseline)","yes","","partial","","","","","TSHEPO session + ext_authz","experience-bff","implemented","BFF OpenAPI documents only ~189 of ~1406 handlers","bff-api-facade"
"bff:OmnichannelController","/internal/v1/omnichannel","services/experience-bff/src/main/java/zw/gov/mohcc/impilo/experience/controller/OmnichannelController.java","bff-controller","experience/bff","Experience BFF controller at /internal/v1/omnichannel","experience-bff.openapi.yaml (partial baseline)","yes","","partial","","","","","TSHEPO session + ext_authz","experience-bff","implemented","BFF OpenAPI documents only ~189 of ~1406 handlers","bff-api-facade"
"bff:PacsController","/internal/v1/pacs","services/experience-bff/src/main/java/zw/gov/mohcc/impilo/experience/controller/PacsController.java","bff-controller","experience/bff","Experience BFF controller at /internal/v1/pacs","experience-bff.openapi.yaml (partial baseline)","yes","","partial","","","","","TSHEPO session + ext_authz","experience-bff","implemented","BFF OpenAPI documents only ~189 of ~1406 handlers","bff-api-facade"
"bff:PatientAccountFinanceBffController","/internal/v1/finance/patient-accounts","services/experience-bff/src/main/java/zw/gov/mohcc/impilo/experience/controller/PatientAccountFinanceBffController.java","bff-controller","experience/bff","Experience BFF controller at /internal/v1/finance/patient-accounts","experience-bff.openapi.yaml (partial baseline)","yes","","partial","","","","","TSHEPO session + ext_authz","experience-bff","implemented","BFF OpenAPI documents only ~189 of ~1406 handlers","bff-api-facade"
"bff:PatientController","/internal/v1/patients","services/experience-bff/src/main/java/zw/gov/mohcc/impilo/experience/controller/PatientController.java","bff-controller","experience/bff","Experience BFF controller at /internal/v1/patients","experience-bff.openapi.yaml (partial baseline)","yes","","partial","","","","","TSHEPO session + ext_authz","experience-bff","implemented","BFF OpenAPI documents only ~189 of ~1406 handlers","bff-api-facade"
"bff:PatientShareBffController","/internal/v1","services/experience-bff/src/main/java/zw/gov/mohcc/impilo/experience/controller/PatientShareBffController.java","bff-controller","experience/bff","Experience BFF controller at /internal/v1","experience-bff.openapi.yaml (partial baseline)","yes","","partial","","","","","TSHEPO session + ext_authz","experience-bff","implemented","BFF OpenAPI documents only ~189 of ~1406 handlers","bff-api-facade"
"bff:PayerClaimsController","/internal/v1/finance/payer-claims","services/experience-bff/src/main/java/zw/gov/mohcc/impilo/experience/controller/PayerClaimsController.java","bff-controller","experience/bff","Experience BFF controller at /internal/v1/finance/payer-claims","experience-bff.openapi.yaml (partial baseline)","yes","","partial","","","","","TSHEPO session + ext_authz","experience-bff","implemented","BFF OpenAPI documents only ~189 of ~1406 handlers","bff-api-facade"
"bff:PayerOpsController","/internal/v1/finance/payer-ops","services/experience-bff/src/main/java/zw/gov/mohcc/impilo/experience/controller/PayerOpsController.java","bff-controller","experience/bff","Experience BFF controller at /internal/v1/finance/payer-ops","experience-bff.openapi.yaml (partial baseline)","yes","","partial","","","","","TSHEPO session + ext_authz","experience-bff","implemented","BFF OpenAPI documents only ~189 of ~1406 handlers","bff-api-facade"
"bff:PaymentPlanFinanceBffController","/internal/v1/finance/payment-plans","services/experience-bff/src/main/java/zw/gov/mohcc/impilo/experience/controller/PaymentPlanFinanceBffController.java","bff-controller","experience/bff","Experience BFF controller at /internal/v1/finance/payment-plans","experience-bff.openapi.yaml (partial baseline)","yes","","partial","","","","","TSHEPO session + ext_authz","experience-bff","implemented","BFF OpenAPI documents only ~189 of ~1406 handlers","bff-api-facade"
"bff:PharmacyController","/internal/v1/pharmacy","services/experience-bff/src/main/java/zw/gov/mohcc/impilo/experience/controller/PharmacyController.java","bff-controller","experience/bff","Experience BFF controller at /internal/v1/pharmacy","experience-bff.openapi.yaml (partial baseline)","yes","","partial","","","","","TSHEPO session + ext_authz","experience-bff","implemented","BFF OpenAPI documents only ~189 of ~1406 handlers","bff-api-facade"
"bff:PolicyConsentController","/internal/v1/consent","services/experience-bff/src/main/java/zw/gov/mohcc/impilo/experience/controller/PolicyConsentController.java","bff-controller","experience/bff","Experience BFF controller at /internal/v1/consent","experience-bff.openapi.yaml (partial baseline)","yes","","partial","","","","","TSHEPO session + ext_authz","experience-bff","implemented","BFF OpenAPI documents only ~189 of ~1406 handlers","bff-api-facade"
"bff:PreviewVersionController","/internal/v1","services/experience-bff/src/main/java/zw/gov/mohcc/impilo/experience/controller/PreviewVersionController.java","bff-controller","experience/bff","Experience BFF controller at /internal/v1","experience-bff.openapi.yaml (partial baseline)","yes","","partial","","","","","TSHEPO session + ext_authz","experience-bff","implemented","BFF OpenAPI documents only ~189 of ~1406 handlers","bff-api-facade"
"bff:PrivacyPreferencesController","/internal/v1/settings/privacy","services/experience-bff/src/main/java/zw/gov/mohcc/impilo/experience/controller/PrivacyPreferencesController.java","bff-controller","experience/bff","Experience BFF controller at /internal/v1/settings/privacy","experience-bff.openapi.yaml (partial baseline)","yes","","partial","","","","","TSHEPO session + ext_authz","experience-bff","implemented","BFF OpenAPI documents only ~189 of ~1406 handlers","bff-api-facade"
"bff:ProductRegistryController","/internal/v1/product-registry","services/experience-bff/src/main/java/zw/gov/mohcc/impilo/experience/controller/ProductRegistryController.java","bff-controller","experience/bff","Experience BFF controller at /internal/v1/product-registry","experience-bff.openapi.yaml (partial baseline)","yes","","partial","","","","","TSHEPO session + ext_authz","experience-bff","implemented","BFF OpenAPI documents only ~189 of ~1406 handlers","bff-api-facade"
"bff:ProviderActivationController","/internal/v1/identity/providers","services/experience-bff/src/main/java/zw/gov/mohcc/impilo/experience/controller/ProviderActivationController.java","bff-controller","experience/bff","Experience BFF controller at /internal/v1/identity/providers","experience-bff.openapi.yaml (partial baseline)","yes","","partial","","","","","TSHEPO session + ext_authz","experience-bff","implemented","BFF OpenAPI documents only ~189 of ~1406 handlers","bff-api-facade"
"bff:ProviderFinancingController","/internal/v1","services/experience-bff/src/main/java/zw/gov/mohcc/impilo/experience/controller/ProviderFinancingController.java","bff-controller","experience/bff","Experience BFF controller at /internal/v1","experience-bff.openapi.yaml (partial baseline)","yes","","partial","","","","","TSHEPO session + ext_authz","experience-bff","implemented","BFF OpenAPI documents only ~189 of ~1406 handlers","bff-api-facade"
"bff:PublicHealthController","/internal/v1/public-health","services/experience-bff/src/main/java/zw/gov/mohcc/impilo/experience/controller/PublicHealthController.java","bff-controller","experience/bff","Experience BFF controller at /internal/v1/public-health","experience-bff.openapi.yaml (partial baseline)","yes","","partial","","","","","TSHEPO session + ext_authz","experience-bff","implemented","BFF OpenAPI documents only ~189 of ~1406 handlers","bff-api-facade"
"bff:QueueController","/internal/v1/queue","services/experience-bff/src/main/java/zw/gov/mohcc/impilo/experience/controller/QueueController.java","bff-controller","experience/bff","Experience BFF controller at /internal/v1/queue","experience-bff.openapi.yaml (partial baseline)","yes","","partial","","","","","TSHEPO session + ext_authz","experience-bff","implemented","BFF OpenAPI documents only ~189 of ~1406 handlers","bff-api-facade"
"bff:ReconciliationController","/internal/v1/finance/reconciliation","services/experience-bff/src/main/java/zw/gov/mohcc/impilo/experience/controller/ReconciliationController.java","bff-controller","experience/bff","Experience BFF controller at /internal/v1/finance/reconciliation","experience-bff.openapi.yaml (partial baseline)","yes","","partial","","","","","TSHEPO session + ext_authz","experience-bff","implemented","BFF OpenAPI documents only ~189 of ~1406 handlers","bff-api-facade"
"bff:ReferralsController","/internal/v1/referrals","services/experience-bff/src/main/java/zw/gov/mohcc/impilo/experience/controller/ReferralsController.java","bff-controller","experience/bff","Experience BFF controller at /internal/v1/referrals","experience-bff.openapi.yaml (partial baseline)","yes","","partial","","","","","TSHEPO session + ext_authz","experience-bff","implemented","BFF OpenAPI documents only ~189 of ~1406 handlers","bff-api-facade"
"bff:RefundOpsController","/internal/v1/finance/refunds","services/experience-bff/src/main/java/zw/gov/mohcc/impilo/experience/controller/RefundOpsController.java","bff-controller","experience/bff","Experience BFF controller at /internal/v1/finance/refunds","experience-bff.openapi.yaml (partial baseline)","yes","","partial","","","","","TSHEPO session + ext_authz","experience-bff","implemented","BFF OpenAPI documents only ~189 of ~1406 handlers","bff-api-facade"
"bff:RegistryController","/internal/v1/registry","services/experience-bff/src/main/java/zw/gov/mohcc/impilo/experience/controller/RegistryController.java","bff-controller","experience/bff","Experience BFF controller at /internal/v1/registry","experience-bff.openapi.yaml (partial baseline)","yes","","partial","","","","","TSHEPO session + ext_authz","experience-bff","implemented","BFF OpenAPI documents only ~189 of ~1406 handlers","bff-api-facade"
"bff:RegistryDownstreamController","/internal/v1/registry-downstream","services/experience-bff/src/main/java/zw/gov/mohcc/impilo/experience/controller/RegistryDownstreamController.java","bff-controller","experience/bff","Experience BFF controller at /internal/v1/registry-downstream","experience-bff.openapi.yaml (partial baseline)","yes","","partial","","","","","TSHEPO session + ext_authz","experience-bff","implemented","BFF OpenAPI documents only ~189 of ~1406 handlers","bff-api-facade"
"bff:RegistryGeoLocalityController","/internal/v1/registry","services/experience-bff/src/main/java/zw/gov/mohcc/impilo/experience/controller/RegistryGeoLocalityController.java","bff-controller","experience/bff","Experience BFF controller at /internal/v1/registry","experience-bff.openapi.yaml (partial baseline)","yes","","partial","","","","","TSHEPO session + ext_authz","experience-bff","implemented","BFF OpenAPI documents only ~189 of ~1406 handlers","bff-api-facade"
"bff:RegistryShellController","/internal/v1/registry-shell","services/experience-bff/src/main/java/zw/gov/mohcc/impilo/experience/controller/RegistryShellController.java","bff-controller","experience/bff","Experience BFF controller at /internal/v1/registry-shell","experience-bff.openapi.yaml (partial baseline)","yes","","partial","","","","","TSHEPO session + ext_authz","experience-bff","implemented","BFF OpenAPI documents only ~189 of ~1406 handlers","bff-api-facade"
"bff:ReportJobController","/internal/v1/reports","services/experience-bff/src/main/java/zw/gov/mohcc/impilo/experience/controller/ReportJobController.java","bff-controller","experience/bff","Experience BFF controller at /internal/v1/reports","experience-bff.openapi.yaml (partial baseline)","yes","","partial","","","","","TSHEPO session + ext_authz","experience-bff","implemented","BFF OpenAPI documents only ~189 of ~1406 handlers","bff-api-facade"
"bff:SchedulingController","/internal/v1/appointments","services/experience-bff/src/main/java/zw/gov/mohcc/impilo/experience/controller/SchedulingController.java","bff-controller","experience/bff","Experience BFF controller at /internal/v1/appointments","experience-bff.openapi.yaml (partial baseline)","yes","","partial","","","","","TSHEPO session + ext_authz","experience-bff","implemented","BFF OpenAPI documents only ~189 of ~1406 handlers","bff-api-facade"
"bff:SearchController","/internal/v1/search","services/experience-bff/src/main/java/zw/gov/mohcc/impilo/experience/controller/SearchController.java","bff-controller","experience/bff","Experience BFF controller at /internal/v1/search","experience-bff.openapi.yaml (partial baseline)","yes","","partial","","","","","TSHEPO session + ext_authz","experience-bff","implemented","BFF OpenAPI documents only ~189 of ~1406 handlers","bff-api-facade"
"bff:ServiceAccessDecisionFinanceBffController","/internal/v1/finance/service-access-decisions","services/experience-bff/src/main/java/zw/gov/mohcc/impilo/experience/controller/ServiceAccessDecisionFinanceBffController.java","bff-controller","experience/bff","Experience BFF controller at /internal/v1/finance/service-access-decisions","experience-bff.openapi.yaml (partial baseline)","yes","","partial","","","","","TSHEPO session + ext_authz","experience-bff","implemented","BFF OpenAPI documents only ~189 of ~1406 handlers","bff-api-facade"
"bff:SettlementController","/internal/v1/finance/settlements","services/experience-bff/src/main/java/zw/gov/mohcc/impilo/experience/controller/SettlementController.java","bff-controller","experience/bff","Experience BFF controller at /internal/v1/finance/settlements","experience-bff.openapi.yaml (partial baseline)","yes","","partial","","","","","TSHEPO session + ext_authz","experience-bff","implemented","BFF OpenAPI documents only ~189 of ~1406 handlers","bff-api-facade"
"bff:ShellFileCatalogController","/internal/v1/shell/file-catalog","services/experience-bff/src/main/java/zw/gov/mohcc/impilo/experience/controller/ShellFileCatalogController.java","bff-controller","experience/bff","Experience BFF controller at /internal/v1/shell/file-catalog","experience-bff.openapi.yaml (partial baseline)","yes","","partial","","","","","TSHEPO session + ext_authz","experience-bff","implemented","BFF OpenAPI documents only ~189 of ~1406 handlers","bff-api-facade"
"bff:ShellWorkspaceStateController","/internal/v1/shell/workspace-state","services/experience-bff/src/main/java/zw/gov/mohcc/impilo/experience/controller/ShellWorkspaceStateController.java","bff-controller","experience/bff","Experience BFF controller at /internal/v1/shell/workspace-state","experience-bff.openapi.yaml (partial baseline)","yes","","partial","","","","","TSHEPO session + ext_authz","experience-bff","implemented","BFF OpenAPI documents only ~189 of ~1406 handlers","bff-api-facade"
"bff:ShiftController","/internal/v1/shifts","services/experience-bff/src/main/java/zw/gov/mohcc/impilo/experience/controller/ShiftController.java","bff-controller","experience/bff","Experience BFF controller at /internal/v1/shifts","experience-bff.openapi.yaml (partial baseline)","yes","","partial","","","","","TSHEPO session + ext_authz","experience-bff","implemented","BFF OpenAPI documents only ~189 of ~1406 handlers","bff-api-facade"
"bff:SocialComposerController","/internal/v1/social/composer","services/experience-bff/src/main/java/zw/gov/mohcc/impilo/experience/controller/SocialComposerController.java","bff-controller","experience/bff","Experience BFF controller at /internal/v1/social/composer","experience-bff.openapi.yaml (partial baseline)","yes","","partial","","","","","TSHEPO session + ext_authz","experience-bff","implemented","BFF OpenAPI documents only ~189 of ~1406 handlers","bff-api-facade"
"bff:SocialController","/internal/v1/social","services/experience-bff/src/main/java/zw/gov/mohcc/impilo/experience/controller/SocialController.java","bff-controller","experience/bff","Experience BFF controller at /internal/v1/social","experience-bff.openapi.yaml (partial baseline)","yes","","partial","","","","","TSHEPO session + ext_authz","experience-bff","implemented","BFF OpenAPI documents only ~189 of ~1406 handlers","bff-api-facade"
"bff:StaffingController","/internal/v1/staffing","services/experience-bff/src/main/java/zw/gov/mohcc/impilo/experience/controller/StaffingController.java","bff-controller","experience/bff","Experience BFF controller at /internal/v1/staffing","experience-bff.openapi.yaml (partial baseline)","yes","","partial","","","","","TSHEPO session + ext_authz","experience-bff","implemented","BFF OpenAPI documents only ~189 of ~1406 handlers","bff-api-facade"
"bff:StructuredHistoryController","/internal/v1/ehr","services/experience-bff/src/main/java/zw/gov/mohcc/impilo/experience/controller/StructuredHistoryController.java","bff-controller","experience/bff","Experience BFF controller at /internal/v1/ehr","experience-bff.openapi.yaml (partial baseline)","yes","","partial","","","","","TSHEPO session + ext_authz","experience-bff","implemented","BFF OpenAPI documents only ~189 of ~1406 handlers","bff-api-facade"
"bff:SummaryProxyController","/internal/v1/summary","services/experience-bff/src/main/java/zw/gov/mohcc/impilo/experience/controller/SummaryProxyController.java","bff-controller","experience/bff","Experience BFF controller at /internal/v1/summary","experience-bff.openapi.yaml (partial baseline)","yes","","partial","","","","","TSHEPO session + ext_authz","experience-bff","implemented","BFF OpenAPI documents only ~189 of ~1406 handlers","bff-api-facade"
"bff:SupportController","/internal/v1/support","services/experience-bff/src/main/java/zw/gov/mohcc/impilo/experience/controller/SupportController.java","bff-controller","experience/bff","Experience BFF controller at /internal/v1/support","experience-bff.openapi.yaml (partial baseline)","yes","","partial","","","","","TSHEPO session + ext_authz","experience-bff","implemented","BFF OpenAPI documents only ~189 of ~1406 handlers","bff-api-facade"
"bff:TeleconsultController","/internal/v1/teleconsult","services/experience-bff/src/main/java/zw/gov/mohcc/impilo/experience/controller/TeleconsultController.java","bff-controller","experience/bff","Experience BFF controller at /internal/v1/teleconsult","experience-bff.openapi.yaml (partial baseline)","yes","","partial","","","","","TSHEPO session + ext_authz","experience-bff","implemented","BFF OpenAPI documents only ~189 of ~1406 handlers","bff-api-facade"
"bff:TempIdReviewController","/internal/v1/admin/temp-id-review","services/experience-bff/src/main/java/zw/gov/mohcc/impilo/experience/controller/TempIdReviewController.java","bff-controller","experience/bff","Experience BFF controller at /internal/v1/admin/temp-id-review","experience-bff.openapi.yaml (partial baseline)","yes","","partial","","","","","TSHEPO session + ext_authz","experience-bff","implemented","BFF OpenAPI documents only ~189 of ~1406 handlers","bff-api-facade"
"bff:TriageController","/internal/v1/triage","services/experience-bff/src/main/java/zw/gov/mohcc/impilo/experience/controller/TriageController.java","bff-controller","experience/bff","Experience BFF controller at /internal/v1/triage","experience-bff.openapi.yaml (partial baseline)","yes","","partial","","","","","TSHEPO session + ext_authz","experience-bff","implemented","BFF OpenAPI documents only ~189 of ~1406 handlers","bff-api-facade"
"bff:TrustAdminController","/internal/v1/admin/trust","services/experience-bff/src/main/java/zw/gov/mohcc/impilo/experience/controller/TrustAdminController.java","bff-controller","experience/bff","Experience BFF controller at /internal/v1/admin/trust","experience-bff.openapi.yaml (partial baseline)","yes","","partial","","","","","TSHEPO session + ext_authz","experience-bff","implemented","BFF OpenAPI documents only ~189 of ~1406 handlers","bff-api-facade"
"bff:UbomiController","/internal/v1/ubomi","services/experience-bff/src/main/java/zw/gov/mohcc/impilo/experience/controller/UbomiController.java","bff-controller","experience/bff","Experience BFF controller at /internal/v1/ubomi","experience-bff.openapi.yaml (partial baseline)","yes","","partial","","","","","TSHEPO session + ext_authz","experience-bff","implemented","BFF OpenAPI documents only ~189 of ~1406 handlers","bff-api-facade"
"bff:VarapiBiometricBffController","/internal/v1/identity/biometric/varapi","services/experience-bff/src/main/java/zw/gov/mohcc/impilo/experience/controller/VarapiBiometricBffController.java","bff-controller","experience/bff","Experience BFF controller at /internal/v1/identity/biometric/varapi","experience-bff.openapi.yaml (partial baseline)","yes","","partial","","","","","TSHEPO session + ext_authz","experience-bff","implemented","BFF OpenAPI documents only ~189 of ~1406 handlers","bff-api-facade"
"bff:VendorOperationsController","/internal/v1/commerce/vendor","services/experience-bff/src/main/java/zw/gov/mohcc/impilo/experience/controller/VendorOperationsController.java","bff-controller","experience/bff","Experience BFF controller at /internal/v1/commerce/vendor","experience-bff.openapi.yaml (partial baseline)","yes","","partial","","","","","TSHEPO session + ext_authz","experience-bff","implemented","BFF OpenAPI documents only ~189 of ~1406 handlers","bff-api-facade"
"bff:VisibilityProfileController","/internal/v1/profile","services/experience-bff/src/main/java/zw/gov/mohcc/impilo/experience/controller/VisibilityProfileController.java","bff-controller","experience/bff","Experience BFF controller at /internal/v1/profile","experience-bff.openapi.yaml (partial baseline)","yes","","partial","","","","","TSHEPO session + ext_authz","experience-bff","implemented","BFF OpenAPI documents only ~189 of ~1406 handlers","bff-api-facade"
"bff:VitalsController","/internal/v1/vitals","services/experience-bff/src/main/java/zw/gov/mohcc/impilo/experience/controller/VitalsController.java","bff-controller","experience/bff","Experience BFF controller at /internal/v1/vitals","experience-bff.openapi.yaml (partial baseline)","yes","","partial","","","","","TSHEPO session + ext_authz","experience-bff","implemented","BFF OpenAPI documents only ~189 of ~1406 handlers","bff-api-facade"
"bff:VitoBiometricBffController","/internal/v1/identity/biometric/vito","services/experience-bff/src/main/java/zw/gov/mohcc/impilo/experience/controller/VitoBiometricBffController.java","bff-controller","experience/bff","Experience BFF controller at /internal/v1/identity/biometric/vito","experience-bff.openapi.yaml (partial baseline)","yes","","partial","","","","","TSHEPO session + ext_authz","experience-bff","implemented","BFF OpenAPI documents only ~189 of ~1406 handlers","bff-api-facade"
"bff:VitoCardsBffController","/internal/v1/vito/cards","services/experience-bff/src/main/java/zw/gov/mohcc/impilo/experience/controller/VitoCardsBffController.java","bff-controller","experience/bff","Experience BFF controller at /internal/v1/vito/cards","experience-bff.openapi.yaml (partial baseline)","yes","","partial","","","","","TSHEPO session + ext_authz","experience-bff","implemented","BFF OpenAPI documents only ~189 of ~1406 handlers","bff-api-facade"
"bff:VitoClientRegistryBffController","/internal/v1/vito/client-registry","services/experience-bff/src/main/java/zw/gov/mohcc/impilo/experience/controller/VitoClientRegistryBffController.java","bff-controller","experience/bff","Experience BFF controller at /internal/v1/vito/client-registry","experience-bff.openapi.yaml (partial baseline)","yes","","partial","","","","","TSHEPO session + ext_authz","experience-bff","implemented","BFF OpenAPI documents only ~189 of ~1406 handlers","bff-api-facade"
"bff:VitoDedupBffController","/internal/v1/vito/dedup","services/experience-bff/src/main/java/zw/gov/mohcc/impilo/experience/controller/VitoDedupBffController.java","bff-controller","experience/bff","Experience BFF controller at /internal/v1/vito/dedup","experience-bff.openapi.yaml (partial baseline)","yes","","partial","","","","","TSHEPO session + ext_authz","experience-bff","implemented","BFF OpenAPI documents only ~189 of ~1406 handlers","bff-api-facade"
"bff:VitoIdIssuanceBffController","/internal/v1/vito/identity","services/experience-bff/src/main/java/zw/gov/mohcc/impilo/experience/controller/VitoIdIssuanceBffController.java","bff-controller","experience/bff","Experience BFF controller at /internal/v1/vito/identity","experience-bff.openapi.yaml (partial baseline)","yes","","partial","","","","","TSHEPO session + ext_authz","experience-bff","implemented","BFF OpenAPI documents only ~189 of ~1406 handlers","bff-api-facade"
"bff:VitoInternalSearchBffController","/internal/v1/vito/internal/clients","services/experience-bff/src/main/java/zw/gov/mohcc/impilo/experience/controller/VitoInternalSearchBffController.java","bff-controller","experience/bff","Experience BFF controller at /internal/v1/vito/internal/clients","experience-bff.openapi.yaml (partial baseline)","yes","","partial","","","","","TSHEPO session + ext_authz","experience-bff","implemented","BFF OpenAPI documents only ~189 of ~1406 handlers","bff-api-facade"
"bff:VitoIssuanceBffController","/internal/v1/vito/issuance","services/experience-bff/src/main/java/zw/gov/mohcc/impilo/experience/controller/VitoIssuanceBffController.java","bff-controller","experience/bff","Experience BFF controller at /internal/v1/vito/issuance","experience-bff.openapi.yaml (partial baseline)","yes","","partial","","","","","TSHEPO session + ext_authz","experience-bff","implemented","BFF OpenAPI documents only ~189 of ~1406 handlers","bff-api-facade"
"bff:VitoMatchBffController","/internal/v1/vito/match","services/experience-bff/src/main/java/zw/gov/mohcc/impilo/experience/controller/VitoMatchBffController.java","bff-controller","experience/bff","Experience BFF controller at /internal/v1/vito/match","experience-bff.openapi.yaml (partial baseline)","yes","","partial","","","","","TSHEPO session + ext_authz","experience-bff","implemented","BFF OpenAPI documents only ~189 of ~1406 handlers","bff-api-facade"
"bff:VitoPrintBffController","/internal/v1/vito/print","services/experience-bff/src/main/java/zw/gov/mohcc/impilo/experience/controller/VitoPrintBffController.java","bff-controller","experience/bff","Experience BFF controller at /internal/v1/vito/print","experience-bff.openapi.yaml (partial baseline)","yes","","partial","","","","","TSHEPO session + ext_authz","experience-bff","implemented","BFF OpenAPI documents only ~189 of ~1406 handlers","bff-api-facade"
"bff:VitoPublicPatientSharesBffController","/internal/v1/vito/public/patient-shares","services/experience-bff/src/main/java/zw/gov/mohcc/impilo/experience/controller/VitoPublicPatientSharesBffController.java","bff-controller","experience/bff","Experience BFF controller at /internal/v1/vito/public/patient-shares","experience-bff.openapi.yaml (partial baseline)","yes","","partial","","","","","TSHEPO session + ext_authz","experience-bff","implemented","BFF OpenAPI documents only ~189 of ~1406 handlers","bff-api-facade"
"bff:VitoQrBffController","/internal/v1/vito/qr","services/experience-bff/src/main/java/zw/gov/mohcc/impilo/experience/controller/VitoQrBffController.java","bff-controller","experience/bff","Experience BFF controller at /internal/v1/vito/qr","experience-bff.openapi.yaml (partial baseline)","yes","","partial","","","","","TSHEPO session + ext_authz","experience-bff","implemented","BFF OpenAPI documents only ~189 of ~1406 handlers","bff-api-facade"
"bff:VitoRegistryAdminBffController","/internal/v1/vito/registry","services/experience-bff/src/main/java/zw/gov/mohcc/impilo/experience/controller/VitoRegistryAdminBffController.java","bff-controller","experience/bff","Experience BFF controller at /internal/v1/vito/registry","experience-bff.openapi.yaml (partial baseline)","yes","","partial","","","","","TSHEPO session + ext_authz","experience-bff","implemented","BFF OpenAPI documents only ~189 of ~1406 handlers","bff-api-facade"
"bff:VitoSlipsBffController","/internal/v1/vito/slips","services/experience-bff/src/main/java/zw/gov/mohcc/impilo/experience/controller/VitoSlipsBffController.java","bff-controller","experience/bff","Experience BFF controller at /internal/v1/vito/slips","experience-bff.openapi.yaml (partial baseline)","yes","","partial","","","","","TSHEPO session + ext_authz","experience-bff","implemented","BFF OpenAPI documents only ~189 of ~1406 handlers","bff-api-facade"
"bff:WalletController","/internal/v1/wallet","services/experience-bff/src/main/java/zw/gov/mohcc/impilo/experience/controller/WalletController.java","bff-controller","experience/bff","Experience BFF controller at /internal/v1/wallet","experience-bff.openapi.yaml (partial baseline)","yes","","partial","","","","","TSHEPO session + ext_authz","experience-bff","implemented","BFF OpenAPI documents only ~189 of ~1406 handlers","bff-api-facade"
"bff:WellnessController","/internal/v1/wellness","services/experience-bff/src/main/java/zw/gov/mohcc/impilo/experience/controller/WellnessController.java","bff-controller","experience/bff","Experience BFF controller at /internal/v1/wellness","experience-bff.openapi.yaml (partial baseline)","yes","","partial","","","","","TSHEPO session + ext_authz","experience-bff","implemented","BFF OpenAPI documents only ~189 of ~1406 handlers","bff-api-facade"
"bff:WorkflowController","/internal/v1/workflows","services/experience-bff/src/main/java/zw/gov/mohcc/impilo/experience/controller/WorkflowController.java","bff-controller","experience/bff","Experience BFF controller at /internal/v1/workflows","experience-bff.openapi.yaml (partial baseline)","yes","","partial","","","","","TSHEPO session + ext_authz","experience-bff","implemented","BFF OpenAPI documents only ~189 of ~1406 handlers","bff-api-facade"
"bff:WorkforceGovernanceController","/internal/v1/workforce-governance","services/experience-bff/src/main/java/zw/gov/mohcc/impilo/experience/controller/WorkforceGovernanceController.java","bff-controller","experience/bff","Experience BFF controller at /internal/v1/workforce-governance","experience-bff.openapi.yaml (partial baseline)","yes","","partial","","","","","TSHEPO session + ext_authz","experience-bff","implemented","BFF OpenAPI documents only ~189 of ~1406 handlers","bff-api-facade"
"bff:WorkspaceController","/internal/v1/workspaces","services/experience-bff/src/main/java/zw/gov/mohcc/impilo/experience/controller/WorkspaceController.java","bff-controller","experience/bff","Experience BFF controller at /internal/v1/workspaces","experience-bff.openapi.yaml (partial baseline)","yes","","partial","","","","","TSHEPO session + ext_authz","experience-bff","implemented","BFF OpenAPI documents only ~189 of ~1406 handlers","bff-api-facade"
"bff:ZiboRegistryProxyController","/internal/v1/registry/zibo","services/experience-bff/src/main/java/zw/gov/mohcc/impilo/experience/controller/ZiboRegistryProxyController.java","bff-controller","experience/bff","Experience BFF controller at /internal/v1/registry/zibo","experience-bff.openapi.yaml (partial baseline)","yes","","partial","","","","","TSHEPO session + ext_authz","experience-bff","implemented","BFF OpenAPI documents only ~189 of ~1406 handlers","bff-api-facade"
"bff:MobileDiagnosisController","/internal/v1/mobile/provider/diagnosis","services/experience-bff/src/main/java/zw/gov/mohcc/impilo/experience/controller/mobile/MobileDiagnosisController.java","bff-controller","experience/bff","Experience BFF controller at /internal/v1/mobile/provider/diagnosis","experience-bff.openapi.yaml (partial baseline)","yes","","yes","apps/mobile/*","","","","TSHEPO session + ext_authz","experience-bff","implemented","BFF OpenAPI documents only ~189 of ~1406 handlers","bff-api-facade"
"bff:MobileDischargeController","/internal/v1/mobile/provider/discharge","services/experience-bff/src/main/java/zw/gov/mohcc/impilo/experience/controller/mobile/MobileDischargeController.java","bff-controller","experience/bff","Experience BFF controller at /internal/v1/mobile/provider/discharge","experience-bff.openapi.yaml (partial baseline)","yes","","yes","apps/mobile/*","","","","TSHEPO session + ext_authz","experience-bff","implemented","BFF OpenAPI documents only ~189 of ~1406 handlers","bff-api-facade"
"bff:MobileEncounterController","/internal/v1/mobile/provider/encounters","services/experience-bff/src/main/java/zw/gov/mohcc/impilo/experience/controller/mobile/MobileEncounterController.java","bff-controller","experience/bff","Experience BFF controller at /internal/v1/mobile/provider/encounters","experience-bff.openapi.yaml (partial baseline)","yes","","yes","apps/mobile/*","","","","TSHEPO session + ext_authz","experience-bff","implemented","BFF OpenAPI documents only ~189 of ~1406 handlers","bff-api-facade"
"bff:MobileFormController","/internal/v1/mobile/provider/forms","services/experience-bff/src/main/java/zw/gov/mohcc/impilo/experience/controller/mobile/MobileFormController.java","bff-controller","experience/bff","Experience BFF controller at /internal/v1/mobile/provider/forms","experience-bff.openapi.yaml (partial baseline)","yes","","yes","apps/mobile/*","","","","TSHEPO session + ext_authz","experience-bff","implemented","BFF OpenAPI documents only ~189 of ~1406 handlers","bff-api-facade"
"bff:MobileHouseholdController","/internal/v1/mobile/provider","services/experience-bff/src/main/java/zw/gov/mohcc/impilo/experience/controller/mobile/MobileHouseholdController.java","bff-controller","experience/bff","Experience BFF controller at /internal/v1/mobile/provider","experience-bff.openapi.yaml (partial baseline)","yes","","yes","apps/mobile/*","","","","TSHEPO session + ext_authz","experience-bff","implemented","BFF OpenAPI documents only ~189 of ~1406 handlers","bff-api-facade"
"bff:MobileInventoryController","/internal/v1/mobile/provider/inventory","services/experience-bff/src/main/java/zw/gov/mohcc/impilo/experience/controller/mobile/MobileInventoryController.java","bff-controller","experience/bff","Experience BFF controller at /internal/v1/mobile/provider/inventory","experience-bff.openapi.yaml (partial baseline)","yes","","yes","apps/mobile/*","","","","TSHEPO session + ext_authz","experience-bff","implemented","BFF OpenAPI documents only ~189 of ~1406 handlers","bff-api-facade"
"bff:MobileLabController","/internal/v1/mobile/provider/labs","services/experience-bff/src/main/java/zw/gov/mohcc/impilo/experience/controller/mobile/MobileLabController.java","bff-controller","experience/bff","Experience BFF controller at /internal/v1/mobile/provider/labs","experience-bff.openapi.yaml (partial baseline)","yes","","yes","apps/mobile/*","","","","TSHEPO session + ext_authz","experience-bff","implemented","BFF OpenAPI documents only ~189 of ~1406 handlers","bff-api-facade"
"bff:MobileMessagingController","/internal/v1/mobile/provider/messaging","services/experience-bff/src/main/java/zw/gov/mohcc/impilo/experience/controller/mobile/MobileMessagingController.java","bff-controller","experience/bff","Experience BFF controller at /internal/v1/mobile/provider/messaging","experience-bff.openapi.yaml (partial baseline)","yes","","yes","apps/mobile/*","","","","TSHEPO session + ext_authz","experience-bff","implemented","BFF OpenAPI documents only ~189 of ~1406 handlers","bff-api-facade"
"bff:MobileNoticesController","/internal/v1/mobile/provider/notices","services/experience-bff/src/main/java/zw/gov/mohcc/impilo/experience/controller/mobile/MobileNoticesController.java","bff-controller","experience/bff","Experience BFF controller at /internal/v1/mobile/provider/notices","experience-bff.openapi.yaml (partial baseline)","yes","","yes","apps/mobile/*","","","","TSHEPO session + ext_authz","experience-bff","implemented","BFF OpenAPI documents only ~189 of ~1406 handlers","bff-api-facade"
"bff:MobileOfflineController","/internal/v1/mobile/provider/offline","services/experience-bff/src/main/java/zw/gov/mohcc/impilo/experience/controller/mobile/MobileOfflineController.java","bff-controller","experience/bff","Experience BFF controller at /internal/v1/mobile/provider/offline","experience-bff.openapi.yaml (partial baseline)","yes","","yes","apps/mobile/*","","","","TSHEPO session + ext_authz","experience-bff","implemented","BFF OpenAPI documents only ~189 of ~1406 handlers","bff-api-facade"
"bff:MobilePrescriptionController","/internal/v1/mobile/provider/prescriptions","services/experience-bff/src/main/java/zw/gov/mohcc/impilo/experience/controller/mobile/MobilePrescriptionController.java","bff-controller","experience/bff","Experience BFF controller at /internal/v1/mobile/provider/prescriptions","experience-bff.openapi.yaml (partial baseline)","yes","","yes","apps/mobile/*","","","","TSHEPO session + ext_authz","experience-bff","implemented","BFF OpenAPI documents only ~189 of ~1406 handlers","bff-api-facade"
"bff:MobileProfileController","/internal/v1/mobile/provider/profile","services/experience-bff/src/main/java/zw/gov/mohcc/impilo/experience/controller/mobile/MobileProfileController.java","bff-controller","experience/bff","Experience BFF controller at /internal/v1/mobile/provider/profile","experience-bff.openapi.yaml (partial baseline)","yes","","yes","apps/mobile/*","","","","TSHEPO session + ext_authz","experience-bff","implemented","BFF OpenAPI documents only ~189 of ~1406 handlers","bff-api-facade"
"bff:MobileProviderSearchController","/internal/v1/mobile/provider/search","services/experience-bff/src/main/java/zw/gov/mohcc/impilo/experience/controller/mobile/MobileProviderSearchController.java","bff-controller","experience/bff","Experience BFF controller at /internal/v1/mobile/provider/search","experience-bff.openapi.yaml (partial baseline)","yes","","yes","apps/mobile/*","","","","TSHEPO session + ext_authz","experience-bff","implemented","BFF OpenAPI documents only ~189 of ~1406 handlers","bff-api-facade"
"bff:MobileReferralController","/internal/v1/mobile/provider/referrals","services/experience-bff/src/main/java/zw/gov/mohcc/impilo/experience/controller/mobile/MobileReferralController.java","bff-controller","experience/bff","Experience BFF controller at /internal/v1/mobile/provider/referrals","experience-bff.openapi.yaml (partial baseline)","yes","","yes","apps/mobile/*","","","","TSHEPO session + ext_authz","experience-bff","implemented","BFF OpenAPI documents only ~189 of ~1406 handlers","bff-api-facade"
"bff:MobileResultsController","/internal/v1/mobile/provider/labs/results","services/experience-bff/src/main/java/zw/gov/mohcc/impilo/experience/controller/mobile/MobileResultsController.java","bff-controller","experience/bff","Experience BFF controller at /internal/v1/mobile/provider/labs/results","experience-bff.openapi.yaml (partial baseline)","yes","","yes","apps/mobile/*","","","","TSHEPO session + ext_authz","experience-bff","implemented","BFF OpenAPI documents only ~189 of ~1406 handlers","bff-api-facade"
"bff:MobileScheduleController","/internal/v1/mobile/provider/schedule","services/experience-bff/src/main/java/zw/gov/mohcc/impilo/experience/controller/mobile/MobileScheduleController.java","bff-controller","experience/bff","Experience BFF controller at /internal/v1/mobile/provider/schedule","experience-bff.openapi.yaml (partial baseline)","yes","","yes","apps/mobile/*","","","","TSHEPO session + ext_authz","experience-bff","implemented","BFF OpenAPI documents only ~189 of ~1406 handlers","bff-api-facade"
"bff:MobileSupervisorController","/internal/v1/mobile/provider/supervisor","services/experience-bff/src/main/java/zw/gov/mohcc/impilo/experience/controller/mobile/MobileSupervisorController.java","bff-controller","experience/bff","Experience BFF controller at /internal/v1/mobile/provider/supervisor","experience-bff.openapi.yaml (partial baseline)","yes","","yes","apps/mobile/*","","","","TSHEPO session + ext_authz","experience-bff","implemented","BFF OpenAPI documents only ~189 of ~1406 handlers","bff-api-facade"
"bff:MobileSupportController","/internal/v1/mobile/provider/support","services/experience-bff/src/main/java/zw/gov/mohcc/impilo/experience/controller/mobile/MobileSupportController.java","bff-controller","experience/bff","Experience BFF controller at /internal/v1/mobile/provider/support","experience-bff.openapi.yaml (partial baseline)","yes","","yes","apps/mobile/*","","","","TSHEPO session + ext_authz","experience-bff","implemented","BFF OpenAPI documents only ~189 of ~1406 handlers","bff-api-facade"
"bff:MobileTaskController","/internal/v1/mobile/provider/tasks","services/experience-bff/src/main/java/zw/gov/mohcc/impilo/experience/controller/mobile/MobileTaskController.java","bff-controller","experience/bff","Experience BFF controller at /internal/v1/mobile/provider/tasks","experience-bff.openapi.yaml (partial baseline)","yes","","yes","apps/mobile/*","","","","TSHEPO session + ext_authz","experience-bff","implemented","BFF OpenAPI documents only ~189 of ~1406 handlers","bff-api-facade"
"bff:MobileTelemedicineController","/internal/v1/mobile/provider/telemedicine","services/experience-bff/src/main/java/zw/gov/mohcc/impilo/experience/controller/mobile/MobileTelemedicineController.java","bff-controller","experience/bff","Experience BFF controller at /internal/v1/mobile/provider/telemedicine","experience-bff.openapi.yaml (partial baseline)","yes","","yes","apps/mobile/*","","","","TSHEPO session + ext_authz","experience-bff","implemented","BFF OpenAPI documents only ~189 of ~1406 handlers","bff-api-facade"
"bff:MobileTriageController","/internal/v1/mobile/provider/triage","services/experience-bff/src/main/java/zw/gov/mohcc/impilo/experience/controller/mobile/MobileTriageController.java","bff-controller","experience/bff","Experience BFF controller at /internal/v1/mobile/provider/triage","experience-bff.openapi.yaml (partial baseline)","yes","","yes","apps/mobile/*","","","","TSHEPO session + ext_authz","experience-bff","implemented","BFF OpenAPI documents only ~189 of ~1406 handlers","bff-api-facade"
"bff:MobileVitalsController","/internal/v1/mobile/provider/vitals","services/experience-bff/src/main/java/zw/gov/mohcc/impilo/experience/controller/mobile/MobileVitalsController.java","bff-controller","experience/bff","Experience BFF controller at /internal/v1/mobile/provider/vitals","experience-bff.openapi.yaml (partial baseline)","yes","","yes","apps/mobile/*","","","","TSHEPO session + ext_authz","experience-bff","implemented","BFF OpenAPI documents only ~189 of ~1406 handlers","bff-api-facade"
"bff:CitizenAppointmentController","/internal/v1/mobile/citizen/appointments","services/experience-bff/src/main/java/zw/gov/mohcc/impilo/experience/controller/mobile/citizen/CitizenAppointmentController.java","bff-controller","experience/bff","Experience BFF controller at /internal/v1/mobile/citizen/appointments","experience-bff.openapi.yaml (partial baseline)","yes","","yes","apps/mobile/*","","","","TSHEPO session + ext_authz","experience-bff","implemented","BFF OpenAPI documents only ~189 of ~1406 handlers","bff-api-facade"
"bff:CitizenConsentController","/internal/v1/mobile/citizen/consents","services/experience-bff/src/main/java/zw/gov/mohcc/impilo/experience/controller/mobile/citizen/CitizenConsentController.java","bff-controller","experience/bff","Experience BFF controller at /internal/v1/mobile/citizen/consents","experience-bff.openapi.yaml (partial baseline)","yes","","yes","apps/mobile/*","","","","TSHEPO session + ext_authz","experience-bff","implemented","BFF OpenAPI documents only ~189 of ~1406 handlers","bff-api-facade"
"bff:CitizenCoverageController","/internal/v1/mobile/citizen/coverage","services/experience-bff/src/main/java/zw/gov/mohcc/impilo/experience/controller/mobile/citizen/CitizenCoverageController.java","bff-controller","experience/bff","Experience BFF controller at /internal/v1/mobile/citizen/coverage","experience-bff.openapi.yaml (partial baseline)","yes","","yes","apps/mobile/*","","","","TSHEPO session + ext_authz","experience-bff","implemented","BFF OpenAPI documents only ~189 of ~1406 handlers","bff-api-facade"
"bff:CitizenDeliveryController","/internal/v1/mobile/citizen/deliveries","services/experience-bff/src/main/java/zw/gov/mohcc/impilo/experience/controller/mobile/citizen/CitizenDeliveryController.java","bff-controller","experience/bff","Experience BFF controller at /internal/v1/mobile/citizen/deliveries","experience-bff.openapi.yaml (partial baseline)","yes","","yes","apps/mobile/*","","","","TSHEPO session + ext_authz","experience-bff","implemented","BFF OpenAPI documents only ~189 of ~1406 handlers","bff-api-facade"
"bff:CitizenFeedController","/internal/v1/mobile/citizen/feed","services/experience-bff/src/main/java/zw/gov/mohcc/impilo/experience/controller/mobile/citizen/CitizenFeedController.java","bff-controller","experience/bff","Experience BFF controller at /internal/v1/mobile/citizen/feed","experience-bff.openapi.yaml (partial baseline)","yes","","yes","apps/mobile/*","","","","TSHEPO session + ext_authz","experience-bff","implemented","BFF OpenAPI documents only ~189 of ~1406 handlers","bff-api-facade"
"bff:CitizenHealthSummaryController","/internal/v1","services/experience-bff/src/main/java/zw/gov/mohcc/impilo/experience/controller/mobile/citizen/CitizenHealthSummaryController.java","bff-controller","experience/bff","Experience BFF controller at /internal/v1","experience-bff.openapi.yaml (partial baseline)","yes","","partial","","","","","TSHEPO session + ext_authz","experience-bff","implemented","BFF OpenAPI documents only ~189 of ~1406 handlers","bff-api-facade"
"bff:CitizenIntegrationController","/internal/v1/mobile/citizen/integration","services/experience-bff/src/main/java/zw/gov/mohcc/impilo/experience/controller/mobile/citizen/CitizenIntegrationController.java","bff-controller","experience/bff","Experience BFF controller at /internal/v1/mobile/citizen/integration","experience-bff.openapi.yaml (partial baseline)","yes","","yes","apps/mobile/*","","","","TSHEPO session + ext_authz","experience-bff","implemented","BFF OpenAPI documents only ~189 of ~1406 handlers","bff-api-facade"
"bff:CitizenLongtailController","/internal/v1/mobile/citizen","services/experience-bff/src/main/java/zw/gov/mohcc/impilo/experience/controller/mobile/citizen/CitizenLongtailController.java","bff-controller","experience/bff","Experience BFF controller at /internal/v1/mobile/citizen","experience-bff.openapi.yaml (partial baseline)","yes","","yes","apps/mobile/*","","","","TSHEPO session + ext_authz","experience-bff","implemented","BFF OpenAPI documents only ~189 of ~1406 handlers","bff-api-facade"
"bff:CitizenMarketplaceController","/internal/v1/mobile/citizen/marketplace","services/experience-bff/src/main/java/zw/gov/mohcc/impilo/experience/controller/mobile/citizen/CitizenMarketplaceController.java","bff-controller","experience/bff","Experience BFF controller at /internal/v1/mobile/citizen/marketplace","experience-bff.openapi.yaml (partial baseline)","yes","","yes","apps/mobile/*","","","","TSHEPO session + ext_authz","experience-bff","implemented","BFF OpenAPI documents only ~189 of ~1406 handlers","bff-api-facade"
"bff:CitizenMessagingController","/internal/v1/mobile/citizen/messaging","services/experience-bff/src/main/java/zw/gov/mohcc/impilo/experience/controller/mobile/citizen/CitizenMessagingController.java","bff-controller","experience/bff","Experience BFF controller at /internal/v1/mobile/citizen/messaging","experience-bff.openapi.yaml (partial baseline)","yes","","yes","apps/mobile/*","","","","TSHEPO session + ext_authz","experience-bff","implemented","BFF OpenAPI documents only ~189 of ~1406 handlers","bff-api-facade"
"bff:CitizenNhumeController","/internal/v1/mobile/citizen/nhume","services/experience-bff/src/main/java/zw/gov/mohcc/impilo/experience/controller/mobile/citizen/CitizenNhumeController.java","bff-controller","experience/bff","Experience BFF controller at /internal/v1/mobile/citizen/nhume","experience-bff.openapi.yaml (partial baseline)","yes","","yes","apps/mobile/*","","","","TSHEPO session + ext_authz","experience-bff","implemented","BFF OpenAPI documents only ~189 of ~1406 handlers","bff-api-facade"
"bff:CitizenPrescriptionController","/internal/v1/mobile/citizen/prescriptions","services/experience-bff/src/main/java/zw/gov/mohcc/impilo/experience/controller/mobile/citizen/CitizenPrescriptionController.java","bff-controller","experience/bff","Experience BFF controller at /internal/v1/mobile/citizen/prescriptions","experience-bff.openapi.yaml (partial baseline)","yes","","yes","apps/mobile/*","","","","TSHEPO session + ext_authz","experience-bff","implemented","BFF OpenAPI documents only ~189 of ~1406 handlers","bff-api-facade"
"bff:CitizenProfileController","/internal/v1/mobile/citizen/profile","services/experience-bff/src/main/java/zw/gov/mohcc/impilo/experience/controller/mobile/citizen/CitizenProfileController.java","bff-controller","experience/bff","Experience BFF controller at /internal/v1/mobile/citizen/profile","experience-bff.openapi.yaml (partial baseline)","yes","","yes","apps/mobile/*","","","","TSHEPO session + ext_authz","experience-bff","implemented","BFF OpenAPI documents only ~189 of ~1406 handlers","bff-api-facade"
"bff:CitizenPublicHealthController","/internal/v1/mobile/citizen/public-health","services/experience-bff/src/main/java/zw/gov/mohcc/impilo/experience/controller/mobile/citizen/CitizenPublicHealthController.java","bff-controller","experience/bff","Experience BFF controller at /internal/v1/mobile/citizen/public-health","experience-bff.openapi.yaml (partial baseline)","yes","","yes","apps/mobile/*","","","","TSHEPO session + ext_authz","experience-bff","implemented","BFF OpenAPI documents only ~189 of ~1406 handlers","bff-api-facade"
"bff:CitizenRecordsController","/internal/v1/mobile/citizen/records","services/experience-bff/src/main/java/zw/gov/mohcc/impilo/experience/controller/mobile/citizen/CitizenRecordsController.java","bff-controller","experience/bff","Experience BFF controller at /internal/v1/mobile/citizen/records","experience-bff.openapi.yaml (partial baseline)","yes","","yes","apps/mobile/*","","","","TSHEPO session + ext_authz","experience-bff","implemented","BFF OpenAPI documents only ~189 of ~1406 handlers","bff-api-facade"
"bff:CitizenRemindersController","/internal/v1/mobile/citizen/reminders","services/experience-bff/src/main/java/zw/gov/mohcc/impilo/experience/controller/mobile/citizen/CitizenRemindersController.java","bff-controller","experience/bff","Experience BFF controller at /internal/v1/mobile/citizen/reminders","experience-bff.openapi.yaml (partial baseline)","yes","","yes","apps/mobile/*","","","","TSHEPO session + ext_authz","experience-bff","implemented","BFF OpenAPI documents only ~189 of ~1406 handlers","bff-api-facade"
"bff:CitizenResultsController","/internal/v1/mobile/citizen/results","services/experience-bff/src/main/java/zw/gov/mohcc/impilo/experience/controller/mobile/citizen/CitizenResultsController.java","bff-controller","experience/bff","Experience BFF controller at /internal/v1/mobile/citizen/results","experience-bff.openapi.yaml (partial baseline)","yes","","yes","apps/mobile/*","","","","TSHEPO session + ext_authz","experience-bff","implemented","BFF OpenAPI documents only ~189 of ~1406 handlers","bff-api-facade"
"bff:CitizenSocialController","/internal/v1/mobile/citizen/social","services/experience-bff/src/main/java/zw/gov/mohcc/impilo/experience/controller/mobile/citizen/CitizenSocialController.java","bff-controller","experience/bff","Experience BFF controller at /internal/v1/mobile/citizen/social","experience-bff.openapi.yaml (partial baseline)","yes","","yes","apps/mobile/*","","","","TSHEPO session + ext_authz","experience-bff","implemented","BFF OpenAPI documents only ~189 of ~1406 handlers","bff-api-facade"
"bff:CitizenSupportController","/internal/v1/mobile/citizen/support","services/experience-bff/src/main/java/zw/gov/mohcc/impilo/experience/controller/mobile/citizen/CitizenSupportController.java","bff-controller","experience/bff","Experience BFF controller at /internal/v1/mobile/citizen/support","experience-bff.openapi.yaml (partial baseline)","yes","","yes","apps/mobile/*","","","","TSHEPO session + ext_authz","experience-bff","implemented","BFF OpenAPI documents only ~189 of ~1406 handlers","bff-api-facade"
"bff:CitizenTelehealthController","/internal/v1/mobile/citizen/telehealth","services/experience-bff/src/main/java/zw/gov/mohcc/impilo/experience/controller/mobile/citizen/CitizenTelehealthController.java","bff-controller","experience/bff","Experience BFF controller at /internal/v1/mobile/citizen/telehealth","experience-bff.openapi.yaml (partial baseline)","yes","","yes","apps/mobile/*","","","","TSHEPO session + ext_authz","experience-bff","implemented","BFF OpenAPI documents only ~189 of ~1406 handlers","bff-api-facade"
"bff:CitizenTimelineController","/internal/v1/mobile/citizen/timeline","services/experience-bff/src/main/java/zw/gov/mohcc/impilo/experience/controller/mobile/citizen/CitizenTimelineController.java","bff-controller","experience/bff","Experience BFF controller at /internal/v1/mobile/citizen/timeline","experience-bff.openapi.yaml (partial baseline)","yes","","yes","apps/mobile/*","","","","TSHEPO session + ext_authz","experience-bff","implemented","BFF OpenAPI documents only ~189 of ~1406 handlers","bff-api-facade"
"bff:ProviderAdminRegistryController","/internal/v1/mobile/provider/admin-registry","services/experience-bff/src/main/java/zw/gov/mohcc/impilo/experience/controller/mobile/provider/ProviderAdminRegistryController.java","bff-controller","experience/bff","Experience BFF controller at /internal/v1/mobile/provider/admin-registry","experience-bff.openapi.yaml (partial baseline)","yes","","yes","apps/mobile/*","","","","TSHEPO session + ext_authz","experience-bff","implemented","BFF OpenAPI documents only ~189 of ~1406 handlers","bff-api-facade"
"bff:ProviderDeliveryController","/internal/v1/mobile/provider/deliveries","services/experience-bff/src/main/java/zw/gov/mohcc/impilo/experience/controller/mobile/provider/ProviderDeliveryController.java","bff-controller","experience/bff","Experience BFF controller at /internal/v1/mobile/provider/deliveries","experience-bff.openapi.yaml (partial baseline)","yes","","yes","apps/mobile/*","","","","TSHEPO session + ext_authz","experience-bff","implemented","BFF OpenAPI documents only ~189 of ~1406 handlers","bff-api-facade"
"bff:ProviderDeveloperHubController","/internal/v1/mobile/provider/developer","services/experience-bff/src/main/java/zw/gov/mohcc/impilo/experience/controller/mobile/provider/ProviderDeveloperHubController.java","bff-controller","experience/bff","Experience BFF controller at /internal/v1/mobile/provider/developer","experience-bff.openapi.yaml (partial baseline)","yes","","yes","apps/mobile/*","","","","TSHEPO session + ext_authz","experience-bff","implemented","BFF OpenAPI documents only ~189 of ~1406 handlers","bff-api-facade"
"bff:ProviderIntegrationController","/internal/v1/mobile/provider/integration","services/experience-bff/src/main/java/zw/gov/mohcc/impilo/experience/controller/mobile/provider/ProviderIntegrationController.java","bff-controller","experience/bff","Experience BFF controller at /internal/v1/mobile/provider/integration","experience-bff.openapi.yaml (partial baseline)","yes","","yes","apps/mobile/*","","","","TSHEPO session + ext_authz","experience-bff","implemented","BFF OpenAPI documents only ~189 of ~1406 handlers","bff-api-facade"
"bff:ProviderNhumeController","/internal/v1/mobile/provider/nhume","services/experience-bff/src/main/java/zw/gov/mohcc/impilo/experience/controller/mobile/provider/ProviderNhumeController.java","bff-controller","experience/bff","Experience BFF controller at /internal/v1/mobile/provider/nhume","experience-bff.openapi.yaml (partial baseline)","yes","","yes","apps/mobile/*","","","","TSHEPO session + ext_authz","experience-bff","implemented","BFF OpenAPI documents only ~189 of ~1406 handlers","bff-api-facade"
"bff:ProviderOpsReportsController","/internal/v1/mobile/provider/ops-reports","services/experience-bff/src/main/java/zw/gov/mohcc/impilo/experience/controller/mobile/provider/ProviderOpsReportsController.java","bff-controller","experience/bff","Experience BFF controller at /internal/v1/mobile/provider/ops-reports","experience-bff.openapi.yaml (partial baseline)","yes","","yes","apps/mobile/*","","","","TSHEPO session + ext_authz","experience-bff","implemented","BFF OpenAPI documents only ~189 of ~1406 handlers","bff-api-facade"
"bff:ProviderProfessionalChannelsHubController","/internal/v1/mobile/provider/professional-channels","services/experience-bff/src/main/java/zw/gov/mohcc/impilo/experience/controller/mobile/provider/ProviderProfessionalChannelsHubController.java","bff-controller","experience/bff","Experience BFF controller at /internal/v1/mobile/provider/professional-channels","experience-bff.openapi.yaml (partial baseline)","yes","","yes","apps/mobile/*","","","","TSHEPO session + ext_authz","experience-bff","implemented","BFF OpenAPI documents only ~189 of ~1406 handlers","bff-api-facade"
"bff:ProviderProfessionalSettingsHubController","/internal/v1/mobile/provider/professional-settings","services/experience-bff/src/main/java/zw/gov/mohcc/impilo/experience/controller/mobile/provider/ProviderProfessionalSettingsHubController.java","bff-controller","experience/bff","Experience BFF controller at /internal/v1/mobile/provider/professional-settings","experience-bff.openapi.yaml (partial baseline)","yes","","yes","apps/mobile/*","","","","TSHEPO session + ext_authz","experience-bff","implemented","BFF OpenAPI documents only ~189 of ~1406 handlers","bff-api-facade"
"bff:ProviderPublicHealthController","/internal/v1/mobile/provider/public-health","services/experience-bff/src/main/java/zw/gov/mohcc/impilo/experience/controller/mobile/provider/ProviderPublicHealthController.java","bff-controller","experience/bff","Experience BFF controller at /internal/v1/mobile/provider/public-health","experience-bff.openapi.yaml (partial baseline)","yes","","yes","apps/mobile/*","","","","TSHEPO session + ext_authz","experience-bff","implemented","BFF OpenAPI documents only ~189 of ~1406 handlers","bff-api-facade"
"bff:ProviderReportsController","/internal/v1/mobile/provider/reports","services/experience-bff/src/main/java/zw/gov/mohcc/impilo/experience/controller/mobile/provider/ProviderReportsController.java","bff-controller","experience/bff","Experience BFF controller at /internal/v1/mobile/provider/reports","experience-bff.openapi.yaml (partial baseline)","yes","","yes","apps/mobile/*","","","","TSHEPO session + ext_authz","experience-bff","implemented","BFF OpenAPI documents only ~189 of ~1406 handlers","bff-api-facade"
"bff:ProviderSocialController","/internal/v1/mobile/provider/social","services/experience-bff/src/main/java/zw/gov/mohcc/impilo/experience/controller/mobile/provider/ProviderSocialController.java","bff-controller","experience/bff","Experience BFF controller at /internal/v1/mobile/provider/social","experience-bff.openapi.yaml (partial baseline)","yes","","yes","apps/mobile/*","","","","TSHEPO session + ext_authz","experience-bff","implemented","BFF OpenAPI documents only ~189 of ~1406 handlers","bff-api-facade"
"bff:RegistryIntakeController","/internal/v1/registry-intake","services/experience-bff/src/main/java/zw/gov/mohcc/impilo/experience/intake/RegistryIntakeController.java","bff-controller","experience/bff","Experience BFF controller at /internal/v1/registry-intake","experience-bff.openapi.yaml (partial baseline)","yes","","partial","","","","","TSHEPO session + ext_authz","experience-bff","implemented","BFF OpenAPI documents only ~189 of ~1406 handlers","bff-api-facade"
"bff:WellnessServiceProxyController","/internal/v1","services/experience-bff/src/main/java/zw/gov/mohcc/impilo/experience/wellness/proxy/WellnessServiceProxyController.java","bff-controller","experience/bff","Experience BFF controller at /internal/v1","experience-bff.openapi.yaml (partial baseline)","yes","","partial","","","","","TSHEPO session + ext_authz","experience-bff","implemented","BFF OpenAPI documents only ~189 of ~1406 handlers","bff-api-facade"
"bff-route:/internal/v1","","services/experience-bff","bff-route-prefix","experience/bff","BFF HTTP prefix /internal/v1","runtime-implemented","yes","","unknown","","","","","TSHEPO","experience-bff","implemented","","bff-api-facade"
"bff-route:/internal/v1/access","","services/experience-bff","bff-route-prefix","experience/bff","BFF HTTP prefix /internal/v1/access","runtime-implemented","yes","","unknown","","","","","TSHEPO","experience-bff","implemented","","bff-api-facade"
"bff-route:/internal/v1/account","","services/experience-bff","bff-route-prefix","experience/bff","BFF HTTP prefix /internal/v1/account","runtime-implemented","yes","","unknown","","","","","TSHEPO","experience-bff","implemented","","bff-api-facade"
"bff-route:/internal/v1/admin/audit","","services/experience-bff","bff-route-prefix","experience/bff","BFF HTTP prefix /internal/v1/admin/audit","runtime-implemented","yes","","unknown","","","","","TSHEPO","experience-bff","implemented","","bff-api-facade"
"bff-route:/internal/v1/admin/reports/jobs","","services/experience-bff","bff-route-prefix","experience/bff","BFF HTTP prefix /internal/v1/admin/reports/jobs","runtime-implemented","yes","","unknown","","","","","TSHEPO","experience-bff","implemented","","bff-api-facade"
"bff-route:/internal/v1/admin/temp-id-review","","services/experience-bff","bff-route-prefix","experience/bff","BFF HTTP prefix /internal/v1/admin/temp-id-review","runtime-implemented","yes","","unknown","","","","","TSHEPO","experience-bff","implemented","","bff-api-facade"
"bff-route:/internal/v1/admin/trust","","services/experience-bff","bff-route-prefix","experience/bff","BFF HTTP prefix /internal/v1/admin/trust","runtime-implemented","yes","","unknown","","","","","TSHEPO","experience-bff","implemented","","bff-api-facade"
"bff-route:/internal/v1/admin/users","","services/experience-bff","bff-route-prefix","experience/bff","BFF HTTP prefix /internal/v1/admin/users","runtime-implemented","yes","","unknown","","","","","TSHEPO","experience-bff","implemented","","bff-api-facade"
"bff-route:/internal/v1/admin/wards","","services/experience-bff","bff-route-prefix","experience/bff","BFF HTTP prefix /internal/v1/admin/wards","runtime-implemented","yes","","unknown","","","","","TSHEPO","experience-bff","implemented","","bff-api-facade"
"bff-route:/internal/v1/ai-governance","","services/experience-bff","bff-route-prefix","experience/bff","BFF HTTP prefix /internal/v1/ai-governance","runtime-implemented","yes","","unknown","","","","","TSHEPO","experience-bff","implemented","","bff-api-facade"
"bff-route:/internal/v1/allergies","","services/experience-bff","bff-route-prefix","experience/bff","BFF HTTP prefix /internal/v1/allergies","runtime-implemented","yes","","unknown","","","","","TSHEPO","experience-bff","implemented","","bff-api-facade"
"bff-route:/internal/v1/appeals","","services/experience-bff","bff-route-prefix","experience/bff","BFF HTTP prefix /internal/v1/appeals","runtime-implemented","yes","","unknown","","","","","TSHEPO","experience-bff","implemented","","bff-api-facade"
"bff-route:/internal/v1/appointments","","services/experience-bff","bff-route-prefix","experience/bff","BFF HTTP prefix /internal/v1/appointments","runtime-implemented","yes","","unknown","","","","","TSHEPO","experience-bff","implemented","","bff-api-facade"
"bff-route:/internal/v1/asset-registry","","services/experience-bff","bff-route-prefix","experience/bff","BFF HTTP prefix /internal/v1/asset-registry","runtime-implemented","yes","","unknown","","","","","TSHEPO","experience-bff","implemented","","bff-api-facade"
"bff-route:/internal/v1/assistant","","services/experience-bff","bff-route-prefix","experience/bff","BFF HTTP prefix /internal/v1/assistant","runtime-implemented","yes","","unknown","","","","","TSHEPO","experience-bff","implemented","","bff-api-facade"
"bff-route:/internal/v1/beds","","services/experience-bff","bff-route-prefix","experience/bff","BFF HTTP prefix /internal/v1/beds","runtime-implemented","yes","","unknown","","","","","TSHEPO","experience-bff","implemented","","bff-api-facade"
"bff-route:/internal/v1/channels","","services/experience-bff","bff-route-prefix","experience/bff","BFF HTTP prefix /internal/v1/channels","runtime-implemented","yes","","unknown","","","","","TSHEPO","experience-bff","implemented","","bff-api-facade"
"bff-route:/internal/v1/citizen","","services/experience-bff","bff-route-prefix","experience/bff","BFF HTTP prefix /internal/v1/citizen","runtime-implemented","yes","","unknown","","","","","TSHEPO","experience-bff","implemented","","bff-api-facade"
"bff-route:/internal/v1/client-registry","","services/experience-bff","bff-route-prefix","experience/bff","BFF HTTP prefix /internal/v1/client-registry","runtime-implemented","yes","","unknown","","","","","TSHEPO","experience-bff","implemented","","bff-api-facade"
"bff-route:/internal/v1/clinical-documents","","services/experience-bff","bff-route-prefix","experience/bff","BFF HTTP prefix /internal/v1/clinical-documents","runtime-implemented","yes","","unknown","","","","","TSHEPO","experience-bff","implemented","","bff-api-facade"
"bff-route:/internal/v1/clinical-notes","","services/experience-bff","bff-route-prefix","experience/bff","BFF HTTP prefix /internal/v1/clinical-notes","runtime-implemented","yes","","unknown","","","","","TSHEPO","experience-bff","implemented","","bff-api-facade"
"bff-route:/internal/v1/clinical-tools","","services/experience-bff","bff-route-prefix","experience/bff","BFF HTTP prefix /internal/v1/clinical-tools","runtime-implemented","yes","","unknown","","","","","TSHEPO","experience-bff","implemented","","bff-api-facade"
"bff-route:/internal/v1/clinical/curation","","services/experience-bff","bff-route-prefix","experience/bff","BFF HTTP prefix /internal/v1/clinical/curation","runtime-implemented","yes","","unknown","","","","","TSHEPO","experience-bff","implemented","","bff-api-facade"
"bff-route:/internal/v1/clinical/shr-artifacts","","services/experience-bff","bff-route-prefix","experience/bff","BFF HTTP prefix /internal/v1/clinical/shr-artifacts","runtime-implemented","yes","","unknown","","","","","TSHEPO","experience-bff","implemented","","bff-api-facade"
"bff-route:/internal/v1/clinical/source","","services/experience-bff","bff-route-prefix","experience/bff","BFF HTTP prefix /internal/v1/clinical/source","runtime-implemented","yes","","unknown","","","","","TSHEPO","experience-bff","implemented","","bff-api-facade"
"bff-route:/internal/v1/commerce","","services/experience-bff","bff-route-prefix","experience/bff","BFF HTTP prefix /internal/v1/commerce","runtime-implemented","yes","","unknown","","","","","TSHEPO","experience-bff","implemented","","bff-api-facade"
"bff-route:/internal/v1/commerce/ops","","services/experience-bff","bff-route-prefix","experience/bff","BFF HTTP prefix /internal/v1/commerce/ops","runtime-implemented","yes","","unknown","","","","","TSHEPO","experience-bff","implemented","","bff-api-facade"
"bff-route:/internal/v1/commerce/vendor","","services/experience-bff","bff-route-prefix","experience/bff","BFF HTTP prefix /internal/v1/commerce/vendor","runtime-implemented","yes","","unknown","","","","","TSHEPO","experience-bff","implemented","","bff-api-facade"
"bff-route:/internal/v1/comms/approval-queue","","services/experience-bff","bff-route-prefix","experience/bff","BFF HTTP prefix /internal/v1/comms/approval-queue","runtime-implemented","yes","","unknown","","","","","TSHEPO","experience-bff","implemented","","bff-api-facade"
"bff-route:/internal/v1/comms/templates","","services/experience-bff","bff-route-prefix","experience/bff","BFF HTTP prefix /internal/v1/comms/templates","runtime-implemented","yes","","unknown","","","","","TSHEPO","experience-bff","implemented","","bff-api-facade"
"bff-route:/internal/v1/communication","","services/experience-bff","bff-route-prefix","experience/bff","BFF HTTP prefix /internal/v1/communication","runtime-implemented","yes","","unknown","","","","","TSHEPO","experience-bff","implemented","","bff-api-facade"
"bff-route:/internal/v1/community","","services/experience-bff","bff-route-prefix","experience/bff","BFF HTTP prefix /internal/v1/community","runtime-implemented","yes","","unknown","","","","","TSHEPO","experience-bff","implemented","","bff-api-facade"
"bff-route:/internal/v1/conditions","","services/experience-bff","bff-route-prefix","experience/bff","BFF HTTP prefix /internal/v1/conditions","runtime-implemented","yes","","unknown","","","","","TSHEPO","experience-bff","implemented","","bff-api-facade"
"bff-route:/internal/v1/consent","","services/experience-bff","bff-route-prefix","experience/bff","BFF HTTP prefix /internal/v1/consent","runtime-implemented","yes","","unknown","","","","","TSHEPO","experience-bff","implemented","","bff-api-facade"
"bff-route:/internal/v1/coverage","","services/experience-bff","bff-route-prefix","experience/bff","BFF HTTP prefix /internal/v1/coverage","runtime-implemented","yes","","unknown","","","","","TSHEPO","experience-bff","implemented","","bff-api-facade"
"bff-route:/internal/v1/credentials","","services/experience-bff","bff-route-prefix","experience/bff","BFF HTTP prefix /internal/v1/credentials","runtime-implemented","yes","","unknown","","","","","TSHEPO","experience-bff","implemented","","bff-api-facade"
"bff-route:/internal/v1/demo-journeys","","services/experience-bff","bff-route-prefix","experience/bff","BFF HTTP prefix /internal/v1/demo-journeys","runtime-implemented","yes","","unknown","","","","","TSHEPO","experience-bff","implemented","","bff-api-facade"
"bff-route:/internal/v1/devices","","services/experience-bff","bff-route-prefix","experience/bff","BFF HTTP prefix /internal/v1/devices","runtime-implemented","yes","","unknown","","","","","TSHEPO","experience-bff","implemented","","bff-api-facade"
"bff-route:/internal/v1/dispatch","","services/experience-bff","bff-route-prefix","experience/bff","BFF HTTP prefix /internal/v1/dispatch","runtime-implemented","yes","","unknown","","","","","TSHEPO","experience-bff","implemented","","bff-api-facade"
"bff-route:/internal/v1/ehr","","services/experience-bff","bff-route-prefix","experience/bff","BFF HTTP prefix /internal/v1/ehr","runtime-implemented","yes","","unknown","","","","","TSHEPO","experience-bff","implemented","","bff-api-facade"
"bff-route:/internal/v1/encounters","","services/experience-bff","bff-route-prefix","experience/bff","BFF HTTP prefix /internal/v1/encounters","runtime-implemented","yes","","unknown","","","","","TSHEPO","experience-bff","implemented","","bff-api-facade"
"bff-route:/internal/v1/erp/gl","","services/experience-bff","bff-route-prefix","experience/bff","BFF HTTP prefix /internal/v1/erp/gl","runtime-implemented","yes","","unknown","","","","","TSHEPO","experience-bff","implemented","","bff-api-facade"
"bff-route:/internal/v1/erp/hr","","services/experience-bff","bff-route-prefix","experience/bff","BFF HTTP prefix /internal/v1/erp/hr","runtime-implemented","yes","","unknown","","","","","TSHEPO","experience-bff","implemented","","bff-api-facade"
"bff-route:/internal/v1/erp/procurement","","services/experience-bff","bff-route-prefix","experience/bff","BFF HTTP prefix /internal/v1/erp/procurement","runtime-implemented","yes","","unknown","","","","","TSHEPO","experience-bff","implemented","","bff-api-facade"
"bff-route:/internal/v1/extensions","","services/experience-bff","bff-route-prefix","experience/bff","BFF HTTP prefix /internal/v1/extensions","runtime-implemented","yes","","unknown","","","","","TSHEPO","experience-bff","implemented","","bff-api-facade"
"bff-route:/internal/v1/facilities","","services/experience-bff","bff-route-prefix","experience/bff","BFF HTTP prefix /internal/v1/facilities","runtime-implemented","yes","","unknown","","","","","TSHEPO","experience-bff","implemented","","bff-api-facade"
"bff-route:/internal/v1/facility-registry","","services/experience-bff","bff-route-prefix","experience/bff","BFF HTTP prefix /internal/v1/facility-registry","runtime-implemented","yes","","unknown","","","","","TSHEPO","experience-bff","implemented","","bff-api-facade"
"bff-route:/internal/v1/fhir","","services/experience-bff","bff-route-prefix","experience/bff","BFF HTTP prefix /internal/v1/fhir","runtime-implemented","yes","","unknown","","","","","TSHEPO","experience-bff","implemented","","bff-api-facade"
"bff-route:/internal/v1/finance","","services/experience-bff","bff-route-prefix","experience/bff","BFF HTTP prefix /internal/v1/finance","runtime-implemented","yes","","unknown","","","","","TSHEPO","experience-bff","implemented","","bff-api-facade"
"bff-route:/internal/v1/finance/billing-workspace","","services/experience-bff","bff-route-prefix","experience/bff","BFF HTTP prefix /internal/v1/finance/billing-workspace","runtime-implemented","yes","","unknown","","","","","TSHEPO","experience-bff","implemented","","bff-api-facade"
"bff-route:/internal/v1/finance/budgets","","services/experience-bff","bff-route-prefix","experience/bff","BFF HTTP prefix /internal/v1/finance/budgets","runtime-implemented","yes","","unknown","","","","","TSHEPO","experience-bff","implemented","","bff-api-facade"
"bff-route:/internal/v1/finance/costa-intel","","services/experience-bff","bff-route-prefix","experience/bff","BFF HTTP prefix /internal/v1/finance/costa-intel","runtime-implemented","yes","","unknown","","","","","TSHEPO","experience-bff","implemented","","bff-api-facade"
"bff-route:/internal/v1/finance/documents","","services/experience-bff","bff-route-prefix","experience/bff","BFF HTTP prefix /internal/v1/finance/documents","runtime-implemented","yes","","unknown","","","","","TSHEPO","experience-bff","implemented","","bff-api-facade"
"bff-route:/internal/v1/finance/ledger","","services/experience-bff","bff-route-prefix","experience/bff","BFF HTTP prefix /internal/v1/finance/ledger","runtime-implemented","yes","","unknown","","","","","TSHEPO","experience-bff","implemented","","bff-api-facade"
"bff-route:/internal/v1/finance/mushex-platform","","services/experience-bff","bff-route-prefix","experience/bff","BFF HTTP prefix /internal/v1/finance/mushex-platform","runtime-implemented","yes","","unknown","","","","","TSHEPO","experience-bff","implemented","","bff-api-facade"
"bff-route:/internal/v1/finance/patient-accounts","","services/experience-bff","bff-route-prefix","experience/bff","BFF HTTP prefix /internal/v1/finance/patient-accounts","runtime-implemented","yes","","unknown","","","","","TSHEPO","experience-bff","implemented","","bff-api-facade"
"bff-route:/internal/v1/finance/payer-claims","","services/experience-bff","bff-route-prefix","experience/bff","BFF HTTP prefix /internal/v1/finance/payer-claims","runtime-implemented","yes","","unknown","","","","","TSHEPO","experience-bff","implemented","","bff-api-facade"
"bff-route:/internal/v1/finance/payer-ops","","services/experience-bff","bff-route-prefix","experience/bff","BFF HTTP prefix /internal/v1/finance/payer-ops","runtime-implemented","yes","","unknown","","","","","TSHEPO","experience-bff","implemented","","bff-api-facade"
"bff-route:/internal/v1/finance/payment-plans","","services/experience-bff","bff-route-prefix","experience/bff","BFF HTTP prefix /internal/v1/finance/payment-plans","runtime-implemented","yes","","unknown","","","","","TSHEPO","experience-bff","implemented","","bff-api-facade"
"bff-route:/internal/v1/finance/reconciliation","","services/experience-bff","bff-route-prefix","experience/bff","BFF HTTP prefix /internal/v1/finance/reconciliation","runtime-implemented","yes","","unknown","","","","","TSHEPO","experience-bff","implemented","","bff-api-facade"
"bff-route:/internal/v1/finance/refunds","","services/experience-bff","bff-route-prefix","experience/bff","BFF HTTP prefix /internal/v1/finance/refunds","runtime-implemented","yes","","unknown","","","","","TSHEPO","experience-bff","implemented","","bff-api-facade"
"bff-route:/internal/v1/finance/reports","","services/experience-bff","bff-route-prefix","experience/bff","BFF HTTP prefix /internal/v1/finance/reports","runtime-implemented","yes","","unknown","","","","","TSHEPO","experience-bff","implemented","","bff-api-facade"
"bff-route:/internal/v1/finance/service-access-decisions","","services/experience-bff","bff-route-prefix","experience/bff","BFF HTTP prefix /internal/v1/finance/service-access-decisions","runtime-implemented","yes","","unknown","","","","","TSHEPO","experience-bff","implemented","","bff-api-facade"
"bff-route:/internal/v1/finance/settlements","","services/experience-bff","bff-route-prefix","experience/bff","BFF HTTP prefix /internal/v1/finance/settlements","runtime-implemented","yes","","unknown","","","","","TSHEPO","experience-bff","implemented","","bff-api-facade"
"bff-route:/internal/v1/governance/access","","services/experience-bff","bff-route-prefix","experience/bff","BFF HTTP prefix /internal/v1/governance/access","runtime-implemented","yes","","unknown","","","","","TSHEPO","experience-bff","implemented","","bff-api-facade"
"bff-route:/internal/v1/growth","","services/experience-bff","bff-route-prefix","experience/bff","BFF HTTP prefix /internal/v1/growth","runtime-implemented","yes","","unknown","","","","","TSHEPO","experience-bff","implemented","","bff-api-facade"
"bff-route:/internal/v1/guidance","","services/experience-bff","bff-route-prefix","experience/bff","BFF HTTP prefix /internal/v1/guidance","runtime-implemented","yes","","unknown","","","","","TSHEPO","experience-bff","implemented","","bff-api-facade"
"bff-route:/internal/v1/identity","","services/experience-bff","bff-route-prefix","experience/bff","BFF HTTP prefix /internal/v1/identity","runtime-implemented","yes","","unknown","","","","","TSHEPO","experience-bff","implemented","","bff-api-facade"
"bff-route:/internal/v1/identity/assurance","","services/experience-bff","bff-route-prefix","experience/bff","BFF HTTP prefix /internal/v1/identity/assurance","runtime-implemented","yes","","unknown","","","","","TSHEPO","experience-bff","implemented","","bff-api-facade"
"bff-route:/internal/v1/identity/biometric/varapi","","services/experience-bff","bff-route-prefix","experience/bff","BFF HTTP prefix /internal/v1/identity/biometric/varapi","runtime-implemented","yes","","unknown","","","","","TSHEPO","experience-bff","implemented","","bff-api-facade"
"bff-route:/internal/v1/identity/biometric/vito","","services/experience-bff","bff-route-prefix","experience/bff","BFF HTTP prefix /internal/v1/identity/biometric/vito","runtime-implemented","yes","","unknown","","","","","TSHEPO","experience-bff","implemented","","bff-api-facade"
"bff-route:/internal/v1/identity/providers","","services/experience-bff","bff-route-prefix","experience/bff","BFF HTTP prefix /internal/v1/identity/providers","runtime-implemented","yes","","unknown","","","","","TSHEPO","experience-bff","implemented","","bff-api-facade"
"bff-route:/internal/v1/imaging","","services/experience-bff","bff-route-prefix","experience/bff","BFF HTTP prefix /internal/v1/imaging","runtime-implemented","yes","","unknown","","","","","TSHEPO","experience-bff","implemented","","bff-api-facade"
"bff-route:/internal/v1/immunizations","","services/experience-bff","bff-route-prefix","experience/bff","BFF HTTP prefix /internal/v1/immunizations","runtime-implemented","yes","","unknown","","","","","TSHEPO","experience-bff","implemented","","bff-api-facade"
"bff-route:/internal/v1/inpatient","","services/experience-bff","bff-route-prefix","experience/bff","BFF HTTP prefix /internal/v1/inpatient","runtime-implemented","yes","","unknown","","","","","TSHEPO","experience-bff","implemented","","bff-api-facade"
"bff-route:/internal/v1/integration-hub","","services/experience-bff","bff-route-prefix","experience/bff","BFF HTTP prefix /internal/v1/integration-hub","runtime-implemented","yes","","unknown","","","","","TSHEPO","experience-bff","implemented","","bff-api-facade"
"bff-route:/internal/v1/intelligence-plane","","services/experience-bff","bff-route-prefix","experience/bff","BFF HTTP prefix /internal/v1/intelligence-plane","runtime-implemented","yes","","unknown","","","","","TSHEPO","experience-bff","implemented","","bff-api-facade"
"bff-route:/internal/v1/inventory","","services/experience-bff","bff-route-prefix","experience/bff","BFF HTTP prefix /internal/v1/inventory","runtime-implemented","yes","","unknown","","","","","TSHEPO","experience-bff","implemented","","bff-api-facade"
"bff-route:/internal/v1/inventory-elmis","","services/experience-bff","bff-route-prefix","experience/bff","BFF HTTP prefix /internal/v1/inventory-elmis","runtime-implemented","yes","","unknown","","","","","TSHEPO","experience-bff","implemented","","bff-api-facade"
"bff-route:/internal/v1/lab-orders","","services/experience-bff","bff-route-prefix","experience/bff","BFF HTTP prefix /internal/v1/lab-orders","runtime-implemented","yes","","unknown","","","","","TSHEPO","experience-bff","implemented","","bff-api-facade"
"bff-route:/internal/v1/labour-monitoring","","services/experience-bff","bff-route-prefix","experience/bff","BFF HTTP prefix /internal/v1/labour-monitoring","runtime-implemented","yes","","unknown","","","","","TSHEPO","experience-bff","implemented","","bff-api-facade"
"bff-route:/internal/v1/learning","","services/experience-bff","bff-route-prefix","experience/bff","BFF HTTP prefix /internal/v1/learning","runtime-implemented","yes","","unknown","","","","","TSHEPO","experience-bff","implemented","","bff-api-facade"
"bff-route:/internal/v1/marketplace","","services/experience-bff","bff-route-prefix","experience/bff","BFF HTTP prefix /internal/v1/marketplace","runtime-implemented","yes","","unknown","","","","","TSHEPO","experience-bff","implemented","","bff-api-facade"
"bff-route:/internal/v1/maternity","","services/experience-bff","bff-route-prefix","experience/bff","BFF HTTP prefix /internal/v1/maternity","runtime-implemented","yes","","unknown","","","","","TSHEPO","experience-bff","implemented","","bff-api-facade"
"bff-route:/internal/v1/mobile/citizen","","services/experience-bff","bff-route-prefix","experience/bff","BFF HTTP prefix /internal/v1/mobile/citizen","runtime-implemented","yes","","yes","","","","","TSHEPO","experience-bff","implemented","","bff-api-facade"
"bff-route:/internal/v1/mobile/citizen/appointments","","services/experience-bff","bff-route-prefix","experience/bff","BFF HTTP prefix /internal/v1/mobile/citizen/appointments","runtime-implemented","yes","","yes","","","","","TSHEPO","experience-bff","implemented","","bff-api-facade"
"bff-route:/internal/v1/mobile/citizen/consents","","services/experience-bff","bff-route-prefix","experience/bff","BFF HTTP prefix /internal/v1/mobile/citizen/consents","runtime-implemented","yes","","yes","","","","","TSHEPO","experience-bff","implemented","","bff-api-facade"
"bff-route:/internal/v1/mobile/citizen/coverage","","services/experience-bff","bff-route-prefix","experience/bff","BFF HTTP prefix /internal/v1/mobile/citizen/coverage","runtime-implemented","yes","","yes","","","","","TSHEPO","experience-bff","implemented","","bff-api-facade"
"bff-route:/internal/v1/mobile/citizen/deliveries","","services/experience-bff","bff-route-prefix","experience/bff","BFF HTTP prefix /internal/v1/mobile/citizen/deliveries","runtime-implemented","yes","","yes","","","","","TSHEPO","experience-bff","implemented","","bff-api-facade"
"bff-route:/internal/v1/mobile/citizen/feed","","services/experience-bff","bff-route-prefix","experience/bff","BFF HTTP prefix /internal/v1/mobile/citizen/feed","runtime-implemented","yes","","yes","","","","","TSHEPO","experience-bff","implemented","","bff-api-facade"
"bff-route:/internal/v1/mobile/citizen/integration","","services/experience-bff","bff-route-prefix","experience/bff","BFF HTTP prefix /internal/v1/mobile/citizen/integration","runtime-implemented","yes","","yes","","","","","TSHEPO","experience-bff","implemented","","bff-api-facade"
"bff-route:/internal/v1/mobile/citizen/marketplace","","services/experience-bff","bff-route-prefix","experience/bff","BFF HTTP prefix /internal/v1/mobile/citizen/marketplace","runtime-implemented","yes","","yes","","","","","TSHEPO","experience-bff","implemented","","bff-api-facade"
"bff-route:/internal/v1/mobile/citizen/messaging","","services/experience-bff","bff-route-prefix","experience/bff","BFF HTTP prefix /internal/v1/mobile/citizen/messaging","runtime-implemented","yes","","yes","","","","","TSHEPO","experience-bff","implemented","","bff-api-facade"
"bff-route:/internal/v1/mobile/citizen/nhume","","services/experience-bff","bff-route-prefix","experience/bff","BFF HTTP prefix /internal/v1/mobile/citizen/nhume","runtime-implemented","yes","","yes","","","","","TSHEPO","experience-bff","implemented","","bff-api-facade"
"bff-route:/internal/v1/mobile/citizen/prescriptions","","services/experience-bff","bff-route-prefix","experience/bff","BFF HTTP prefix /internal/v1/mobile/citizen/prescriptions","runtime-implemented","yes","","yes","","","","","TSHEPO","experience-bff","implemented","","bff-api-facade"
"bff-route:/internal/v1/mobile/citizen/profile","","services/experience-bff","bff-route-prefix","experience/bff","BFF HTTP prefix /internal/v1/mobile/citizen/profile","runtime-implemented","yes","","yes","","","","","TSHEPO","experience-bff","implemented","","bff-api-facade"
"bff-route:/internal/v1/mobile/citizen/public-health","","services/experience-bff","bff-route-prefix","experience/bff","BFF HTTP prefix /internal/v1/mobile/citizen/public-health","runtime-implemented","yes","","yes","","","","","TSHEPO","experience-bff","implemented","","bff-api-facade"
"bff-route:/internal/v1/mobile/citizen/records","","services/experience-bff","bff-route-prefix","experience/bff","BFF HTTP prefix /internal/v1/mobile/citizen/records","runtime-implemented","yes","","yes","","","","","TSHEPO","experience-bff","implemented","","bff-api-facade"
"bff-route:/internal/v1/mobile/citizen/reminders","","services/experience-bff","bff-route-prefix","experience/bff","BFF HTTP prefix /internal/v1/mobile/citizen/reminders","runtime-implemented","yes","","yes","","","","","TSHEPO","experience-bff","implemented","","bff-api-facade"
"bff-route:/internal/v1/mobile/citizen/results","","services/experience-bff","bff-route-prefix","experience/bff","BFF HTTP prefix /internal/v1/mobile/citizen/results","runtime-implemented","yes","","yes","","","","","TSHEPO","experience-bff","implemented","","bff-api-facade"
"bff-route:/internal/v1/mobile/citizen/social","","services/experience-bff","bff-route-prefix","experience/bff","BFF HTTP prefix /internal/v1/mobile/citizen/social","runtime-implemented","yes","","yes","","","","","TSHEPO","experience-bff","implemented","","bff-api-facade"
"bff-route:/internal/v1/mobile/citizen/support","","services/experience-bff","bff-route-prefix","experience/bff","BFF HTTP prefix /internal/v1/mobile/citizen/support","runtime-implemented","yes","","yes","","","","","TSHEPO","experience-bff","implemented","","bff-api-facade"
"bff-route:/internal/v1/mobile/citizen/telehealth","","services/experience-bff","bff-route-prefix","experience/bff","BFF HTTP prefix /internal/v1/mobile/citizen/telehealth","runtime-implemented","yes","","yes","","","","","TSHEPO","experience-bff","implemented","","bff-api-facade"
"bff-route:/internal/v1/mobile/citizen/timeline","","services/experience-bff","bff-route-prefix","experience/bff","BFF HTTP prefix /internal/v1/mobile/citizen/timeline","runtime-implemented","yes","","yes","","","","","TSHEPO","experience-bff","implemented","","bff-api-facade"
"bff-route:/internal/v1/mobile/provider","","services/experience-bff","bff-route-prefix","experience/bff","BFF HTTP prefix /internal/v1/mobile/provider","runtime-implemented","yes","","yes","","","","","TSHEPO","experience-bff","implemented","","bff-api-facade"
"bff-route:/internal/v1/mobile/provider/admin-registry","","services/experience-bff","bff-route-prefix","experience/bff","BFF HTTP prefix /internal/v1/mobile/provider/admin-registry","runtime-implemented","yes","","yes","","","","","TSHEPO","experience-bff","implemented","","bff-api-facade"
"bff-route:/internal/v1/mobile/provider/deliveries","","services/experience-bff","bff-route-prefix","experience/bff","BFF HTTP prefix /internal/v1/mobile/provider/deliveries","runtime-implemented","yes","","yes","","","","","TSHEPO","experience-bff","implemented","","bff-api-facade"
"bff-route:/internal/v1/mobile/provider/developer","","services/experience-bff","bff-route-prefix","experience/bff","BFF HTTP prefix /internal/v1/mobile/provider/developer","runtime-implemented","yes","","yes","","","","","TSHEPO","experience-bff","implemented","","bff-api-facade"
"bff-route:/internal/v1/mobile/provider/diagnosis","","services/experience-bff","bff-route-prefix","experience/bff","BFF HTTP prefix /internal/v1/mobile/provider/diagnosis","runtime-implemented","yes","","yes","","","","","TSHEPO","experience-bff","implemented","","bff-api-facade"
"bff-route:/internal/v1/mobile/provider/discharge","","services/experience-bff","bff-route-prefix","experience/bff","BFF HTTP prefix /internal/v1/mobile/provider/discharge","runtime-implemented","yes","","yes","","","","","TSHEPO","experience-bff","implemented","","bff-api-facade"
"bff-route:/internal/v1/mobile/provider/encounters","","services/experience-bff","bff-route-prefix","experience/bff","BFF HTTP prefix /internal/v1/mobile/provider/encounters","runtime-implemented","yes","","yes","","","","","TSHEPO","experience-bff","implemented","","bff-api-facade"
"bff-route:/internal/v1/mobile/provider/forms","","services/experience-bff","bff-route-prefix","experience/bff","BFF HTTP prefix /internal/v1/mobile/provider/forms","runtime-implemented","yes","","yes","","","","","TSHEPO","experience-bff","implemented","","bff-api-facade"
"bff-route:/internal/v1/mobile/provider/governance","","services/experience-bff","bff-route-prefix","experience/bff","BFF HTTP prefix /internal/v1/mobile/provider/governance","runtime-implemented","yes","","yes","","","","","TSHEPO","experience-bff","implemented","","bff-api-facade"
"bff-route:/internal/v1/mobile/provider/integration","","services/experience-bff","bff-route-prefix","experience/bff","BFF HTTP prefix /internal/v1/mobile/provider/integration","runtime-implemented","yes","","yes","","","","","TSHEPO","experience-bff","implemented","","bff-api-facade"
"bff-route:/internal/v1/mobile/provider/inventory","","services/experience-bff","bff-route-prefix","experience/bff","BFF HTTP prefix /internal/v1/mobile/provider/inventory","runtime-implemented","yes","","yes","","","","","TSHEPO","experience-bff","implemented","","bff-api-facade"
"bff-route:/internal/v1/mobile/provider/labs","","services/experience-bff","bff-route-prefix","experience/bff","BFF HTTP prefix /internal/v1/mobile/provider/labs","runtime-implemented","yes","","yes","","","","","TSHEPO","experience-bff","implemented","","bff-api-facade"
"bff-route:/internal/v1/mobile/provider/labs/results","","services/experience-bff","bff-route-prefix","experience/bff","BFF HTTP prefix /internal/v1/mobile/provider/labs/results","runtime-implemented","yes","","yes","","","","","TSHEPO","experience-bff","implemented","","bff-api-facade"
"bff-route:/internal/v1/mobile/provider/messaging","","services/experience-bff","bff-route-prefix","experience/bff","BFF HTTP prefix /internal/v1/mobile/provider/messaging","runtime-implemented","yes","","yes","","","","","TSHEPO","experience-bff","implemented","","bff-api-facade"
"bff-route:/internal/v1/mobile/provider/nhume","","services/experience-bff","bff-route-prefix","experience/bff","BFF HTTP prefix /internal/v1/mobile/provider/nhume","runtime-implemented","yes","","yes","","","","","TSHEPO","experience-bff","implemented","","bff-api-facade"
"bff-route:/internal/v1/mobile/provider/notices","","services/experience-bff","bff-route-prefix","experience/bff","BFF HTTP prefix /internal/v1/mobile/provider/notices","runtime-implemented","yes","","yes","","","","","TSHEPO","experience-bff","implemented","","bff-api-facade"
"bff-route:/internal/v1/mobile/provider/offline","","services/experience-bff","bff-route-prefix","experience/bff","BFF HTTP prefix /internal/v1/mobile/provider/offline","runtime-implemented","yes","","yes","","","","","TSHEPO","experience-bff","implemented","","bff-api-facade"
"bff-route:/internal/v1/mobile/provider/ops-reports","","services/experience-bff","bff-route-prefix","experience/bff","BFF HTTP prefix /internal/v1/mobile/provider/ops-reports","runtime-implemented","yes","","yes","","","","","TSHEPO","experience-bff","implemented","","bff-api-facade"
"bff-route:/internal/v1/mobile/provider/prescriptions","","services/experience-bff","bff-route-prefix","experience/bff","BFF HTTP prefix /internal/v1/mobile/provider/prescriptions","runtime-implemented","yes","","yes","","","","","TSHEPO","experience-bff","implemented","","bff-api-facade"
"bff-route:/internal/v1/mobile/provider/professional-channels","","services/experience-bff","bff-route-prefix","experience/bff","BFF HTTP prefix /internal/v1/mobile/provider/professional-channels","runtime-implemented","yes","","yes","","","","","TSHEPO","experience-bff","implemented","","bff-api-facade"
"bff-route:/internal/v1/mobile/provider/professional-settings","","services/experience-bff","bff-route-prefix","experience/bff","BFF HTTP prefix /internal/v1/mobile/provider/professional-settings","runtime-implemented","yes","","yes","","","","","TSHEPO","experience-bff","implemented","","bff-api-facade"
"bff-route:/internal/v1/mobile/provider/profile","","services/experience-bff","bff-route-prefix","experience/bff","BFF HTTP prefix /internal/v1/mobile/provider/profile","runtime-implemented","yes","","yes","","","","","TSHEPO","experience-bff","implemented","","bff-api-facade"
"bff-route:/internal/v1/mobile/provider/public-health","","services/experience-bff","bff-route-prefix","experience/bff","BFF HTTP prefix /internal/v1/mobile/provider/public-health","runtime-implemented","yes","","yes","","","","","TSHEPO","experience-bff","implemented","","bff-api-facade"
"bff-route:/internal/v1/mobile/provider/referrals","","services/experience-bff","bff-route-prefix","experience/bff","BFF HTTP prefix /internal/v1/mobile/provider/referrals","runtime-implemented","yes","","yes","","","","","TSHEPO","experience-bff","implemented","","bff-api-facade"
"bff-route:/internal/v1/mobile/provider/reports","","services/experience-bff","bff-route-prefix","experience/bff","BFF HTTP prefix /internal/v1/mobile/provider/reports","runtime-implemented","yes","","yes","","","","","TSHEPO","experience-bff","implemented","","bff-api-facade"
"bff-route:/internal/v1/mobile/provider/schedule","","services/experience-bff","bff-route-prefix","experience/bff","BFF HTTP prefix /internal/v1/mobile/provider/schedule","runtime-implemented","yes","","yes","","","","","TSHEPO","experience-bff","implemented","","bff-api-facade"
"bff-route:/internal/v1/mobile/provider/search","","services/experience-bff","bff-route-prefix","experience/bff","BFF HTTP prefix /internal/v1/mobile/provider/search","runtime-implemented","yes","","yes","","","","","TSHEPO","experience-bff","implemented","","bff-api-facade"
"bff-route:/internal/v1/mobile/provider/social","","services/experience-bff","bff-route-prefix","experience/bff","BFF HTTP prefix /internal/v1/mobile/provider/social","runtime-implemented","yes","","yes","","","","","TSHEPO","experience-bff","implemented","","bff-api-facade"
"bff-route:/internal/v1/mobile/provider/supervisor","","services/experience-bff","bff-route-prefix","experience/bff","BFF HTTP prefix /internal/v1/mobile/provider/supervisor","runtime-implemented","yes","","yes","","","","","TSHEPO","experience-bff","implemented","","bff-api-facade"
"bff-route:/internal/v1/mobile/provider/support","","services/experience-bff","bff-route-prefix","experience/bff","BFF HTTP prefix /internal/v1/mobile/provider/support","runtime-implemented","yes","","yes","","","","","TSHEPO","experience-bff","implemented","","bff-api-facade"
"bff-route:/internal/v1/mobile/provider/tasks","","services/experience-bff","bff-route-prefix","experience/bff","BFF HTTP prefix /internal/v1/mobile/provider/tasks","runtime-implemented","yes","","yes","","","","","TSHEPO","experience-bff","implemented","","bff-api-facade"
"bff-route:/internal/v1/mobile/provider/telemedicine","","services/experience-bff","bff-route-prefix","experience/bff","BFF HTTP prefix /internal/v1/mobile/provider/telemedicine","runtime-implemented","yes","","yes","","","","","TSHEPO","experience-bff","implemented","","bff-api-facade"
"bff-route:/internal/v1/mobile/provider/triage","","services/experience-bff","bff-route-prefix","experience/bff","BFF HTTP prefix /internal/v1/mobile/provider/triage","runtime-implemented","yes","","yes","","","","","TSHEPO","experience-bff","implemented","","bff-api-facade"
"bff-route:/internal/v1/mobile/provider/vitals","","services/experience-bff","bff-route-prefix","experience/bff","BFF HTTP prefix /internal/v1/mobile/provider/vitals","runtime-implemented","yes","","yes","","","","","TSHEPO","experience-bff","implemented","","bff-api-facade"
"bff-route:/internal/v1/msika","","services/experience-bff","bff-route-prefix","experience/bff","BFF HTTP prefix /internal/v1/msika","runtime-implemented","yes","","unknown","","","","","TSHEPO","experience-bff","implemented","","bff-api-facade"
"bff-route:/internal/v1/mvumo-admin","","services/experience-bff","bff-route-prefix","experience/bff","BFF HTTP prefix /internal/v1/mvumo-admin","runtime-implemented","yes","","unknown","","","","","TSHEPO","experience-bff","implemented","","bff-api-facade"
"bff-route:/internal/v1/mvumo/**","","services/experience-bff","bff-route-prefix","experience/bff","BFF HTTP prefix /internal/v1/mvumo/**","runtime-implemented","yes","","unknown","","","","","TSHEPO","experience-bff","implemented","","bff-api-facade"
"bff-route:/internal/v1/ndila","","services/experience-bff","bff-route-prefix","experience/bff","BFF HTTP prefix /internal/v1/ndila","runtime-implemented","yes","","unknown","","","","","TSHEPO","experience-bff","implemented","","bff-api-facade"
"bff-route:/internal/v1/nhume","","services/experience-bff","bff-route-prefix","experience/bff","BFF HTTP prefix /internal/v1/nhume","runtime-implemented","yes","","unknown","","","","","TSHEPO","experience-bff","implemented","","bff-api-facade"
"bff-route:/internal/v1/notifications","","services/experience-bff","bff-route-prefix","experience/bff","BFF HTTP prefix /internal/v1/notifications","runtime-implemented","yes","","unknown","","","","","TSHEPO","experience-bff","implemented","","bff-api-facade"
"bff-route:/internal/v1/notifications/templates","","services/experience-bff","bff-route-prefix","experience/bff","BFF HTTP prefix /internal/v1/notifications/templates","runtime-implemented","yes","","unknown","","","","","TSHEPO","experience-bff","implemented","","bff-api-facade"
"bff-route:/internal/v1/omnichannel","","services/experience-bff","bff-route-prefix","experience/bff","BFF HTTP prefix /internal/v1/omnichannel","runtime-implemented","yes","","unknown","","","","","TSHEPO","experience-bff","implemented","","bff-api-facade"
"bff-route:/internal/v1/operations","","services/experience-bff","bff-route-prefix","experience/bff","BFF HTTP prefix /internal/v1/operations","runtime-implemented","yes","","unknown","","","","","TSHEPO","experience-bff","implemented","","bff-api-facade"
"bff-route:/internal/v1/pacs","","services/experience-bff","bff-route-prefix","experience/bff","BFF HTTP prefix /internal/v1/pacs","runtime-implemented","yes","","unknown","","","","","TSHEPO","experience-bff","implemented","","bff-api-facade"
"bff-route:/internal/v1/patients","","services/experience-bff","bff-route-prefix","experience/bff","BFF HTTP prefix /internal/v1/patients","runtime-implemented","yes","","unknown","","","","","TSHEPO","experience-bff","implemented","","bff-api-facade"
"bff-route:/internal/v1/pharmacy","","services/experience-bff","bff-route-prefix","experience/bff","BFF HTTP prefix /internal/v1/pharmacy","runtime-implemented","yes","","unknown","","","","","TSHEPO","experience-bff","implemented","","bff-api-facade"
"bff-route:/internal/v1/product-registry","","services/experience-bff","bff-route-prefix","experience/bff","BFF HTTP prefix /internal/v1/product-registry","runtime-implemented","yes","","unknown","","","","","TSHEPO","experience-bff","implemented","","bff-api-facade"
"bff-route:/internal/v1/profile","","services/experience-bff","bff-route-prefix","experience/bff","BFF HTTP prefix /internal/v1/profile","runtime-implemented","yes","","unknown","","","","","TSHEPO","experience-bff","implemented","","bff-api-facade"
"bff-route:/internal/v1/public-health","","services/experience-bff","bff-route-prefix","experience/bff","BFF HTTP prefix /internal/v1/public-health","runtime-implemented","yes","","unknown","","","","","TSHEPO","experience-bff","implemented","","bff-api-facade"
"bff-route:/internal/v1/queue","","services/experience-bff","bff-route-prefix","experience/bff","BFF HTTP prefix /internal/v1/queue","runtime-implemented","yes","","unknown","","","","","TSHEPO","experience-bff","implemented","","bff-api-facade"
"bff-route:/internal/v1/referrals","","services/experience-bff","bff-route-prefix","experience/bff","BFF HTTP prefix /internal/v1/referrals","runtime-implemented","yes","","unknown","","","","","TSHEPO","experience-bff","implemented","","bff-api-facade"
"bff-route:/internal/v1/registry","","services/experience-bff","bff-route-prefix","experience/bff","BFF HTTP prefix /internal/v1/registry","runtime-implemented","yes","","unknown","","","","","TSHEPO","experience-bff","implemented","","bff-api-facade"
"bff-route:/internal/v1/registry-downstream","","services/experience-bff","bff-route-prefix","experience/bff","BFF HTTP prefix /internal/v1/registry-downstream","runtime-implemented","yes","","unknown","","","","","TSHEPO","experience-bff","implemented","","bff-api-facade"
"bff-route:/internal/v1/registry-intake","","services/experience-bff","bff-route-prefix","experience/bff","BFF HTTP prefix /internal/v1/registry-intake","runtime-implemented","yes","","unknown","","","","","TSHEPO","experience-bff","implemented","","bff-api-facade"
"bff-route:/internal/v1/registry-shell","","services/experience-bff","bff-route-prefix","experience/bff","BFF HTTP prefix /internal/v1/registry-shell","runtime-implemented","yes","","unknown","","","","","TSHEPO","experience-bff","implemented","","bff-api-facade"
"bff-route:/internal/v1/registry/coverage","","services/experience-bff","bff-route-prefix","experience/bff","BFF HTTP prefix /internal/v1/registry/coverage","runtime-implemented","yes","","unknown","","","","","TSHEPO","experience-bff","implemented","","bff-api-facade"
"bff-route:/internal/v1/registry/zibo","","services/experience-bff","bff-route-prefix","experience/bff","BFF HTTP prefix /internal/v1/registry/zibo","runtime-implemented","yes","","unknown","","","","","TSHEPO","experience-bff","implemented","","bff-api-facade"
"bff-route:/internal/v1/reports","","services/experience-bff","bff-route-prefix","experience/bff","BFF HTTP prefix /internal/v1/reports","runtime-implemented","yes","","unknown","","","","","TSHEPO","experience-bff","implemented","","bff-api-facade"
"bff-route:/internal/v1/search","","services/experience-bff","bff-route-prefix","experience/bff","BFF HTTP prefix /internal/v1/search","runtime-implemented","yes","","unknown","","","","","TSHEPO","experience-bff","implemented","","bff-api-facade"
"bff-route:/internal/v1/settings/privacy","","services/experience-bff","bff-route-prefix","experience/bff","BFF HTTP prefix /internal/v1/settings/privacy","runtime-implemented","yes","","unknown","","","","","TSHEPO","experience-bff","implemented","","bff-api-facade"
"bff-route:/internal/v1/shell/file-catalog","","services/experience-bff","bff-route-prefix","experience/bff","BFF HTTP prefix /internal/v1/shell/file-catalog","runtime-implemented","yes","","unknown","","","","","TSHEPO","experience-bff","implemented","","bff-api-facade"
"bff-route:/internal/v1/shell/workspace-state","","services/experience-bff","bff-route-prefix","experience/bff","BFF HTTP prefix /internal/v1/shell/workspace-state","runtime-implemented","yes","","unknown","","","","","TSHEPO","experience-bff","implemented","","bff-api-facade"
"bff-route:/internal/v1/shifts","","services/experience-bff","bff-route-prefix","experience/bff","BFF HTTP prefix /internal/v1/shifts","runtime-implemented","yes","","unknown","","","","","TSHEPO","experience-bff","implemented","","bff-api-facade"
"bff-route:/internal/v1/social","","services/experience-bff","bff-route-prefix","experience/bff","BFF HTTP prefix /internal/v1/social","runtime-implemented","yes","","unknown","","","","","TSHEPO","experience-bff","implemented","","bff-api-facade"
"bff-route:/internal/v1/social/composer","","services/experience-bff","bff-route-prefix","experience/bff","BFF HTTP prefix /internal/v1/social/composer","runtime-implemented","yes","","unknown","","","","","TSHEPO","experience-bff","implemented","","bff-api-facade"
"bff-route:/internal/v1/staffing","","services/experience-bff","bff-route-prefix","experience/bff","BFF HTTP prefix /internal/v1/staffing","runtime-implemented","yes","","unknown","","","","","TSHEPO","experience-bff","implemented","","bff-api-facade"
"bff-route:/internal/v1/summary","","services/experience-bff","bff-route-prefix","experience/bff","BFF HTTP prefix /internal/v1/summary","runtime-implemented","yes","","unknown","","","","","TSHEPO","experience-bff","implemented","","bff-api-facade"
"bff-route:/internal/v1/support","","services/experience-bff","bff-route-prefix","experience/bff","BFF HTTP prefix /internal/v1/support","runtime-implemented","yes","","unknown","","","","","TSHEPO","experience-bff","implemented","","bff-api-facade"
"bff-route:/internal/v1/teleconsult","","services/experience-bff","bff-route-prefix","experience/bff","BFF HTTP prefix /internal/v1/teleconsult","runtime-implemented","yes","","unknown","","","","","TSHEPO","experience-bff","implemented","","bff-api-facade"
"bff-route:/internal/v1/timeline","","services/experience-bff","bff-route-prefix","experience/bff","BFF HTTP prefix /internal/v1/timeline","runtime-implemented","yes","","unknown","","","","","TSHEPO","experience-bff","implemented","","bff-api-facade"
"bff-route:/internal/v1/triage","","services/experience-bff","bff-route-prefix","experience/bff","BFF HTTP prefix /internal/v1/triage","runtime-implemented","yes","","unknown","","","","","TSHEPO","experience-bff","implemented","","bff-api-facade"
"bff-route:/internal/v1/trust","","services/experience-bff","bff-route-prefix","experience/bff","BFF HTTP prefix /internal/v1/trust","runtime-implemented","yes","","unknown","","","","","TSHEPO","experience-bff","implemented","","bff-api-facade"
"bff-route:/internal/v1/ubomi","","services/experience-bff","bff-route-prefix","experience/bff","BFF HTTP prefix /internal/v1/ubomi","runtime-implemented","yes","","unknown","","","","","TSHEPO","experience-bff","implemented","","bff-api-facade"
"bff-route:/internal/v1/vitals","","services/experience-bff","bff-route-prefix","experience/bff","BFF HTTP prefix /internal/v1/vitals","runtime-implemented","yes","","unknown","","","","","TSHEPO","experience-bff","implemented","","bff-api-facade"
"bff-route:/internal/v1/vito/cards","","services/experience-bff","bff-route-prefix","experience/bff","BFF HTTP prefix /internal/v1/vito/cards","runtime-implemented","yes","","unknown","","","","","TSHEPO","experience-bff","implemented","","bff-api-facade"
"bff-route:/internal/v1/vito/client-registry","","services/experience-bff","bff-route-prefix","experience/bff","BFF HTTP prefix /internal/v1/vito/client-registry","runtime-implemented","yes","","unknown","","","","","TSHEPO","experience-bff","implemented","","bff-api-facade"
"bff-route:/internal/v1/vito/dedup","","services/experience-bff","bff-route-prefix","experience/bff","BFF HTTP prefix /internal/v1/vito/dedup","runtime-implemented","yes","","unknown","","","","","TSHEPO","experience-bff","implemented","","bff-api-facade"
"bff-route:/internal/v1/vito/identity","","services/experience-bff","bff-route-prefix","experience/bff","BFF HTTP prefix /internal/v1/vito/identity","runtime-implemented","yes","","unknown","","","","","TSHEPO","experience-bff","implemented","","bff-api-facade"
"bff-route:/internal/v1/vito/internal/clients","","services/experience-bff","bff-route-prefix","experience/bff","BFF HTTP prefix /internal/v1/vito/internal/clients","runtime-implemented","yes","","unknown","","","","","TSHEPO","experience-bff","implemented","","bff-api-facade"
"bff-route:/internal/v1/vito/issuance","","services/experience-bff","bff-route-prefix","experience/bff","BFF HTTP prefix /internal/v1/vito/issuance","runtime-implemented","yes","","unknown","","","","","TSHEPO","experience-bff","implemented","","bff-api-facade"
"bff-route:/internal/v1/vito/match","","services/experience-bff","bff-route-prefix","experience/bff","BFF HTTP prefix /internal/v1/vito/match","runtime-implemented","yes","","unknown","","","","","TSHEPO","experience-bff","implemented","","bff-api-facade"
"bff-route:/internal/v1/vito/print","","services/experience-bff","bff-route-prefix","experience/bff","BFF HTTP prefix /internal/v1/vito/print","runtime-implemented","yes","","unknown","","","","","TSHEPO","experience-bff","implemented","","bff-api-facade"
"bff-route:/internal/v1/vito/public/patient-shares","","services/experience-bff","bff-route-prefix","experience/bff","BFF HTTP prefix /internal/v1/vito/public/patient-shares","runtime-implemented","yes","","unknown","","","","","TSHEPO","experience-bff","implemented","","bff-api-facade"
"bff-route:/internal/v1/vito/qr","","services/experience-bff","bff-route-prefix","experience/bff","BFF HTTP prefix /internal/v1/vito/qr","runtime-implemented","yes","","unknown","","","","","TSHEPO","experience-bff","implemented","","bff-api-facade"
"bff-route:/internal/v1/vito/registry","","services/experience-bff","bff-route-prefix","experience/bff","BFF HTTP prefix /internal/v1/vito/registry","runtime-implemented","yes","","unknown","","","","","TSHEPO","experience-bff","implemented","","bff-api-facade"
"bff-route:/internal/v1/vito/slips","","services/experience-bff","bff-route-prefix","experience/bff","BFF HTTP prefix /internal/v1/vito/slips","runtime-implemented","yes","","unknown","","","","","TSHEPO","experience-bff","implemented","","bff-api-facade"
"bff-route:/internal/v1/wallet","","services/experience-bff","bff-route-prefix","experience/bff","BFF HTTP prefix /internal/v1/wallet","runtime-implemented","yes","","unknown","","","","","TSHEPO","experience-bff","implemented","","bff-api-facade"
"bff-route:/internal/v1/wellness","","services/experience-bff","bff-route-prefix","experience/bff","BFF HTTP prefix /internal/v1/wellness","runtime-implemented","yes","","unknown","","","","","TSHEPO","experience-bff","implemented","","bff-api-facade"
"bff-route:/internal/v1/workflows","","services/experience-bff","bff-route-prefix","experience/bff","BFF HTTP prefix /internal/v1/workflows","runtime-implemented","yes","","unknown","","","","","TSHEPO","experience-bff","implemented","","bff-api-facade"
"bff-route:/internal/v1/workforce-governance","","services/experience-bff","bff-route-prefix","experience/bff","BFF HTTP prefix /internal/v1/workforce-governance","runtime-implemented","yes","","unknown","","","","","TSHEPO","experience-bff","implemented","","bff-api-facade"
"bff-route:/internal/v1/workspaces","","services/experience-bff","bff-route-prefix","experience/bff","BFF HTTP prefix /internal/v1/workspaces","runtime-implemented","yes","","unknown","","","","","TSHEPO","experience-bff","implemented","","bff-api-facade"
"/auth/login","Sign In","ui/one-ui-shell/src/app/auth/login/page.tsx","frontend-route","experience/auth","Registered web route: Sign In","via-bff","yes","/auth/login","parity-expected","","hooks/queries/useAuth.ts","","","session + trust headers","experience-bff","routed-with-page","","frontend-route"
"/auth/login/email","Sign In with Email","ui/one-ui-shell/src/app/auth/login/email/page.tsx","frontend-route","experience/auth","Registered web route: Sign In with Email","via-bff","yes","/auth/login/email","parity-expected","","hooks/queries/useAuth.ts","","","session + trust headers","experience-bff","routed-with-page","","frontend-route"
"/auth/login/provider-id","Sign In with Provider ID","ui/one-ui-shell/src/app/auth/login/provider-id/page.tsx","frontend-route","experience/auth","Registered web route: Sign In with Provider ID","via-bff","yes","/auth/login/provider-id","parity-expected","","hooks/queries/useAuth.ts","","","session + trust headers","experience-bff","routed-with-page","","frontend-route"
"/auth/login/biometric","Biometric Verification","ui/one-ui-shell/src/app/auth/login/biometric/page.tsx","frontend-route","experience/auth","Registered web route: Biometric Verification","via-bff","yes","/auth/login/biometric","parity-expected","","hooks/queries/useAuth.ts","","","session + trust headers","experience-bff","routed-with-page","","frontend-route"
"/auth/forgot-password","Forgot Password","ui/one-ui-shell/src/app/auth/forgot-password/page.tsx","frontend-route","experience/auth","Registered web route: Forgot Password","via-bff","yes","/auth/forgot-password","parity-expected","","hooks/queries/useAuth.ts","","","session + trust headers","experience-bff","routed-with-page","","frontend-route"
"/auth/reset-password","Reset Password","ui/one-ui-shell/src/app/auth/reset-password/page.tsx","frontend-route","experience/auth","Registered web route: Reset Password","via-bff","yes","/auth/reset-password","parity-expected","","hooks/queries/useAuth.ts","","","session + trust headers","experience-bff","routed-with-page","","frontend-route"
"/auth/mfa","Multi-Factor Authentication","ui/one-ui-shell/src/app/auth/mfa/page.tsx","frontend-route","experience/auth","Registered web route: Multi-Factor Authentication","via-bff","yes","/auth/mfa","parity-expected","","hooks/queries/useAuth.ts","","","session + trust headers","experience-bff","routed-with-page","","frontend-route"
"/auth/logout","Signing Out","ui/one-ui-shell/src/app/auth/logout/page.tsx","frontend-route","experience/auth","Registered web route: Signing Out","via-bff","yes","/auth/logout","parity-expected","","hooks/queries/useAuth.ts","","","session + trust headers","experience-bff","routed-with-page","","frontend-route"
"/auth","Authentication","ui/one-ui-shell/src/app/auth/page.tsx","frontend-route","experience/auth","Registered web route: Authentication","via-bff","yes","/auth","parity-expected","","hooks/queries/useAuth.ts","","","session + trust headers","experience-bff","routed-with-page","","frontend-route"
"/auth/register","Create Account","ui/one-ui-shell/src/app/auth/register/page.tsx","frontend-route","experience/auth","Registered web route: Create Account","via-bff","yes","/auth/register","parity-expected","","hooks/queries/useAuth.ts","","","session + trust headers","experience-bff","routed-with-page","","frontend-route"
"/auth/register/assurance","Identity Assurance","ui/one-ui-shell/src/app/auth/register/assurance/page.tsx","frontend-route","experience/auth","Registered web route: Identity Assurance","via-bff","yes","/auth/register/assurance","parity-expected","","hooks/queries/useAuth.ts","","","session + trust headers","experience-bff","routed-with-page","","frontend-route"
"/auth/register/status","Registration Status","ui/one-ui-shell/src/app/auth/register/status/page.tsx","frontend-route","experience/auth","Registered web route: Registration Status","via-bff","yes","/auth/register/status","parity-expected","","hooks/queries/useAuth.ts","","","session + trust headers","experience-bff","routed-with-page","","frontend-route"
"/auth/resolving","Resolving Session","ui/one-ui-shell/src/app/auth/resolving/page.tsx","frontend-route","experience/auth","Registered web route: Resolving Session","via-bff","yes","/auth/resolving","parity-expected","","hooks/queries/useAuth.ts","","","session + trust headers","experience-bff","routed-with-page","","frontend-route"
"/privacy","Privacy Policy","ui/one-ui-shell/src/app/privacy/page.tsx","frontend-route","experience/auth","Registered web route: Privacy Policy","via-bff","yes","/privacy","parity-expected","","hooks/queries/usePrivacyPreferences.ts","","","session + trust headers","experience-bff","routed-with-page","","frontend-route"
"/terms","Terms of Use","ui/one-ui-shell/src/app/terms/page.tsx","frontend-route","experience/auth","Registered web route: Terms of Use","via-bff","yes","/terms","parity-expected","","","","","session + trust headers","experience-bff","routed-with-page","","frontend-route"
"/consent","Review Policies","ui/one-ui-shell/src/app/consent/page.tsx","frontend-route","experience/auth","Registered web route: Review Policies","via-bff","yes","/consent","parity-expected","","hooks/queries/useConsent.ts","","","session + trust headers","experience-bff","routed-with-page","","frontend-route"
"/account-deletion","Account Deletion","ui/one-ui-shell/src/app/account-deletion/page.tsx","frontend-route","experience/auth","Registered web route: Account Deletion","via-bff","yes","/account-deletion","parity-expected","","","","","session + trust headers","experience-bff","routed-with-page","","frontend-route"
"/privacy/app-stores","App Store Privacy","ui/one-ui-shell/src/app/privacy/app-stores/page.tsx","frontend-route","experience/auth","Registered web route: App Store Privacy","via-bff","yes","/privacy/app-stores","parity-expected","","hooks/queries/usePrivacyPreferences.ts","","","session + trust headers","experience-bff","routed-with-page","","frontend-route"
"/clinical","Clinical Care","ui/one-ui-shell/src/app/clinical/page.tsx","frontend-route","experience/queue","Registered web route: Clinical Care","via-bff","yes","/clinical","parity-expected","","hooks/queries/useClinicalCuration.ts","","","session + trust headers","experience-bff","routed-with-page","","frontend-route"
"/core-transaction","Core Transaction","ui/one-ui-shell/src/app/core-transaction/page.tsx","frontend-route","experience/queue","Registered web route: Core Transaction","via-bff","yes","/core-transaction","parity-expected","","","","","session + trust headers","experience-bff","routed-with-page","","frontend-route"
"/client-journey","Client Journey","ui/one-ui-shell/src/app/client-journey/page.tsx","frontend-route","experience/home","Registered web route: Client Journey","via-bff","yes","/client-journey","parity-expected","","","","","session + trust headers","experience-bff","routed-with-page","","frontend-route"
"/provider-workspace","Provider Workspace","ui/one-ui-shell/src/app/provider-workspace/page.tsx","frontend-route","experience/queue","Registered web route: Provider Workspace","via-bff","yes","/provider-workspace","parity-expected","","","","","session + trust headers","experience-bff","routed-with-page","","frontend-route"
"/platform-journey","Platform Journey","ui/one-ui-shell/src/app/platform-journey/page.tsx","frontend-route","experience/admin","Registered web route: Platform Journey","via-bff","yes","/platform-journey","parity-expected","","","","","session + trust headers","experience-bff","routed-with-page","","frontend-route"
"/clinical-tools","Clinical Tools","ui/one-ui-shell/src/app/clinical-tools/page.tsx","frontend-route","experience/queue","Registered web route: Clinical Tools","via-bff","yes","/clinical-tools","parity-expected","","","","","session + trust headers","experience-bff","routed-with-page","","frontend-route"
"/clinical-tools/rules","Rules Engine","ui/one-ui-shell/src/app/clinical-tools/rules/page.tsx","frontend-route","experience/queue","Registered web route: Rules Engine","via-bff","yes","/clinical-tools/rules","parity-expected","","","","","session + trust headers","experience-bff","routed-with-page","","frontend-route"
"/clinical-tools/forms","Form Builder","ui/one-ui-shell/src/app/clinical-tools/forms/page.tsx","frontend-route","experience/queue","Registered web route: Form Builder","via-bff","yes","/clinical-tools/forms","parity-expected","","","","","session + trust headers","experience-bff","routed-with-page","","frontend-route"
"/clinical/control-tower","Control Tower","ui/one-ui-shell/src/app/clinical/control-tower/page.tsx","frontend-route","experience/queue","Registered web route: Control Tower","via-bff","yes","/clinical/control-tower","parity-expected","","hooks/queries/useClinicalCuration.ts","","","session + trust headers","experience-bff","routed-with-page","","frontend-route"
"/clinical/dictation","Voice Dictation","ui/one-ui-shell/src/app/clinical/dictation/page.tsx","frontend-route","experience/queue","Registered web route: Voice Dictation","via-bff","yes","/clinical/dictation","parity-expected","","hooks/queries/useClinicalCuration.ts","","","session + trust headers","experience-bff","routed-with-page","","frontend-route"
"/clinical/emergency","ED / Casualty","ui/one-ui-shell/src/app/clinical/emergency/page.tsx","frontend-route","experience/queue","Registered web route: ED / Casualty","via-bff","yes","/clinical/emergency","parity-expected","","hooks/queries/useClinicalCuration.ts","","","session + trust headers","experience-bff","routed-with-page","","frontend-route"
"/clinical/inpatient","Inpatient Care","ui/one-ui-shell/src/app/clinical/inpatient/page.tsx","frontend-route","experience/queue","Registered web route: Inpatient Care","via-bff","yes","/clinical/inpatient","parity-expected","","hooks/queries/useClinicalCuration.ts","","","session + trust headers","experience-bff","routed-with-page","","frontend-route"
"/clinical/inpatient/admissions","Inpatient Admissions","ui/one-ui-shell/src/app/clinical/inpatient/admissions/page.tsx","frontend-route","experience/queue","Registered web route: Inpatient Admissions","via-bff","yes","/clinical/inpatient/admissions","parity-expected","","hooks/queries/useClinicalCuration.ts","","","session + trust headers","experience-bff","routed-with-page","","frontend-route"
"/clinical/inpatient/admissions/[admissionId]","Inpatient Episode","ui/one-ui-shell/src/app/clinical/inpatient/admissions/[admissionId]/page.tsx","frontend-route","experience/queue","Registered web route: Inpatient Episode","via-bff","yes","/clinical/inpatient/admissions/[admissionId]","parity-expected","","hooks/queries/useClinicalCuration.ts","","","session + trust headers","experience-bff","routed-with-page","","frontend-route"
"/clinical/inpatient/ward-board","Ward Board","ui/one-ui-shell/src/app/clinical/inpatient/ward-board/page.tsx","frontend-route","experience/queue","Registered web route: Ward Board","via-bff","yes","/clinical/inpatient/ward-board","parity-expected","","hooks/queries/useClinicalCuration.ts","","","session + trust headers","experience-bff","routed-with-page","","frontend-route"
"/clinical/inpatient/nursing","Nursing Workbench","ui/one-ui-shell/src/app/clinical/inpatient/nursing/page.tsx","frontend-route","experience/queue","Registered web route: Nursing Workbench","via-bff","yes","/clinical/inpatient/nursing","parity-expected","","hooks/queries/useClinicalCuration.ts","","","session + trust headers","experience-bff","routed-with-page","","frontend-route"
"/clinical/inpatient/rounds","Medical Rounds","ui/one-ui-shell/src/app/clinical/inpatient/rounds/page.tsx","frontend-route","experience/queue","Registered web route: Medical Rounds","via-bff","yes","/clinical/inpatient/rounds","parity-expected","","hooks/queries/useClinicalCuration.ts","","","session + trust headers","experience-bff","routed-with-page","","frontend-route"
"/clinical/inpatient/discharge/[admissionId]","Inpatient Discharge","ui/one-ui-shell/src/app/clinical/inpatient/discharge/[admissionId]/page.tsx","frontend-route","experience/queue","Registered web route: Inpatient Discharge","via-bff","yes","/clinical/inpatient/discharge/[admissionId]","parity-expected","","hooks/queries/useClinicalCuration.ts","","","session + trust headers","experience-bff","routed-with-page","","frontend-route"
"/production-command-centre","Production Command Centre","ui/one-ui-shell/src/app/production-command-centre/page.tsx","frontend-route","experience/admin","Registered web route: Production Command Centre","via-bff","yes","/production-command-centre","parity-expected","","","","","session + trust headers","experience-bff","routed-with-page","","frontend-route"
"/health-os/command-centre","Health OS Command Centre","ui/one-ui-shell/src/app/health-os/command-centre/page.tsx","frontend-route","experience/admin","Registered web route: Health OS Command Centre","via-bff","yes","/health-os/command-centre","parity-expected","","","","","session + trust headers","experience-bff","routed-with-page","","frontend-route"
"/data-intelligence","Data & Intelligence","ui/one-ui-shell/src/app/data-intelligence/page.tsx","frontend-route","experience/reports","Registered web route: Data & Intelligence","via-bff","yes","/data-intelligence","parity-expected","","","","","session + trust headers","experience-bff","routed-with-page","","frontend-route"
"/data-intelligence/quality","Data Quality","ui/one-ui-shell/src/app/data-intelligence/quality/page.tsx","frontend-route","experience/reports","Registered web route: Data Quality","via-bff","yes","/data-intelligence/quality","parity-expected","","","","","session + trust headers","experience-bff","routed-with-page","","frontend-route"
"/data-intelligence/pipelines","Data Pipelines","ui/one-ui-shell/src/app/data-intelligence/pipelines/page.tsx","frontend-route","experience/reports","Registered web route: Data Pipelines","via-bff","yes","/data-intelligence/pipelines","parity-expected","","","","","session + trust headers","experience-bff","routed-with-page","","frontend-route"
"/data-intelligence/integration","Integration Monitor","ui/one-ui-shell/src/app/data-intelligence/integration/page.tsx","frontend-route","experience/reports","Registered web route: Integration Monitor","via-bff","yes","/data-intelligence/integration","parity-expected","","","","","session + trust headers","experience-bff","routed-with-page","","frontend-route"
"/data-intelligence/reports","Reporting Hub","ui/one-ui-shell/src/app/data-intelligence/reports/page.tsx","frontend-route","experience/reports","Registered web route: Reporting Hub","via-bff","yes","/data-intelligence/reports","parity-expected","","","","","session + trust headers","experience-bff","routed-with-page","","frontend-route"
"/data-intelligence/audit","Audit Intelligence","ui/one-ui-shell/src/app/data-intelligence/audit/page.tsx","frontend-route","experience/reports","Registered web route: Audit Intelligence","via-bff","yes","/data-intelligence/audit","parity-expected","","","","","session + trust headers","experience-bff","routed-with-page","","frontend-route"
"/ndila","Ndila Maps","ui/one-ui-shell/src/app/ndila/page.tsx","frontend-route","experience/operations","Registered web route: Ndila Maps","via-bff","yes","/ndila","parity-expected","","hooks/queries/useNdila.ts","","","session + trust headers","experience-bff","routed-with-page","","frontend-route"
"/public-health","Public Health","ui/one-ui-shell/src/app/public-health/page.tsx","frontend-route","experience/admin","Registered web route: Public Health","via-bff","yes","/public-health","parity-expected","","","","","session + trust headers","experience-bff","routed-with-page","","frontend-route"
"/public-health/surveillance","Surveillance","ui/one-ui-shell/src/app/public-health/surveillance/page.tsx","frontend-route","experience/admin","Registered web route: Surveillance","via-bff","yes","/public-health/surveillance","parity-expected","","","","","session + trust headers","experience-bff","routed-with-page","","frontend-route"
"/public-health/campaigns","Campaigns","ui/one-ui-shell/src/app/public-health/campaigns/page.tsx","frontend-route","experience/admin","Registered web route: Campaigns","via-bff","yes","/public-health/campaigns","parity-expected","","","","","session + trust headers","experience-bff","routed-with-page","","frontend-route"
"/public-health/site-registry","Site Registry","ui/one-ui-shell/src/app/public-health/site-registry/page.tsx","frontend-route","experience/admin","Registered web route: Site Registry","via-bff","yes","/public-health/site-registry","parity-expected","","","","","session + trust headers","experience-bff","routed-with-page","","frontend-route"
"/public-health/site-registry/[siteId]","Site Profile","ui/one-ui-shell/src/app/public-health/site-registry/[siteId]/page.tsx","frontend-route","experience/admin","Registered web route: Site Profile","via-bff","yes","/public-health/site-registry/[siteId]","parity-expected","","","","","session + trust headers","experience-bff","routed-with-page","","frontend-route"
"/omnichannel","Omnichannel Hub","ui/one-ui-shell/src/app/omnichannel/page.tsx","frontend-route","experience/admin","Registered web route: Omnichannel Hub","via-bff","yes","/omnichannel","parity-expected","","hooks/queries/useOmnichannel.ts","","","session + trust headers","experience-bff","routed-with-page","","frontend-route"
"/coverage","Coverage Operations","ui/one-ui-shell/src/app/coverage/page.tsx","frontend-route","experience/admin","Registered web route: Coverage Operations","via-bff","yes","/coverage","parity-expected","","hooks/queries/useCoverage.ts","","","session + trust headers","experience-bff","routed-with-page","","frontend-route"
"/id-services","Identity Services","ui/one-ui-shell/src/app/id-services/page.tsx","frontend-route","experience/admin","Registered web route: Identity Services","via-bff","yes","/id-services","parity-expected","","","","","session + trust headers","experience-bff","routed-with-page","","frontend-route"
"/ai-governance","AI Governance","ui/one-ui-shell/src/app/ai-governance/page.tsx","frontend-route","experience/admin","Registered web route: AI Governance","via-bff","yes","/ai-governance","parity-expected","","","","","session + trust headers","experience-bff","routed-with-page","","frontend-route"
"/ai-governance/models/[id]","AI Model","ui/one-ui-shell/src/app/ai-governance/models/[id]/page.tsx","frontend-route","experience/admin","Registered web route: AI Model","via-bff","yes","/ai-governance/models/[id]","parity-expected","","","","","session + trust headers","experience-bff","routed-with-page","","frontend-route"
"/access","Access Channels","ui/one-ui-shell/src/app/access/page.tsx","frontend-route","experience/admin","Registered web route: Access Channels","via-bff","yes","/access","parity-expected","","hooks/queries/useDataAccessGovernance.ts","","","session + trust headers","experience-bff","routed-with-page","","frontend-route"
"/kiosk","Self Check-In","ui/one-ui-shell/src/app/kiosk/page.tsx","frontend-route","experience/auth","Registered web route: Self Check-In","via-bff","yes","/kiosk","parity-expected","","","","","session + trust headers","experience-bff","routed-with-page","","frontend-route"
"/","Home","ui/one-ui-shell/src/app/page.tsx","frontend-route","experience/home","Registered web route: Home","via-bff","yes","/","parity-expected","","","","","session + trust headers","experience-bff","routed-with-page","","frontend-route"
"/home","Home","ui/one-ui-shell/src/app/home/page.tsx","frontend-route","experience/home","Registered web route: Home","via-bff","yes","/home","parity-expected","","","","","session + trust headers","experience-bff","routed-with-page","","frontend-route"
"/home/notifications","Notifications","ui/one-ui-shell/src/app/home/notifications/page.tsx","frontend-route","experience/home","Registered web route: Notifications","via-bff","yes","/home/notifications","parity-expected","","","","","session + trust headers","experience-bff","routed-with-page","","frontend-route"
"/home/profile","My Profile","ui/one-ui-shell/src/app/home/profile/page.tsx","frontend-route","experience/home","Registered web route: My Profile","via-bff","yes","/home/profile","parity-expected","","","","","session + trust headers","experience-bff","routed-with-page","","frontend-route"
"/home/preferences","Preferences","ui/one-ui-shell/src/app/home/preferences/page.tsx","frontend-route","experience/home","Registered web route: Preferences","via-bff","yes","/home/preferences","parity-expected","","","","","session + trust headers","experience-bff","routed-with-page","","frontend-route"
"/home/credentials","Credentials & CPD","ui/one-ui-shell/src/app/home/credentials/page.tsx","frontend-route","experience/home","Registered web route: Credentials & CPD","via-bff","yes","/home/credentials","parity-expected","","","","","session + trust headers","experience-bff","routed-with-page","","frontend-route"
"/home/referrals","My Referrals","ui/one-ui-shell/src/app/home/referrals/page.tsx","frontend-route","experience/home","Registered web route: My Referrals","via-bff","yes","/home/referrals","parity-expected","","","","","session + trust headers","experience-bff","routed-with-page","","frontend-route"
"/home/medications","My Medications","ui/one-ui-shell/src/app/home/medications/page.tsx","frontend-route","experience/home","Registered web route: My Medications","via-bff","yes","/home/medications","parity-expected","","","","","session + trust headers","experience-bff","routed-with-page","","frontend-route"
"/home/conditions","My Conditions","ui/one-ui-shell/src/app/home/conditions/page.tsx","frontend-route","experience/home","Registered web route: My Conditions","via-bff","yes","/home/conditions","parity-expected","","","","","session + trust headers","experience-bff","routed-with-page","","frontend-route"
"/home/allergies","My Allergies","ui/one-ui-shell/src/app/home/allergies/page.tsx","frontend-route","experience/home","Registered web route: My Allergies","via-bff","yes","/home/allergies","parity-expected","","","","","session + trust headers","experience-bff","routed-with-page","","frontend-route"
"/home/results","My Results","ui/one-ui-shell/src/app/home/results/page.tsx","frontend-route","experience/home","Registered web route: My Results","via-bff","yes","/home/results","parity-expected","","","","","session + trust headers","experience-bff","routed-with-page","","frontend-route"
"/citizen","Citizen Services","ui/one-ui-shell/src/app/citizen/page.tsx","frontend-route","experience/home","Registered web route: Citizen Services","via-bff","yes","/citizen","parity-expected","","hooks/queries/useCitizenHealthSummary.ts","","","session + trust headers","experience-bff","routed-with-page","","frontend-route"
"/citizen/health-id/qr","My Health ID QR","ui/one-ui-shell/src/app/citizen/health-id/qr/page.tsx","frontend-route","experience/home","Registered web route: My Health ID QR","via-bff","yes","/citizen/health-id/qr","parity-expected","","hooks/queries/useCitizenHealthSummary.ts","","","session + trust headers","experience-bff","routed-with-page","","frontend-route"
"/citizen/health-id/request","Request Health ID","ui/one-ui-shell/src/app/citizen/health-id/request/page.tsx","frontend-route","experience/home","Registered web route: Request Health ID","via-bff","yes","/citizen/health-id/request","parity-expected","","hooks/queries/useCitizenHealthSummary.ts","","","session + trust headers","experience-bff","routed-with-page","","frontend-route"
"/citizen/id-recovery","ID Recovery","ui/one-ui-shell/src/app/citizen/id-recovery/page.tsx","frontend-route","experience/home","Registered web route: ID Recovery","via-bff","yes","/citizen/id-recovery","parity-expected","","hooks/queries/useCitizenHealthSummary.ts","","","session + trust headers","experience-bff","routed-with-page","","frontend-route"
"/citizen/delegated-pickup","Delegated Pickup","ui/one-ui-shell/src/app/citizen/delegated-pickup/page.tsx","frontend-route","experience/home","Registered web route: Delegated Pickup","via-bff","yes","/citizen/delegated-pickup","parity-expected","","hooks/queries/useCitizenHealthSummary.ts","","","session + trust headers","experience-bff","routed-with-page","","frontend-route"
"/citizen/record-sharing","Share My Record","ui/one-ui-shell/src/app/citizen/record-sharing/page.tsx","frontend-route","experience/home","Registered web route: Share My Record","via-bff","yes","/citizen/record-sharing","parity-expected","","hooks/queries/useCitizenHealthSummary.ts","","","session + trust headers","experience-bff","routed-with-page","","frontend-route"
"/verify/credential","Verify Credential","ui/one-ui-shell/src/app/verify/credential/page.tsx","frontend-route","experience/home","Registered web route: Verify Credential","via-bff","yes","/verify/credential","parity-expected","","","","","session + trust headers","experience-bff","routed-with-page","","frontend-route"
"/share/claim","Claim Shared Documents","ui/one-ui-shell/src/app/share/claim/page.tsx","frontend-route","experience/home","Registered web route: Claim Shared Documents","via-bff","yes","/share/claim","parity-expected","","hooks/queries/useVitoPatientShares.ts","","","session + trust headers","experience-bff","routed-with-page","","frontend-route"
"/collaboration/access","Provider collaboration access","ui/one-ui-shell/src/app/collaboration/access/page.tsx","frontend-route","experience/home","Registered web route: Provider collaboration access","via-bff","yes","/collaboration/access","parity-expected","","","","","session + trust headers","experience-bff","routed-with-page","","frontend-route"
"/facility","Select Facility","ui/one-ui-shell/src/app/facility/page.tsx","frontend-route","experience/facility","Registered web route: Select Facility","via-bff","yes","/facility","parity-expected","","hooks/queries/useFacilityAdmin.ts","","","session + trust headers","experience-bff","routed-with-page","","frontend-route"
"/facility/[id]","Facility Details","ui/one-ui-shell/src/app/facility/[id]/page.tsx","frontend-route","experience/facility","Registered web route: Facility Details","via-bff","yes","/facility/[id]","parity-expected","","hooks/queries/useFacilityAdmin.ts","","","session + trust headers","experience-bff","routed-with-page","","frontend-route"
"/workspace","Select Workspace","ui/one-ui-shell/src/app/workspace/page.tsx","frontend-route","experience/workspace","Registered web route: Select Workspace","via-bff","yes","/workspace","parity-expected","","hooks/queries/useFinanceBillingWorkspace.ts","","","session + trust headers","experience-bff","routed-with-page","","frontend-route"
"/workspace/[id]","Workspace Details","ui/one-ui-shell/src/app/workspace/[id]/page.tsx","frontend-route","experience/workspace","Registered web route: Workspace Details","via-bff","yes","/workspace/[id]","parity-expected","","hooks/queries/useFinanceBillingWorkspace.ts","","","session + trust headers","experience-bff","routed-with-page","","frontend-route"
"/shift","Start Shift","ui/one-ui-shell/src/app/shift/page.tsx","frontend-route","experience/shift","Registered web route: Start Shift","via-bff","yes","/shift","parity-expected","","hooks/queries/useShifts.ts","","","session + trust headers","experience-bff","routed-with-page","","frontend-route"
"/shift/active","Active Shift","ui/one-ui-shell/src/app/shift/active/page.tsx","frontend-route","experience/shift","Registered web route: Active Shift","via-bff","yes","/shift/active","parity-expected","","hooks/queries/useShifts.ts","","","session + trust headers","experience-bff","routed-with-page","","frontend-route"
"/shift/handover","Shift Handover","ui/one-ui-shell/src/app/shift/handover/page.tsx","frontend-route","experience/shift","Registered web route: Shift Handover","via-bff","yes","/shift/handover","parity-expected","","hooks/queries/useShifts.ts","","","session + trust headers","experience-bff","routed-with-page","","frontend-route"
"/scheduling","Scheduling","ui/one-ui-shell/src/app/scheduling/page.tsx","frontend-route","experience/queue","Registered web route: Scheduling","via-bff","yes","/scheduling","parity-expected","","","","","session + trust headers","experience-bff","routed-with-page","","frontend-route"
"/scheduling/roster","Staff Roster","ui/one-ui-shell/src/app/scheduling/roster/page.tsx","frontend-route","experience/queue","Registered web route: Staff Roster","via-bff","yes","/scheduling/roster","parity-expected","","","","","session + trust headers","experience-bff","routed-with-page","","frontend-route"
"/scheduling/on-call","On-Call Schedule","ui/one-ui-shell/src/app/scheduling/on-call/page.tsx","frontend-route","experience/queue","Registered web route: On-Call Schedule","via-bff","yes","/scheduling/on-call","parity-expected","","","","","session + trust headers","experience-bff","routed-with-page","","frontend-route"
"/scheduling/noticeboard","Provider Noticeboard","ui/one-ui-shell/src/app/scheduling/noticeboard/page.tsx","frontend-route","experience/queue","Registered web route: Provider Noticeboard","via-bff","yes","/scheduling/noticeboard","parity-expected","","","","","session + trust headers","experience-bff","routed-with-page","","frontend-route"
"/communication","Communication Hub","ui/one-ui-shell/src/app/communication/page.tsx","frontend-route","experience/queue","Registered web route: Communication Hub","via-bff","yes","/communication","parity-expected","","hooks/queries/useCommunication.ts","","","session + trust headers","experience-bff","routed-with-page","","frontend-route"
"/communication/secure-messaging","Secure Messaging","ui/one-ui-shell/src/app/communication/secure-messaging/page.tsx","frontend-route","experience/queue","Registered web route: Secure Messaging","via-bff","yes","/communication/secure-messaging","parity-expected","","hooks/queries/useCommunication.ts","","","session + trust headers","experience-bff","routed-with-page","","frontend-route"
"/queue","Patient Queue","ui/one-ui-shell/src/app/queue/page.tsx","frontend-route","experience/queue","Registered web route: Patient Queue","via-bff","yes","/queue","parity-expected","","hooks/queries/useQueue.ts","","","session + trust headers","experience-bff","routed-with-page","","frontend-route"
"/queue/triage","Triage Queue","ui/one-ui-shell/src/app/queue/triage/page.tsx","frontend-route","experience/queue","Registered web route: Triage Queue","via-bff","yes","/queue/triage","parity-expected","","hooks/queries/useQueue.ts","","","session + trust headers","experience-bff","routed-with-page","","frontend-route"
"/queue/waiting","Waiting Room","ui/one-ui-shell/src/app/queue/waiting/page.tsx","frontend-route","experience/queue","Registered web route: Waiting Room","via-bff","yes","/queue/waiting","parity-expected","","hooks/queries/useQueue.ts","","","session + trust headers","experience-bff","routed-with-page","","frontend-route"
"/queue/search","Patient Search","ui/one-ui-shell/src/app/queue/search/page.tsx","frontend-route","experience/queue","Registered web route: Patient Search","via-bff","yes","/queue/search","parity-expected","","hooks/queries/useQueue.ts","","","session + trust headers","experience-bff","routed-with-page","","frontend-route"
"/queue/walk-in","Walk-in Registration","ui/one-ui-shell/src/app/queue/walk-in/page.tsx","frontend-route","experience/queue","Registered web route: Walk-in Registration","via-bff","yes","/queue/walk-in","parity-expected","","hooks/queries/useQueue.ts","","","session + trust headers","experience-bff","routed-with-page","","frontend-route"
"/queue/scheduled","Scheduled Visits","ui/one-ui-shell/src/app/queue/scheduled/page.tsx","frontend-route","experience/queue","Registered web route: Scheduled Visits","via-bff","yes","/queue/scheduled","parity-expected","","hooks/queries/useQueue.ts","","","session + trust headers","experience-bff","routed-with-page","","frontend-route"
"/queue/incoming-referrals","Incoming Referrals","ui/one-ui-shell/src/app/queue/incoming-referrals/page.tsx","frontend-route","experience/queue","Registered web route: Incoming Referrals","via-bff","yes","/queue/incoming-referrals","parity-expected","","hooks/queries/useQueue.ts","","","session + trust headers","experience-bff","routed-with-page","","frontend-route"
"/ehr/[patientId]","Patient Chart","ui/one-ui-shell/src/app/ehr/[patientId]/page.tsx","frontend-route","experience/ehr","Registered web route: Patient Chart","via-bff","yes","/ehr/[patientId]","parity-expected","","","","","session + trust headers","experience-bff","routed-with-page","","frontend-route"
"/ehr/[patientId]/summary","Patient Summary","ui/one-ui-shell/src/app/ehr/[patientId]/summary/page.tsx","frontend-route","experience/ehr","Registered web route: Patient Summary","via-bff","yes","/ehr/[patientId]/summary","parity-expected","","","","","session + trust headers","experience-bff","routed-with-page","","frontend-route"
"/ehr/[patientId]/ips","International Patient Summary","ui/one-ui-shell/src/app/ehr/[patientId]/ips/page.tsx","frontend-route","experience/ehr","Registered web route: International Patient Summary","via-bff","yes","/ehr/[patientId]/ips","parity-expected","","","","","session + trust headers","experience-bff","routed-with-page","","frontend-route"
"/ehr/[patientId]/vitals","Vitals","ui/one-ui-shell/src/app/ehr/[patientId]/vitals/page.tsx","frontend-route","experience/ehr","Registered web route: Vitals","via-bff","yes","/ehr/[patientId]/vitals","parity-expected","","","","","session + trust headers","experience-bff","routed-with-page","","frontend-route"
"/ehr/[patientId]/maternity","Maternity Monitoring","ui/one-ui-shell/src/app/ehr/[patientId]/maternity/page.tsx","frontend-route","experience/ehr","Registered web route: Maternity Monitoring","via-bff","yes","/ehr/[patientId]/maternity","parity-expected","","","","","session + trust headers","experience-bff","routed-with-page","","frontend-route"
"/ehr/[patientId]/history","Medical History","ui/one-ui-shell/src/app/ehr/[patientId]/history/page.tsx","frontend-route","experience/ehr","Registered web route: Medical History","via-bff","yes","/ehr/[patientId]/history","parity-expected","","","","","session + trust headers","experience-bff","routed-with-page","","frontend-route"
"/ehr/[patientId]/conditions","Conditions","ui/one-ui-shell/src/app/ehr/[patientId]/conditions/page.tsx","frontend-route","experience/ehr","Registered web route: Conditions","via-bff","yes","/ehr/[patientId]/conditions","parity-expected","","","","","session + trust headers","experience-bff","routed-with-page","","frontend-route"
"/ehr/[patientId]/medications","Medications","ui/one-ui-shell/src/app/ehr/[patientId]/medications/page.tsx","frontend-route","experience/ehr","Registered web route: Medications","via-bff","yes","/ehr/[patientId]/medications","parity-expected","","","","","session + trust headers","experience-bff","routed-with-page","","frontend-route"
"/ehr/[patientId]/allergies","Allergies","ui/one-ui-shell/src/app/ehr/[patientId]/allergies/page.tsx","frontend-route","experience/ehr","Registered web route: Allergies","via-bff","yes","/ehr/[patientId]/allergies","parity-expected","","","","","session + trust headers","experience-bff","routed-with-page","","frontend-route"
"/ehr/[patientId]/orders","Orders","ui/one-ui-shell/src/app/ehr/[patientId]/orders/page.tsx","frontend-route","experience/ehr","Registered web route: Orders","via-bff","yes","/ehr/[patientId]/orders","parity-expected","","","","","session + trust headers","experience-bff","routed-with-page","","frontend-route"
"/ehr/[patientId]/results","Results","ui/one-ui-shell/src/app/ehr/[patientId]/results/page.tsx","frontend-route","experience/ehr","Registered web route: Results","via-bff","yes","/ehr/[patientId]/results","parity-expected","","","","","session + trust headers","experience-bff","routed-with-page","","frontend-route"
"/ehr/[patientId]/notes","Clinical Notes","ui/one-ui-shell/src/app/ehr/[patientId]/notes/page.tsx","frontend-route","experience/ehr","Registered web route: Clinical Notes","via-bff","yes","/ehr/[patientId]/notes","parity-expected","","","","","session + trust headers","experience-bff","routed-with-page","","frontend-route"
"/ehr/[patientId]/documents","Documents","ui/one-ui-shell/src/app/ehr/[patientId]/documents/page.tsx","frontend-route","experience/ehr","Registered web route: Documents","via-bff","yes","/ehr/[patientId]/documents","parity-expected","","","","","session + trust headers","experience-bff","routed-with-page","","frontend-route"
"/ehr/[patientId]/encounters","Encounters","ui/one-ui-shell/src/app/ehr/[patientId]/encounters/page.tsx","frontend-route","experience/ehr","Registered web route: Encounters","via-bff","yes","/ehr/[patientId]/encounters","parity-expected","","","","","session + trust headers","experience-bff","routed-with-page","","frontend-route"
"/ehr/[patientId]/encounter/[encounterId]","Encounter","ui/one-ui-shell/src/app/ehr/[patientId]/encounter/[encounterId]/page.tsx","frontend-route","experience/ehr","Registered web route: Encounter","via-bff","yes","/ehr/[patientId]/encounter/[encounterId]","parity-expected","","","","","session + trust headers","experience-bff","routed-with-page","","frontend-route"
"/ehr/[patientId]/immunizations","Immunizations","ui/one-ui-shell/src/app/ehr/[patientId]/immunizations/page.tsx","frontend-route","experience/ehr","Registered web route: Immunizations","via-bff","yes","/ehr/[patientId]/immunizations","parity-expected","","","","","session + trust headers","experience-bff","routed-with-page","","frontend-route"
"/ehr/[patientId]/consults","Consults & Referrals","ui/one-ui-shell/src/app/ehr/[patientId]/consults/page.tsx","frontend-route","experience/ehr","Registered web route: Consults & Referrals","via-bff","yes","/ehr/[patientId]/consults","parity-expected","","","","","session + trust headers","experience-bff","routed-with-page","","frontend-route"
"/ehr/[patientId]/referrals","Referrals","ui/one-ui-shell/src/app/ehr/[patientId]/referrals/page.tsx","frontend-route","experience/ehr","Registered web route: Referrals","via-bff","yes","/ehr/[patientId]/referrals","parity-expected","","","","","session + trust headers","experience-bff","routed-with-page","","frontend-route"
"/ehr/[patientId]/teleconsults","Teleconsults","ui/one-ui-shell/src/app/ehr/[patientId]/teleconsults/page.tsx","frontend-route","experience/ehr","Registered web route: Teleconsults","via-bff","yes","/ehr/[patientId]/teleconsults","parity-expected","","","","","session + trust headers","experience-bff","routed-with-page","","frontend-route"
"/ehr/[patientId]/timeline","Timeline","ui/one-ui-shell/src/app/ehr/[patientId]/timeline/page.tsx","frontend-route","experience/ehr","Registered web route: Timeline","via-bff","yes","/ehr/[patientId]/timeline","parity-expected","","","","","session + trust headers","experience-bff","routed-with-page","","frontend-route"
"/ehr/[patientId]/discharge","Discharge","ui/one-ui-shell/src/app/ehr/[patientId]/discharge/page.tsx","frontend-route","experience/ehr","Registered web route: Discharge","via-bff","yes","/ehr/[patientId]/discharge","parity-expected","","","","","session + trust headers","experience-bff","routed-with-page","","frontend-route"
"/ehr/[patientId]/care-plans","Care Plans","ui/one-ui-shell/src/app/ehr/[patientId]/care-plans/page.tsx","frontend-route","experience/ehr","Registered web route: Care Plans","via-bff","yes","/ehr/[patientId]/care-plans","parity-expected","","","","","session + trust headers","experience-bff","routed-with-page","","frontend-route"
"/ehr/[patientId]/procedures","Procedures","ui/one-ui-shell/src/app/ehr/[patientId]/procedures/page.tsx","frontend-route","experience/ehr","Registered web route: Procedures","via-bff","yes","/ehr/[patientId]/procedures","parity-expected","","","","","session + trust headers","experience-bff","routed-with-page","","frontend-route"
"/ehr/[patientId]/growth-chart","Growth Chart","ui/one-ui-shell/src/app/ehr/[patientId]/growth-chart/page.tsx","frontend-route","experience/ehr","Registered web route: Growth Chart","via-bff","yes","/ehr/[patientId]/growth-chart","parity-expected","","","","","session + trust headers","experience-bff","routed-with-page","","frontend-route"
"/ehr/[patientId]/family-history","Family History","ui/one-ui-shell/src/app/ehr/[patientId]/family-history/page.tsx","frontend-route","experience/ehr","Registered web route: Family History","via-bff","yes","/ehr/[patientId]/family-history","parity-expected","","","","","session + trust headers","experience-bff","routed-with-page","","frontend-route"
"/ehr/[patientId]/social-history","Social History","ui/one-ui-shell/src/app/ehr/[patientId]/social-history/page.tsx","frontend-route","experience/ehr","Registered web route: Social History","via-bff","yes","/ehr/[patientId]/social-history","parity-expected","","","","","session + trust headers","experience-bff","routed-with-page","","frontend-route"
"/ehr/[patientId]/functional-status","Functional Status","ui/one-ui-shell/src/app/ehr/[patientId]/functional-status/page.tsx","frontend-route","experience/ehr","Registered web route: Functional Status","via-bff","yes","/ehr/[patientId]/functional-status","parity-expected","","","","","session + trust headers","experience-bff","routed-with-page","","frontend-route"
"/ehr/[patientId]/advance-directives","Advance Directives","ui/one-ui-shell/src/app/ehr/[patientId]/advance-directives/page.tsx","frontend-route","experience/ehr","Registered web route: Advance Directives","via-bff","yes","/ehr/[patientId]/advance-directives","parity-expected","","","","","session + trust headers","experience-bff","routed-with-page","","frontend-route"
"/ehr/[patientId]/care-team","Care Team","ui/one-ui-shell/src/app/ehr/[patientId]/care-team/page.tsx","frontend-route","experience/ehr","Registered web route: Care Team","via-bff","yes","/ehr/[patientId]/care-team","parity-expected","","","","","session + trust headers","experience-bff","routed-with-page","","frontend-route"
"/ehr/[patientId]/preferences/communications","Communication Preferences","ui/one-ui-shell/src/app/ehr/[patientId]/preferences/communications/page.tsx","frontend-route","experience/ehr","Registered web route: Communication Preferences","via-bff","yes","/ehr/[patientId]/preferences/communications","parity-expected","","","","","session + trust headers","experience-bff","routed-with-page","","frontend-route"
"/ehr/[patientId]/goals","Goals","ui/one-ui-shell/src/app/ehr/[patientId]/goals/page.tsx","frontend-route","experience/ehr","Registered web route: Goals","via-bff","yes","/ehr/[patientId]/goals","parity-expected","","","","","session + trust headers","experience-bff","routed-with-page","","frontend-route"
"/ehr/[patientId]/assessments","Assessments","ui/one-ui-shell/src/app/ehr/[patientId]/assessments/page.tsx","frontend-route","experience/ehr","Registered web route: Assessments","via-bff","yes","/ehr/[patientId]/assessments","parity-expected","","","","","session + trust headers","experience-bff","routed-with-page","","frontend-route"
"/ehr/[patientId]/charts","Ward Charts","ui/one-ui-shell/src/app/ehr/[patientId]/charts/page.tsx","frontend-route","experience/ehr","Registered web route: Ward Charts","via-bff","yes","/ehr/[patientId]/charts","parity-expected","","","","","session + trust headers","experience-bff","routed-with-page","","frontend-route"
"/ehr/[patientId]/imaging","Imaging","ui/one-ui-shell/src/app/ehr/[patientId]/imaging/page.tsx","frontend-route","experience/ehr","Registered web route: Imaging","via-bff","yes","/ehr/[patientId]/imaging","parity-expected","","","","","session + trust headers","experience-bff","routed-with-page","","frontend-route"
"/ehr/[patientId]/imaging/viewer","DICOM Viewer","ui/one-ui-shell/src/app/ehr/[patientId]/imaging/viewer/page.tsx","frontend-route","experience/ehr","Registered web route: DICOM Viewer","via-bff","yes","/ehr/[patientId]/imaging/viewer","parity-expected","","","","","session + trust headers","experience-bff","routed-with-page","","frontend-route"
"/admin","Administration","ui/one-ui-shell/src/app/admin/page.tsx","frontend-route","experience/admin","Registered web route: Administration","via-bff","yes","/admin","parity-expected","","hooks/queries/useAdminObservability.ts","","","session + trust headers","experience-bff","routed-with-page","","frontend-route"
"/admin/users","User Management","ui/one-ui-shell/src/app/admin/users/page.tsx","frontend-route","experience/admin","Registered web route: User Management","via-bff","yes","/admin/users","parity-expected","","hooks/queries/useAdminObservability.ts","","","session + trust headers","experience-bff","routed-with-page","","frontend-route"
"/admin/users/[id]","User Details","ui/one-ui-shell/src/app/admin/users/[id]/page.tsx","frontend-route","experience/admin","Registered web route: User Details","via-bff","yes","/admin/users/[id]","parity-expected","","hooks/queries/useAdminObservability.ts","","","session + trust headers","experience-bff","routed-with-page","","frontend-route"
"/admin/roles","Role Management","ui/one-ui-shell/src/app/admin/roles/page.tsx","frontend-route","experience/admin","Registered web route: Role Management","via-bff","yes","/admin/roles","parity-expected","","hooks/queries/useAdminObservability.ts","","","session + trust headers","experience-bff","routed-with-page","","frontend-route"
"/admin/policies","Policy Management","ui/one-ui-shell/src/app/admin/policies/page.tsx","frontend-route","experience/admin","Registered web route: Policy Management","via-bff","yes","/admin/policies","parity-expected","","hooks/queries/useAdminObservability.ts","","","session + trust headers","experience-bff","routed-with-page","","frontend-route"
"/admin/audit","Audit Trail","ui/one-ui-shell/src/app/admin/audit/page.tsx","frontend-route","experience/admin","Registered web route: Audit Trail","via-bff","yes","/admin/audit","parity-expected","","hooks/queries/useAdminObservability.ts","","","session + trust headers","experience-bff","routed-with-page","","frontend-route"
"/admin/audit/[id]","Audit Entry","ui/one-ui-shell/src/app/admin/audit/[id]/page.tsx","frontend-route","experience/admin","Registered web route: Audit Entry","via-bff","yes","/admin/audit/[id]","parity-expected","","hooks/queries/useAdminObservability.ts","","","session + trust headers","experience-bff","routed-with-page","","frontend-route"
"/admin/consent","Consent Management","ui/one-ui-shell/src/app/admin/consent/page.tsx","frontend-route","experience/admin","Registered web route: Consent Management","via-bff","yes","/admin/consent","parity-expected","","hooks/queries/useAdminObservability.ts","","","session + trust headers","experience-bff","routed-with-page","","frontend-route"
"/admin/devices","Device Management","ui/one-ui-shell/src/app/admin/devices/page.tsx","frontend-route","experience/admin","Registered web route: Device Management","via-bff","yes","/admin/devices","parity-expected","","hooks/queries/useAdminObservability.ts","","","session + trust headers","experience-bff","routed-with-page","","frontend-route"
"/admin/keys","Key Management","ui/one-ui-shell/src/app/admin/keys/page.tsx","frontend-route","experience/admin","Registered web route: Key Management","via-bff","yes","/admin/keys","parity-expected","","hooks/queries/useAdminObservability.ts","","","session + trust headers","experience-bff","routed-with-page","","frontend-route"
"/admin/federation","Federation","ui/one-ui-shell/src/app/admin/federation/page.tsx","frontend-route","experience/admin","Registered web route: Federation","via-bff","yes","/admin/federation","parity-expected","","hooks/queries/useAdminObservability.ts","","","session + trust headers","experience-bff","routed-with-page","","frontend-route"
"/admin/tenants","Tenant Management","ui/one-ui-shell/src/app/admin/tenants/page.tsx","frontend-route","experience/admin","Registered web route: Tenant Management","via-bff","yes","/admin/tenants","parity-expected","","hooks/queries/useAdminObservability.ts","","","session + trust headers","experience-bff","routed-with-page","","frontend-route"
"/admin/break-glass","Break Glass Log","ui/one-ui-shell/src/app/admin/break-glass/page.tsx","frontend-route","experience/admin","Registered web route: Break Glass Log","via-bff","yes","/admin/break-glass","parity-expected","","hooks/queries/useAdminObservability.ts","","","session + trust headers","experience-bff","routed-with-page","","frontend-route"
"/admin/beds","Bed & Ward Admin","ui/one-ui-shell/src/app/admin/beds/page.tsx","frontend-route","experience/admin","Registered web route: Bed & Ward Admin","via-bff","yes","/admin/beds","parity-expected","","hooks/queries/useAdminObservability.ts","","","session + trust headers","experience-bff","routed-with-page","","frontend-route"
"/admin/queues","Queue Configuration","ui/one-ui-shell/src/app/admin/queues/page.tsx","frontend-route","experience/admin","Registered web route: Queue Configuration","via-bff","yes","/admin/queues","parity-expected","","hooks/queries/useAdminObservability.ts","","","session + trust headers","experience-bff","routed-with-page","","frontend-route"
"/admin/data-export","Data Export","ui/one-ui-shell/src/app/admin/data-export/page.tsx","frontend-route","experience/admin","Registered web route: Data Export","via-bff","yes","/admin/data-export","parity-expected","","hooks/queries/useAdminObservability.ts","","","session + trust headers","experience-bff","routed-with-page","","frontend-route"
"/admin/data-governance","Data Governance","ui/one-ui-shell/src/app/admin/data-governance/page.tsx","frontend-route","experience/admin","Registered web route: Data Governance","via-bff","yes","/admin/data-governance","parity-expected","","hooks/queries/useAdminObservability.ts","","","session + trust headers","experience-bff","routed-with-page","","frontend-route"
"/admin/clinical-curation","Clinical Knowledge Curation","ui/one-ui-shell/src/app/admin/clinical-curation/page.tsx","frontend-route","experience/admin","Registered web route: Clinical Knowledge Curation","via-bff","yes","/admin/clinical-curation","parity-expected","","hooks/queries/useAdminObservability.ts","","","session + trust headers","experience-bff","routed-with-page","","frontend-route"
"/admin/system-monitor","System Monitor","ui/one-ui-shell/src/app/admin/system-monitor/page.tsx","frontend-route","experience/admin","Registered web route: System Monitor","via-bff","yes","/admin/system-monitor","parity-expected","","hooks/queries/useAdminObservability.ts","","","session + trust headers","experience-bff","routed-with-page","","frontend-route"
"/admin/integration-status","Integration Status","ui/one-ui-shell/src/app/admin/integration-status/page.tsx","frontend-route","experience/admin","Registered web route: Integration Status","via-bff","yes","/admin/integration-status","parity-expected","","hooks/queries/useAdminObservability.ts","","","session + trust headers","experience-bff","routed-with-page","","frontend-route"
"/admin/notifications/templates","Notification Templates","ui/one-ui-shell/src/app/admin/notifications/templates/page.tsx","frontend-route","experience/admin","Registered web route: Notification Templates","via-bff","yes","/admin/notifications/templates","parity-expected","","hooks/queries/useAdminObservability.ts","","","session + trust headers","experience-bff","routed-with-page","","frontend-route"
"/admin/integration-templates","Integration Templates","ui/one-ui-shell/src/app/admin/integration-templates/page.tsx","frontend-route","experience/admin","Registered web route: Integration Templates","via-bff","yes","/admin/integration-templates","parity-expected","","hooks/queries/useAdminObservability.ts","","","session + trust headers","experience-bff","routed-with-page","","frontend-route"
"/admin/sidecar-retirement","Sidecar Retirement","ui/one-ui-shell/src/app/admin/sidecar-retirement/page.tsx","frontend-route","experience/admin","Registered web route: Sidecar Retirement","via-bff","yes","/admin/sidecar-retirement","parity-expected","","hooks/queries/useAdminObservability.ts","","","session + trust headers","experience-bff","routed-with-page","","frontend-route"
"/dags","Data Access Governance","ui/one-ui-shell/src/app/dags/page.tsx","frontend-route","experience/admin","Registered web route: Data Access Governance","via-bff","yes","/dags","parity-expected","","","","","session + trust headers","experience-bff","routed-with-page","","frontend-route"
"/dags/policy","Data Access Policy","ui/one-ui-shell/src/app/dags/policy/page.tsx","frontend-route","experience/admin","Registered web route: Data Access Policy","via-bff","yes","/dags/policy","parity-expected","","","","","session + trust headers","experience-bff","routed-with-page","","frontend-route"
"/registry-admin","Registry Administration","ui/one-ui-shell/src/app/registry-admin/page.tsx","frontend-route","experience/admin","Registered web route: Registry Administration","via-bff","yes","/registry-admin","parity-expected","","","","","session + trust headers","experience-bff","routed-with-page","","frontend-route"
"/organization-admin","Organization Administration","ui/one-ui-shell/src/app/organization-admin/page.tsx","frontend-route","experience/admin","Registered web route: Organization Administration","via-bff","yes","/organization-admin","parity-expected","","","","","session + trust headers","experience-bff","routed-with-page","","frontend-route"
"/organization-admin/facility","Facility Administration","ui/one-ui-shell/src/app/organization-admin/facility/page.tsx","frontend-route","experience/admin","Registered web route: Facility Administration","via-bff","yes","/organization-admin/facility","parity-expected","","","","","session + trust headers","experience-bff","routed-with-page","","frontend-route"
"/organization-admin/staffing","Staffing & Scheduling","ui/one-ui-shell/src/app/organization-admin/staffing/page.tsx","frontend-route","experience/admin","Registered web route: Staffing & Scheduling","via-bff","yes","/organization-admin/staffing","parity-expected","","","","","session + trust headers","experience-bff","routed-with-page","","frontend-route"
"/organization-admin/governance","Organisations & governance","ui/one-ui-shell/src/app/organization-admin/governance/page.tsx","frontend-route","experience/admin","Registered web route: Organisations & governance","via-bff","yes","/organization-admin/governance","parity-expected","","","","","session + trust headers","experience-bff","routed-with-page","","frontend-route"
"/organization-admin/governance/[id]","Organisation detail","ui/one-ui-shell/src/app/organization-admin/governance/[id]/page.tsx","frontend-route","experience/admin","Registered web route: Organisation detail","via-bff","yes","/organization-admin/governance/[id]","parity-expected","","","","","session + trust headers","experience-bff","routed-with-page","","frontend-route"
"/registry/clients","Client Registry","ui/one-ui-shell/src/app/registry/clients/page.tsx","frontend-route","experience/registry","Registered web route: Client Registry","via-bff","yes","/registry/clients","parity-expected","","hooks/queries/useClientRegistry.ts","","","session + trust headers","experience-bff","routed-with-page","","frontend-route"
"/registry/trust","Trust & Federation","ui/one-ui-shell/src/app/registry/trust/page.tsx","frontend-route","experience/registry","Registered web route: Trust & Federation","via-bff","yes","/registry/trust","parity-expected","","hooks/queries/useClientRegistry.ts","","","session + trust headers","experience-bff","routed-with-page","","frontend-route"
"/registry/mvumo","Mvumo â€” Digital Consent","ui/one-ui-shell/src/app/registry/mvumo/page.tsx","frontend-route","experience/registry","Registered web route: Mvumo â€” Digital Consent","via-bff","yes","/registry/mvumo","parity-expected","","hooks/queries/useClientRegistry.ts","","","session + trust headers","experience-bff","routed-with-page","","frontend-route"
"/registry","Registry Hub","ui/one-ui-shell/src/app/registry/page.tsx","frontend-route","experience/registry","Registered web route: Registry Hub","via-bff","yes","/registry","parity-expected","","hooks/queries/useClientRegistry.ts","","","session + trust headers","experience-bff","routed-with-page","","frontend-route"
"/registry/intake","Registry Intake","ui/one-ui-shell/src/app/registry/intake/page.tsx","frontend-route","experience/registry","Registered web route: Registry Intake","via-bff","yes","/registry/intake","parity-expected","","hooks/queries/useClientRegistry.ts","","","session + trust headers","experience-bff","routed-with-page","","frontend-route"
"/registry/locality-review","Locality gazetteer review","ui/one-ui-shell/src/app/registry/locality-review/page.tsx","frontend-route","experience/registry","Registered web route: Locality gazetteer review","via-bff","yes","/registry/locality-review","parity-expected","","hooks/queries/useClientRegistry.ts","","","session + trust headers","experience-bff","routed-with-page","","frontend-route"
"/registry/facility-lifecycle","Facility regulatory lifecycle","ui/one-ui-shell/src/app/registry/facility-lifecycle/page.tsx","frontend-route","experience/registry","Registered web route: Facility regulatory lifecycle","via-bff","yes","/registry/facility-lifecycle","parity-expected","","hooks/queries/useClientRegistry.ts","","","session + trust headers","experience-bff","routed-with-page","","frontend-route"
"/registry/providers","Provider Registry","ui/one-ui-shell/src/app/registry/providers/page.tsx","frontend-route","experience/registry","Registered web route: Provider Registry","via-bff","yes","/registry/providers","parity-expected","","hooks/queries/useClientRegistry.ts","","","session + trust headers","experience-bff","routed-with-page","","frontend-route"
"/registry/providers/verification","Provider Verification Queue","ui/one-ui-shell/src/app/registry/providers/verification/page.tsx","frontend-route","experience/registry","Registered web route: Provider Verification Queue","via-bff","yes","/registry/providers/verification","parity-expected","","hooks/queries/useClientRegistry.ts","","","session + trust headers","experience-bff","routed-with-page","","frontend-route"
"/registry/providers/[id]","Provider Profile","ui/one-ui-shell/src/app/registry/providers/[id]/page.tsx","frontend-route","experience/registry","Registered web route: Provider Profile","via-bff","yes","/registry/providers/[id]","parity-expected","","hooks/queries/useClientRegistry.ts","","","session + trust headers","experience-bff","routed-with-page","","frontend-route"
"/registry/provider-council/self-service","Council self-service","ui/one-ui-shell/src/app/registry/provider-council/self-service/page.tsx","frontend-route","experience/registry","Registered web route: Council self-service","via-bff","yes","/registry/provider-council/self-service","parity-expected","","hooks/queries/useClientRegistry.ts","","","session + trust headers","experience-bff","routed-with-page","","frontend-route"
"/registry/provider-council/council-workspace","Council operations","ui/one-ui-shell/src/app/registry/provider-council/council-workspace/page.tsx","frontend-route","experience/registry","Registered web route: Council operations","via-bff","yes","/registry/provider-council/council-workspace","parity-expected","","hooks/queries/useClientRegistry.ts","","","session + trust headers","experience-bff","routed-with-page","","frontend-route"
"/registry/facilities","Facility Registry","ui/one-ui-shell/src/app/registry/facilities/page.tsx","frontend-route","experience/registry","Registered web route: Facility Registry","via-bff","yes","/registry/facilities","parity-expected","","hooks/queries/useClientRegistry.ts","","","session + trust headers","experience-bff","routed-with-page","","frontend-route"
"/registry/facilities/[id]","Facility Profile","ui/one-ui-shell/src/app/registry/facilities/[id]/page.tsx","frontend-route","experience/registry","Registered web route: Facility Profile","via-bff","yes","/registry/facilities/[id]","parity-expected","","hooks/queries/useClientRegistry.ts","","","session + trust headers","experience-bff","routed-with-page","","frontend-route"
"/registry/terminology","Terminology Browser","ui/one-ui-shell/src/app/registry/terminology/page.tsx","frontend-route","experience/registry","Registered web route: Terminology Browser","via-bff","yes","/registry/terminology","parity-expected","","hooks/queries/useClientRegistry.ts","","","session + trust headers","experience-bff","routed-with-page","","frontend-route"
"/registry/terminology/[id]","Concept Details","ui/one-ui-shell/src/app/registry/terminology/[id]/page.tsx","frontend-route","experience/registry","Registered web route: Concept Details","via-bff","yes","/registry/terminology/[id]","parity-expected","","hooks/queries/useClientRegistry.ts","","","session + trust headers","experience-bff","routed-with-page","","frontend-route"
"/registry/products","Product Registry","ui/one-ui-shell/src/app/registry/products/page.tsx","frontend-route","experience/registry","Registered web route: Product Registry","via-bff","yes","/registry/products","parity-expected","","hooks/queries/useClientRegistry.ts","","","session + trust headers","experience-bff","routed-with-page","","frontend-route"
"/registry/products/[id]","Product Details","ui/one-ui-shell/src/app/registry/products/[id]/page.tsx","frontend-route","experience/registry","Registered web route: Product Details","via-bff","yes","/registry/products/[id]","parity-expected","","hooks/queries/useClientRegistry.ts","","","session + trust headers","experience-bff","routed-with-page","","frontend-route"
"/ubomi","UBOMI Civil Registry","ui/one-ui-shell/src/app/ubomi/page.tsx","frontend-route","experience/registry","Registered web route: UBOMI Civil Registry","via-bff","yes","/ubomi","parity-expected","","hooks/queries/useUbomi.ts","","","session + trust headers","experience-bff","routed-with-page","","frontend-route"
"/marketplace","Health Marketplace","ui/one-ui-shell/src/app/marketplace/page.tsx","frontend-route","experience/marketplace","Registered web route: Health Marketplace","via-bff","yes","/marketplace","parity-expected","","hooks/queries/useMarketplace.ts","","","session + trust headers","experience-bff","routed-with-page","","frontend-route"
"/marketplace/catalog","Service Catalog","ui/one-ui-shell/src/app/marketplace/catalog/page.tsx","frontend-route","experience/marketplace","Registered web route: Service Catalog","via-bff","yes","/marketplace/catalog","parity-expected","","hooks/queries/useMarketplace.ts","","","session + trust headers","experience-bff","routed-with-page","","frontend-route"
"/marketplace/orders","My Orders","ui/one-ui-shell/src/app/marketplace/orders/page.tsx","frontend-route","experience/marketplace","Registered web route: My Orders","via-bff","yes","/marketplace/orders","parity-expected","","hooks/queries/useMarketplace.ts","","","session + trust headers","experience-bff","routed-with-page","","frontend-route"
"/marketplace/orders/[id]","Order Details","ui/one-ui-shell/src/app/marketplace/orders/[id]/page.tsx","frontend-route","experience/marketplace","Registered web route: Order Details","via-bff","yes","/marketplace/orders/[id]","parity-expected","","hooks/queries/useMarketplace.ts","","","session + trust headers","experience-bff","routed-with-page","","frontend-route"
"/marketplace/ops","Marketplace Operations","ui/one-ui-shell/src/app/marketplace/ops/page.tsx","frontend-route","experience/marketplace","Registered web route: Marketplace Operations","via-bff","yes","/marketplace/ops","parity-expected","","hooks/queries/useMarketplace.ts","","","session + trust headers","experience-bff","routed-with-page","","frontend-route"
"/marketplace/vendor","Vendor Fulfilment","ui/one-ui-shell/src/app/marketplace/vendor/page.tsx","frontend-route","experience/marketplace","Registered web route: Vendor Fulfilment","via-bff","yes","/marketplace/vendor","parity-expected","","hooks/queries/useMarketplace.ts","","","session + trust headers","experience-bff","routed-with-page","","frontend-route"
"/marketplace/vendor/orders","Vendor Orders","ui/one-ui-shell/src/app/marketplace/vendor/orders/page.tsx","frontend-route","experience/marketplace","Registered web route: Vendor Orders","via-bff","yes","/marketplace/vendor/orders","parity-expected","","hooks/queries/useMarketplace.ts","","","session + trust headers","experience-bff","routed-with-page","","frontend-route"
"/marketplace/pickup","Pickup Handoff","ui/one-ui-shell/src/app/marketplace/pickup/page.tsx","frontend-route","experience/marketplace","Registered web route: Pickup Handoff","via-bff","yes","/marketplace/pickup","parity-expected","","hooks/queries/useMarketplace.ts","","","session + trust headers","experience-bff","routed-with-page","","frontend-route"
"/marketplace/vendors","Vendors","ui/one-ui-shell/src/app/marketplace/vendors/page.tsx","frontend-route","experience/marketplace","Registered web route: Vendors","via-bff","yes","/marketplace/vendors","parity-expected","","hooks/queries/useMarketplace.ts","","","session + trust headers","experience-bff","routed-with-page","","frontend-route"
"/marketplace/bookings","Bookings","ui/one-ui-shell/src/app/marketplace/bookings/page.tsx","frontend-route","experience/marketplace","Registered web route: Bookings","via-bff","yes","/marketplace/bookings","parity-expected","","hooks/queries/useMarketplace.ts","","","session + trust headers","experience-bff","routed-with-page","","frontend-route"
"/finance","Finance Dashboard","ui/one-ui-shell/src/app/finance/page.tsx","frontend-route","experience/finance","Registered web route: Finance Dashboard","via-bff","yes","/finance","parity-expected","","hooks/queries/useFinanceBillingWorkspace.ts","","","session + trust headers","experience-bff","routed-with-page","","frontend-route"
"/finance/claims","Claims","ui/one-ui-shell/src/app/finance/claims/page.tsx","frontend-route","experience/finance","Registered web route: Claims","via-bff","yes","/finance/claims","parity-expected","","hooks/queries/useFinanceBillingWorkspace.ts","","","session + trust headers","experience-bff","routed-with-page","","frontend-route"
"/finance/claims/[id]","Claim Details","ui/one-ui-shell/src/app/finance/claims/[id]/page.tsx","frontend-route","experience/finance","Registered web route: Claim Details","via-bff","yes","/finance/claims/[id]","parity-expected","","hooks/queries/useFinanceBillingWorkspace.ts","","","session + trust headers","experience-bff","routed-with-page","","frontend-route"
"/finance/billing","Billing","ui/one-ui-shell/src/app/finance/billing/page.tsx","frontend-route","experience/finance","Registered web route: Billing","via-bff","yes","/finance/billing","parity-expected","","hooks/queries/useFinanceBillingWorkspace.ts","","","session + trust headers","experience-bff","routed-with-page","","frontend-route"
"/finance/billing/[id]","Bill Details","ui/one-ui-shell/src/app/finance/billing/[id]/page.tsx","frontend-route","experience/finance","Registered web route: Bill Details","via-bff","yes","/finance/billing/[id]","parity-expected","","hooks/queries/useFinanceBillingWorkspace.ts","","","session + trust headers","experience-bff","routed-with-page","","frontend-route"
"/finance/payments","Payments","ui/one-ui-shell/src/app/finance/payments/page.tsx","frontend-route","experience/finance","Registered web route: Payments","via-bff","yes","/finance/payments","parity-expected","","hooks/queries/useFinanceBillingWorkspace.ts","","","session + trust headers","experience-bff","routed-with-page","","frontend-route"
"/finance/msika-governance","MSIKA Governance","ui/one-ui-shell/src/app/finance/msika-governance/page.tsx","frontend-route","experience/finance","Registered web route: MSIKA Governance","via-bff","yes","/finance/msika-governance","parity-expected","","hooks/queries/useFinanceBillingWorkspace.ts","","","session + trust headers","experience-bff","routed-with-page","","frontend-route"
"/finance/ledger","Ledger","ui/one-ui-shell/src/app/finance/ledger/page.tsx","frontend-route","experience/finance","Registered web route: Ledger","via-bff","yes","/finance/ledger","parity-expected","","hooks/queries/useFinanceBillingWorkspace.ts","","","session + trust headers","experience-bff","routed-with-page","","frontend-route"
"/finance/workspace","Finance Workspace","ui/one-ui-shell/src/app/finance/workspace/page.tsx","frontend-route","experience/finance","Registered web route: Finance Workspace","via-bff","yes","/finance/workspace","parity-expected","","hooks/queries/useFinanceBillingWorkspace.ts","","","session + trust headers","experience-bff","routed-with-page","","frontend-route"
"/finance/settlements","Settlements","ui/one-ui-shell/src/app/finance/settlements/page.tsx","frontend-route","experience/finance","Registered web route: Settlements","via-bff","yes","/finance/settlements","parity-expected","","hooks/queries/useFinanceBillingWorkspace.ts","","","session + trust headers","experience-bff","routed-with-page","","frontend-route"
"/finance/remittances","Remittances","ui/one-ui-shell/src/app/finance/remittances/page.tsx","frontend-route","experience/finance","Registered web route: Remittances","via-bff","yes","/finance/remittances","parity-expected","","hooks/queries/useFinanceBillingWorkspace.ts","","","session + trust headers","experience-bff","routed-with-page","","frontend-route"
"/finance/reconciliation","Reconciliation","ui/one-ui-shell/src/app/finance/reconciliation/page.tsx","frontend-route","experience/finance","Registered web route: Reconciliation","via-bff","yes","/finance/reconciliation","parity-expected","","hooks/queries/useFinanceBillingWorkspace.ts","","","session + trust headers","experience-bff","routed-with-page","","frontend-route"
"/finance/refunds","Refunds","ui/one-ui-shell/src/app/finance/refunds/page.tsx","frontend-route","experience/finance","Registered web route: Refunds","via-bff","yes","/finance/refunds","parity-expected","","hooks/queries/useFinanceBillingWorkspace.ts","","","session + trust headers","experience-bff","routed-with-page","","frontend-route"
"/finance/payer-ops","Payer Operations","ui/one-ui-shell/src/app/finance/payer-ops/page.tsx","frontend-route","experience/finance","Registered web route: Payer Operations","via-bff","yes","/finance/payer-ops","parity-expected","","hooks/queries/useFinanceBillingWorkspace.ts","","","session + trust headers","experience-bff","routed-with-page","","frontend-route"
"/finance/payer-claims","Payer Claims Queue","ui/one-ui-shell/src/app/finance/payer-claims/page.tsx","frontend-route","experience/finance","Registered web route: Payer Claims Queue","via-bff","yes","/finance/payer-claims","parity-expected","","hooks/queries/useFinanceBillingWorkspace.ts","","","session + trust headers","experience-bff","routed-with-page","","frontend-route"
"/finance/payer-claims/[claimId]","Payer Claim","ui/one-ui-shell/src/app/finance/payer-claims/[claimId]/page.tsx","frontend-route","experience/finance","Registered web route: Payer Claim","via-bff","yes","/finance/payer-claims/[claimId]","parity-expected","","hooks/queries/useFinanceBillingWorkspace.ts","","","session + trust headers","experience-bff","routed-with-page","","frontend-route"
"/finance/tariffs","Tariff Management","ui/one-ui-shell/src/app/finance/tariffs/page.tsx","frontend-route","experience/finance","Registered web route: Tariff Management","via-bff","yes","/finance/tariffs","parity-expected","","hooks/queries/useFinanceBillingWorkspace.ts","","","session + trust headers","experience-bff","routed-with-page","","frontend-route"
"/finance/costa","COSTA hub","ui/one-ui-shell/src/app/finance/costa/page.tsx","frontend-route","experience/finance","Registered web route: COSTA hub","via-bff","yes","/finance/costa","parity-expected","","hooks/queries/useFinanceBillingWorkspace.ts","","","session + trust headers","experience-bff","routed-with-page","","frontend-route"
"/finance/costa/encounter/[encounterId]","COSTA encounter timeline","ui/one-ui-shell/src/app/finance/costa/encounter/[encounterId]/page.tsx","frontend-route","experience/finance","Registered web route: COSTA encounter timeline","via-bff","yes","/finance/costa/encounter/[encounterId]","parity-expected","","hooks/queries/useFinanceBillingWorkspace.ts","","","session + trust headers","experience-bff","routed-with-page","","frontend-route"
"/finance/mushex-platform","MusheX platform admin","ui/one-ui-shell/src/app/finance/mushex-platform/page.tsx","frontend-route","experience/finance","Registered web route: MusheX platform admin","via-bff","yes","/finance/mushex-platform","parity-expected","","hooks/queries/useFinanceBillingWorkspace.ts","","","session + trust headers","experience-bff","routed-with-page","","frontend-route"
"/finance/mushex-platform/wallets/[walletId]","Custodial wallet","ui/one-ui-shell/src/app/finance/mushex-platform/wallets/[walletId]/page.tsx","frontend-route","experience/finance","Registered web route: Custodial wallet","via-bff","yes","/finance/mushex-platform/wallets/[walletId]","parity-expected","","hooks/queries/useFinanceBillingWorkspace.ts","","","session + trust headers","experience-bff","routed-with-page","","frontend-route"
"/finance/mushex-platform/remittance/[transferId]","Remittance transfer","ui/one-ui-shell/src/app/finance/mushex-platform/remittance/[transferId]/page.tsx","frontend-route","experience/finance","Registered web route: Remittance transfer","via-bff","yes","/finance/mushex-platform/remittance/[transferId]","parity-expected","","hooks/queries/useFinanceBillingWorkspace.ts","","","session + trust headers","experience-bff","routed-with-page","","frontend-route"
"/finance/mushex-platform/cards/[cardId]","Card profile","ui/one-ui-shell/src/app/finance/mushex-platform/cards/[cardId]/page.tsx","frontend-route","experience/finance","Registered web route: Card profile","via-bff","yes","/finance/mushex-platform/cards/[cardId]","parity-expected","","hooks/queries/useFinanceBillingWorkspace.ts","","","session + trust headers","experience-bff","routed-with-page","","frontend-route"
"/finance/mushex-platform/reversals/[reversalId]","Reversal record","ui/one-ui-shell/src/app/finance/mushex-platform/reversals/[reversalId]/page.tsx","frontend-route","experience/finance","Registered web route: Reversal record","via-bff","yes","/finance/mushex-platform/reversals/[reversalId]","parity-expected","","hooks/queries/useFinanceBillingWorkspace.ts","","","session + trust headers","experience-bff","routed-with-page","","frontend-route"
"/finance/commerce-integrations","Commerce & Payer Stack","ui/one-ui-shell/src/app/finance/commerce-integrations/page.tsx","frontend-route","experience/finance","Registered web route: Commerce & Payer Stack","via-bff","yes","/finance/commerce-integrations","parity-expected","","hooks/queries/useFinanceBillingWorkspace.ts","","","session + trust headers","experience-bff","routed-with-page","","frontend-route"
"/finance/reports","Financial reports","ui/one-ui-shell/src/app/finance/reports/page.tsx","frontend-route","experience/finance","Registered web route: Financial reports","via-bff","yes","/finance/reports","parity-expected","","hooks/queries/useFinanceBillingWorkspace.ts","","","session + trust headers","experience-bff","routed-with-page","","frontend-route"
"/finance/my-account","My Healthcare Account","ui/one-ui-shell/src/app/finance/my-account/page.tsx","frontend-route","experience/finance","Registered web route: My Healthcare Account","via-bff","yes","/finance/my-account","parity-expected","","hooks/queries/useFinanceBillingWorkspace.ts","","","session + trust headers","experience-bff","routed-with-page","","frontend-route"
"/wallet","Wallet","ui/one-ui-shell/src/app/wallet/page.tsx","frontend-route","experience/finance","Registered web route: Wallet","via-bff","yes","/wallet","parity-expected","","hooks/queries/useMusheWallet.ts","","","session + trust headers","experience-bff","routed-with-page","","frontend-route"
"/wallet/deposit","Deposit","ui/one-ui-shell/src/app/wallet/deposit/page.tsx","frontend-route","experience/finance","Registered web route: Deposit","via-bff","yes","/wallet/deposit","parity-expected","","hooks/queries/useMusheWallet.ts","","","session + trust headers","experience-bff","routed-with-page","","frontend-route"
"/wallet/send","Send Money","ui/one-ui-shell/src/app/wallet/send/page.tsx","frontend-route","experience/finance","Registered web route: Send Money","via-bff","yes","/wallet/send","parity-expected","","hooks/queries/useMusheWallet.ts","","","session + trust headers","experience-bff","routed-with-page","","frontend-route"
"/wallet/transactions","Transactions","ui/one-ui-shell/src/app/wallet/transactions/page.tsx","frontend-route","experience/finance","Registered web route: Transactions","via-bff","yes","/wallet/transactions","parity-expected","","hooks/queries/useMusheWallet.ts","","","session + trust headers","experience-bff","routed-with-page","","frontend-route"
"/wallet/cards","Cards","ui/one-ui-shell/src/app/wallet/cards/page.tsx","frontend-route","experience/finance","Registered web route: Cards","via-bff","yes","/wallet/cards","parity-expected","","hooks/queries/useMusheWallet.ts","","","session + trust headers","experience-bff","routed-with-page","","frontend-route"
"/wallet/merchant","Merchant","ui/one-ui-shell/src/app/wallet/merchant/page.tsx","frontend-route","experience/finance","Registered web route: Merchant","via-bff","yes","/wallet/merchant","parity-expected","","hooks/queries/useMusheWallet.ts","","","session + trust headers","experience-bff","routed-with-page","","frontend-route"
"/beds","Bed Management","ui/one-ui-shell/src/app/beds/page.tsx","frontend-route","experience/queue","Registered web route: Bed Management","via-bff","yes","/beds","parity-expected","","hooks/queries/useBeds.ts","","","session + trust headers","experience-bff","routed-with-page","","frontend-route"
"/pharmacy","Pharmacy Dashboard","ui/one-ui-shell/src/app/pharmacy/page.tsx","frontend-route","experience/pharmacy","Registered web route: Pharmacy Dashboard","via-bff","yes","/pharmacy","parity-expected","","hooks/queries/usePharmacy.ts","","","session + trust headers","experience-bff","routed-with-page","","frontend-route"
"/pharmacy/dispense","Dispensing","ui/one-ui-shell/src/app/pharmacy/dispense/page.tsx","frontend-route","experience/pharmacy","Registered web route: Dispensing","via-bff","yes","/pharmacy/dispense","parity-expected","","hooks/queries/usePharmacy.ts","","","session + trust headers","experience-bff","routed-with-page","","frontend-route"
"/pharmacy/stock","Stock Management","ui/one-ui-shell/src/app/pharmacy/stock/page.tsx","frontend-route","experience/pharmacy","Registered web route: Stock Management","via-bff","yes","/pharmacy/stock","parity-expected","","hooks/queries/usePharmacy.ts","","","session + trust headers","experience-bff","routed-with-page","","frontend-route"
"/pharmacy/prescriptions","Prescriptions","ui/one-ui-shell/src/app/pharmacy/prescriptions/page.tsx","frontend-route","experience/pharmacy","Registered web route: Prescriptions","via-bff","yes","/pharmacy/prescriptions","parity-expected","","hooks/queries/usePharmacy.ts","","","session + trust headers","experience-bff","routed-with-page","","frontend-route"
"/pharmacy/transaction-journey","Rx Transaction Journey","ui/one-ui-shell/src/app/pharmacy/transaction-journey/page.tsx","frontend-route","experience/pharmacy","Registered web route: Rx Transaction Journey","via-bff","yes","/pharmacy/transaction-journey","parity-expected","","hooks/queries/usePharmacy.ts","","","session + trust headers","experience-bff","routed-with-page","","frontend-route"
"/inventory","Inventory Dashboard","ui/one-ui-shell/src/app/inventory/page.tsx","frontend-route","experience/inventory","Registered web route: Inventory Dashboard","via-bff","yes","/inventory","parity-expected","","hooks/queries/useInventory.ts","","","session + trust headers","experience-bff","routed-with-page","","frontend-route"
"/inventory/movements","Stock Movements","ui/one-ui-shell/src/app/inventory/movements/page.tsx","frontend-route","experience/inventory","Registered web route: Stock Movements","via-bff","yes","/inventory/movements","parity-expected","","hooks/queries/useInventory.ts","","","session + trust headers","experience-bff","routed-with-page","","frontend-route"
"/inventory/counts","Stock Counts","ui/one-ui-shell/src/app/inventory/counts/page.tsx","frontend-route","experience/inventory","Registered web route: Stock Counts","via-bff","yes","/inventory/counts","parity-expected","","hooks/queries/useInventory.ts","","","session + trust headers","experience-bff","routed-with-page","","frontend-route"
"/inventory/requisitions","Requisitions","ui/one-ui-shell/src/app/inventory/requisitions/page.tsx","frontend-route","experience/inventory","Registered web route: Requisitions","via-bff","yes","/inventory/requisitions","parity-expected","","hooks/queries/useInventory.ts","","","session + trust headers","experience-bff","routed-with-page","","frontend-route"
"/inventory/stock-management","Stock Management","ui/one-ui-shell/src/app/inventory/stock-management/page.tsx","frontend-route","experience/inventory","Registered web route: Stock Management","via-bff","yes","/inventory/stock-management","parity-expected","","hooks/queries/useInventory.ts","","","session + trust headers","experience-bff","routed-with-page","","frontend-route"
"/enterprise","Enterprise Resources","ui/one-ui-shell/src/app/enterprise/page.tsx","frontend-route","experience/enterprise","Registered web route: Enterprise Resources","via-bff","yes","/enterprise","parity-expected","","","","","session + trust headers","experience-bff","routed-with-page","","frontend-route"
"/enterprise/warehousing","Warehousing & distribution","ui/one-ui-shell/src/app/enterprise/warehousing/page.tsx","frontend-route","experience/enterprise","Registered web route: Warehousing & distribution","via-bff","yes","/enterprise/warehousing","parity-expected","","","","","session + trust headers","experience-bff","routed-with-page","","frontend-route"
"/enterprise/fleet","Fleet & logistics","ui/one-ui-shell/src/app/enterprise/fleet/page.tsx","frontend-route","experience/enterprise","Registered web route: Fleet & logistics","via-bff","yes","/enterprise/fleet","parity-expected","","","","","session + trust headers","experience-bff","routed-with-page","","frontend-route"
"/enterprise/charge-sheet","Charge sheet","ui/one-ui-shell/src/app/enterprise/charge-sheet/page.tsx","frontend-route","experience/enterprise","Registered web route: Charge sheet","via-bff","yes","/enterprise/charge-sheet","parity-expected","","","","","session + trust headers","experience-bff","routed-with-page","","frontend-route"
"/erp","Institutional ERP","ui/one-ui-shell/src/app/erp/page.tsx","frontend-route","experience/enterprise","Registered web route: Institutional ERP","via-bff","yes","/erp","parity-expected","","hooks/queries/useProviderPrivileges.ts","","","session + trust headers","experience-bff","routed-with-page","","frontend-route"
"/erp/gl","General ledger","ui/one-ui-shell/src/app/erp/gl/page.tsx","frontend-route","experience/enterprise","Registered web route: General ledger","via-bff","yes","/erp/gl","parity-expected","","hooks/queries/useProviderPrivileges.ts","","","session + trust headers","experience-bff","routed-with-page","","frontend-route"
"/erp/hr","HR & payroll","ui/one-ui-shell/src/app/erp/hr/page.tsx","frontend-route","experience/enterprise","Registered web route: HR & payroll","via-bff","yes","/erp/hr","parity-expected","","hooks/queries/useProviderPrivileges.ts","","","session + trust headers","experience-bff","routed-with-page","","frontend-route"
"/erp/procurement","Procurement","ui/one-ui-shell/src/app/erp/procurement/page.tsx","frontend-route","experience/enterprise","Registered web route: Procurement","via-bff","yes","/erp/procurement","parity-expected","","hooks/queries/useProviderPrivileges.ts","","","session + trust headers","experience-bff","routed-with-page","","frontend-route"
"/erp/assets","Fixed assets","ui/one-ui-shell/src/app/erp/assets/page.tsx","frontend-route","experience/enterprise","Registered web route: Fixed assets","via-bff","yes","/erp/assets","parity-expected","","hooks/queries/useProviderPrivileges.ts","","","session + trust headers","experience-bff","routed-with-page","","frontend-route"
"/workspace/aggregate","Aggregate oversight","ui/one-ui-shell/src/app/workspace/aggregate/page.tsx","frontend-route","experience/reports","Registered web route: Aggregate oversight","via-bff","yes","/workspace/aggregate","parity-expected","","hooks/queries/useFinanceBillingWorkspace.ts","","","session + trust headers","experience-bff","routed-with-page","","frontend-route"
"/reports","Reports","ui/one-ui-shell/src/app/reports/page.tsx","frontend-route","experience/reports","Registered web route: Reports","via-bff","yes","/reports","parity-expected","","hooks/queries/useFinancialReports.ts","","","session + trust headers","experience-bff","routed-with-page","","frontend-route"
"/reports/facility","Facility Reports","ui/one-ui-shell/src/app/reports/facility/page.tsx","frontend-route","experience/reports","Registered web route: Facility Reports","via-bff","yes","/reports/facility","parity-expected","","hooks/queries/useFinancialReports.ts","","","session + trust headers","experience-bff","routed-with-page","","frontend-route"
"/reports/clinical","Clinical Reports","ui/one-ui-shell/src/app/reports/clinical/page.tsx","frontend-route","experience/reports","Registered web route: Clinical Reports","via-bff","yes","/reports/clinical","parity-expected","","hooks/queries/useFinancialReports.ts","","","session + trust headers","experience-bff","routed-with-page","","frontend-route"
"/reports/operational","Operational Reports","ui/one-ui-shell/src/app/reports/operational/page.tsx","frontend-route","experience/reports","Registered web route: Operational Reports","via-bff","yes","/reports/operational","parity-expected","","hooks/queries/useFinancialReports.ts","","","session + trust headers","experience-bff","routed-with-page","","frontend-route"
"/reports/custom","Custom Reports","ui/one-ui-shell/src/app/reports/custom/page.tsx","frontend-route","experience/reports","Registered web route: Custom Reports","via-bff","yes","/reports/custom","parity-expected","","hooks/queries/useFinancialReports.ts","","","session + trust headers","experience-bff","routed-with-page","","frontend-route"
"/reports/[id]","Report Details","ui/one-ui-shell/src/app/reports/[id]/page.tsx","frontend-route","experience/reports","Registered web route: Report Details","via-bff","yes","/reports/[id]","parity-expected","","hooks/queries/useFinancialReports.ts","","","session + trust headers","experience-bff","routed-with-page","","frontend-route"
"/settings","Settings","ui/one-ui-shell/src/app/settings/page.tsx","frontend-route","experience/settings","Registered web route: Settings","via-bff","yes","/settings","parity-expected","","","","","session + trust headers","experience-bff","routed-with-page","","frontend-route"
"/settings/account","Account Settings","ui/one-ui-shell/src/app/settings/account/page.tsx","frontend-route","experience/settings","Registered web route: Account Settings","via-bff","yes","/settings/account","parity-expected","","","","","session + trust headers","experience-bff","routed-with-page","","frontend-route"
"/settings/security","Security Settings","ui/one-ui-shell/src/app/settings/security/page.tsx","frontend-route","experience/settings","Registered web route: Security Settings","via-bff","yes","/settings/security","parity-expected","","","","","session + trust headers","experience-bff","routed-with-page","","frontend-route"
"/settings/notifications","Notification Preferences","ui/one-ui-shell/src/app/settings/notifications/page.tsx","frontend-route","experience/settings","Registered web route: Notification Preferences","via-bff","yes","/settings/notifications","parity-expected","","","","","session + trust headers","experience-bff","routed-with-page","","frontend-route"
"/settings/display","Display Settings","ui/one-ui-shell/src/app/settings/display/page.tsx","frontend-route","experience/settings","Registered web route: Display Settings","via-bff","yes","/settings/display","parity-expected","","","","","session + trust headers","experience-bff","routed-with-page","","frontend-route"
"/settings/integrations","Integrations","ui/one-ui-shell/src/app/settings/integrations/page.tsx","frontend-route","experience/settings","Registered web route: Integrations","via-bff","yes","/settings/integrations","parity-expected","","","","","session + trust headers","experience-bff","routed-with-page","","frontend-route"
"/settings/privacy","Privacy & Data","ui/one-ui-shell/src/app/settings/privacy/page.tsx","frontend-route","experience/settings","Registered web route: Privacy & Data","via-bff","yes","/settings/privacy","parity-expected","","","","","session + trust headers","experience-bff","routed-with-page","","frontend-route"
"/telemedicine","Telemedicine Hub","ui/one-ui-shell/src/app/telemedicine/page.tsx","frontend-route","experience/queue","Registered web route: Telemedicine Hub","via-bff","yes","/telemedicine","parity-expected","","hooks/queries/useTelemedicine.ts","","","session + trust headers","experience-bff","routed-with-page","","frontend-route"
"/telemedicine/new","New Teleconsultation","ui/one-ui-shell/src/app/telemedicine/new/page.tsx","frontend-route","experience/queue","Registered web route: New Teleconsultation","via-bff","yes","/telemedicine/new","parity-expected","","hooks/queries/useTelemedicine.ts","","","session + trust headers","experience-bff","routed-with-page","","frontend-route"
"/telemedicine/session/[sessionId]","Teleconsult Session","ui/one-ui-shell/src/app/telemedicine/session/[sessionId]/page.tsx","frontend-route","experience/queue","Registered web route: Teleconsult Session","via-bff","yes","/telemedicine/session/[sessionId]","parity-expected","","hooks/queries/useTelemedicine.ts","","","session + trust headers","experience-bff","routed-with-page","","frontend-route"
"/provider/activate","Activate Provider Role","ui/one-ui-shell/src/app/provider/activate/page.tsx","frontend-route","experience/auth","Registered web route: Activate Provider Role","via-bff","yes","/provider/activate","parity-expected","","hooks/queries/useProviderAdmin.ts","","","session + trust headers","experience-bff","routed-with-page","","frontend-route"
"/wellness","Wellness Hub","ui/one-ui-shell/src/app/wellness/page.tsx","frontend-route","experience/wellness","Registered web route: Wellness Hub","via-bff","yes","/wellness","parity-expected","","hooks/queries/useCitizenWellness.ts","","","session + trust headers","experience-bff","routed-with-page","","frontend-route"
"/wellness/goals","Health Goals","ui/one-ui-shell/src/app/wellness/goals/page.tsx","frontend-route","experience/wellness","Registered web route: Health Goals","via-bff","yes","/wellness/goals","parity-expected","","hooks/queries/useCitizenWellness.ts","","","session + trust headers","experience-bff","routed-with-page","","frontend-route"
"/wellness/programs","Prevention Programs","ui/one-ui-shell/src/app/wellness/programs/page.tsx","frontend-route","experience/wellness","Registered web route: Prevention Programs","via-bff","yes","/wellness/programs","parity-expected","","hooks/queries/useCitizenWellness.ts","","","session + trust headers","experience-bff","routed-with-page","","frontend-route"
"/wellness/screenings","Screening Schedule","ui/one-ui-shell/src/app/wellness/screenings/page.tsx","frontend-route","experience/wellness","Registered web route: Screening Schedule","via-bff","yes","/wellness/screenings","parity-expected","","hooks/queries/useCitizenWellness.ts","","","session + trust headers","experience-bff","routed-with-page","","frontend-route"
"/wellness/activity","Activity & Fitness","ui/one-ui-shell/src/app/wellness/activity/page.tsx","frontend-route","experience/wellness","Registered web route: Activity & Fitness","via-bff","yes","/wellness/activity","parity-expected","","hooks/queries/useCitizenWellness.ts","","","session + trust headers","experience-bff","routed-with-page","","frontend-route"
"/wellness/connect","Health Connect ingest","ui/one-ui-shell/src/app/wellness/connect/page.tsx","frontend-route","experience/wellness","Registered web route: Health Connect ingest","via-bff","yes","/wellness/connect","parity-expected","","hooks/queries/useCitizenWellness.ts","","","session + trust headers","experience-bff","routed-with-page","","frontend-route"
"/wellness/diet","Diet & Nutrition","ui/one-ui-shell/src/app/wellness/diet/page.tsx","frontend-route","experience/wellness","Registered web route: Diet & Nutrition","via-bff","yes","/wellness/diet","parity-expected","","hooks/queries/useCitizenWellness.ts","","","session + trust headers","experience-bff","routed-with-page","","frontend-route"
"/wellness/sleep","Sleep & Recovery","ui/one-ui-shell/src/app/wellness/sleep/page.tsx","frontend-route","experience/wellness","Registered web route: Sleep & Recovery","via-bff","yes","/wellness/sleep","parity-expected","","hooks/queries/useCitizenWellness.ts","","","session + trust headers","experience-bff","routed-with-page","","frontend-route"
"/wellness/clubs","Clubs & Communities","ui/one-ui-shell/src/app/wellness/clubs/page.tsx","frontend-route","experience/wellness","Registered web route: Clubs & Communities","via-bff","yes","/wellness/clubs","parity-expected","","hooks/queries/useCitizenWellness.ts","","","session + trust headers","experience-bff","routed-with-page","","frontend-route"
"/wellness/challenges","Challenges","ui/one-ui-shell/src/app/wellness/challenges/page.tsx","frontend-route","experience/wellness","Registered web route: Challenges","via-bff","yes","/wellness/challenges","parity-expected","","hooks/queries/useCitizenWellness.ts","","","session + trust headers","experience-bff","routed-with-page","","frontend-route"
"/wellness/routes","Routes & Places","ui/one-ui-shell/src/app/wellness/routes/page.tsx","frontend-route","experience/wellness","Registered web route: Routes & Places","via-bff","yes","/wellness/routes","parity-expected","","hooks/queries/useCitizenWellness.ts","","","session + trust headers","experience-bff","routed-with-page","","frontend-route"
"/wellness/coaching","Coaching & Habits","ui/one-ui-shell/src/app/wellness/coaching/page.tsx","frontend-route","experience/wellness","Registered web route: Coaching & Habits","via-bff","yes","/wellness/coaching","parity-expected","","hooks/queries/useCitizenWellness.ts","","","session + trust headers","experience-bff","routed-with-page","","frontend-route"
"/wellness/community","Wellness Community","ui/one-ui-shell/src/app/wellness/community/page.tsx","frontend-route","experience/wellness","Registered web route: Wellness Community","via-bff","yes","/wellness/community","parity-expected","","hooks/queries/useCitizenWellness.ts","","","session + trust headers","experience-bff","routed-with-page","","frontend-route"
"/social","Social Timeline","ui/one-ui-shell/src/app/social/page.tsx","frontend-route","experience/wellness","Registered web route: Social Timeline","via-bff","yes","/social","parity-expected","","hooks/queries/useSocial.ts","","","session + trust headers","experience-bff","routed-with-page","","frontend-route"
"/social/drafts","Draft Posts","ui/one-ui-shell/src/app/social/drafts/page.tsx","frontend-route","experience/wellness","Registered web route: Draft Posts","via-bff","yes","/social/drafts","parity-expected","","hooks/queries/useSocial.ts","","","session + trust headers","experience-bff","routed-with-page","","frontend-route"
"/social/saved","Saved Posts","ui/one-ui-shell/src/app/social/saved/page.tsx","frontend-route","experience/wellness","Registered web route: Saved Posts","via-bff","yes","/social/saved","parity-expected","","hooks/queries/useSocial.ts","","","session + trust headers","experience-bff","routed-with-page","","frontend-route"
"/social/moderation","Social Moderation","ui/one-ui-shell/src/app/social/moderation/page.tsx","frontend-route","experience/wellness","Registered web route: Social Moderation","via-bff","yes","/social/moderation","parity-expected","","hooks/queries/useSocial.ts","","","session + trust headers","experience-bff","routed-with-page","","frontend-route"
"/communities","Communities","ui/one-ui-shell/src/app/communities/page.tsx","frontend-route","experience/wellness","Registered web route: Communities","via-bff","yes","/communities","parity-expected","","","","","session + trust headers","experience-bff","routed-with-page","","frontend-route"
"/communities/[id]","Community","ui/one-ui-shell/src/app/communities/[id]/page.tsx","frontend-route","experience/wellness","Registered web route: Community","via-bff","yes","/communities/[id]","parity-expected","","","","","session + trust headers","experience-bff","routed-with-page","","frontend-route"
"/pages","Pages","ui/one-ui-shell/src/app/pages/page.tsx","frontend-route","experience/wellness","Registered web route: Pages","via-bff","yes","/pages","parity-expected","","","","","session + trust headers","experience-bff","routed-with-page","","frontend-route"
"/pages/[id]","Page","ui/one-ui-shell/src/app/pages/[id]/page.tsx","frontend-route","experience/wellness","Registered web route: Page","via-bff","yes","/pages/[id]","parity-expected","","","","","session + trust headers","experience-bff","routed-with-page","","frontend-route"
"/caregiving","Caregiving Hub","ui/one-ui-shell/src/app/caregiving/page.tsx","frontend-route","experience/caregiving","Registered web route: Caregiving Hub","via-bff","yes","/caregiving","parity-expected","","","","","session + trust headers","experience-bff","routed-with-page","","frontend-route"
"/caregiving/dependants","My Dependants","ui/one-ui-shell/src/app/caregiving/dependants/page.tsx","frontend-route","experience/caregiving","Registered web route: My Dependants","via-bff","yes","/caregiving/dependants","parity-expected","","","","","session + trust headers","experience-bff","routed-with-page","","frontend-route"
"/caregiving/delegation","Care Delegation","ui/one-ui-shell/src/app/caregiving/delegation/page.tsx","frontend-route","experience/caregiving","Registered web route: Care Delegation","via-bff","yes","/caregiving/delegation","parity-expected","","","","","session + trust headers","experience-bff","routed-with-page","","frontend-route"
"/caregiving/tasks","Care Tasks","ui/one-ui-shell/src/app/caregiving/tasks/page.tsx","frontend-route","experience/caregiving","Registered web route: Care Tasks","via-bff","yes","/caregiving/tasks","parity-expected","","","","","session + trust headers","experience-bff","routed-with-page","","frontend-route"
"/caregiving/notifications","Care Alerts","ui/one-ui-shell/src/app/caregiving/notifications/page.tsx","frontend-route","experience/caregiving","Registered web route: Care Alerts","via-bff","yes","/caregiving/notifications","parity-expected","","","","","session + trust headers","experience-bff","routed-with-page","","frontend-route"
"/monitoring","Remote Monitoring","ui/one-ui-shell/src/app/monitoring/page.tsx","frontend-route","experience/monitoring","Registered web route: Remote Monitoring","via-bff","yes","/monitoring","parity-expected","","hooks/queries/useCitizenMonitoring.ts","","","session + trust headers","experience-bff","routed-with-page","","frontend-route"
"/monitoring/devices","My Devices","ui/one-ui-shell/src/app/monitoring/devices/page.tsx","frontend-route","experience/monitoring","Registered web route: My Devices","via-bff","yes","/monitoring/devices","parity-expected","","hooks/queries/useCitizenMonitoring.ts","","","session + trust headers","experience-bff","routed-with-page","","frontend-route"
"/monitoring/readings","Readings & Trends","ui/one-ui-shell/src/app/monitoring/readings/page.tsx","frontend-route","experience/monitoring","Registered web route: Readings & Trends","via-bff","yes","/monitoring/readings","parity-expected","","hooks/queries/useCitizenMonitoring.ts","","","session + trust headers","experience-bff","routed-with-page","","frontend-route"
"/monitoring/alerts","Monitoring Alerts","ui/one-ui-shell/src/app/monitoring/alerts/page.tsx","frontend-route","experience/monitoring","Registered web route: Monitoring Alerts","via-bff","yes","/monitoring/alerts","parity-expected","","hooks/queries/useCitizenMonitoring.ts","","","session + trust headers","experience-bff","routed-with-page","","frontend-route"
"/monitoring/care-plans","Chronic Care Plans","ui/one-ui-shell/src/app/monitoring/care-plans/page.tsx","frontend-route","experience/monitoring","Registered web route: Chronic Care Plans","via-bff","yes","/monitoring/care-plans","parity-expected","","hooks/queries/useCitizenMonitoring.ts","","","session + trust headers","experience-bff","routed-with-page","","frontend-route"
"/monitoring/provider-dashboard","Patient Monitoring Dashboard","ui/one-ui-shell/src/app/monitoring/provider-dashboard/page.tsx","frontend-route","experience/monitoring","Registered web route: Patient Monitoring Dashboard","via-bff","yes","/monitoring/provider-dashboard","parity-expected","","hooks/queries/useCitizenMonitoring.ts","","","session + trust headers","experience-bff","routed-with-page","","frontend-route"
"/discover","Find Services","ui/one-ui-shell/src/app/discover/page.tsx","frontend-route","experience/discovery","Registered web route: Find Services","via-bff","yes","/discover","parity-expected","","","","","session + trust headers","experience-bff","routed-with-page","","frontend-route"
"/discover/providers","Find a Provider","ui/one-ui-shell/src/app/discover/providers/page.tsx","frontend-route","experience/discovery","Registered web route: Find a Provider","via-bff","yes","/discover/providers","parity-expected","","","","","session + trust headers","experience-bff","routed-with-page","","frontend-route"
"/discover/facilities","Find a Facility","ui/one-ui-shell/src/app/discover/facilities/page.tsx","frontend-route","experience/discovery","Registered web route: Find a Facility","via-bff","yes","/discover/facilities","parity-expected","","","","","session + trust headers","experience-bff","routed-with-page","","frontend-route"
"/discover/services","Browse Services","ui/one-ui-shell/src/app/discover/services/page.tsx","frontend-route","experience/discovery","Registered web route: Browse Services","via-bff","yes","/discover/services","parity-expected","","","","","session + trust headers","experience-bff","routed-with-page","","frontend-route"
"/lab","Laboratory","ui/one-ui-shell/src/app/lab/page.tsx","frontend-route","experience/lab","Registered web route: Laboratory","via-bff","yes","/lab","parity-expected","","hooks/queries/useLabOrders.ts","","","session + trust headers","experience-bff","routed-with-page","","frontend-route"
"/lab/worklist","Lab Worklist","ui/one-ui-shell/src/app/lab/worklist/page.tsx","frontend-route","experience/lab","Registered web route: Lab Worklist","via-bff","yes","/lab/worklist","parity-expected","","hooks/queries/useLabOrders.ts","","","session + trust headers","experience-bff","routed-with-page","","frontend-route"
"/lab/results","Results Review","ui/one-ui-shell/src/app/lab/results/page.tsx","frontend-route","experience/lab","Registered web route: Results Review","via-bff","yes","/lab/results","parity-expected","","hooks/queries/useLabOrders.ts","","","session + trust headers","experience-bff","routed-with-page","","frontend-route"
"/lab/catalog","Test Catalog","ui/one-ui-shell/src/app/lab/catalog/page.tsx","frontend-route","experience/lab","Registered web route: Test Catalog","via-bff","yes","/lab/catalog","parity-expected","","hooks/queries/useLabOrders.ts","","","session + trust headers","experience-bff","routed-with-page","","frontend-route"
"/lab/reconciliation","Lab Reconciliation","ui/one-ui-shell/src/app/lab/reconciliation/page.tsx","frontend-route","experience/lab","Registered web route: Lab Reconciliation","via-bff","yes","/lab/reconciliation","parity-expected","","hooks/queries/useLabOrders.ts","","","session + trust headers","experience-bff","routed-with-page","","frontend-route"
"/operations","Operations","ui/one-ui-shell/src/app/operations/page.tsx","frontend-route","experience/operations","Registered web route: Operations","via-bff","yes","/operations","parity-expected","","hooks/queries/useFacilityOperations.ts","","","session + trust headers","experience-bff","routed-with-page","","frontend-route"
"/operations/facility-operations","Facility Operations","ui/one-ui-shell/src/app/operations/facility-operations/page.tsx","frontend-route","experience/operations","Registered web route: Facility Operations","via-bff","yes","/operations/facility-operations","parity-expected","","hooks/queries/useFacilityOperations.ts","","","session + trust headers","experience-bff","routed-with-page","","frontend-route"
"/operations/facility-operations/district-view","District View","ui/one-ui-shell/src/app/operations/facility-operations/district-view/page.tsx","frontend-route","experience/operations","Registered web route: District View","via-bff","yes","/operations/facility-operations/district-view","parity-expected","","hooks/queries/useFacilityOperations.ts","","","session + trust headers","experience-bff","routed-with-page","","frontend-route"
"/operations/facility-operations/patient-flow","Patient Flow","ui/one-ui-shell/src/app/operations/facility-operations/patient-flow/page.tsx","frontend-route","experience/operations","Registered web route: Patient Flow","via-bff","yes","/operations/facility-operations/patient-flow","parity-expected","","hooks/queries/useFacilityOperations.ts","","","session + trust headers","experience-bff","routed-with-page","","frontend-route"
"/operations/facility-operations/resources","Resource Operations","ui/one-ui-shell/src/app/operations/facility-operations/resources/page.tsx","frontend-route","experience/operations","Registered web route: Resource Operations","via-bff","yes","/operations/facility-operations/resources","parity-expected","","hooks/queries/useFacilityOperations.ts","","","session + trust headers","experience-bff","routed-with-page","","frontend-route"
"/operations/workflows","Workflow Orchestration","ui/one-ui-shell/src/app/operations/workflows/page.tsx","frontend-route","experience/operations","Registered web route: Workflow Orchestration","via-bff","yes","/operations/workflows","parity-expected","","hooks/queries/useFacilityOperations.ts","","","session + trust headers","experience-bff","routed-with-page","","frontend-route"
"/operations/dispatch","Dispatch Operations","ui/one-ui-shell/src/app/operations/dispatch/page.tsx","frontend-route","experience/operations","Registered web route: Dispatch Operations","via-bff","yes","/operations/dispatch","parity-expected","","hooks/queries/useFacilityOperations.ts","","","session + trust headers","experience-bff","routed-with-page","","frontend-route"
"/operations/vito","Identity Operations","ui/one-ui-shell/src/app/operations/vito/page.tsx","frontend-route","experience/operations","Registered web route: Identity Operations","via-bff","yes","/operations/vito","parity-expected","","hooks/queries/useFacilityOperations.ts","","","session + trust headers","experience-bff","routed-with-page","","frontend-route"
"/operations/vito/registration","Client Registration","ui/one-ui-shell/src/app/operations/vito/registration/page.tsx","frontend-route","experience/operations","Registered web route: Client Registration","via-bff","yes","/operations/vito/registration","parity-expected","","hooks/queries/useFacilityOperations.ts","","","session + trust headers","experience-bff","routed-with-page","","frontend-route"
"/operations/vito/registration/new","New Registration","ui/one-ui-shell/src/app/operations/vito/registration/new/page.tsx","frontend-route","experience/operations","Registered web route: New Registration","via-bff","yes","/operations/vito/registration/new","parity-expected","","hooks/queries/useFacilityOperations.ts","","","session + trust headers","experience-bff","routed-with-page","","frontend-route"
"/operations/vito/issuance","Issuance Queue","ui/one-ui-shell/src/app/operations/vito/issuance/page.tsx","frontend-route","experience/operations","Registered web route: Issuance Queue","via-bff","yes","/operations/vito/issuance","parity-expected","","hooks/queries/useFacilityOperations.ts","","","session + trust headers","experience-bff","routed-with-page","","frontend-route"
"/operations/vito/issuance/[requestId]","Issuance Request","ui/one-ui-shell/src/app/operations/vito/issuance/[requestId]/page.tsx","frontend-route","experience/operations","Registered web route: Issuance Request","via-bff","yes","/operations/vito/issuance/[requestId]","parity-expected","","hooks/queries/useFacilityOperations.ts","","","session + trust headers","experience-bff","routed-with-page","","frontend-route"
"/operations/vito/cards","Smart Cards","ui/one-ui-shell/src/app/operations/vito/cards/page.tsx","frontend-route","experience/operations","Registered web route: Smart Cards","via-bff","yes","/operations/vito/cards","parity-expected","","hooks/queries/useFacilityOperations.ts","","","session + trust headers","experience-bff","routed-with-page","","frontend-route"
"/operations/vito/cards/pickup","Card Pickup","ui/one-ui-shell/src/app/operations/vito/cards/pickup/page.tsx","frontend-route","experience/operations","Registered web route: Card Pickup","via-bff","yes","/operations/vito/cards/pickup","parity-expected","","hooks/queries/useFacilityOperations.ts","","","session + trust headers","experience-bff","routed-with-page","","frontend-route"
"/operations/vito/match","Match Review","ui/one-ui-shell/src/app/operations/vito/match/page.tsx","frontend-route","experience/operations","Registered web route: Match Review","via-bff","yes","/operations/vito/match","parity-expected","","hooks/queries/useFacilityOperations.ts","","","session + trust headers","experience-bff","routed-with-page","","frontend-route"
"/operations/vito/dedup","Deduplication","ui/one-ui-shell/src/app/operations/vito/dedup/page.tsx","frontend-route","experience/operations","Registered web route: Deduplication","via-bff","yes","/operations/vito/dedup","parity-expected","","hooks/queries/useFacilityOperations.ts","","","session + trust headers","experience-bff","routed-with-page","","frontend-route"
"/operations/vito/print","Print & Slips","ui/one-ui-shell/src/app/operations/vito/print/page.tsx","frontend-route","experience/operations","Registered web route: Print & Slips","via-bff","yes","/operations/vito/print","parity-expected","","hooks/queries/useFacilityOperations.ts","","","session + trust headers","experience-bff","routed-with-page","","frontend-route"
"/operations/vito/patient-shares","Patient Shares","ui/one-ui-shell/src/app/operations/vito/patient-shares/page.tsx","frontend-route","experience/operations","Registered web route: Patient Shares","via-bff","yes","/operations/vito/patient-shares","parity-expected","","hooks/queries/useFacilityOperations.ts","","","session + trust headers","experience-bff","routed-with-page","","frontend-route"
"/operations/vito/internal-search","Internal Search","ui/one-ui-shell/src/app/operations/vito/internal-search/page.tsx","frontend-route","experience/operations","Registered web route: Internal Search","via-bff","yes","/operations/vito/internal-search","parity-expected","","hooks/queries/useFacilityOperations.ts","","","session + trust headers","experience-bff","routed-with-page","","frontend-route"
"/operations/vito/biometrics","Biometrics","ui/one-ui-shell/src/app/operations/vito/biometrics/page.tsx","frontend-route","experience/operations","Registered web route: Biometrics","via-bff","yes","/operations/vito/biometrics","parity-expected","","hooks/queries/useFacilityOperations.ts","","","session + trust headers","experience-bff","routed-with-page","","frontend-route"
"/operations/vito/recovery","Recovery & SHS","ui/one-ui-shell/src/app/operations/vito/recovery/page.tsx","frontend-route","experience/operations","Registered web route: Recovery & SHS","via-bff","yes","/operations/vito/recovery","parity-expected","","hooks/queries/useFacilityOperations.ts","","","session + trust headers","experience-bff","routed-with-page","","frontend-route"
"/operations/vito/registry-admin","Registry Admin","ui/one-ui-shell/src/app/operations/vito/registry-admin/page.tsx","frontend-route","experience/operations","Registered web route: Registry Admin","via-bff","yes","/operations/vito/registry-admin","parity-expected","","hooks/queries/useFacilityOperations.ts","","","session + trust headers","experience-bff","routed-with-page","","frontend-route"
"/operations/butano","SHR Operations","ui/one-ui-shell/src/app/operations/butano/page.tsx","frontend-route","experience/operations","Registered web route: SHR Operations","via-bff","yes","/operations/butano","parity-expected","","hooks/queries/useFacilityOperations.ts","","","session + trust headers","experience-bff","routed-with-page","","frontend-route"
"/operations/assets","Asset Management","ui/one-ui-shell/src/app/operations/assets/page.tsx","frontend-route","experience/operations","Registered web route: Asset Management","via-bff","yes","/operations/assets","parity-expected","","hooks/queries/useFacilityOperations.ts","","","session + trust headers","experience-bff","routed-with-page","","frontend-route"
"/operations/equipment","Equipment Management","ui/one-ui-shell/src/app/operations/equipment/page.tsx","frontend-route","experience/operations","Registered web route: Equipment Management","via-bff","yes","/operations/equipment","parity-expected","","hooks/queries/useFacilityOperations.ts","","","session + trust headers","experience-bff","routed-with-page","","frontend-route"
"/support","Support","ui/one-ui-shell/src/app/support/page.tsx","frontend-route","experience/support","Registered web route: Support","via-bff","yes","/support","parity-expected","","","","","session + trust headers","experience-bff","routed-with-page","","frontend-route"
"/support/tickets","Support Tickets","ui/one-ui-shell/src/app/support/tickets/page.tsx","frontend-route","experience/support","Registered web route: Support Tickets","via-bff","yes","/support/tickets","parity-expected","","","","","session + trust headers","experience-bff","routed-with-page","","frontend-route"
"/support/knowledge-base","Knowledge Base","ui/one-ui-shell/src/app/support/knowledge-base/page.tsx","frontend-route","experience/support","Registered web route: Knowledge Base","via-bff","yes","/support/knowledge-base","parity-expected","","","","","session + trust headers","experience-bff","routed-with-page","","frontend-route"
"/developer","Developer Portal","ui/one-ui-shell/src/app/developer/page.tsx","frontend-route","experience/developer","Registered web route: Developer Portal","via-bff","yes","/developer","parity-expected","","","","","session + trust headers","experience-bff","routed-with-page","","frontend-route"
"/developer/api-catalog","API Catalog","ui/one-ui-shell/src/app/developer/api-catalog/page.tsx","frontend-route","experience/developer","Registered web route: API Catalog","via-bff","yes","/developer/api-catalog","parity-expected","","","","","session + trust headers","experience-bff","routed-with-page","","frontend-route"
"/developer/clients","Client Registration","ui/one-ui-shell/src/app/developer/clients/page.tsx","frontend-route","experience/developer","Registered web route: Client Registration","via-bff","yes","/developer/clients","parity-expected","","","","","session + trust headers","experience-bff","routed-with-page","","frontend-route"
"/developer/sandbox","Sandbox","ui/one-ui-shell/src/app/developer/sandbox/page.tsx","frontend-route","experience/developer","Registered web route: Sandbox","via-bff","yes","/developer/sandbox","parity-expected","","","","","session + trust headers","experience-bff","routed-with-page","","frontend-route"
"/home/documents","My Documents","ui/one-ui-shell/src/app/home/documents/page.tsx","frontend-route","experience/home","Registered web route: My Documents","via-bff","yes","/home/documents","parity-expected","","","","","session + trust headers","experience-bff","routed-with-page","","frontend-route"
"/marketplace/cart","Shopping Cart","ui/one-ui-shell/src/app/marketplace/cart/page.tsx","frontend-route","experience/marketplace","Registered web route: Shopping Cart","via-bff","yes","/marketplace/cart","parity-expected","","hooks/queries/useMarketplace.ts","","","session + trust headers","experience-bff","routed-with-page","","frontend-route"
"/marketplace/substitutions","Substitutions","ui/one-ui-shell/src/app/marketplace/substitutions/page.tsx","frontend-route","experience/marketplace","Registered web route: Substitutions","via-bff","yes","/marketplace/substitutions","parity-expected","","hooks/queries/useMarketplace.ts","","","session + trust headers","experience-bff","routed-with-page","","frontend-route"
"/shell/file-manager","File manager","ui/one-ui-shell/src/app/shell/file-manager/page.tsx","frontend-route","experience/shell","Registered web route: File manager","via-bff","yes","/shell/file-manager","parity-expected","","hooks/queries/useShellFileCatalog.ts","","","session + trust headers","experience-bff","routed-with-page","","frontend-route"
"/shell/task-manager","Task manager","ui/one-ui-shell/src/app/shell/task-manager/page.tsx","frontend-route","experience/shell","Registered web route: Task manager","via-bff","yes","/shell/task-manager","parity-expected","","hooks/queries/useShellFileCatalog.ts","","","session + trust headers","experience-bff","routed-with-page","","frontend-route"
"/ask","Ask","ui/one-ui-shell/src/app/ask/page.tsx","frontend-route","experience/intelligent","Registered web route: Ask","via-bff","yes","/ask","parity-expected","","","","","session + trust headers","experience-bff","routed-with-page","","frontend-route"
"/intelligence","Health Intelligence","ui/one-ui-shell/src/app/intelligence/page.tsx","frontend-route","experience/intelligent","Registered web route: Health Intelligence","via-bff","yes","/intelligence","parity-expected","","","","","session + trust headers","experience-bff","routed-with-page","","frontend-route"
"/search","Search","ui/one-ui-shell/src/app/search/page.tsx","frontend-route","experience/intelligent","Registered web route: Search","via-bff","yes","/search","parity-expected","","hooks/queries/useKnowledgeSearch.ts","","","session + trust headers","experience-bff","routed-with-page","","frontend-route"
"/guidance","Guidance","ui/one-ui-shell/src/app/guidance/page.tsx","frontend-route","experience/intelligent","Registered web route: Guidance","via-bff","yes","/guidance","parity-expected","","hooks/queries/useGuidance.ts","","","session + trust headers","experience-bff","routed-with-page","","frontend-route"
"/guidance/reminders","Reminders & Prompts","ui/one-ui-shell/src/app/guidance/reminders/page.tsx","frontend-route","experience/intelligent","Registered web route: Reminders & Prompts","via-bff","yes","/guidance/reminders","parity-expected","","hooks/queries/useGuidance.ts","","","session + trust headers","experience-bff","routed-with-page","","frontend-route"
"/guidance/education","Health Education","ui/one-ui-shell/src/app/guidance/education/page.tsx","frontend-route","experience/intelligent","Registered web route: Health Education","via-bff","yes","/guidance/education","parity-expected","","hooks/queries/useGuidance.ts","","","session + trust headers","experience-bff","routed-with-page","","frontend-route"
"/learning","Impilo Fundo","ui/one-ui-shell/src/app/learning/page.tsx","frontend-route","experience/professional","Registered web route: Impilo Fundo","via-bff","yes","/learning","parity-expected","","hooks/queries/useLearningSubjectCompletions.ts","","","session + trust headers","experience-bff","routed-with-page","","frontend-route"
"/learning/catalog","Impilo Fundo Catalogue","ui/one-ui-shell/src/app/learning/catalog/page.tsx","frontend-route","experience/professional","Registered web route: Impilo Fundo Catalogue","via-bff","yes","/learning/catalog","parity-expected","","hooks/queries/useLearningSubjectCompletions.ts","","","session + trust headers","experience-bff","routed-with-page","","frontend-route"
"/learning/courses/[courseId]","Impilo Fundo Course","ui/one-ui-shell/src/app/learning/courses/[courseId]/page.tsx","frontend-route","experience/professional","Registered web route: Impilo Fundo Course","via-bff","yes","/learning/courses/[courseId]","parity-expected","","hooks/queries/useLearningSubjectCompletions.ts","","","session + trust headers","experience-bff","routed-with-page","","frontend-route"
"/learning/my-learning","My Learning","ui/one-ui-shell/src/app/learning/my-learning/page.tsx","frontend-route","experience/professional","Registered web route: My Learning","via-bff","yes","/learning/my-learning","parity-expected","","hooks/queries/useLearningSubjectCompletions.ts","","","session + trust headers","experience-bff","routed-with-page","","frontend-route"
"/learning/enrolments/[enrolmentId]","Enrolment Player","ui/one-ui-shell/src/app/learning/enrolments/[enrolmentId]/page.tsx","frontend-route","experience/professional","Registered web route: Enrolment Player","via-bff","yes","/learning/enrolments/[enrolmentId]","parity-expected","","hooks/queries/useLearningSubjectCompletions.ts","","","session + trust headers","experience-bff","routed-with-page","","frontend-route"
"/learning/enrolments/[enrolmentId]/lessons/[lessonId]","Lesson Player","ui/one-ui-shell/src/app/learning/enrolments/[enrolmentId]/lessons/[lessonId]/page.tsx","frontend-route","experience/professional","Registered web route: Lesson Player","via-bff","yes","/learning/enrolments/[enrolmentId]/lessons/[lessonId]","parity-expected","","hooks/queries/useLearningSubjectCompletions.ts","","","session + trust headers","experience-bff","routed-with-page","","frontend-route"
"/learning/pathways","Learning Pathways","ui/one-ui-shell/src/app/learning/pathways/page.tsx","frontend-route","experience/professional","Registered web route: Learning Pathways","via-bff","yes","/learning/pathways","parity-expected","","hooks/queries/useLearningSubjectCompletions.ts","","","session + trust headers","experience-bff","routed-with-page","","frontend-route"
"/learning/pathways/[pathwayId]","Pathway Detail","ui/one-ui-shell/src/app/learning/pathways/[pathwayId]/page.tsx","frontend-route","experience/professional","Registered web route: Pathway Detail","via-bff","yes","/learning/pathways/[pathwayId]","parity-expected","","hooks/queries/useLearningSubjectCompletions.ts","","","session + trust headers","experience-bff","routed-with-page","","frontend-route"
"/learning/record","Learning Record","ui/one-ui-shell/src/app/learning/record/page.tsx","frontend-route","experience/professional","Registered web route: Learning Record","via-bff","yes","/learning/record","parity-expected","","hooks/queries/useLearningSubjectCompletions.ts","","","session + trust headers","experience-bff","routed-with-page","","frontend-route"
"/learning/assessments/[assessmentId]","Assessment","ui/one-ui-shell/src/app/learning/assessments/[assessmentId]/page.tsx","frontend-route","experience/professional","Registered web route: Assessment","via-bff","yes","/learning/assessments/[assessmentId]","parity-expected","","hooks/queries/useLearningSubjectCompletions.ts","","","session + trust headers","experience-bff","routed-with-page","","frontend-route"
"/learning/assessments/[assessmentId]/attempt","Assessment Attempt","ui/one-ui-shell/src/app/learning/assessments/[assessmentId]/attempt/page.tsx","frontend-route","experience/professional","Registered web route: Assessment Attempt","via-bff","yes","/learning/assessments/[assessmentId]/attempt","parity-expected","","hooks/queries/useLearningSubjectCompletions.ts","","","session + trust headers","experience-bff","routed-with-page","","frontend-route"
"/learning/attempts/[attemptId]","Attempt Result","ui/one-ui-shell/src/app/learning/attempts/[attemptId]/page.tsx","frontend-route","experience/professional","Registered web route: Attempt Result","via-bff","yes","/learning/attempts/[attemptId]","parity-expected","","hooks/queries/useLearningSubjectCompletions.ts","","","session + trust headers","experience-bff","routed-with-page","","frontend-route"
"/learning/certificates","Certificates","ui/one-ui-shell/src/app/learning/certificates/page.tsx","frontend-route","experience/professional","Registered web route: Certificates","via-bff","yes","/learning/certificates","parity-expected","","hooks/queries/useLearningSubjectCompletions.ts","","","session + trust headers","experience-bff","routed-with-page","","frontend-route"
"/learning/certificates/[certificateId]","Certificate Detail","ui/one-ui-shell/src/app/learning/certificates/[certificateId]/page.tsx","frontend-route","experience/professional","Registered web route: Certificate Detail","via-bff","yes","/learning/certificates/[certificateId]","parity-expected","","hooks/queries/useLearningSubjectCompletions.ts","","","session + trust headers","experience-bff","routed-with-page","","frontend-route"
"/learning/cpd","CPD Evidence","ui/one-ui-shell/src/app/learning/cpd/page.tsx","frontend-route","experience/professional","Registered web route: CPD Evidence","via-bff","yes","/learning/cpd","parity-expected","","hooks/queries/useLearningSubjectCompletions.ts","","","session + trust headers","experience-bff","routed-with-page","","frontend-route"
"/learning/reports","Learning Reports","ui/one-ui-shell/src/app/learning/reports/page.tsx","frontend-route","experience/professional","Registered web route: Learning Reports","via-bff","yes","/learning/reports","parity-expected","","hooks/queries/useLearningSubjectCompletions.ts","","","session + trust headers","experience-bff","routed-with-page","","frontend-route"
"/learning/reports/cohorts","Cohort Report","ui/one-ui-shell/src/app/learning/reports/cohorts/page.tsx","frontend-route","experience/professional","Registered web route: Cohort Report","via-bff","yes","/learning/reports/cohorts","parity-expected","","hooks/queries/useLearningSubjectCompletions.ts","","","session + trust headers","experience-bff","routed-with-page","","frontend-route"
"/learning/reports/courses","Course Report","ui/one-ui-shell/src/app/learning/reports/courses/page.tsx","frontend-route","experience/professional","Registered web route: Course Report","via-bff","yes","/learning/reports/courses","parity-expected","","hooks/queries/useLearningSubjectCompletions.ts","","","session + trust headers","experience-bff","routed-with-page","","frontend-route"
"/learning/reports/overdue","Overdue Learning","ui/one-ui-shell/src/app/learning/reports/overdue/page.tsx","frontend-route","experience/professional","Registered web route: Overdue Learning","via-bff","yes","/learning/reports/overdue","parity-expected","","hooks/queries/useLearningSubjectCompletions.ts","","","session + trust headers","experience-bff","routed-with-page","","frontend-route"
"/learning/reports/assessments","Assessment Report","ui/one-ui-shell/src/app/learning/reports/assessments/page.tsx","frontend-route","experience/professional","Registered web route: Assessment Report","via-bff","yes","/learning/reports/assessments","parity-expected","","hooks/queries/useLearningSubjectCompletions.ts","","","session + trust headers","experience-bff","routed-with-page","","frontend-route"
"/learning/studio","Fundo Studio","ui/one-ui-shell/src/app/learning/studio/page.tsx","frontend-route","experience/professional","Registered web route: Fundo Studio","via-bff","yes","/learning/studio","parity-expected","","hooks/queries/useLearningSubjectCompletions.ts","","","session + trust headers","experience-bff","routed-with-page","","frontend-route"
"/learning/studio/courses","Studio Courses","ui/one-ui-shell/src/app/learning/studio/courses/page.tsx","frontend-route","experience/professional","Registered web route: Studio Courses","via-bff","yes","/learning/studio/courses","parity-expected","","hooks/queries/useLearningSubjectCompletions.ts","","","session + trust headers","experience-bff","routed-with-page","","frontend-route"
"/learning/studio/courses/new","Studio New Course","ui/one-ui-shell/src/app/learning/studio/courses/new/page.tsx","frontend-route","experience/professional","Registered web route: Studio New Course","via-bff","yes","/learning/studio/courses/new","parity-expected","","hooks/queries/useLearningSubjectCompletions.ts","","","session + trust headers","experience-bff","routed-with-page","","frontend-route"
"/learning/studio/courses/[courseId]","Studio Course Detail","ui/one-ui-shell/src/app/learning/studio/courses/[courseId]/page.tsx","frontend-route","experience/professional","Registered web route: Studio Course Detail","via-bff","yes","/learning/studio/courses/[courseId]","parity-expected","","hooks/queries/useLearningSubjectCompletions.ts","","","session + trust headers","experience-bff","routed-with-page","","frontend-route"
"/learning/studio/courses/[courseId]/builder","Studio Course Builder","ui/one-ui-shell/src/app/learning/studio/courses/[courseId]/builder/page.tsx","frontend-route","experience/professional","Registered web route: Studio Course Builder","via-bff","yes","/learning/studio/courses/[courseId]/builder","parity-expected","","hooks/queries/useLearningSubjectCompletions.ts","","","session + trust headers","experience-bff","routed-with-page","","frontend-route"
"/learning/studio/library","Studio Library","ui/one-ui-shell/src/app/learning/studio/library/page.tsx","frontend-route","experience/professional","Registered web route: Studio Library","via-bff","yes","/learning/studio/library","parity-expected","","hooks/queries/useLearningSubjectCompletions.ts","","","session + trust headers","experience-bff","routed-with-page","","frontend-route"
"/learning/studio/media","Studio Media","ui/one-ui-shell/src/app/learning/studio/media/page.tsx","frontend-route","experience/professional","Registered web route: Studio Media","via-bff","yes","/learning/studio/media","parity-expected","","hooks/queries/useLearningSubjectCompletions.ts","","","session + trust headers","experience-bff","routed-with-page","","frontend-route"
"/learning/studio/media/recordings","Media Recordings","ui/one-ui-shell/src/app/learning/studio/media/recordings/page.tsx","frontend-route","experience/professional","Registered web route: Media Recordings","via-bff","yes","/learning/studio/media/recordings","parity-expected","","hooks/queries/useLearningSubjectCompletions.ts","","","session + trust headers","experience-bff","routed-with-page","","frontend-route"
"/learning/studio/media/scripts","Media Scripts","ui/one-ui-shell/src/app/learning/studio/media/scripts/page.tsx","frontend-route","experience/professional","Registered web route: Media Scripts","via-bff","yes","/learning/studio/media/scripts","parity-expected","","hooks/queries/useLearningSubjectCompletions.ts","","","session + trust headers","experience-bff","routed-with-page","","frontend-route"
"/learning/studio/media/voiceovers","Media Voiceovers","ui/one-ui-shell/src/app/learning/studio/media/voiceovers/page.tsx","frontend-route","experience/professional","Registered web route: Media Voiceovers","via-bff","yes","/learning/studio/media/voiceovers","parity-expected","","hooks/queries/useLearningSubjectCompletions.ts","","","session + trust headers","experience-bff","routed-with-page","","frontend-route"
"/learning/studio/media/[mediaId]","Media Asset","ui/one-ui-shell/src/app/learning/studio/media/[mediaId]/page.tsx","frontend-route","experience/professional","Registered web route: Media Asset","via-bff","yes","/learning/studio/media/[mediaId]","parity-expected","","hooks/queries/useLearningSubjectCompletions.ts","","","session + trust headers","experience-bff","routed-with-page","","frontend-route"
"/learning/studio/assessments","Studio Assessments","ui/one-ui-shell/src/app/learning/studio/assessments/page.tsx","frontend-route","experience/professional","Registered web route: Studio Assessments","via-bff","yes","/learning/studio/assessments","parity-expected","","hooks/queries/useLearningSubjectCompletions.ts","","","session + trust headers","experience-bff","routed-with-page","","frontend-route"
"/learning/studio/surveys","Studio Surveys","ui/one-ui-shell/src/app/learning/studio/surveys/page.tsx","frontend-route","experience/professional","Registered web route: Studio Surveys","via-bff","yes","/learning/studio/surveys","parity-expected","","hooks/queries/useLearningSubjectCompletions.ts","","","session + trust headers","experience-bff","routed-with-page","","frontend-route"
"/learning/studio/ai","Studio AI","ui/one-ui-shell/src/app/learning/studio/ai/page.tsx","frontend-route","experience/professional","Registered web route: Studio AI","via-bff","yes","/learning/studio/ai","parity-expected","","hooks/queries/useLearningSubjectCompletions.ts","","","session + trust headers","experience-bff","routed-with-page","","frontend-route"
"/learning/studio/publish","Studio Publish","ui/one-ui-shell/src/app/learning/studio/publish/page.tsx","frontend-route","experience/professional","Registered web route: Studio Publish","via-bff","yes","/learning/studio/publish","parity-expected","","hooks/queries/useLearningSubjectCompletions.ts","","","session + trust headers","experience-bff","routed-with-page","","frontend-route"
"/learning/studio/analytics","Studio Analytics","ui/one-ui-shell/src/app/learning/studio/analytics/page.tsx","frontend-route","experience/professional","Registered web route: Studio Analytics","via-bff","yes","/learning/studio/analytics","parity-expected","","hooks/queries/useLearningSubjectCompletions.ts","","","session + trust headers","experience-bff","routed-with-page","","frontend-route"
"/learning/library","Fundo Library","ui/one-ui-shell/src/app/learning/library/page.tsx","frontend-route","experience/professional","Registered web route: Fundo Library","via-bff","yes","/learning/library","parity-expected","","hooks/queries/useLearningSubjectCompletions.ts","","","session + trust headers","experience-bff","routed-with-page","","frontend-route"
"/learning/library/resources","Library Resources","ui/one-ui-shell/src/app/learning/library/resources/page.tsx","frontend-route","experience/professional","Registered web route: Library Resources","via-bff","yes","/learning/library/resources","parity-expected","","hooks/queries/useLearningSubjectCompletions.ts","","","session + trust headers","experience-bff","routed-with-page","","frontend-route"
"/learning/library/uploads","Library Uploads","ui/one-ui-shell/src/app/learning/library/uploads/page.tsx","frontend-route","experience/professional","Registered web route: Library Uploads","via-bff","yes","/learning/library/uploads","parity-expected","","hooks/queries/useLearningSubjectCompletions.ts","","","session + trust headers","experience-bff","routed-with-page","","frontend-route"
"/learning/library/[resourceId]","Library Resource Detail","ui/one-ui-shell/src/app/learning/library/[resourceId]/page.tsx","frontend-route","experience/professional","Registered web route: Library Resource Detail","via-bff","yes","/learning/library/[resourceId]","parity-expected","","hooks/queries/useLearningSubjectCompletions.ts","","","session + trust headers","experience-bff","routed-with-page","","frontend-route"
"/learning/notifications","Learning Notifications","ui/one-ui-shell/src/app/learning/notifications/page.tsx","frontend-route","experience/professional","Registered web route: Learning Notifications","via-bff","yes","/learning/notifications","parity-expected","","hooks/queries/useLearningSubjectCompletions.ts","","","session + trust headers","experience-bff","routed-with-page","","frontend-route"
"/learning/surveys/[surveyId]","Learning Survey","ui/one-ui-shell/src/app/learning/surveys/[surveyId]/page.tsx","frontend-route","experience/professional","Registered web route: Learning Survey","via-bff","yes","/learning/surveys/[surveyId]","parity-expected","","hooks/queries/useLearningSubjectCompletions.ts","","","session + trust headers","experience-bff","routed-with-page","","frontend-route"
"/learning/surveys/[surveyId]/respond","Respond to Survey","ui/one-ui-shell/src/app/learning/surveys/[surveyId]/respond/page.tsx","frontend-route","experience/professional","Registered web route: Respond to Survey","via-bff","yes","/learning/surveys/[surveyId]/respond","parity-expected","","hooks/queries/useLearningSubjectCompletions.ts","","","session + trust headers","experience-bff","routed-with-page","","frontend-route"
"/learning/feedback/course/[courseId]","Course Feedback","ui/one-ui-shell/src/app/learning/feedback/course/[courseId]/page.tsx","frontend-route","experience/professional","Registered web route: Course Feedback","via-bff","yes","/learning/feedback/course/[courseId]","parity-expected","","hooks/queries/useLearningSubjectCompletions.ts","","","session + trust headers","experience-bff","routed-with-page","","frontend-route"
"/learning/admin","Fundo Admin","ui/one-ui-shell/src/app/learning/admin/page.tsx","frontend-route","experience/professional","Registered web route: Fundo Admin","via-bff","yes","/learning/admin","parity-expected","","hooks/queries/useLearningSubjectCompletions.ts","","","session + trust headers","experience-bff","routed-with-page","","frontend-route"
"/learning/admin/courses","Admin Courses","ui/one-ui-shell/src/app/learning/admin/courses/page.tsx","frontend-route","experience/professional","Registered web route: Admin Courses","via-bff","yes","/learning/admin/courses","parity-expected","","hooks/queries/useLearningSubjectCompletions.ts","","","session + trust headers","experience-bff","routed-with-page","","frontend-route"
"/learning/admin/courses/new","New Course","ui/one-ui-shell/src/app/learning/admin/courses/new/page.tsx","frontend-route","experience/professional","Registered web route: New Course","via-bff","yes","/learning/admin/courses/new","parity-expected","","hooks/queries/useLearningSubjectCompletions.ts","","","session + trust headers","experience-bff","routed-with-page","","frontend-route"
"/learning/admin/courses/[courseId]/edit","Edit Course","ui/one-ui-shell/src/app/learning/admin/courses/[courseId]/edit/page.tsx","frontend-route","experience/professional","Registered web route: Edit Course","via-bff","yes","/learning/admin/courses/[courseId]/edit","parity-expected","","hooks/queries/useLearningSubjectCompletions.ts","","","session + trust headers","experience-bff","routed-with-page","","frontend-route"
"/learning/admin/pathways","Admin Pathways","ui/one-ui-shell/src/app/learning/admin/pathways/page.tsx","frontend-route","experience/professional","Registered web route: Admin Pathways","via-bff","yes","/learning/admin/pathways","parity-expected","","hooks/queries/useLearningSubjectCompletions.ts","","","session + trust headers","experience-bff","routed-with-page","","frontend-route"
"/learning/admin/pathways/new","New Pathway","ui/one-ui-shell/src/app/learning/admin/pathways/new/page.tsx","frontend-route","experience/professional","Registered web route: New Pathway","via-bff","yes","/learning/admin/pathways/new","parity-expected","","hooks/queries/useLearningSubjectCompletions.ts","","","session + trust headers","experience-bff","routed-with-page","","frontend-route"
"/learning/admin/pathways/[pathwayId]/edit","Edit Pathway","ui/one-ui-shell/src/app/learning/admin/pathways/[pathwayId]/edit/page.tsx","frontend-route","experience/professional","Registered web route: Edit Pathway","via-bff","yes","/learning/admin/pathways/[pathwayId]/edit","parity-expected","","hooks/queries/useLearningSubjectCompletions.ts","","","session + trust headers","experience-bff","routed-with-page","","frontend-route"
"/learning/admin/assessments","Admin Assessments","ui/one-ui-shell/src/app/learning/admin/assessments/page.tsx","frontend-route","experience/professional","Registered web route: Admin Assessments","via-bff","yes","/learning/admin/assessments","parity-expected","","hooks/queries/useLearningSubjectCompletions.ts","","","session + trust headers","experience-bff","routed-with-page","","frontend-route"
"/learning/admin/assessments/new","New Assessment","ui/one-ui-shell/src/app/learning/admin/assessments/new/page.tsx","frontend-route","experience/professional","Registered web route: New Assessment","via-bff","yes","/learning/admin/assessments/new","parity-expected","","hooks/queries/useLearningSubjectCompletions.ts","","","session + trust headers","experience-bff","routed-with-page","","frontend-route"
"/learning/admin/assessments/[assessmentId]/edit","Edit Assessment","ui/one-ui-shell/src/app/learning/admin/assessments/[assessmentId]/edit/page.tsx","frontend-route","experience/professional","Registered web route: Edit Assessment","via-bff","yes","/learning/admin/assessments/[assessmentId]/edit","parity-expected","","hooks/queries/useLearningSubjectCompletions.ts","","","session + trust headers","experience-bff","routed-with-page","","frontend-route"
"/nhume","Nhume Logistics","ui/one-ui-shell/src/app/nhume/page.tsx","frontend-route","experience/operations","Registered web route: Nhume Logistics","via-bff","yes","/nhume","parity-expected","","","","","session + trust headers","experience-bff","routed-with-page","","frontend-route"
"/nhume/dashboard","Nhume Operations Dashboard","ui/one-ui-shell/src/app/nhume/dashboard/page.tsx","frontend-route","experience/operations","Registered web route: Nhume Operations Dashboard","via-bff","yes","/nhume/dashboard","parity-expected","","","","","session + trust headers","experience-bff","routed-with-page","","frontend-route"
"/nhume/deliveries","Nhume Deliveries","ui/one-ui-shell/src/app/nhume/deliveries/page.tsx","frontend-route","experience/operations","Registered web route: Nhume Deliveries","via-bff","yes","/nhume/deliveries","parity-expected","","","","","session + trust headers","experience-bff","routed-with-page","","frontend-route"
"/nhume/deliveries/new","New Delivery Request","ui/one-ui-shell/src/app/nhume/deliveries/new/page.tsx","frontend-route","experience/operations","Registered web route: New Delivery Request","via-bff","yes","/nhume/deliveries/new","parity-expected","","","","","session + trust headers","experience-bff","routed-with-page","","frontend-route"
"/nhume/deliveries/[deliveryId]","Delivery Detail","ui/one-ui-shell/src/app/nhume/deliveries/[deliveryId]/page.tsx","frontend-route","experience/operations","Registered web route: Delivery Detail","via-bff","yes","/nhume/deliveries/[deliveryId]","parity-expected","","","","","session + trust headers","experience-bff","routed-with-page","","frontend-route"
"/nhume/dispatcher","Nhume Dispatcher Console","ui/one-ui-shell/src/app/nhume/dispatcher/page.tsx","frontend-route","experience/operations","Registered web route: Nhume Dispatcher Console","via-bff","yes","/nhume/dispatcher","parity-expected","","","","","session + trust headers","experience-bff","routed-with-page","","frontend-route"
"/nhume/map","Fleet Tracking Map","ui/one-ui-shell/src/app/nhume/map/page.tsx","frontend-route","experience/operations","Registered web route: Fleet Tracking Map","via-bff","yes","/nhume/map","parity-expected","","","","","session + trust headers","experience-bff","routed-with-page","","frontend-route"
"/nhume/courier","Courier / Driver Console","ui/one-ui-shell/src/app/nhume/courier/page.tsx","frontend-route","experience/operations","Registered web route: Courier / Driver Console","via-bff","yes","/nhume/courier","parity-expected","","","","","session + trust headers","experience-bff","routed-with-page","","frontend-route"
"/nhume/fleet","Fleet & Asset Management","ui/one-ui-shell/src/app/nhume/fleet/page.tsx","frontend-route","experience/operations","Registered web route: Fleet & Asset Management","via-bff","yes","/nhume/fleet","parity-expected","","","","","session + trust headers","experience-bff","routed-with-page","","frontend-route"
"/nhume/fleet/[assetId]","Fleet Asset","ui/one-ui-shell/src/app/nhume/fleet/[assetId]/page.tsx","frontend-route","experience/operations","Registered web route: Fleet Asset","via-bff","yes","/nhume/fleet/[assetId]","parity-expected","","","","","session + trust headers","experience-bff","routed-with-page","","frontend-route"
"/nhume/couriers","Drivers & Couriers","ui/one-ui-shell/src/app/nhume/couriers/page.tsx","frontend-route","experience/operations","Registered web route: Drivers & Couriers","via-bff","yes","/nhume/couriers","parity-expected","","","","","session + trust headers","experience-bff","routed-with-page","","frontend-route"
"/nhume/couriers/[courierId]","Courier Profile","ui/one-ui-shell/src/app/nhume/couriers/[courierId]/page.tsx","frontend-route","experience/operations","Registered web route: Courier Profile","via-bff","yes","/nhume/couriers/[courierId]","parity-expected","","","","","session + trust headers","experience-bff","routed-with-page","","frontend-route"
"/nhume/policies","Delivery Policies","ui/one-ui-shell/src/app/nhume/policies/page.tsx","frontend-route","experience/operations","Registered web route: Delivery Policies","via-bff","yes","/nhume/policies","parity-expected","","","","","session + trust headers","experience-bff","routed-with-page","","frontend-route"
"/nhume/autonomous","Autonomous Delivery","ui/one-ui-shell/src/app/nhume/autonomous/page.tsx","frontend-route","experience/operations","Registered web route: Autonomous Delivery","via-bff","yes","/nhume/autonomous","parity-expected","","","","","session + trust headers","experience-bff","routed-with-page","","frontend-route"
"/nhume/analytics","Nhume Analytics","ui/one-ui-shell/src/app/nhume/analytics/page.tsx","frontend-route","experience/operations","Registered web route: Nhume Analytics","via-bff","yes","/nhume/analytics","parity-expected","","","","","session + trust headers","experience-bff","routed-with-page","","frontend-route"
"/nhume/custody/[deliveryId]","Chain of Custody","ui/one-ui-shell/src/app/nhume/custody/[deliveryId]/page.tsx","frontend-route","experience/operations","Registered web route: Chain of Custody","via-bff","yes","/nhume/custody/[deliveryId]","parity-expected","","","","","session + trust headers","experience-bff","routed-with-page","","frontend-route"
"/nhume/track/[deliveryId]","Track Delivery","ui/one-ui-shell/src/app/nhume/track/[deliveryId]/page.tsx","frontend-route","experience/home","Registered web route: Track Delivery","via-bff","yes","/nhume/track/[deliveryId]","parity-expected","","","","","session + trust headers","experience-bff","routed-with-page","","frontend-route"
"/access/governance","unregistered","ui/one-ui-shell/src/app/access/governance/page.tsx","frontend-page-unregistered","experience/unregistered","On-disk page not in routes.ts registry","unknown","review","/access/governance","unknown","","hooks/queries/useDataAccessGovernance.ts","","","unknown","","unregistered","not in routes.ts — guard/sidebar coverage gap","unknown-needs-review"
"/coverage/contracts","unregistered","ui/one-ui-shell/src/app/coverage/contracts/page.tsx","frontend-page-unregistered","experience/unregistered","On-disk page not in routes.ts registry","unknown","review","/coverage/contracts","unknown","","hooks/queries/useCoverage.ts","","","unknown","","unregistered","not in routes.ts — guard/sidebar coverage gap","unknown-needs-review"
"/coverage/member","unregistered","ui/one-ui-shell/src/app/coverage/member/page.tsx","frontend-page-unregistered","experience/unregistered","On-disk page not in routes.ts registry","unknown","review","/coverage/member","unknown","","hooks/queries/useCoverage.ts","","","unknown","","unregistered","not in routes.ts — guard/sidebar coverage gap","unknown-needs-review"
"/developer/event-catalogue","unregistered","ui/one-ui-shell/src/app/developer/event-catalogue/page.tsx","frontend-page-unregistered","experience/unregistered","On-disk page not in routes.ts registry","unknown","review","/developer/event-catalogue","unknown","","","","","unknown","","unregistered","not in routes.ts — guard/sidebar coverage gap","unknown-needs-review"
"/ehr/[patientId]/emergency","unregistered","ui/one-ui-shell/src/app/ehr/[patientId]/emergency/page.tsx","frontend-page-unregistered","experience/unregistered","On-disk page not in routes.ts registry","unknown","review","/ehr/[patientId]/emergency","unknown","","","","","unknown","","unregistered","not in routes.ts — guard/sidebar coverage gap","unknown-needs-review"
"/ehr/[patientId]/workspace/[specialty]","unregistered","ui/one-ui-shell/src/app/ehr/[patientId]/workspace/[specialty]/page.tsx","frontend-page-unregistered","experience/unregistered","On-disk page not in routes.ts registry","unknown","review","/ehr/[patientId]/workspace/[specialty]","unknown","","","","","unknown","","unregistered","not in routes.ts — guard/sidebar coverage gap","unknown-needs-review"
"/groups/[id]","unregistered","ui/one-ui-shell/src/app/groups/[id]/page.tsx","frontend-page-unregistered","experience/unregistered","On-disk page not in routes.ts registry","unknown","review","/groups/[id]","unknown","","","","","unknown","","unregistered","not in routes.ts — guard/sidebar coverage gap","unknown-needs-review"
"/groups","unregistered","ui/one-ui-shell/src/app/groups/page.tsx","frontend-page-unregistered","experience/unregistered","On-disk page not in routes.ts registry","unknown","review","/groups","unknown","","","","","unknown","","unregistered","not in routes.ts — guard/sidebar coverage gap","unknown-needs-review"
"/inventory/items","unregistered","ui/one-ui-shell/src/app/inventory/items/page.tsx","frontend-page-unregistered","experience/unregistered","On-disk page not in routes.ts registry","unknown","review","/inventory/items","unknown","","hooks/queries/useInventory.ts","","","unknown","","unregistered","not in routes.ts — guard/sidebar coverage gap","unknown-needs-review"
"/inventory/reconciliation","unregistered","ui/one-ui-shell/src/app/inventory/reconciliation/page.tsx","frontend-page-unregistered","experience/unregistered","On-disk page not in routes.ts registry","unknown","review","/inventory/reconciliation","unknown","","hooks/queries/useInventory.ts","","","unknown","","unregistered","not in routes.ts — guard/sidebar coverage gap","unknown-needs-review"
"/inventory/stock","unregistered","ui/one-ui-shell/src/app/inventory/stock/page.tsx","frontend-page-unregistered","experience/unregistered","On-disk page not in routes.ts registry","unknown","review","/inventory/stock","unknown","","hooks/queries/useInventory.ts","","","unknown","","unregistered","not in routes.ts — guard/sidebar coverage gap","unknown-needs-review"
"/landela","unregistered","ui/one-ui-shell/src/app/landela/page.tsx","frontend-page-unregistered","experience/unregistered","On-disk page not in routes.ts registry","unknown","review","/landela","unknown","","","","","unknown","","unregistered","not in routes.ts — guard/sidebar coverage gap","unknown-needs-review"
"/marketplace/apps/[itemCode]","unregistered","ui/one-ui-shell/src/app/marketplace/apps/[itemCode]/page.tsx","frontend-page-unregistered","experience/unregistered","On-disk page not in routes.ts registry","unknown","review","/marketplace/apps/[itemCode]","unknown","","hooks/queries/useMarketplace.ts","","","unknown","","unregistered","not in routes.ts — guard/sidebar coverage gap","unknown-needs-review"
"/marketplace/apps/admin/activation","unregistered","ui/one-ui-shell/src/app/marketplace/apps/admin/activation/page.tsx","frontend-page-unregistered","experience/unregistered","On-disk page not in routes.ts registry","unknown","review","/marketplace/apps/admin/activation","unknown","","hooks/queries/useMarketplace.ts","","","unknown","","unregistered","not in routes.ts — guard/sidebar coverage gap","unknown-needs-review"
"/marketplace/apps/admin/installations","unregistered","ui/one-ui-shell/src/app/marketplace/apps/admin/installations/page.tsx","frontend-page-unregistered","experience/unregistered","On-disk page not in routes.ts registry","unknown","review","/marketplace/apps/admin/installations","unknown","","hooks/queries/useMarketplace.ts","","","unknown","","unregistered","not in routes.ts — guard/sidebar coverage gap","unknown-needs-review"
"/marketplace/apps/integration","unregistered","ui/one-ui-shell/src/app/marketplace/apps/integration/page.tsx","frontend-page-unregistered","experience/unregistered","On-disk page not in routes.ts registry","unknown","review","/marketplace/apps/integration","unknown","","hooks/queries/useMarketplace.ts","","","unknown","","unregistered","not in routes.ts — guard/sidebar coverage gap","unknown-needs-review"
"/marketplace/apps","unregistered","ui/one-ui-shell/src/app/marketplace/apps/page.tsx","frontend-page-unregistered","experience/unregistered","On-disk page not in routes.ts registry","unknown","review","/marketplace/apps","unknown","","hooks/queries/useMarketplace.ts","","","unknown","","unregistered","not in routes.ts — guard/sidebar coverage gap","unknown-needs-review"
"/page.tsx","unregistered","ui/one-ui-shell/src/app/page.tsx","frontend-page-unregistered","experience/unregistered","On-disk page not in routes.ts registry","unknown","review","/page.tsx","unknown","","","","","unknown","","unregistered","not in routes.ts — guard/sidebar coverage gap","unknown-needs-review"
"/professional","unregistered","ui/one-ui-shell/src/app/professional/page.tsx","frontend-page-unregistered","experience/unregistered","On-disk page not in routes.ts registry","unknown","review","/professional","unknown","","","","","unknown","","unregistered","not in routes.ts — guard/sidebar coverage gap","unknown-needs-review"
"/registry/clients/[id]","unregistered","ui/one-ui-shell/src/app/registry/clients/[id]/page.tsx","frontend-page-unregistered","experience/unregistered","On-disk page not in routes.ts registry","unknown","review","/registry/clients/[id]","unknown","","hooks/queries/useClientRegistry.ts","","","unknown","","unregistered","not in routes.ts — guard/sidebar coverage gap","unknown-needs-review"
"/registry/clients/new","unregistered","ui/one-ui-shell/src/app/registry/clients/new/page.tsx","frontend-page-unregistered","experience/unregistered","On-disk page not in routes.ts registry","unknown","review","/registry/clients/new","unknown","","hooks/queries/useClientRegistry.ts","","","unknown","","unregistered","not in routes.ts — guard/sidebar coverage gap","unknown-needs-review"
"/registry/facilities/[id]/edit","unregistered","ui/one-ui-shell/src/app/registry/facilities/[id]/edit/page.tsx","frontend-page-unregistered","experience/unregistered","On-disk page not in routes.ts registry","unknown","review","/registry/facilities/[id]/edit","unknown","","hooks/queries/useClientRegistry.ts","","","unknown","","unregistered","not in routes.ts — guard/sidebar coverage gap","unknown-needs-review"
"/registry/facilities/new","unregistered","ui/one-ui-shell/src/app/registry/facilities/new/page.tsx","frontend-page-unregistered","experience/unregistered","On-disk page not in routes.ts registry","unknown","review","/registry/facilities/new","unknown","","hooks/queries/useClientRegistry.ts","","","unknown","","unregistered","not in routes.ts — guard/sidebar coverage gap","unknown-needs-review"
"/registry/providers/[id]/edit","unregistered","ui/one-ui-shell/src/app/registry/providers/[id]/edit/page.tsx","frontend-page-unregistered","experience/unregistered","On-disk page not in routes.ts registry","unknown","review","/registry/providers/[id]/edit","unknown","","hooks/queries/useClientRegistry.ts","","","unknown","","unregistered","not in routes.ts — guard/sidebar coverage gap","unknown-needs-review"
"/registry/providers/new","unregistered","ui/one-ui-shell/src/app/registry/providers/new/page.tsx","frontend-page-unregistered","experience/unregistered","On-disk page not in routes.ts registry","unknown","review","/registry/providers/new","unknown","","hooks/queries/useClientRegistry.ts","","","unknown","","unregistered","not in routes.ts — guard/sidebar coverage gap","unknown-needs-review"
"/tuso","unregistered","ui/one-ui-shell/src/app/tuso/page.tsx","frontend-page-unregistered","experience/unregistered","On-disk page not in routes.ts registry","unknown","review","/tuso","unknown","","","","","unknown","","unregistered","not in routes.ts — guard/sidebar coverage gap","unknown-needs-review"
"/wellness/dashboard","unregistered","ui/one-ui-shell/src/app/wellness/dashboard/page.tsx","frontend-page-unregistered","experience/unregistered","On-disk page not in routes.ts registry","unknown","review","/wellness/dashboard","unknown","","hooks/queries/useCitizenWellness.ts","","","unknown","","unregistered","not in routes.ts — guard/sidebar coverage gap","unknown-needs-review"
"useCitizenHealthSummary.test","","ui/one-ui-shell/src/hooks/queries/__tests__/useCitizenHealthSummary.test.ts","api-query-hook","experience/web-client","TanStack Query hook calling BFF (0 endpoint refs)","bff-proxied","yes","","no","","ui/one-ui-shell/src/hooks/queries/__tests__/useCitizenHealthSummary.test.ts","","","api-client trust headers","experience-bff","no-bff-paths-detected","no /internal/v1 references","unknown-needs-review"
"useCoverage.test","/internal/v1/appeals","ui/one-ui-shell/src/hooks/queries/__tests__/useCoverage.test.ts","api-query-hook","experience/web-client","TanStack Query hook calling BFF (1 endpoint refs)","bff-proxied","yes","","no","","ui/one-ui-shell/src/hooks/queries/__tests__/useCoverage.test.ts","","","api-client trust headers","experience-bff","wired","","generated-client"
"useFacilityOperations.test","","ui/one-ui-shell/src/hooks/queries/__tests__/useFacilityOperations.test.ts","api-query-hook","experience/web-client","TanStack Query hook calling BFF (0 endpoint refs)","bff-proxied","yes","","no","","ui/one-ui-shell/src/hooks/queries/__tests__/useFacilityOperations.test.ts","","","api-client trust headers","experience-bff","no-bff-paths-detected","no /internal/v1 references","unknown-needs-review"
"useAdminObservability","","ui/one-ui-shell/src/hooks/queries/useAdminObservability.ts","api-query-hook","experience/web-client","TanStack Query hook calling BFF (0 endpoint refs)","bff-proxied","yes","","no","","ui/one-ui-shell/src/hooks/queries/useAdminObservability.ts","","","api-client trust headers","experience-bff","no-bff-paths-detected","no /internal/v1 references","unknown-needs-review"
"useAdminReportJobs","","ui/one-ui-shell/src/hooks/queries/useAdminReportJobs.ts","api-query-hook","experience/web-client","TanStack Query hook calling BFF (0 endpoint refs)","bff-proxied","yes","","no","","ui/one-ui-shell/src/hooks/queries/useAdminReportJobs.ts","","","api-client trust headers","experience-bff","no-bff-paths-detected","no /internal/v1 references","unknown-needs-review"
"useAdminUsers","","ui/one-ui-shell/src/hooks/queries/useAdminUsers.ts","api-query-hook","experience/web-client","TanStack Query hook calling BFF (0 endpoint refs)","bff-proxied","yes","","no","","ui/one-ui-shell/src/hooks/queries/useAdminUsers.ts","","","api-client trust headers","experience-bff","no-bff-paths-detected","no /internal/v1 references","unknown-needs-review"
"useAiGovernance","/internal/v1/ai/models; /internal/v1/ai/inference-records; /internal/v1/ai/drift-events","ui/one-ui-shell/src/hooks/queries/useAiGovernance.ts","api-query-hook","experience/web-client","TanStack Query hook calling BFF (4 endpoint refs)","bff-proxied","yes","","no","","ui/one-ui-shell/src/hooks/queries/useAiGovernance.ts","","","api-client trust headers","experience-bff","wired","","generated-client"
"useAllergies","/internal/v1/allergies","ui/one-ui-shell/src/hooks/queries/useAllergies.ts","api-query-hook","experience/web-client","TanStack Query hook calling BFF (1 endpoint refs)","bff-proxied","yes","","no","","ui/one-ui-shell/src/hooks/queries/useAllergies.ts","","","api-client trust headers","experience-bff","wired","","generated-client"
"useApgar","/internal/v1/apgar","ui/one-ui-shell/src/hooks/queries/useApgar.ts","api-query-hook","experience/web-client","TanStack Query hook calling BFF (1 endpoint refs)","bff-proxied","yes","","no","","ui/one-ui-shell/src/hooks/queries/useApgar.ts","","","api-client trust headers","experience-bff","wired","","generated-client"
"useAssets","","ui/one-ui-shell/src/hooks/queries/useAssets.ts","api-query-hook","experience/web-client","TanStack Query hook calling BFF (0 endpoint refs)","bff-proxied","yes","","no","","ui/one-ui-shell/src/hooks/queries/useAssets.ts","","","api-client trust headers","experience-bff","no-bff-paths-detected","no /internal/v1 references","unknown-needs-review"
"useAssistantNotifications","","ui/one-ui-shell/src/hooks/queries/useAssistantNotifications.ts","api-query-hook","experience/web-client","TanStack Query hook calling BFF (0 endpoint refs)","bff-proxied","yes","","no","","ui/one-ui-shell/src/hooks/queries/useAssistantNotifications.ts","","","api-client trust headers","experience-bff","no-bff-paths-detected","no /internal/v1 references","unknown-needs-review"
"useAudit","","ui/one-ui-shell/src/hooks/queries/useAudit.ts","api-query-hook","experience/web-client","TanStack Query hook calling BFF (0 endpoint refs)","bff-proxied","yes","","no","","ui/one-ui-shell/src/hooks/queries/useAudit.ts","","","api-client trust headers","experience-bff","no-bff-paths-detected","no /internal/v1 references","unknown-needs-review"
"useAuth","/internal/v1/auth/login; /internal/v1/auth/logout","ui/one-ui-shell/src/hooks/queries/useAuth.ts","api-query-hook","experience/web-client","TanStack Query hook calling BFF (2 endpoint refs)","bff-proxied","yes","","no","","ui/one-ui-shell/src/hooks/queries/useAuth.ts","","","api-client trust headers","experience-bff","wired","","generated-client"
"useBeds","","ui/one-ui-shell/src/hooks/queries/useBeds.ts","api-query-hook","experience/web-client","TanStack Query hook calling BFF (0 endpoint refs)","bff-proxied","yes","","no","","ui/one-ui-shell/src/hooks/queries/useBeds.ts","","","api-client trust headers","experience-bff","no-bff-paths-detected","no /internal/v1 references","unknown-needs-review"
"useBiometricPolicy","/internal/v1/trust/biometric-policy/evaluate","ui/one-ui-shell/src/hooks/queries/useBiometricPolicy.ts","api-query-hook","experience/web-client","TanStack Query hook calling BFF (1 endpoint refs)","bff-proxied","yes","","no","","ui/one-ui-shell/src/hooks/queries/useBiometricPolicy.ts","","","api-client trust headers","experience-bff","wired","","generated-client"
"useCDSAlerts","/internal/v1/cds/alerts/count","ui/one-ui-shell/src/hooks/queries/useCDSAlerts.ts","api-query-hook","experience/web-client","TanStack Query hook calling BFF (1 endpoint refs)","bff-proxied","yes","","no","","ui/one-ui-shell/src/hooks/queries/useCDSAlerts.ts","","","api-client trust headers","experience-bff","wired","","generated-client"
"useCampaigns","/internal/v1/public-health/campaigns","ui/one-ui-shell/src/hooks/queries/useCampaigns.ts","api-query-hook","experience/web-client","TanStack Query hook calling BFF (2 endpoint refs)","bff-proxied","yes","","no","","ui/one-ui-shell/src/hooks/queries/useCampaigns.ts","","","api-client trust headers","experience-bff","wired","","generated-client"
"useCareContinuity","/internal/v1/care-team; /internal/v1/goals; /internal/v1/care-plans","ui/one-ui-shell/src/hooks/queries/useCareContinuity.ts","api-query-hook","experience/web-client","TanStack Query hook calling BFF (3 endpoint refs)","bff-proxied","yes","","no","","ui/one-ui-shell/src/hooks/queries/useCareContinuity.ts","","","api-client trust headers","experience-bff","wired","","generated-client"
"useCaregiverLinkage","/internal/v1/caregiving/my-linkages; /internal/v1/caregiving/my-caregivers; /internal/v1/caregiving/linkages","ui/one-ui-shell/src/hooks/queries/useCaregiverLinkage.ts","api-query-hook","experience/web-client","TanStack Query hook calling BFF (3 endpoint refs)","bff-proxied","yes","","no","","ui/one-ui-shell/src/hooks/queries/useCaregiverLinkage.ts","","","api-client trust headers","experience-bff","wired","","generated-client"
"useCitizenHealthSummary","/internal/v1/citizen/health-summary","ui/one-ui-shell/src/hooks/queries/useCitizenHealthSummary.ts","api-query-hook","experience/web-client","TanStack Query hook calling BFF (1 endpoint refs)","bff-proxied","yes","","no","","ui/one-ui-shell/src/hooks/queries/useCitizenHealthSummary.ts","","","api-client trust headers","experience-bff","wired","","generated-client"
"useCitizenMonitoring","","ui/one-ui-shell/src/hooks/queries/useCitizenMonitoring.ts","api-query-hook","experience/web-client","TanStack Query hook calling BFF (0 endpoint refs)","bff-proxied","yes","","no","","ui/one-ui-shell/src/hooks/queries/useCitizenMonitoring.ts","","","api-client trust headers","experience-bff","no-bff-paths-detected","no /internal/v1 references","unknown-needs-review"
"useCitizenWellness","","ui/one-ui-shell/src/hooks/queries/useCitizenWellness.ts","api-query-hook","experience/web-client","TanStack Query hook calling BFF (0 endpoint refs)","bff-proxied","yes","","no","","ui/one-ui-shell/src/hooks/queries/useCitizenWellness.ts","","","api-client trust headers","experience-bff","no-bff-paths-detected","no /internal/v1 references","unknown-needs-review"
"useClientRegistry","/internal/v1/client-registry/dashboard/summary; /internal/v1/client-registry/stewardship/workspace; /internal/v1/client-registry/registrations; /internal/v1/client-registry/merge-cases","ui/one-ui-shell/src/hooks/queries/useClientRegistry.ts","api-query-hook","experience/web-client","TanStack Query hook calling BFF (4 endpoint refs)","bff-proxied","yes","","no","","ui/one-ui-shell/src/hooks/queries/useClientRegistry.ts","","","api-client trust headers","experience-bff","wired","","generated-client"
"useClinicalCuration","","ui/one-ui-shell/src/hooks/queries/useClinicalCuration.ts","api-query-hook","experience/web-client","TanStack Query hook calling BFF (0 endpoint refs)","bff-proxied","yes","","no","","ui/one-ui-shell/src/hooks/queries/useClinicalCuration.ts","","","api-client trust headers","experience-bff","no-bff-paths-detected","no /internal/v1 references","unknown-needs-review"
"useClinicalDocuments","/internal/v1/clinical-documents","ui/one-ui-shell/src/hooks/queries/useClinicalDocuments.ts","api-query-hook","experience/web-client","TanStack Query hook calling BFF (1 endpoint refs)","bff-proxied","yes","","no","","ui/one-ui-shell/src/hooks/queries/useClinicalDocuments.ts","","","api-client trust headers","experience-bff","wired","","generated-client"
"useClinicalExtensions","/internal/v1/extensions/rules; /internal/v1/extensions/forms","ui/one-ui-shell/src/hooks/queries/useClinicalExtensions.ts","api-query-hook","experience/web-client","TanStack Query hook calling BFF (2 endpoint refs)","bff-proxied","yes","","no","","ui/one-ui-shell/src/hooks/queries/useClinicalExtensions.ts","","","api-client trust headers","experience-bff","wired","","generated-client"
"useClinicalNotes","/internal/v1/clinical-notes","ui/one-ui-shell/src/hooks/queries/useClinicalNotes.ts","api-query-hook","experience/web-client","TanStack Query hook calling BFF (1 endpoint refs)","bff-proxied","yes","","no","","ui/one-ui-shell/src/hooks/queries/useClinicalNotes.ts","","","api-client trust headers","experience-bff","wired","","generated-client"
"useClinicalWorklist","","ui/one-ui-shell/src/hooks/queries/useClinicalWorklist.ts","api-query-hook","experience/web-client","TanStack Query hook calling BFF (0 endpoint refs)","bff-proxied","yes","","no","","ui/one-ui-shell/src/hooks/queries/useClinicalWorklist.ts","","","api-client trust headers","experience-bff","no-bff-paths-detected","no /internal/v1 references","unknown-needs-review"
"useCommerceFlow","/internal/v1/commerce/cart/validate; /internal/v1/commerce/orders; /internal/v1/commerce/cart?channel=WEB","ui/one-ui-shell/src/hooks/queries/useCommerceFlow.ts","api-query-hook","experience/web-client","TanStack Query hook calling BFF (4 endpoint refs)","bff-proxied","yes","","no","","ui/one-ui-shell/src/hooks/queries/useCommerceFlow.ts","","","api-client trust headers","experience-bff","wired","","generated-client"
"useCommercePickup","/internal/v1/commerce/pickup/claim","ui/one-ui-shell/src/hooks/queries/useCommercePickup.ts","api-query-hook","experience/web-client","TanStack Query hook calling BFF (1 endpoint refs)","bff-proxied","yes","","no","","ui/one-ui-shell/src/hooks/queries/useCommercePickup.ts","","","api-client trust headers","experience-bff","wired","","generated-client"
"useCommerceSubstitutions","","ui/one-ui-shell/src/hooks/queries/useCommerceSubstitutions.ts","api-query-hook","experience/web-client","TanStack Query hook calling BFF (0 endpoint refs)","bff-proxied","yes","","no","","ui/one-ui-shell/src/hooks/queries/useCommerceSubstitutions.ts","","","api-client trust headers","experience-bff","no-bff-paths-detected","no /internal/v1 references","unknown-needs-review"
"useCommerceVendor","","ui/one-ui-shell/src/hooks/queries/useCommerceVendor.ts","api-query-hook","experience/web-client","TanStack Query hook calling BFF (0 endpoint refs)","bff-proxied","yes","","no","","ui/one-ui-shell/src/hooks/queries/useCommerceVendor.ts","","","api-client trust headers","experience-bff","no-bff-paths-detected","no /internal/v1 references","unknown-needs-review"
"useCommunication","/internal/v1/communication/messages/channels; /internal/v1/communication/pages; /internal/v1/communication/messages","ui/one-ui-shell/src/hooks/queries/useCommunication.ts","api-query-hook","experience/web-client","TanStack Query hook calling BFF (4 endpoint refs)","bff-proxied","yes","","no","","ui/one-ui-shell/src/hooks/queries/useCommunication.ts","","","api-client trust headers","experience-bff","wired","","generated-client"
"useCommunity","","ui/one-ui-shell/src/hooks/queries/useCommunity.ts","api-query-hook","experience/web-client","TanStack Query hook calling BFF (0 endpoint refs)","bff-proxied","yes","","no","","ui/one-ui-shell/src/hooks/queries/useCommunity.ts","","","api-client trust headers","experience-bff","no-bff-paths-detected","no /internal/v1 references","unknown-needs-review"
"useCommunityService","/internal/v1/community/units; /internal/v1/community/visits; /internal/v1/community/assignments","ui/one-ui-shell/src/hooks/queries/useCommunityService.ts","api-query-hook","experience/web-client","TanStack Query hook calling BFF (4 endpoint refs)","bff-proxied","yes","","no","","ui/one-ui-shell/src/hooks/queries/useCommunityService.ts","","","api-client trust headers","experience-bff","wired","","generated-client"
"useConditions","/internal/v1/conditions","ui/one-ui-shell/src/hooks/queries/useConditions.ts","api-query-hook","experience/web-client","TanStack Query hook calling BFF (1 endpoint refs)","bff-proxied","yes","","no","","ui/one-ui-shell/src/hooks/queries/useConditions.ts","","","api-client trust headers","experience-bff","wired","","generated-client"
"useConsent","/internal/v1/consent/mine; /internal/v1/guidance/consent-status; /internal/v1/consent/create","ui/one-ui-shell/src/hooks/queries/useConsent.ts","api-query-hook","experience/web-client","TanStack Query hook calling BFF (3 endpoint refs)","bff-proxied","yes","","no","","ui/one-ui-shell/src/hooks/queries/useConsent.ts","","","api-client trust headers","experience-bff","wired","","generated-client"
"useCoreTransactionExperience","/internal/v1/core-transactions; /internal/v1/workflows/definitions; /internal/v1/workflows/instances","ui/one-ui-shell/src/hooks/queries/useCoreTransactionExperience.ts","api-query-hook","experience/web-client","TanStack Query hook calling BFF (3 endpoint refs)","bff-proxied","yes","","no","","ui/one-ui-shell/src/hooks/queries/useCoreTransactionExperience.ts","","","api-client trust headers","experience-bff","wired","","generated-client"
"useCostaIntel","/internal/v1/finance/costa-intel/tariff-lists; /internal/v1/finance/costa-intel/invoices/from-cost-estimate","ui/one-ui-shell/src/hooks/queries/useCostaIntel.ts","api-query-hook","experience/web-client","TanStack Query hook calling BFF (2 endpoint refs)","bff-proxied","yes","","no","","ui/one-ui-shell/src/hooks/queries/useCostaIntel.ts","","","api-client trust headers","experience-bff","wired","","generated-client"
"useCoverage","/internal/v1/coverage/plans; /internal/v1/coverage/remittances; /internal/v1/coverage/contributions; /internal/v1/coverage/preauths; /internal/v1/coverage/utilization","ui/one-ui-shell/src/hooks/queries/useCoverage.ts","api-query-hook","experience/web-client","TanStack Query hook calling BFF (16 endpoint refs)","bff-proxied","yes","","no","","ui/one-ui-shell/src/hooks/queries/useCoverage.ts","","","api-client trust headers","experience-bff","wired","","generated-client"
"useCpd","","ui/one-ui-shell/src/hooks/queries/useCpd.ts","api-query-hook","experience/web-client","TanStack Query hook calling BFF (0 endpoint refs)","bff-proxied","yes","","no","","ui/one-ui-shell/src/hooks/queries/useCpd.ts","","","api-client trust headers","experience-bff","no-bff-paths-detected","no /internal/v1 references","unknown-needs-review"
"useDataAccessGovernance","/internal/v1/governance/access/policies; /internal/v1/governance/access/requests","ui/one-ui-shell/src/hooks/queries/useDataAccessGovernance.ts","api-query-hook","experience/web-client","TanStack Query hook calling BFF (3 endpoint refs)","bff-proxied","yes","","no","","ui/one-ui-shell/src/hooks/queries/useDataAccessGovernance.ts","","","api-client trust headers","experience-bff","wired","","generated-client"
"useDataGovernance","/internal/v1/ai-governance/rules; /internal/v1/governance/access/requests?page=0&size=50; /internal/v1/ai-governance/datasets; /internal/v1/ai-governance/exports/evaluate","ui/one-ui-shell/src/hooks/queries/useDataGovernance.ts","api-query-hook","experience/web-client","TanStack Query hook calling BFF (4 endpoint refs)","bff-proxied","yes","","no","","ui/one-ui-shell/src/hooks/queries/useDataGovernance.ts","","","api-client trust headers","experience-bff","wired","","generated-client"
"useDataPipelineMetrics.test","","ui/one-ui-shell/src/hooks/queries/useDataPipelineMetrics.test.ts","api-query-hook","experience/web-client","TanStack Query hook calling BFF (0 endpoint refs)","bff-proxied","yes","","no","","ui/one-ui-shell/src/hooks/queries/useDataPipelineMetrics.test.ts","","","api-client trust headers","experience-bff","no-bff-paths-detected","no /internal/v1 references","unknown-needs-review"
"useDataPipelineMetrics","","ui/one-ui-shell/src/hooks/queries/useDataPipelineMetrics.ts","api-query-hook","experience/web-client","TanStack Query hook calling BFF (0 endpoint refs)","bff-proxied","yes","","no","","ui/one-ui-shell/src/hooks/queries/useDataPipelineMetrics.ts","","","api-client trust headers","experience-bff","no-bff-paths-detected","no /internal/v1 references","unknown-needs-review"
"useDevices","/internal/v1/devices; /internal/v1/devices/register","ui/one-ui-shell/src/hooks/queries/useDevices.ts","api-query-hook","experience/web-client","TanStack Query hook calling BFF (2 endpoint refs)","bff-proxied","yes","","no","","ui/one-ui-shell/src/hooks/queries/useDevices.ts","","","api-client trust headers","experience-bff","wired","","generated-client"
"useDischarge","","ui/one-ui-shell/src/hooks/queries/useDischarge.ts","api-query-hook","experience/web-client","TanStack Query hook calling BFF (0 endpoint refs)","bff-proxied","yes","","no","","ui/one-ui-shell/src/hooks/queries/useDischarge.ts","","","api-client trust headers","experience-bff","no-bff-paths-detected","no /internal/v1 references","unknown-needs-review"
"useDispatch","/internal/v1/dispatch/deliveries; /internal/v1/dispatch/dashboard; /internal/v1/dispatch/fleet; /internal/v1/dispatch/couriers; /internal/v1/dispatch/policies","ui/one-ui-shell/src/hooks/queries/useDispatch.ts","api-query-hook","experience/web-client","TanStack Query hook calling BFF (8 endpoint refs)","bff-proxied","yes","","no","","ui/one-ui-shell/src/hooks/queries/useDispatch.ts","","","api-client trust headers","experience-bff","wired","","generated-client"
"useDispatchOps","/internal/v1/dispatch/dashboard; /internal/v1/dispatch/dispatcher-console; /internal/v1/dispatch/deliveries; /internal/v1/dispatch/fleet; /internal/v1/dispatch/couriers","ui/one-ui-shell/src/hooks/queries/useDispatchOps.ts","api-query-hook","experience/web-client","TanStack Query hook calling BFF (8 endpoint refs)","bff-proxied","yes","","no","","ui/one-ui-shell/src/hooks/queries/useDispatchOps.ts","","","api-client trust headers","experience-bff","wired","","generated-client"
"useEWS","/internal/v1/ews","ui/one-ui-shell/src/hooks/queries/useEWS.ts","api-query-hook","experience/web-client","TanStack Query hook calling BFF (1 endpoint refs)","bff-proxied","yes","","no","","ui/one-ui-shell/src/hooks/queries/useEWS.ts","","","api-client trust headers","experience-bff","wired","","generated-client"
"useEmergency","/internal/v1/emergency/activations; /internal/v1/emergency/activate","ui/one-ui-shell/src/hooks/queries/useEmergency.ts","api-query-hook","experience/web-client","TanStack Query hook calling BFF (2 endpoint refs)","bff-proxied","yes","","no","","ui/one-ui-shell/src/hooks/queries/useEmergency.ts","","","api-client trust headers","experience-bff","wired","","generated-client"
"useEncounterHistory","","ui/one-ui-shell/src/hooks/queries/useEncounterHistory.ts","api-query-hook","experience/web-client","TanStack Query hook calling BFF (0 endpoint refs)","bff-proxied","yes","","no","","ui/one-ui-shell/src/hooks/queries/useEncounterHistory.ts","","","api-client trust headers","experience-bff","no-bff-paths-detected","no /internal/v1 references","unknown-needs-review"
"useEncounters","/internal/v1/encounters","ui/one-ui-shell/src/hooks/queries/useEncounters.ts","api-query-hook","experience/web-client","TanStack Query hook calling BFF (1 endpoint refs)","bff-proxied","yes","","no","","ui/one-ui-shell/src/hooks/queries/useEncounters.ts","","","api-client trust headers","experience-bff","wired","","generated-client"
"useExtensions","","ui/one-ui-shell/src/hooks/queries/useExtensions.ts","api-query-hook","experience/web-client","TanStack Query hook calling BFF (0 endpoint refs)","bff-proxied","yes","","no","","ui/one-ui-shell/src/hooks/queries/useExtensions.ts","","","api-client trust headers","experience-bff","no-bff-paths-detected","no /internal/v1 references","unknown-needs-review"
"useFacilities","","ui/one-ui-shell/src/hooks/queries/useFacilities.ts","api-query-hook","experience/web-client","TanStack Query hook calling BFF (0 endpoint refs)","bff-proxied","yes","","no","","ui/one-ui-shell/src/hooks/queries/useFacilities.ts","","","api-client trust headers","experience-bff","no-bff-paths-detected","no /internal/v1 references","unknown-needs-review"
"useFacilityAdmin","/internal/v1/admin/facilities","ui/one-ui-shell/src/hooks/queries/useFacilityAdmin.ts","api-query-hook","experience/web-client","TanStack Query hook calling BFF (1 endpoint refs)","bff-proxied","yes","","no","","ui/one-ui-shell/src/hooks/queries/useFacilityAdmin.ts","","","api-client trust headers","experience-bff","wired","","generated-client"
"useFacilityOperations","/internal/v1/queue/entries/stats; /internal/v1/operations/facility-queue-snapshots","ui/one-ui-shell/src/hooks/queries/useFacilityOperations.ts","api-query-hook","experience/web-client","TanStack Query hook calling BFF (2 endpoint refs)","bff-proxied","yes","","no","","ui/one-ui-shell/src/hooks/queries/useFacilityOperations.ts","","","api-client trust headers","experience-bff","wired","","generated-client"
"useFacilityRegulatory","/internal/v1/facility-registry/dashboard/summary; /internal/v1/facility-registry/applications; /internal/v1/facility-registry/documents; /internal/v1/facility-registry/inspections; /internal/v1/facility-registry/committee-reviews","ui/one-ui-shell/src/hooks/queries/useFacilityRegulatory.ts","api-query-hook","experience/web-client","TanStack Query hook calling BFF (6 endpoint refs)","bff-proxied","yes","","no","","ui/one-ui-shell/src/hooks/queries/useFacilityRegulatory.ts","","","api-client trust headers","experience-bff","wired","","generated-client"
"useFetalMonitoring","/internal/v1/maternity/ctg/sessions","ui/one-ui-shell/src/hooks/queries/useFetalMonitoring.ts","api-query-hook","experience/web-client","TanStack Query hook calling BFF (1 endpoint refs)","bff-proxied","yes","","no","","ui/one-ui-shell/src/hooks/queries/useFetalMonitoring.ts","","","api-client trust headers","experience-bff","wired","","generated-client"
"useFhirInterop","/internal/v1/fhir/metadata","ui/one-ui-shell/src/hooks/queries/useFhirInterop.ts","api-query-hook","experience/web-client","TanStack Query hook calling BFF (1 endpoint refs)","bff-proxied","yes","","no","","ui/one-ui-shell/src/hooks/queries/useFhirInterop.ts","","","api-client trust headers","experience-bff","wired","","generated-client"
"useFinanceBillingWorkspace","","ui/one-ui-shell/src/hooks/queries/useFinanceBillingWorkspace.ts","api-query-hook","experience/web-client","TanStack Query hook calling BFF (0 endpoint refs)","bff-proxied","yes","","no","","ui/one-ui-shell/src/hooks/queries/useFinanceBillingWorkspace.ts","","","api-client trust headers","experience-bff","no-bff-paths-detected","no /internal/v1 references","unknown-needs-review"
"useFinanceLedger","","ui/one-ui-shell/src/hooks/queries/useFinanceLedger.ts","api-query-hook","experience/web-client","TanStack Query hook calling BFF (0 endpoint refs)","bff-proxied","yes","","no","","ui/one-ui-shell/src/hooks/queries/useFinanceLedger.ts","","","api-client trust headers","experience-bff","no-bff-paths-detected","no /internal/v1 references","unknown-needs-review"
"useFinanceMushexPlatform","","ui/one-ui-shell/src/hooks/queries/useFinanceMushexPlatform.ts","api-query-hook","experience/web-client","TanStack Query hook calling BFF (0 endpoint refs)","bff-proxied","yes","","no","","ui/one-ui-shell/src/hooks/queries/useFinanceMushexPlatform.ts","","","api-client trust headers","experience-bff","no-bff-paths-detected","no /internal/v1 references","unknown-needs-review"
"useFinancePayerOps","/internal/v1/finance/payer-ops/remittance/claim; /internal/v1/finance/payer-ops/adapters","ui/one-ui-shell/src/hooks/queries/useFinancePayerOps.ts","api-query-hook","experience/web-client","TanStack Query hook calling BFF (2 endpoint refs)","bff-proxied","yes","","no","","ui/one-ui-shell/src/hooks/queries/useFinancePayerOps.ts","","","api-client trust headers","experience-bff","wired","","generated-client"
"useFinanceReconciliation","/internal/v1/finance/reconciliation/import-statement","ui/one-ui-shell/src/hooks/queries/useFinanceReconciliation.ts","api-query-hook","experience/web-client","TanStack Query hook calling BFF (1 endpoint refs)","bff-proxied","yes","","no","","ui/one-ui-shell/src/hooks/queries/useFinanceReconciliation.ts","","","api-client trust headers","experience-bff","wired","","generated-client"
"useFinanceRefunds","","ui/one-ui-shell/src/hooks/queries/useFinanceRefunds.ts","api-query-hook","experience/web-client","TanStack Query hook calling BFF (0 endpoint refs)","bff-proxied","yes","","no","","ui/one-ui-shell/src/hooks/queries/useFinanceRefunds.ts","","","api-client trust headers","experience-bff","no-bff-paths-detected","no /internal/v1 references","unknown-needs-review"
"useFinanceSettlements","/internal/v1/finance/settlements/run","ui/one-ui-shell/src/hooks/queries/useFinanceSettlements.ts","api-query-hook","experience/web-client","TanStack Query hook calling BFF (1 endpoint refs)","bff-proxied","yes","","no","","ui/one-ui-shell/src/hooks/queries/useFinanceSettlements.ts","","","api-client trust headers","experience-bff","wired","","generated-client"
"useFinancialReports","/internal/v1/finance/budgets; /internal/v1/finance/reports/close-period","ui/one-ui-shell/src/hooks/queries/useFinancialReports.ts","api-query-hook","experience/web-client","TanStack Query hook calling BFF (2 endpoint refs)","bff-proxied","yes","","no","","ui/one-ui-shell/src/hooks/queries/useFinancialReports.ts","","","api-client trust headers","experience-bff","wired","","generated-client"
"useFluidBalance","/internal/v1/fluid-balance","ui/one-ui-shell/src/hooks/queries/useFluidBalance.ts","api-query-hook","experience/web-client","TanStack Query hook calling BFF (1 endpoint refs)","bff-proxied","yes","","no","","ui/one-ui-shell/src/hooks/queries/useFluidBalance.ts","","","api-client trust headers","experience-bff","wired","","generated-client"
"useForms","/internal/v1/extensions/forms","ui/one-ui-shell/src/hooks/queries/useForms.ts","api-query-hook","experience/web-client","TanStack Query hook calling BFF (2 endpoint refs)","bff-proxied","yes","","no","","ui/one-ui-shell/src/hooks/queries/useForms.ts","","","api-client trust headers","experience-bff","wired","","generated-client"
"useFundoCatalog","","ui/one-ui-shell/src/hooks/queries/useFundoCatalog.ts","api-query-hook","experience/web-client","TanStack Query hook calling BFF (0 endpoint refs)","bff-proxied","yes","","no","","ui/one-ui-shell/src/hooks/queries/useFundoCatalog.ts","","","api-client trust headers","experience-bff","no-bff-paths-detected","no /internal/v1 references","unknown-needs-review"
"useFundoLms.test","","ui/one-ui-shell/src/hooks/queries/useFundoLms.test.ts","api-query-hook","experience/web-client","TanStack Query hook calling BFF (0 endpoint refs)","bff-proxied","yes","","no","","ui/one-ui-shell/src/hooks/queries/useFundoLms.test.ts","","","api-client trust headers","experience-bff","no-bff-paths-detected","no /internal/v1 references","unknown-needs-review"
"useFundoLms","/internal/v1/learning/v11/reports/overview; /internal/v1/learning/v11/enrolments; /internal/v1/learning/v11/progress","ui/one-ui-shell/src/hooks/queries/useFundoLms.ts","api-query-hook","experience/web-client","TanStack Query hook calling BFF (3 endpoint refs)","bff-proxied","yes","","no","","ui/one-ui-shell/src/hooks/queries/useFundoLms.ts","","","api-client trust headers","experience-bff","wired","","generated-client"
"useFundoStudio","/internal/v1/learning/v11/studio/dashboard; /internal/v1/learning/v11/catalog; /internal/v1/learning/v11/ai/generate; /internal/v1/learning/v11/nompilo/assist; /internal/v1/learning/v11/library/resources","ui/one-ui-shell/src/hooks/queries/useFundoStudio.ts","api-query-hook","experience/web-client","TanStack Query hook calling BFF (11 endpoint refs)","bff-proxied","yes","","no","","ui/one-ui-shell/src/hooks/queries/useFundoStudio.ts","","","api-client trust headers","experience-bff","wired","","generated-client"
"useGeneralLedger","/internal/v1/erp/gl/accounts; /internal/v1/erp/gl/periods/open; /internal/v1/erp/gl/accounts/seed; /internal/v1/erp/gl/journals","ui/one-ui-shell/src/hooks/queries/useGeneralLedger.ts","api-query-hook","experience/web-client","TanStack Query hook calling BFF (4 endpoint refs)","bff-proxied","yes","","no","","ui/one-ui-shell/src/hooks/queries/useGeneralLedger.ts","","","api-client trust headers","experience-bff","wired","","generated-client"
"useGrowth","/internal/v1/growth","ui/one-ui-shell/src/hooks/queries/useGrowth.ts","api-query-hook","experience/web-client","TanStack Query hook calling BFF (1 endpoint refs)","bff-proxied","yes","","no","","ui/one-ui-shell/src/hooks/queries/useGrowth.ts","","","api-client trust headers","experience-bff","wired","","generated-client"
"useGuidance","/internal/v1/guidance/ask; /internal/v1/clinical/assistant/ask; /internal/v1/clinical/source/edliz-default-document-id; /internal/v1/clinical/prescribing/evaluate; /internal/v1/clinical/pathways","ui/one-ui-shell/src/hooks/queries/useGuidance.ts","api-query-hook","experience/web-client","TanStack Query hook calling BFF (9 endpoint refs)","bff-proxied","yes","","no","","ui/one-ui-shell/src/hooks/queries/useGuidance.ts","","","api-client trust headers","experience-bff","wired","","generated-client"
"useHealthOsLauncher","","ui/one-ui-shell/src/hooks/queries/useHealthOsLauncher.ts","api-query-hook","experience/web-client","TanStack Query hook calling BFF (0 endpoint refs)","bff-proxied","yes","","no","","ui/one-ui-shell/src/hooks/queries/useHealthOsLauncher.ts","","","api-client trust headers","experience-bff","no-bff-paths-detected","no /internal/v1 references","unknown-needs-review"
"useHrPayroll","/internal/v1/erp/hr/employees; /internal/v1/erp/hr/leave/types; /internal/v1/erp/hr/payroll/runs; /internal/v1/erp/hr/deductions","ui/one-ui-shell/src/hooks/queries/useHrPayroll.ts","api-query-hook","experience/web-client","TanStack Query hook calling BFF (5 endpoint refs)","bff-proxied","yes","","no","","ui/one-ui-shell/src/hooks/queries/useHrPayroll.ts","","","api-client trust headers","experience-bff","wired","","generated-client"
"useIdentity","/internal/v1/identity/patient/resolve; /internal/v1/identity/patient/register; /internal/v1/identity/assurance/status; /internal/v1/identity/assurance/upgrade/request; /internal/v1/vito/identity/resolve","ui/one-ui-shell/src/hooks/queries/useIdentity.ts","api-query-hook","experience/web-client","TanStack Query hook calling BFF (6 endpoint refs)","bff-proxied","yes","","no","","ui/one-ui-shell/src/hooks/queries/useIdentity.ts","","","api-client trust headers","experience-bff","wired","","generated-client"
"useIdentityOperations","/internal/v1/identity/patient/resolve; /internal/v1/identity/patient/register; /internal/v1/identity/patient/recovery/start; /internal/v1/identity/patient/recovery/verify; /internal/v1/identity/provider/create","ui/one-ui-shell/src/hooks/queries/useIdentityOperations.ts","api-query-hook","experience/web-client","TanStack Query hook calling BFF (5 endpoint refs)","bff-proxied","yes","","no","","ui/one-ui-shell/src/hooks/queries/useIdentityOperations.ts","","","api-client trust headers","experience-bff","wired","","generated-client"
"useImaging","/internal/v1/imaging/ops/status; /internal/v1/imaging/ops/unmatched-studies; /internal/v1/imaging/ops/failed-correlations; /internal/v1/imaging/ops/failed-writebacks; /internal/v1/imaging/ops/failed-writebacks/retry-all","ui/one-ui-shell/src/hooks/queries/useImaging.ts","api-query-hook","experience/web-client","TanStack Query hook calling BFF (5 endpoint refs)","bff-proxied","yes","","no","","ui/one-ui-shell/src/hooks/queries/useImaging.ts","","","api-client trust headers","experience-bff","wired","","generated-client"
"useImmunizations","/internal/v1/immunizations","ui/one-ui-shell/src/hooks/queries/useImmunizations.ts","api-query-hook","experience/web-client","TanStack Query hook calling BFF (1 endpoint refs)","bff-proxied","yes","","no","","ui/one-ui-shell/src/hooks/queries/useImmunizations.ts","","","api-client trust headers","experience-bff","wired","","generated-client"
"useInpatient","/internal/v1/inpatient/admissions","ui/one-ui-shell/src/hooks/queries/useInpatient.ts","api-query-hook","experience/web-client","TanStack Query hook calling BFF (1 endpoint refs)","bff-proxied","yes","","no","","ui/one-ui-shell/src/hooks/queries/useInpatient.ts","","","api-client trust headers","experience-bff","wired","","generated-client"
"useIntegrationHub","/internal/v1/integration-hub/routes; /internal/v1/integration-hub/mapping-templates","ui/one-ui-shell/src/hooks/queries/useIntegrationHub.ts","api-query-hook","experience/web-client","TanStack Query hook calling BFF (3 endpoint refs)","bff-proxied","yes","","no","","ui/one-ui-shell/src/hooks/queries/useIntegrationHub.ts","","","api-client trust headers","experience-bff","wired","","generated-client"
"useInventory","/internal/v1/inventory/items; /internal/v1/inventory/ledger/receipt; /internal/v1/inventory/ledger/transfer; /internal/v1/inventory/ledger/issue; /internal/v1/inventory/ledger/adjust","ui/one-ui-shell/src/hooks/queries/useInventory.ts","api-query-hook","experience/web-client","TanStack Query hook calling BFF (9 endpoint refs)","bff-proxied","yes","","no","","ui/one-ui-shell/src/hooks/queries/useInventory.ts","","","api-client trust headers","experience-bff","wired","","generated-client"
"useKnowledgeSearch","","ui/one-ui-shell/src/hooks/queries/useKnowledgeSearch.ts","api-query-hook","experience/web-client","TanStack Query hook calling BFF (0 endpoint refs)","bff-proxied","yes","","no","","ui/one-ui-shell/src/hooks/queries/useKnowledgeSearch.ts","","","api-client trust headers","experience-bff","no-bff-paths-detected","no /internal/v1 references","unknown-needs-review"
"useLabOrders","/internal/v1/lab-orders","ui/one-ui-shell/src/hooks/queries/useLabOrders.ts","api-query-hook","experience/web-client","TanStack Query hook calling BFF (1 endpoint refs)","bff-proxied","yes","","no","","ui/one-ui-shell/src/hooks/queries/useLabOrders.ts","","","api-client trust headers","experience-bff","wired","","generated-client"
"useLabourMonitoring","/internal/v1/labour-monitoring","ui/one-ui-shell/src/hooks/queries/useLabourMonitoring.ts","api-query-hook","experience/web-client","TanStack Query hook calling BFF (1 endpoint refs)","bff-proxied","yes","","no","","ui/one-ui-shell/src/hooks/queries/useLabourMonitoring.ts","","","api-client trust headers","experience-bff","wired","","generated-client"
"useLearningSubjectCompletions","","ui/one-ui-shell/src/hooks/queries/useLearningSubjectCompletions.ts","api-query-hook","experience/web-client","TanStack Query hook calling BFF (0 endpoint refs)","bff-proxied","yes","","no","","ui/one-ui-shell/src/hooks/queries/useLearningSubjectCompletions.ts","","","api-client trust headers","experience-bff","no-bff-paths-detected","no /internal/v1 references","unknown-needs-review"
"useLearningWorkflowContext","","ui/one-ui-shell/src/hooks/queries/useLearningWorkflowContext.ts","api-query-hook","experience/web-client","TanStack Query hook calling BFF (0 endpoint refs)","bff-proxied","yes","","no","","ui/one-ui-shell/src/hooks/queries/useLearningWorkflowContext.ts","","","api-client trust headers","experience-bff","no-bff-paths-detected","no /internal/v1 references","unknown-needs-review"
"useLicenses","","ui/one-ui-shell/src/hooks/queries/useLicenses.ts","api-query-hook","experience/web-client","TanStack Query hook calling BFF (0 endpoint refs)","bff-proxied","yes","","no","","ui/one-ui-shell/src/hooks/queries/useLicenses.ts","","","api-client trust headers","experience-bff","no-bff-paths-detected","no /internal/v1 references","unknown-needs-review"
"useLinkedIds","/internal/v1/identity/linked-ids","ui/one-ui-shell/src/hooks/queries/useLinkedIds.ts","api-query-hook","experience/web-client","TanStack Query hook calling BFF (1 endpoint refs)","bff-proxied","yes","","no","","ui/one-ui-shell/src/hooks/queries/useLinkedIds.ts","","","api-client trust headers","experience-bff","wired","","generated-client"
"useMarketplace","/internal/v1/marketplace/vendors; /internal/v1/marketplace/bookings; /internal/v1/marketplace/orders","ui/one-ui-shell/src/hooks/queries/useMarketplace.ts","api-query-hook","experience/web-client","TanStack Query hook calling BFF (3 endpoint refs)","bff-proxied","yes","","no","","ui/one-ui-shell/src/hooks/queries/useMarketplace.ts","","","api-client trust headers","experience-bff","wired","","generated-client"
"useMarketplaceOps","/internal/v1/commerce/ops/stuck-orders","ui/one-ui-shell/src/hooks/queries/useMarketplaceOps.ts","api-query-hook","experience/web-client","TanStack Query hook calling BFF (1 endpoint refs)","bff-proxied","yes","","no","","ui/one-ui-shell/src/hooks/queries/useMarketplaceOps.ts","","","api-client trust headers","experience-bff","wired","","generated-client"
"useMemberCoverage","/internal/v1/coverage/plans; /internal/v1/coverage/eligibility; /internal/v1/coverage/claims; /internal/v1/coverage/contributions; /internal/v1/coverage/preauths","ui/one-ui-shell/src/hooks/queries/useMemberCoverage.ts","api-query-hook","experience/web-client","TanStack Query hook calling BFF (9 endpoint refs)","bff-proxied","yes","","no","","ui/one-ui-shell/src/hooks/queries/useMemberCoverage.ts","","","api-client trust headers","experience-bff","wired","","generated-client"
"useMsikaGovernance","/internal/v1/msika/catalogs; /internal/v1/msika/import","ui/one-ui-shell/src/hooks/queries/useMsikaGovernance.ts","api-query-hook","experience/web-client","TanStack Query hook calling BFF (2 endpoint refs)","bff-proxied","yes","","no","","ui/one-ui-shell/src/hooks/queries/useMsikaGovernance.ts","","","api-client trust headers","experience-bff","wired","","generated-client"
"useMusheWallet","/internal/v1/wallets; /internal/v1/wallets/transfer; /internal/v1/merchants; /internal/v1/merchants/pay; /internal/v1/holds","ui/one-ui-shell/src/hooks/queries/useMusheWallet.ts","api-query-hook","experience/web-client","TanStack Query hook calling BFF (6 endpoint refs)","bff-proxied","yes","","no","","ui/one-ui-shell/src/hooks/queries/useMusheWallet.ts","","","api-client trust headers","experience-bff","wired","","generated-client"
"useMushexPlatformAdmin","/internal/v1/finance/mushex-platform/wallets; /internal/v1/finance/mushex-platform/remittance-transfers; /internal/v1/finance/mushex-platform/card-profiles; /internal/v1/finance/mushex-platform/reversals; /internal/v1/finance/mushex-platform/adapter-readiness","ui/one-ui-shell/src/hooks/queries/useMushexPlatformAdmin.ts","api-query-hook","experience/web-client","TanStack Query hook calling BFF (5 endpoint refs)","bff-proxied","yes","","no","","ui/one-ui-shell/src/hooks/queries/useMushexPlatformAdmin.ts","","","api-client trust headers","experience-bff","wired","","generated-client"
"useMvumoCommsEvaluate","","ui/one-ui-shell/src/hooks/queries/useMvumoCommsEvaluate.ts","api-query-hook","experience/web-client","TanStack Query hook calling BFF (0 endpoint refs)","bff-proxied","yes","","no","","ui/one-ui-shell/src/hooks/queries/useMvumoCommsEvaluate.ts","","","api-client trust headers","experience-bff","no-bff-paths-detected","no /internal/v1 references","unknown-needs-review"
"useNdila","/internal/v1/ndila/tiles/config; /internal/v1/ndila/tracking/nearby","ui/one-ui-shell/src/hooks/queries/useNdila.ts","api-query-hook","experience/web-client","TanStack Query hook calling BFF (2 endpoint refs)","bff-proxied","yes","","no","","ui/one-ui-shell/src/hooks/queries/useNdila.ts","","","api-client trust headers","experience-bff","wired","","generated-client"
"useNotificationTemplates","/internal/v1/notifications/templates","ui/one-ui-shell/src/hooks/queries/useNotificationTemplates.ts","api-query-hook","experience/web-client","TanStack Query hook calling BFF (2 endpoint refs)","bff-proxied","yes","","no","","ui/one-ui-shell/src/hooks/queries/useNotificationTemplates.ts","","","api-client trust headers","experience-bff","wired","","generated-client"
"useNotifications","/internal/v1/notifications","ui/one-ui-shell/src/hooks/queries/useNotifications.ts","api-query-hook","experience/web-client","TanStack Query hook calling BFF (1 endpoint refs)","bff-proxied","yes","","no","","ui/one-ui-shell/src/hooks/queries/useNotifications.ts","","","api-client trust headers","experience-bff","wired","","generated-client"
"useObservations","/internal/v1/observations","ui/one-ui-shell/src/hooks/queries/useObservations.ts","api-query-hook","experience/web-client","TanStack Query hook calling BFF (1 endpoint refs)","bff-proxied","yes","","no","","ui/one-ui-shell/src/hooks/queries/useObservations.ts","","","api-client trust headers","experience-bff","wired","","generated-client"
"useOmnichannel","/internal/v1/omnichannel/campaigns; /internal/v1/omnichannel/dashboard; /internal/v1/omnichannel/callbacks; /internal/v1/omnichannel/channels; /internal/v1/omnichannel/sms-journeys","ui/one-ui-shell/src/hooks/queries/useOmnichannel.ts","api-query-hook","experience/web-client","TanStack Query hook calling BFF (12 endpoint refs)","bff-proxied","yes","","no","","ui/one-ui-shell/src/hooks/queries/useOmnichannel.ts","","","api-client trust headers","experience-bff","wired","","generated-client"
"usePartograph","/internal/v1/maternity/partograph/sessions","ui/one-ui-shell/src/hooks/queries/usePartograph.ts","api-query-hook","experience/web-client","TanStack Query hook calling BFF (1 endpoint refs)","bff-proxied","yes","","no","","ui/one-ui-shell/src/hooks/queries/usePartograph.ts","","","api-client trust headers","experience-bff","wired","","generated-client"
"usePatientFinancials","/internal/v1/finance/payment-plans; /internal/v1/finance/documents; /internal/v1/finance/documents/generate","ui/one-ui-shell/src/hooks/queries/usePatientFinancials.ts","api-query-hook","experience/web-client","TanStack Query hook calling BFF (4 endpoint refs)","bff-proxied","yes","","no","","ui/one-ui-shell/src/hooks/queries/usePatientFinancials.ts","","","api-client trust headers","experience-bff","wired","","generated-client"
"usePatientTransfers","/internal/v1/transfers","ui/one-ui-shell/src/hooks/queries/usePatientTransfers.ts","api-query-hook","experience/web-client","TanStack Query hook calling BFF (1 endpoint refs)","bff-proxied","yes","","no","","ui/one-ui-shell/src/hooks/queries/usePatientTransfers.ts","","","api-client trust headers","experience-bff","wired","","generated-client"
"usePatients","","ui/one-ui-shell/src/hooks/queries/usePatients.ts","api-query-hook","experience/web-client","TanStack Query hook calling BFF (0 endpoint refs)","bff-proxied","yes","","no","","ui/one-ui-shell/src/hooks/queries/usePatients.ts","","","api-client trust headers","experience-bff","no-bff-paths-detected","no /internal/v1 references","unknown-needs-review"
"usePayerClaims","","ui/one-ui-shell/src/hooks/queries/usePayerClaims.ts","api-query-hook","experience/web-client","TanStack Query hook calling BFF (0 endpoint refs)","bff-proxied","yes","","no","","ui/one-ui-shell/src/hooks/queries/usePayerClaims.ts","","","api-client trust headers","experience-bff","no-bff-paths-detected","no /internal/v1 references","unknown-needs-review"
"usePersonalCredentials","/internal/v1/credentials?scope=MY&page=0&size=20","ui/one-ui-shell/src/hooks/queries/usePersonalCredentials.ts","api-query-hook","experience/web-client","TanStack Query hook calling BFF (1 endpoint refs)","bff-proxied","yes","","no","","ui/one-ui-shell/src/hooks/queries/usePersonalCredentials.ts","","","api-client trust headers","experience-bff","wired","","generated-client"
"usePersonalDocuments","/internal/v1/clinical-tools/documents","ui/one-ui-shell/src/hooks/queries/usePersonalDocuments.ts","api-query-hook","experience/web-client","TanStack Query hook calling BFF (1 endpoint refs)","bff-proxied","yes","","no","","ui/one-ui-shell/src/hooks/queries/usePersonalDocuments.ts","","","api-client trust headers","experience-bff","wired","","generated-client"
"usePharmacy","/internal/v1/pharmacy/dispense","ui/one-ui-shell/src/hooks/queries/usePharmacy.ts","api-query-hook","experience/web-client","TanStack Query hook calling BFF (1 endpoint refs)","bff-proxied","yes","","no","","ui/one-ui-shell/src/hooks/queries/usePharmacy.ts","","","api-client trust headers","experience-bff","wired","","generated-client"
"usePolicyConsent","/internal/v1/consent/history; /internal/v1/consent/accept; /internal/v1/consent/revoke; /internal/v1/account/delete/status; /internal/v1/account/delete","ui/one-ui-shell/src/hooks/queries/usePolicyConsent.ts","api-query-hook","experience/web-client","TanStack Query hook calling BFF (6 endpoint refs)","bff-proxied","yes","","no","","ui/one-ui-shell/src/hooks/queries/usePolicyConsent.ts","","","api-client trust headers","experience-bff","wired","","generated-client"
"usePrivacyPreferences","/internal/v1/settings/privacy","ui/one-ui-shell/src/hooks/queries/usePrivacyPreferences.ts","api-query-hook","experience/web-client","TanStack Query hook calling BFF (2 endpoint refs)","bff-proxied","yes","","no","","ui/one-ui-shell/src/hooks/queries/usePrivacyPreferences.ts","","","api-client trust headers","experience-bff","wired","","generated-client"
"useProcurement","/internal/v1/erp/procurement/suppliers; /internal/v1/erp/procurement/requisitions; /internal/v1/erp/procurement/purchase-orders; /internal/v1/erp/procurement/grn; /internal/v1/erp/procurement/invoices","ui/one-ui-shell/src/hooks/queries/useProcurement.ts","api-query-hook","experience/web-client","TanStack Query hook calling BFF (7 endpoint refs)","bff-proxied","yes","","no","","ui/one-ui-shell/src/hooks/queries/useProcurement.ts","","","api-client trust headers","experience-bff","wired","","generated-client"
"useProductRegistry","","ui/one-ui-shell/src/hooks/queries/useProductRegistry.ts","api-query-hook","experience/web-client","TanStack Query hook calling BFF (0 endpoint refs)","bff-proxied","yes","","no","","ui/one-ui-shell/src/hooks/queries/useProductRegistry.ts","","","api-client trust headers","experience-bff","no-bff-paths-detected","no /internal/v1 references","unknown-needs-review"
"useProviderAdmin","/internal/v1/admin/providers; /internal/v1/registry-intake/providers/from-health-id","ui/one-ui-shell/src/hooks/queries/useProviderAdmin.ts","api-query-hook","experience/web-client","TanStack Query hook calling BFF (2 endpoint refs)","bff-proxied","yes","","no","","ui/one-ui-shell/src/hooks/queries/useProviderAdmin.ts","","","api-client trust headers","experience-bff","wired","","generated-client"
"useProviderContracts","/internal/v1/provider-contracts; /internal/v1/provider-networks","ui/one-ui-shell/src/hooks/queries/useProviderContracts.ts","api-query-hook","experience/web-client","TanStack Query hook calling BFF (4 endpoint refs)","bff-proxied","yes","","no","","ui/one-ui-shell/src/hooks/queries/useProviderContracts.ts","","","api-client trust headers","experience-bff","wired","","generated-client"
"useProviderCouncil","","ui/one-ui-shell/src/hooks/queries/useProviderCouncil.ts","api-query-hook","experience/web-client","TanStack Query hook calling BFF (0 endpoint refs)","bff-proxied","yes","","no","","ui/one-ui-shell/src/hooks/queries/useProviderCouncil.ts","","","api-client trust headers","experience-bff","no-bff-paths-detected","no /internal/v1 references","unknown-needs-review"
"useProviderLifecycle","","ui/one-ui-shell/src/hooks/queries/useProviderLifecycle.ts","api-query-hook","experience/web-client","TanStack Query hook calling BFF (0 endpoint refs)","bff-proxied","yes","","no","","ui/one-ui-shell/src/hooks/queries/useProviderLifecycle.ts","","","api-client trust headers","experience-bff","no-bff-paths-detected","no /internal/v1 references","unknown-needs-review"
"useProviderPrivileges","","ui/one-ui-shell/src/hooks/queries/useProviderPrivileges.ts","api-query-hook","experience/web-client","TanStack Query hook calling BFF (0 endpoint refs)","bff-proxied","yes","","no","","ui/one-ui-shell/src/hooks/queries/useProviderPrivileges.ts","","","api-client trust headers","experience-bff","no-bff-paths-detected","no /internal/v1 references","unknown-needs-review"
"usePublicHealth.test","","ui/one-ui-shell/src/hooks/queries/usePublicHealth.test.ts","api-query-hook","experience/web-client","TanStack Query hook calling BFF (0 endpoint refs)","bff-proxied","yes","","no","","ui/one-ui-shell/src/hooks/queries/usePublicHealth.test.ts","","","api-client trust headers","experience-bff","no-bff-paths-detected","no /internal/v1 references","unknown-needs-review"
"usePublicHealth","/internal/v1/public-health/signals; /internal/v1/public-health/cases; /internal/v1/public-health/alerts; /internal/v1/public-health/counters; /internal/v1/public-health/weekly-idsr","ui/one-ui-shell/src/hooks/queries/usePublicHealth.ts","api-query-hook","experience/web-client","TanStack Query hook calling BFF (28 endpoint refs)","bff-proxied","yes","","no","","ui/one-ui-shell/src/hooks/queries/usePublicHealth.ts","","","api-client trust headers","experience-bff","wired","","generated-client"
"useQueue","","ui/one-ui-shell/src/hooks/queries/useQueue.ts","api-query-hook","experience/web-client","TanStack Query hook calling BFF (0 endpoint refs)","bff-proxied","yes","","no","","ui/one-ui-shell/src/hooks/queries/useQueue.ts","","","api-client trust headers","experience-bff","no-bff-paths-detected","no /internal/v1 references","unknown-needs-review"
"useReferrals","/internal/v1/referrals","ui/one-ui-shell/src/hooks/queries/useReferrals.ts","api-query-hook","experience/web-client","TanStack Query hook calling BFF (1 endpoint refs)","bff-proxied","yes","","no","","ui/one-ui-shell/src/hooks/queries/useReferrals.ts","","","api-client trust headers","experience-bff","wired","","generated-client"
"useRegistry","","ui/one-ui-shell/src/hooks/queries/useRegistry.ts","api-query-hook","experience/web-client","TanStack Query hook calling BFF (0 endpoint refs)","bff-proxied","yes","","no","","ui/one-ui-shell/src/hooks/queries/useRegistry.ts","","","api-client trust headers","experience-bff","no-bff-paths-detected","no /internal/v1 references","unknown-needs-review"
"useRegistryIntake","/internal/v1/registry-intake/bootstrap/snapshot; /internal/v1/registry-intake/sessions; /internal/v1/registry-intake/recovery-requests; /internal/v1/registry-intake/import-jobs; /internal/v1/registry-intake/indawo/sites","ui/one-ui-shell/src/hooks/queries/useRegistryIntake.ts","api-query-hook","experience/web-client","TanStack Query hook calling BFF (5 endpoint refs)","bff-proxied","yes","","no","","ui/one-ui-shell/src/hooks/queries/useRegistryIntake.ts","","","api-client trust headers","experience-bff","wired","","generated-client"
"useReports","/internal/v1/reports/generate","ui/one-ui-shell/src/hooks/queries/useReports.ts","api-query-hook","experience/web-client","TanStack Query hook calling BFF (1 endpoint refs)","bff-proxied","yes","","no","","ui/one-ui-shell/src/hooks/queries/useReports.ts","","","api-client trust headers","experience-bff","wired","","generated-client"
"useRules","/internal/v1/extensions/rules","ui/one-ui-shell/src/hooks/queries/useRules.ts","api-query-hook","experience/web-client","TanStack Query hook calling BFF (2 endpoint refs)","bff-proxied","yes","","no","","ui/one-ui-shell/src/hooks/queries/useRules.ts","","","api-client trust headers","experience-bff","wired","","generated-client"
"useRxJourneyLiveStatus","/internal/v1/finance/billing?page=0&size=1; /internal/v1/dispatch/deliveries; /internal/v1/nhume/deliveries; /internal/v1/ndila/tiles/config","ui/one-ui-shell/src/hooks/queries/useRxJourneyLiveStatus.ts","api-query-hook","experience/web-client","TanStack Query hook calling BFF (4 endpoint refs)","bff-proxied","yes","","no","","ui/one-ui-shell/src/hooks/queries/useRxJourneyLiveStatus.ts","","","api-client trust headers","experience-bff","wired","","generated-client"
"useServiceAccessDecisions","/internal/v1/finance/service-access-decisions","ui/one-ui-shell/src/hooks/queries/useServiceAccessDecisions.ts","api-query-hook","experience/web-client","TanStack Query hook calling BFF (1 endpoint refs)","bff-proxied","yes","","no","","ui/one-ui-shell/src/hooks/queries/useServiceAccessDecisions.ts","","","api-client trust headers","experience-bff","wired","","generated-client"
"useShellFileCatalog","","ui/one-ui-shell/src/hooks/queries/useShellFileCatalog.ts","api-query-hook","experience/web-client","TanStack Query hook calling BFF (0 endpoint refs)","bff-proxied","yes","","no","","ui/one-ui-shell/src/hooks/queries/useShellFileCatalog.ts","","","api-client trust headers","experience-bff","no-bff-paths-detected","no /internal/v1 references","unknown-needs-review"
"useShifts","/internal/v1/shifts/start","ui/one-ui-shell/src/hooks/queries/useShifts.ts","api-query-hook","experience/web-client","TanStack Query hook calling BFF (1 endpoint refs)","bff-proxied","yes","","no","","ui/one-ui-shell/src/hooks/queries/useShifts.ts","","","api-client trust headers","experience-bff","wired","","generated-client"
"useSimba","/internal/v1/wellness/activities; /internal/v1/wellness/sleep; /internal/v1/wellness/exercise; /internal/v1/wellness/diet; /internal/v1/wellness/mood","ui/one-ui-shell/src/hooks/queries/useSimba.ts","api-query-hook","experience/web-client","TanStack Query hook calling BFF (14 endpoint refs)","bff-proxied","yes","","no","","ui/one-ui-shell/src/hooks/queries/useSimba.ts","","","api-client trust headers","experience-bff","wired","","generated-client"
"useSiteRegistry","/internal/v1/public-health/site-registry/applications; /internal/v1/public-health/site-registry/inspections; /internal/v1/public-health/site-registry/licences; /internal/v1/public-health/site-registry/enforcement-cases; /internal/v1/public-health/site-registry/documents","ui/one-ui-shell/src/hooks/queries/useSiteRegistry.ts","api-query-hook","experience/web-client","TanStack Query hook calling BFF (6 endpoint refs)","bff-proxied","yes","","no","","ui/one-ui-shell/src/hooks/queries/useSiteRegistry.ts","","","api-client trust headers","experience-bff","wired","","generated-client"
"useSocial","/internal/v1/social/suggestions; /internal/v1/social/posts; /internal/v1/social/composer/assist; /internal/v1/social/moderation/queue","ui/one-ui-shell/src/hooks/queries/useSocial.ts","api-query-hook","experience/web-client","TanStack Query hook calling BFF (4 endpoint refs)","bff-proxied","yes","","no","","ui/one-ui-shell/src/hooks/queries/useSocial.ts","","","api-client trust headers","experience-bff","wired","","generated-client"
"useStaffing","/internal/v1/staffing/on-call/swaps","ui/one-ui-shell/src/hooks/queries/useStaffing.ts","api-query-hook","experience/web-client","TanStack Query hook calling BFF (1 endpoint refs)","bff-proxied","yes","","no","","ui/one-ui-shell/src/hooks/queries/useStaffing.ts","","","api-client trust headers","experience-bff","wired","","generated-client"
"useStructuredHistory","","ui/one-ui-shell/src/hooks/queries/useStructuredHistory.ts","api-query-hook","experience/web-client","TanStack Query hook calling BFF (0 endpoint refs)","bff-proxied","yes","","no","","ui/one-ui-shell/src/hooks/queries/useStructuredHistory.ts","","","api-client trust headers","experience-bff","no-bff-paths-detected","no /internal/v1 references","unknown-needs-review"
"useSummary","","ui/one-ui-shell/src/hooks/queries/useSummary.ts","api-query-hook","experience/web-client","TanStack Query hook calling BFF (0 endpoint refs)","bff-proxied","yes","","no","","ui/one-ui-shell/src/hooks/queries/useSummary.ts","","","api-client trust headers","experience-bff","no-bff-paths-detected","no /internal/v1 references","unknown-needs-review"
"useSurveillance","/internal/v1/public-health/signals; /internal/v1/public-health/alerts; /internal/v1/public-health/ingest","ui/one-ui-shell/src/hooks/queries/useSurveillance.ts","api-query-hook","experience/web-client","TanStack Query hook calling BFF (5 endpoint refs)","bff-proxied","yes","","no","","ui/one-ui-shell/src/hooks/queries/useSurveillance.ts","","","api-client trust headers","experience-bff","wired","","generated-client"
"useTelemedicine","/internal/v1/teleconsult/ops/sla","ui/one-ui-shell/src/hooks/queries/useTelemedicine.ts","api-query-hook","experience/web-client","TanStack Query hook calling BFF (1 endpoint refs)","bff-proxied","yes","","no","","ui/one-ui-shell/src/hooks/queries/useTelemedicine.ts","","","api-client trust headers","experience-bff","wired","","generated-client"
"useTimeline","","ui/one-ui-shell/src/hooks/queries/useTimeline.ts","api-query-hook","experience/web-client","TanStack Query hook calling BFF (0 endpoint refs)","bff-proxied","yes","","no","","ui/one-ui-shell/src/hooks/queries/useTimeline.ts","","","api-client trust headers","experience-bff","no-bff-paths-detected","no /internal/v1 references","unknown-needs-review"
"useTriage","","ui/one-ui-shell/src/hooks/queries/useTriage.ts","api-query-hook","experience/web-client","TanStack Query hook calling BFF (0 endpoint refs)","bff-proxied","yes","","no","","ui/one-ui-shell/src/hooks/queries/useTriage.ts","","","api-client trust headers","experience-bff","no-bff-paths-detected","no /internal/v1 references","unknown-needs-review"
"useTrustAdmin","/internal/v1/admin/trust/policies; /internal/v1/admin/trust/break-glass; /internal/v1/admin/trust/audit/chain/verify","ui/one-ui-shell/src/hooks/queries/useTrustAdmin.ts","api-query-hook","experience/web-client","TanStack Query hook calling BFF (4 endpoint refs)","bff-proxied","yes","","no","","ui/one-ui-shell/src/hooks/queries/useTrustAdmin.ts","","","api-client trust headers","experience-bff","wired","","generated-client"
"useUbomi","/internal/v1/ubomi/births; /internal/v1/ubomi/deaths","ui/one-ui-shell/src/hooks/queries/useUbomi.ts","api-query-hook","experience/web-client","TanStack Query hook calling BFF (2 endpoint refs)","bff-proxied","yes","","no","","ui/one-ui-shell/src/hooks/queries/useUbomi.ts","","","api-client trust headers","experience-bff","wired","","generated-client"
"useUbomiRegistry","/internal/v1/ubomi/status","ui/one-ui-shell/src/hooks/queries/useUbomiRegistry.ts","api-query-hook","experience/web-client","TanStack Query hook calling BFF (1 endpoint refs)","bff-proxied","yes","","no","","ui/one-ui-shell/src/hooks/queries/useUbomiRegistry.ts","","","api-client trust headers","experience-bff","wired","","generated-client"
"useVisibilityProfile","/internal/v1/profile/visibility","ui/one-ui-shell/src/hooks/queries/useVisibilityProfile.ts","api-query-hook","experience/web-client","TanStack Query hook calling BFF (1 endpoint refs)","bff-proxied","yes","","no","","ui/one-ui-shell/src/hooks/queries/useVisibilityProfile.ts","","","api-client trust headers","experience-bff","wired","","generated-client"
"useVitals","/internal/v1/vitals","ui/one-ui-shell/src/hooks/queries/useVitals.ts","api-query-hook","experience/web-client","TanStack Query hook calling BFF (1 endpoint refs)","bff-proxied","yes","","no","","ui/one-ui-shell/src/hooks/queries/useVitals.ts","","","api-client trust headers","experience-bff","wired","","generated-client"
"useVitoBiometric","/internal/v1/identity/biometric/vito","ui/one-ui-shell/src/hooks/queries/useVitoBiometric.ts","api-query-hook","experience/web-client","TanStack Query hook calling BFF (1 endpoint refs)","bff-proxied","yes","","no","","ui/one-ui-shell/src/hooks/queries/useVitoBiometric.ts","","","api-client trust headers","experience-bff","wired","","generated-client"
"useVitoCards","/internal/v1/vito/cards/request","ui/one-ui-shell/src/hooks/queries/useVitoCards.ts","api-query-hook","experience/web-client","TanStack Query hook calling BFF (1 endpoint refs)","bff-proxied","yes","","no","","ui/one-ui-shell/src/hooks/queries/useVitoCards.ts","","","api-client trust headers","experience-bff","wired","","generated-client"
"useVitoClientRegistry","/internal/v1/vito/client-registry","ui/one-ui-shell/src/hooks/queries/useVitoClientRegistry.ts","api-query-hook","experience/web-client","TanStack Query hook calling BFF (1 endpoint refs)","bff-proxied","yes","","no","","ui/one-ui-shell/src/hooks/queries/useVitoClientRegistry.ts","","","api-client trust headers","experience-bff","wired","","generated-client"
"useVitoClients","","ui/one-ui-shell/src/hooks/queries/useVitoClients.ts","api-query-hook","experience/web-client","TanStack Query hook calling BFF (0 endpoint refs)","bff-proxied","yes","","no","","ui/one-ui-shell/src/hooks/queries/useVitoClients.ts","","","api-client trust headers","experience-bff","no-bff-paths-detected","no /internal/v1 references","unknown-needs-review"
"useVitoDedup","/internal/v1/vito/dedup/score","ui/one-ui-shell/src/hooks/queries/useVitoDedup.ts","api-query-hook","experience/web-client","TanStack Query hook calling BFF (1 endpoint refs)","bff-proxied","yes","","no","","ui/one-ui-shell/src/hooks/queries/useVitoDedup.ts","","","api-client trust headers","experience-bff","wired","","generated-client"
"useVitoInternalSearch","/internal/v1/vito/internal/clients/search","ui/one-ui-shell/src/hooks/queries/useVitoInternalSearch.ts","api-query-hook","experience/web-client","TanStack Query hook calling BFF (1 endpoint refs)","bff-proxied","yes","","no","","ui/one-ui-shell/src/hooks/queries/useVitoInternalSearch.ts","","","api-client trust headers","experience-bff","wired","","generated-client"
"useVitoIssuance","/internal/v1/vito/issuance/submit","ui/one-ui-shell/src/hooks/queries/useVitoIssuance.ts","api-query-hook","experience/web-client","TanStack Query hook calling BFF (1 endpoint refs)","bff-proxied","yes","","no","","ui/one-ui-shell/src/hooks/queries/useVitoIssuance.ts","","","api-client trust headers","experience-bff","wired","","generated-client"
"useVitoMatch","","ui/one-ui-shell/src/hooks/queries/useVitoMatch.ts","api-query-hook","experience/web-client","TanStack Query hook calling BFF (0 endpoint refs)","bff-proxied","yes","","no","","ui/one-ui-shell/src/hooks/queries/useVitoMatch.ts","","","api-client trust headers","experience-bff","no-bff-paths-detected","no /internal/v1 references","unknown-needs-review"
"useVitoPatientShares","/internal/v1/vito/public/patient-shares/validate; /internal/v1/vito/public/patient-shares/verify-otp; /internal/v1/vito/public/patient-shares/verify-step-up; /internal/v1/vito/public/patient-shares/complete-identity; /internal/v1/vito/public/patient-shares/workspace","ui/one-ui-shell/src/hooks/queries/useVitoPatientShares.ts","api-query-hook","experience/web-client","TanStack Query hook calling BFF (6 endpoint refs)","bff-proxied","yes","","no","","ui/one-ui-shell/src/hooks/queries/useVitoPatientShares.ts","","","api-client trust headers","experience-bff","wired","","generated-client"
"useVitoPrint","/internal/v1/vito/print/card/job; /internal/v1/vito/print/card/verify-pickup; /internal/v1/vito/print/card/confirm-handover","ui/one-ui-shell/src/hooks/queries/useVitoPrint.ts","api-query-hook","experience/web-client","TanStack Query hook calling BFF (3 endpoint refs)","bff-proxied","yes","","no","","ui/one-ui-shell/src/hooks/queries/useVitoPrint.ts","","","api-client trust headers","experience-bff","wired","","generated-client"
"useVitoQr","/internal/v1/vito/qr/public-key","ui/one-ui-shell/src/hooks/queries/useVitoQr.ts","api-query-hook","experience/web-client","TanStack Query hook calling BFF (1 endpoint refs)","bff-proxied","yes","","no","","ui/one-ui-shell/src/hooks/queries/useVitoQr.ts","","","api-client trust headers","experience-bff","wired","","generated-client"
"useVitoRecovery","","ui/one-ui-shell/src/hooks/queries/useVitoRecovery.ts","api-query-hook","experience/web-client","TanStack Query hook calling BFF (0 endpoint refs)","bff-proxied","yes","","no","","ui/one-ui-shell/src/hooks/queries/useVitoRecovery.ts","","","api-client trust headers","experience-bff","no-bff-paths-detected","no /internal/v1 references","unknown-needs-review"
"useVitoRegistryAdmin","/internal/v1/vito/registry/mode; /internal/v1/vito/registry/provisional/issue; /internal/v1/vito/registry/opencr/match","ui/one-ui-shell/src/hooks/queries/useVitoRegistryAdmin.ts","api-query-hook","experience/web-client","TanStack Query hook calling BFF (3 endpoint refs)","bff-proxied","yes","","no","","ui/one-ui-shell/src/hooks/queries/useVitoRegistryAdmin.ts","","","api-client trust headers","experience-bff","wired","","generated-client"
"useVitoSlips","","ui/one-ui-shell/src/hooks/queries/useVitoSlips.ts","api-query-hook","experience/web-client","TanStack Query hook calling BFF (0 endpoint refs)","bff-proxied","yes","","no","","ui/one-ui-shell/src/hooks/queries/useVitoSlips.ts","","","api-client trust headers","experience-bff","no-bff-paths-detected","no /internal/v1 references","unknown-needs-review"
"citizen-app:FacilityDetailScreen","apps/mobile/citizen-app/src/screens/FacilityDetailScreen.tsx","apps/mobile/citizen-app/src/screens/FacilityDetailScreen.tsx","mobile-screen","experience/mobile/citizen","Mobile screen in citizen-app","bff-mobile-proxied","web-parity-expected","","yes","apps/mobile/citizen-app/src/screens/FacilityDetailScreen.tsx","@impilo/mobile-api-client","","","mobile-trust headers","experience-bff","ui-only","","mobile-screen"
"citizen-app:FacilityDirectoryScreen","apps/mobile/citizen-app/src/screens/FacilityDirectoryScreen.tsx","apps/mobile/citizen-app/src/screens/FacilityDirectoryScreen.tsx","mobile-screen","experience/mobile/citizen","Mobile screen in citizen-app","bff-mobile-proxied","web-parity-expected","","yes","apps/mobile/citizen-app/src/screens/FacilityDirectoryScreen.tsx","@impilo/mobile-api-client","","","mobile-trust headers","experience-bff","ui-only","","mobile-screen"
"citizen-app:GlobalErrorBanner","apps/mobile/citizen-app/src/screens/GlobalErrorBanner.tsx","apps/mobile/citizen-app/src/screens/GlobalErrorBanner.tsx","mobile-screen","experience/mobile/citizen","Mobile screen in citizen-app","bff-mobile-proxied","web-parity-expected","","yes","apps/mobile/citizen-app/src/screens/GlobalErrorBanner.tsx","@impilo/mobile-api-client","","","mobile-trust headers","experience-bff","ui-only","","mobile-screen"
"citizen-app:HomeScreen","apps/mobile/citizen-app/src/screens/HomeScreen.tsx","apps/mobile/citizen-app/src/screens/HomeScreen.tsx","mobile-screen","experience/mobile/citizen","Mobile screen in citizen-app","bff-mobile-proxied","web-parity-expected","","yes","apps/mobile/citizen-app/src/screens/HomeScreen.tsx","@impilo/mobile-api-client","","","mobile-trust headers","experience-bff","ui-only","","mobile-screen"
"citizen-app:LoginScreen","apps/mobile/citizen-app/src/screens/LoginScreen.tsx","apps/mobile/citizen-app/src/screens/LoginScreen.tsx","mobile-screen","experience/mobile/citizen","Mobile screen in citizen-app","bff-mobile-proxied","web-parity-expected","","yes","apps/mobile/citizen-app/src/screens/LoginScreen.tsx","@impilo/mobile-api-client","","","mobile-trust headers","experience-bff","ui-only","","mobile-screen"
"citizen-app:NetworkStatusBar","apps/mobile/citizen-app/src/screens/NetworkStatusBar.tsx","apps/mobile/citizen-app/src/screens/NetworkStatusBar.tsx","mobile-screen","experience/mobile/citizen","Mobile screen in citizen-app","bff-mobile-proxied","web-parity-expected","","yes","apps/mobile/citizen-app/src/screens/NetworkStatusBar.tsx","@impilo/mobile-api-client","","","mobile-trust headers","experience-bff","ui-only","","mobile-screen"
"citizen-app:NhumeTrackingScreen","apps/mobile/citizen-app/src/screens/NhumeTrackingScreen.tsx","apps/mobile/citizen-app/src/screens/NhumeTrackingScreen.tsx","mobile-screen","experience/mobile/citizen","Mobile screen in citizen-app","bff-mobile-proxied","web-parity-expected","","yes","apps/mobile/citizen-app/src/screens/NhumeTrackingScreen.tsx","@impilo/mobile-api-client","","","mobile-trust headers","experience-bff","ui-only","","mobile-screen"
"citizen-app:NompiloAssistantScreen","apps/mobile/citizen-app/src/screens/NompiloAssistantScreen.tsx","apps/mobile/citizen-app/src/screens/NompiloAssistantScreen.tsx","mobile-screen","experience/mobile/citizen","Mobile screen in citizen-app","bff-mobile-proxied","web-parity-expected","","yes","apps/mobile/citizen-app/src/screens/NompiloAssistantScreen.tsx","@impilo/mobile-api-client","","","mobile-trust headers","experience-bff","ui-only","","mobile-screen"
"citizen-app:NotificationsScreen","apps/mobile/citizen-app/src/screens/NotificationsScreen.tsx","apps/mobile/citizen-app/src/screens/NotificationsScreen.tsx","mobile-screen","experience/mobile/citizen","Mobile screen in citizen-app","bff-mobile-proxied","web-parity-expected","","yes","apps/mobile/citizen-app/src/screens/NotificationsScreen.tsx","@impilo/mobile-api-client","","","mobile-trust headers","experience-bff","ui-only","","mobile-screen"
"citizen-app:DelegationSection","apps/mobile/citizen-app/src/screens/caregiving/DelegationSection.tsx","apps/mobile/citizen-app/src/screens/caregiving/DelegationSection.tsx","mobile-screen","experience/mobile/citizen","Mobile screen in citizen-app","bff-mobile-proxied","web-parity-expected","","yes","apps/mobile/citizen-app/src/screens/caregiving/DelegationSection.tsx","@impilo/mobile-api-client","","","mobile-trust headers","experience-bff","ui-only","","mobile-screen"
"citizen-app:ProviderDiscoveryScreen","apps/mobile/citizen-app/src/screens/discover/ProviderDiscoveryScreen.tsx","apps/mobile/citizen-app/src/screens/discover/ProviderDiscoveryScreen.tsx","mobile-screen","experience/mobile/citizen","Mobile screen in citizen-app","bff-mobile-proxied","web-parity-expected","","yes","apps/mobile/citizen-app/src/screens/discover/ProviderDiscoveryScreen.tsx","@impilo/mobile-api-client","","","mobile-trust headers","experience-bff","ui-only","","mobile-screen"
"citizen-app:CartScreen","apps/mobile/citizen-app/src/screens/marketplace/CartScreen.tsx","apps/mobile/citizen-app/src/screens/marketplace/CartScreen.tsx","mobile-screen","experience/mobile/citizen","Mobile screen in citizen-app","bff-mobile-proxied","web-parity-expected","","yes","apps/mobile/citizen-app/src/screens/marketplace/CartScreen.tsx","@impilo/mobile-api-client","","","mobile-trust headers","experience-bff","ui-only","","mobile-screen"
"citizen-app:FundoLearningScreen","apps/mobile/citizen-app/src/screens/marketplace/FundoLearningScreen.tsx","apps/mobile/citizen-app/src/screens/marketplace/FundoLearningScreen.tsx","mobile-screen","experience/mobile/citizen","Mobile screen in citizen-app","bff-mobile-proxied","web-parity-expected","","yes","apps/mobile/citizen-app/src/screens/marketplace/FundoLearningScreen.tsx","@impilo/mobile-api-client","","","mobile-trust headers","experience-bff","ui-only","","mobile-screen"
"citizen-app:HealthOsAppsScreen","apps/mobile/citizen-app/src/screens/marketplace/HealthOsAppsScreen.tsx","apps/mobile/citizen-app/src/screens/marketplace/HealthOsAppsScreen.tsx","mobile-screen","experience/mobile/citizen","Mobile screen in citizen-app","bff-mobile-proxied","web-parity-expected","","yes","apps/mobile/citizen-app/src/screens/marketplace/HealthOsAppsScreen.tsx","@impilo/mobile-api-client","","","mobile-trust headers","experience-bff","ui-only","","mobile-screen"
"citizen-app:MarketplaceScreen","apps/mobile/citizen-app/src/screens/marketplace/MarketplaceScreen.tsx","apps/mobile/citizen-app/src/screens/marketplace/MarketplaceScreen.tsx","mobile-screen","experience/mobile/citizen","Mobile screen in citizen-app","bff-mobile-proxied","web-parity-expected","","yes","apps/mobile/citizen-app/src/screens/marketplace/MarketplaceScreen.tsx","@impilo/mobile-api-client","","","mobile-trust headers","experience-bff","ui-only","","mobile-screen"
"citizen-app:MessagingInboxScreen","apps/mobile/citizen-app/src/screens/messaging/MessagingInboxScreen.tsx","apps/mobile/citizen-app/src/screens/messaging/MessagingInboxScreen.tsx","mobile-screen","experience/mobile/citizen","Mobile screen in citizen-app","bff-mobile-proxied","web-parity-expected","","yes","apps/mobile/citizen-app/src/screens/messaging/MessagingInboxScreen.tsx","@impilo/mobile-api-client","","","mobile-trust headers","experience-bff","ui-only","","mobile-screen"
"citizen-app:ThreadViewScreen","apps/mobile/citizen-app/src/screens/messaging/ThreadViewScreen.tsx","apps/mobile/citizen-app/src/screens/messaging/ThreadViewScreen.tsx","mobile-screen","experience/mobile/citizen","Mobile screen in citizen-app","bff-mobile-proxied","web-parity-expected","","yes","apps/mobile/citizen-app/src/screens/messaging/ThreadViewScreen.tsx","@impilo/mobile-api-client","","","mobile-trust headers","experience-bff","ui-only","","mobile-screen"
"citizen-app:AllergiesSection","apps/mobile/citizen-app/src/screens/personal/AllergiesSection.tsx","apps/mobile/citizen-app/src/screens/personal/AllergiesSection.tsx","mobile-screen","experience/mobile/citizen","Mobile screen in citizen-app","bff-mobile-proxied","web-parity-expected","","yes","apps/mobile/citizen-app/src/screens/personal/AllergiesSection.tsx","@impilo/mobile-api-client","","","mobile-trust headers","experience-bff","ui-only","","mobile-screen"
"citizen-app:AppointmentsSection","apps/mobile/citizen-app/src/screens/personal/AppointmentsSection.tsx","apps/mobile/citizen-app/src/screens/personal/AppointmentsSection.tsx","mobile-screen","experience/mobile/citizen","Mobile screen in citizen-app","bff-mobile-proxied","web-parity-expected","","yes","apps/mobile/citizen-app/src/screens/personal/AppointmentsSection.tsx","@impilo/mobile-api-client","","","mobile-trust headers","experience-bff","ui-only","","mobile-screen"
"citizen-app:AssessmentsSection","apps/mobile/citizen-app/src/screens/personal/AssessmentsSection.tsx","apps/mobile/citizen-app/src/screens/personal/AssessmentsSection.tsx","mobile-screen","experience/mobile/citizen","Mobile screen in citizen-app","bff-mobile-proxied","web-parity-expected","","yes","apps/mobile/citizen-app/src/screens/personal/AssessmentsSection.tsx","@impilo/mobile-api-client","","","mobile-trust headers","experience-bff","ui-only","","mobile-screen"
"citizen-app:CarePlansSection","apps/mobile/citizen-app/src/screens/personal/CarePlansSection.tsx","apps/mobile/citizen-app/src/screens/personal/CarePlansSection.tsx","mobile-screen","experience/mobile/citizen","Mobile screen in citizen-app","bff-mobile-proxied","web-parity-expected","","yes","apps/mobile/citizen-app/src/screens/personal/CarePlansSection.tsx","@impilo/mobile-api-client","","","mobile-trust headers","experience-bff","ui-only","","mobile-screen"
"citizen-app:CareTeamSection","apps/mobile/citizen-app/src/screens/personal/CareTeamSection.tsx","apps/mobile/citizen-app/src/screens/personal/CareTeamSection.tsx","mobile-screen","experience/mobile/citizen","Mobile screen in citizen-app","bff-mobile-proxied","web-parity-expected","","yes","apps/mobile/citizen-app/src/screens/personal/CareTeamSection.tsx","@impilo/mobile-api-client","","","mobile-trust headers","experience-bff","ui-only","","mobile-screen"
"citizen-app:ChallengesScreen","apps/mobile/citizen-app/src/screens/personal/ChallengesScreen.tsx","apps/mobile/citizen-app/src/screens/personal/ChallengesScreen.tsx","mobile-screen","experience/mobile/citizen","Mobile screen in citizen-app","bff-mobile-proxied","web-parity-expected","","yes","apps/mobile/citizen-app/src/screens/personal/ChallengesScreen.tsx","@impilo/mobile-api-client","","","mobile-trust headers","experience-bff","ui-only","","mobile-screen"
"citizen-app:ClaimSharedDocumentsScreen","apps/mobile/citizen-app/src/screens/personal/ClaimSharedDocumentsScreen.tsx","apps/mobile/citizen-app/src/screens/personal/ClaimSharedDocumentsScreen.tsx","mobile-screen","experience/mobile/citizen","Mobile screen in citizen-app","bff-mobile-proxied","web-parity-expected","","yes","apps/mobile/citizen-app/src/screens/personal/ClaimSharedDocumentsScreen.tsx","@impilo/mobile-api-client","","","mobile-trust headers","experience-bff","wired","","mobile-screen"
"citizen-app:CommunicationPreferencesScreen","apps/mobile/citizen-app/src/screens/personal/CommunicationPreferencesScreen.tsx","apps/mobile/citizen-app/src/screens/personal/CommunicationPreferencesScreen.tsx","mobile-screen","experience/mobile/citizen","Mobile screen in citizen-app","bff-mobile-proxied","web-parity-expected","","yes","apps/mobile/citizen-app/src/screens/personal/CommunicationPreferencesScreen.tsx","@impilo/mobile-api-client","","","mobile-trust headers","experience-bff","ui-only","","mobile-screen"
"citizen-app:ConditionsSection","apps/mobile/citizen-app/src/screens/personal/ConditionsSection.tsx","apps/mobile/citizen-app/src/screens/personal/ConditionsSection.tsx","mobile-screen","experience/mobile/citizen","Mobile screen in citizen-app","bff-mobile-proxied","web-parity-expected","","yes","apps/mobile/citizen-app/src/screens/personal/ConditionsSection.tsx","@impilo/mobile-api-client","","","mobile-trust headers","experience-bff","ui-only","","mobile-screen"
"citizen-app:CoverageSection","apps/mobile/citizen-app/src/screens/personal/CoverageSection.tsx","apps/mobile/citizen-app/src/screens/personal/CoverageSection.tsx","mobile-screen","experience/mobile/citizen","Mobile screen in citizen-app","bff-mobile-proxied","web-parity-expected","","yes","apps/mobile/citizen-app/src/screens/personal/CoverageSection.tsx","@impilo/mobile-api-client","","","mobile-trust headers","experience-bff","ui-only","","mobile-screen"
"citizen-app:DelegatedPickupScreen","apps/mobile/citizen-app/src/screens/personal/DelegatedPickupScreen.tsx","apps/mobile/citizen-app/src/screens/personal/DelegatedPickupScreen.tsx","mobile-screen","experience/mobile/citizen","Mobile screen in citizen-app","bff-mobile-proxied","web-parity-expected","","yes","apps/mobile/citizen-app/src/screens/personal/DelegatedPickupScreen.tsx","@impilo/mobile-api-client","","","mobile-trust headers","experience-bff","wired","","mobile-screen"
"citizen-app:EmergencySOSSection","apps/mobile/citizen-app/src/screens/personal/EmergencySOSSection.tsx","apps/mobile/citizen-app/src/screens/personal/EmergencySOSSection.tsx","mobile-screen","experience/mobile/citizen","Mobile screen in citizen-app","bff-mobile-proxied","web-parity-expected","","yes","apps/mobile/citizen-app/src/screens/personal/EmergencySOSSection.tsx","@impilo/mobile-api-client","","","mobile-trust headers","experience-bff","ui-only","","mobile-screen"
"citizen-app:FinanceSection","apps/mobile/citizen-app/src/screens/personal/FinanceSection.tsx","apps/mobile/citizen-app/src/screens/personal/FinanceSection.tsx","mobile-screen","experience/mobile/citizen","Mobile screen in citizen-app","bff-mobile-proxied","web-parity-expected","","yes","apps/mobile/citizen-app/src/screens/personal/FinanceSection.tsx","@impilo/mobile-api-client","","","mobile-trust headers","experience-bff","ui-only","","mobile-screen"
"citizen-app:GrowthChartsSection","apps/mobile/citizen-app/src/screens/personal/GrowthChartsSection.tsx","apps/mobile/citizen-app/src/screens/personal/GrowthChartsSection.tsx","mobile-screen","experience/mobile/citizen","Mobile screen in citizen-app","bff-mobile-proxied","web-parity-expected","","yes","apps/mobile/citizen-app/src/screens/personal/GrowthChartsSection.tsx","@impilo/mobile-api-client","","","mobile-trust headers","experience-bff","ui-only","","mobile-screen"
"citizen-app:HealthIdSection","apps/mobile/citizen-app/src/screens/personal/HealthIdSection.tsx","apps/mobile/citizen-app/src/screens/personal/HealthIdSection.tsx","mobile-screen","experience/mobile/citizen","Mobile screen in citizen-app","bff-mobile-proxied","web-parity-expected","","yes","apps/mobile/citizen-app/src/screens/personal/HealthIdSection.tsx","@impilo/mobile-api-client","","","mobile-trust headers","experience-bff","ui-only","","mobile-screen"
"citizen-app:HealthTimelineScreen","apps/mobile/citizen-app/src/screens/personal/HealthTimelineScreen.tsx","apps/mobile/citizen-app/src/screens/personal/HealthTimelineScreen.tsx","mobile-screen","experience/mobile/citizen","Mobile screen in citizen-app","bff-mobile-proxied","web-parity-expected","","yes","apps/mobile/citizen-app/src/screens/personal/HealthTimelineScreen.tsx","@impilo/mobile-api-client","","","mobile-trust headers","experience-bff","ui-only","","mobile-screen"
"citizen-app:IdRecoverySection","apps/mobile/citizen-app/src/screens/personal/IdRecoverySection.tsx","apps/mobile/citizen-app/src/screens/personal/IdRecoverySection.tsx","mobile-screen","experience/mobile/citizen","Mobile screen in citizen-app","bff-mobile-proxied","web-parity-expected","","yes","apps/mobile/citizen-app/src/screens/personal/IdRecoverySection.tsx","@impilo/mobile-api-client","","","mobile-trust headers","experience-bff","ui-only","","mobile-screen"
"citizen-app:ImmunizationsSection","apps/mobile/citizen-app/src/screens/personal/ImmunizationsSection.tsx","apps/mobile/citizen-app/src/screens/personal/ImmunizationsSection.tsx","mobile-screen","experience/mobile/citizen","Mobile screen in citizen-app","bff-mobile-proxied","web-parity-expected","","yes","apps/mobile/citizen-app/src/screens/personal/ImmunizationsSection.tsx","@impilo/mobile-api-client","","","mobile-trust headers","experience-bff","ui-only","","mobile-screen"
"citizen-app:MonitoringSection","apps/mobile/citizen-app/src/screens/personal/MonitoringSection.tsx","apps/mobile/citizen-app/src/screens/personal/MonitoringSection.tsx","mobile-screen","experience/mobile/citizen","Mobile screen in citizen-app","bff-mobile-proxied","web-parity-expected","","yes","apps/mobile/citizen-app/src/screens/personal/MonitoringSection.tsx","@impilo/mobile-api-client","","","mobile-trust headers","experience-bff","ui-only","","mobile-screen"
"citizen-app:PatientConsentScreen","apps/mobile/citizen-app/src/screens/personal/PatientConsentScreen.tsx","apps/mobile/citizen-app/src/screens/personal/PatientConsentScreen.tsx","mobile-screen","experience/mobile/citizen","Mobile screen in citizen-app","bff-mobile-proxied","web-parity-expected","","yes","apps/mobile/citizen-app/src/screens/personal/PatientConsentScreen.tsx","@impilo/mobile-api-client","","","mobile-trust headers","experience-bff","ui-only","","mobile-screen"
"citizen-app:PersonalScreen","apps/mobile/citizen-app/src/screens/personal/PersonalScreen.tsx","apps/mobile/citizen-app/src/screens/personal/PersonalScreen.tsx","mobile-screen","experience/mobile/citizen","Mobile screen in citizen-app","bff-mobile-proxied","web-parity-expected","","yes","apps/mobile/citizen-app/src/screens/personal/PersonalScreen.tsx","@impilo/mobile-api-client","","","mobile-trust headers","experience-bff","ui-only","","mobile-screen"
"citizen-app:PrescriptionsSection","apps/mobile/citizen-app/src/screens/personal/PrescriptionsSection.tsx","apps/mobile/citizen-app/src/screens/personal/PrescriptionsSection.tsx","mobile-screen","experience/mobile/citizen","Mobile screen in citizen-app","bff-mobile-proxied","web-parity-expected","","yes","apps/mobile/citizen-app/src/screens/personal/PrescriptionsSection.tsx","@impilo/mobile-api-client","","","mobile-trust headers","experience-bff","ui-only","","mobile-screen"
"citizen-app:PrivacyPolicyScreen","apps/mobile/citizen-app/src/screens/personal/PrivacyPolicyScreen.tsx","apps/mobile/citizen-app/src/screens/personal/PrivacyPolicyScreen.tsx","mobile-screen","experience/mobile/citizen","Mobile screen in citizen-app","bff-mobile-proxied","web-parity-expected","","yes","apps/mobile/citizen-app/src/screens/personal/PrivacyPolicyScreen.tsx","@impilo/mobile-api-client","","","mobile-trust headers","experience-bff","ui-only","","mobile-screen"
"citizen-app:ProductionReadinessJourneyScreen","apps/mobile/citizen-app/src/screens/personal/ProductionReadinessJourneyScreen.tsx","apps/mobile/citizen-app/src/screens/personal/ProductionReadinessJourneyScreen.tsx","mobile-screen","experience/mobile/citizen","Mobile screen in citizen-app","bff-mobile-proxied","web-parity-expected","","yes","apps/mobile/citizen-app/src/screens/personal/ProductionReadinessJourneyScreen.tsx","@impilo/mobile-api-client","","","mobile-trust headers","experience-bff","ui-only","","mobile-screen"
"citizen-app:ProfileSection","apps/mobile/citizen-app/src/screens/personal/ProfileSection.tsx","apps/mobile/citizen-app/src/screens/personal/ProfileSection.tsx","mobile-screen","experience/mobile/citizen","Mobile screen in citizen-app","bff-mobile-proxied","web-parity-expected","","yes","apps/mobile/citizen-app/src/screens/personal/ProfileSection.tsx","@impilo/mobile-api-client","","","mobile-trust headers","experience-bff","ui-only","","mobile-screen"
"citizen-app:ProgramsScreen","apps/mobile/citizen-app/src/screens/personal/ProgramsScreen.tsx","apps/mobile/citizen-app/src/screens/personal/ProgramsScreen.tsx","mobile-screen","experience/mobile/citizen","Mobile screen in citizen-app","bff-mobile-proxied","web-parity-expected","","yes","apps/mobile/citizen-app/src/screens/personal/ProgramsScreen.tsx","@impilo/mobile-api-client","","","mobile-trust headers","experience-bff","ui-only","","mobile-screen"
"citizen-app:QueueStatusSection","apps/mobile/citizen-app/src/screens/personal/QueueStatusSection.tsx","apps/mobile/citizen-app/src/screens/personal/QueueStatusSection.tsx","mobile-screen","experience/mobile/citizen","Mobile screen in citizen-app","bff-mobile-proxied","web-parity-expected","","yes","apps/mobile/citizen-app/src/screens/personal/QueueStatusSection.tsx","@impilo/mobile-api-client","","","mobile-trust headers","experience-bff","ui-only","","mobile-screen"
"citizen-app:RecordSharingScreen","apps/mobile/citizen-app/src/screens/personal/RecordSharingScreen.tsx","apps/mobile/citizen-app/src/screens/personal/RecordSharingScreen.tsx","mobile-screen","experience/mobile/citizen","Mobile screen in citizen-app","bff-mobile-proxied","web-parity-expected","","yes","apps/mobile/citizen-app/src/screens/personal/RecordSharingScreen.tsx","@impilo/mobile-api-client","","","mobile-trust headers","experience-bff","wired","","mobile-screen"
"citizen-app:RecordsScreen","apps/mobile/citizen-app/src/screens/personal/RecordsScreen.tsx","apps/mobile/citizen-app/src/screens/personal/RecordsScreen.tsx","mobile-screen","experience/mobile/citizen","Mobile screen in citizen-app","bff-mobile-proxied","web-parity-expected","","yes","apps/mobile/citizen-app/src/screens/personal/RecordsScreen.tsx","@impilo/mobile-api-client","","","mobile-trust headers","experience-bff","ui-only","","mobile-screen"
"citizen-app:ReferralsSection","apps/mobile/citizen-app/src/screens/personal/ReferralsSection.tsx","apps/mobile/citizen-app/src/screens/personal/ReferralsSection.tsx","mobile-screen","experience/mobile/citizen","Mobile screen in citizen-app","bff-mobile-proxied","web-parity-expected","","yes","apps/mobile/citizen-app/src/screens/personal/ReferralsSection.tsx","@impilo/mobile-api-client","","","mobile-trust headers","experience-bff","ui-only","","mobile-screen"
"citizen-app:RemindersScreen","apps/mobile/citizen-app/src/screens/personal/RemindersScreen.tsx","apps/mobile/citizen-app/src/screens/personal/RemindersScreen.tsx","mobile-screen","experience/mobile/citizen","Mobile screen in citizen-app","bff-mobile-proxied","web-parity-expected","","yes","apps/mobile/citizen-app/src/screens/personal/RemindersScreen.tsx","@impilo/mobile-api-client","","","mobile-trust headers","experience-bff","ui-only","","mobile-screen"
"citizen-app:ResultsSection","apps/mobile/citizen-app/src/screens/personal/ResultsSection.tsx","apps/mobile/citizen-app/src/screens/personal/ResultsSection.tsx","mobile-screen","experience/mobile/citizen","Mobile screen in citizen-app","bff-mobile-proxied","web-parity-expected","","yes","apps/mobile/citizen-app/src/screens/personal/ResultsSection.tsx","@impilo/mobile-api-client","","","mobile-trust headers","experience-bff","ui-only","","mobile-screen"
"citizen-app:SettingsSection","apps/mobile/citizen-app/src/screens/personal/SettingsSection.tsx","apps/mobile/citizen-app/src/screens/personal/SettingsSection.tsx","mobile-screen","experience/mobile/citizen","Mobile screen in citizen-app","bff-mobile-proxied","web-parity-expected","","yes","apps/mobile/citizen-app/src/screens/personal/SettingsSection.tsx","@impilo/mobile-api-client","","","mobile-trust headers","experience-bff","ui-only","","mobile-screen"
"citizen-app:TermsOfUseScreen","apps/mobile/citizen-app/src/screens/personal/TermsOfUseScreen.tsx","apps/mobile/citizen-app/src/screens/personal/TermsOfUseScreen.tsx","mobile-screen","experience/mobile/citizen","Mobile screen in citizen-app","bff-mobile-proxied","web-parity-expected","","yes","apps/mobile/citizen-app/src/screens/personal/TermsOfUseScreen.tsx","@impilo/mobile-api-client","","","mobile-trust headers","experience-bff","ui-only","","mobile-screen"
"citizen-app:VerifyCredentialScreen","apps/mobile/citizen-app/src/screens/personal/VerifyCredentialScreen.tsx","apps/mobile/citizen-app/src/screens/personal/VerifyCredentialScreen.tsx","mobile-screen","experience/mobile/citizen","Mobile screen in citizen-app","bff-mobile-proxied","web-parity-expected","","yes","apps/mobile/citizen-app/src/screens/personal/VerifyCredentialScreen.tsx","@impilo/mobile-api-client","","","mobile-trust headers","experience-bff","wired","","mobile-screen"
"citizen-app:WalletSection","apps/mobile/citizen-app/src/screens/personal/WalletSection.tsx","apps/mobile/citizen-app/src/screens/personal/WalletSection.tsx","mobile-screen","experience/mobile/citizen","Mobile screen in citizen-app","bff-mobile-proxied","web-parity-expected","","yes","apps/mobile/citizen-app/src/screens/personal/WalletSection.tsx","@impilo/mobile-api-client","","","mobile-trust headers","experience-bff","ui-only","","mobile-screen"
"citizen-app:WellnessSection","apps/mobile/citizen-app/src/screens/personal/WellnessSection.tsx","apps/mobile/citizen-app/src/screens/personal/WellnessSection.tsx","mobile-screen","experience/mobile/citizen","Mobile screen in citizen-app","bff-mobile-proxied","web-parity-expected","","yes","apps/mobile/citizen-app/src/screens/personal/WellnessSection.tsx","@impilo/mobile-api-client","","","mobile-trust headers","experience-bff","ui-only","","mobile-screen"
"citizen-app:PublicHealthScreen","apps/mobile/citizen-app/src/screens/publicHealth/PublicHealthScreen.tsx","apps/mobile/citizen-app/src/screens/publicHealth/PublicHealthScreen.tsx","mobile-screen","experience/mobile/citizen","Mobile screen in citizen-app","bff-mobile-proxied","web-parity-expected","","yes","apps/mobile/citizen-app/src/screens/publicHealth/PublicHealthScreen.tsx","@impilo/mobile-api-client","","","mobile-trust headers","experience-bff","ui-only","","mobile-screen"
"citizen-app:ClubsScreen","apps/mobile/citizen-app/src/screens/social/ClubsScreen.tsx","apps/mobile/citizen-app/src/screens/social/ClubsScreen.tsx","mobile-screen","experience/mobile/citizen","Mobile screen in citizen-app","bff-mobile-proxied","web-parity-expected","","yes","apps/mobile/citizen-app/src/screens/social/ClubsScreen.tsx","@impilo/mobile-api-client","","","mobile-trust headers","experience-bff","ui-only","","mobile-screen"
"citizen-app:CommunitiesScreen","apps/mobile/citizen-app/src/screens/social/CommunitiesScreen.tsx","apps/mobile/citizen-app/src/screens/social/CommunitiesScreen.tsx","mobile-screen","experience/mobile/citizen","Mobile screen in citizen-app","bff-mobile-proxied","web-parity-expected","","yes","apps/mobile/citizen-app/src/screens/social/CommunitiesScreen.tsx","@impilo/mobile-api-client","","","mobile-trust headers","experience-bff","ui-only","","mobile-screen"
"citizen-app:CrowdfundingScreen","apps/mobile/citizen-app/src/screens/social/CrowdfundingScreen.tsx","apps/mobile/citizen-app/src/screens/social/CrowdfundingScreen.tsx","mobile-screen","experience/mobile/citizen","Mobile screen in citizen-app","bff-mobile-proxied","web-parity-expected","","yes","apps/mobile/citizen-app/src/screens/social/CrowdfundingScreen.tsx","@impilo/mobile-api-client","","","mobile-trust headers","experience-bff","ui-only","","mobile-screen"
"citizen-app:PagesScreen","apps/mobile/citizen-app/src/screens/social/PagesScreen.tsx","apps/mobile/citizen-app/src/screens/social/PagesScreen.tsx","mobile-screen","experience/mobile/citizen","Mobile screen in citizen-app","bff-mobile-proxied","web-parity-expected","","yes","apps/mobile/citizen-app/src/screens/social/PagesScreen.tsx","@impilo/mobile-api-client","","","mobile-trust headers","experience-bff","ui-only","","mobile-screen"
"citizen-app:ProfessionalPagesScreen","apps/mobile/citizen-app/src/screens/social/ProfessionalPagesScreen.tsx","apps/mobile/citizen-app/src/screens/social/ProfessionalPagesScreen.tsx","mobile-screen","experience/mobile/citizen","Mobile screen in citizen-app","bff-mobile-proxied","web-parity-expected","","yes","apps/mobile/citizen-app/src/screens/social/ProfessionalPagesScreen.tsx","@impilo/mobile-api-client","","","mobile-trust headers","experience-bff","ui-only","","mobile-screen"
"citizen-app:SocialFeedScreen","apps/mobile/citizen-app/src/screens/social/SocialFeedScreen.tsx","apps/mobile/citizen-app/src/screens/social/SocialFeedScreen.tsx","mobile-screen","experience/mobile/citizen","Mobile screen in citizen-app","bff-mobile-proxied","web-parity-expected","","yes","apps/mobile/citizen-app/src/screens/social/SocialFeedScreen.tsx","@impilo/mobile-api-client","","","mobile-trust headers","experience-bff","ui-only","","mobile-screen"
"citizen-app:SocialHubScreen","apps/mobile/citizen-app/src/screens/social/SocialHubScreen.tsx","apps/mobile/citizen-app/src/screens/social/SocialHubScreen.tsx","mobile-screen","experience/mobile/citizen","Mobile screen in citizen-app","bff-mobile-proxied","web-parity-expected","","yes","apps/mobile/citizen-app/src/screens/social/SocialHubScreen.tsx","@impilo/mobile-api-client","","","mobile-trust headers","experience-bff","ui-only","","mobile-screen"
"citizen-app:TimelineComposer","apps/mobile/citizen-app/src/screens/social/TimelineComposer.tsx","apps/mobile/citizen-app/src/screens/social/TimelineComposer.tsx","mobile-screen","experience/mobile/citizen","Mobile screen in citizen-app","bff-mobile-proxied","web-parity-expected","","yes","apps/mobile/citizen-app/src/screens/social/TimelineComposer.tsx","@impilo/mobile-api-client","","","mobile-trust headers","experience-bff","ui-only","","mobile-screen"
"citizen-app:SupportScreen","apps/mobile/citizen-app/src/screens/support/SupportScreen.tsx","apps/mobile/citizen-app/src/screens/support/SupportScreen.tsx","mobile-screen","experience/mobile/citizen","Mobile screen in citizen-app","bff-mobile-proxied","web-parity-expected","","yes","apps/mobile/citizen-app/src/screens/support/SupportScreen.tsx","@impilo/mobile-api-client","","","mobile-trust headers","experience-bff","ui-only","","mobile-screen"
"citizen-app:LiveKitMobileConsultRoom","apps/mobile/citizen-app/src/screens/telehealth/LiveKitMobileConsultRoom.tsx","apps/mobile/citizen-app/src/screens/telehealth/LiveKitMobileConsultRoom.tsx","mobile-screen","experience/mobile/citizen","Mobile screen in citizen-app","bff-mobile-proxied","web-parity-expected","","yes","apps/mobile/citizen-app/src/screens/telehealth/LiveKitMobileConsultRoom.tsx","@impilo/mobile-api-client","","","mobile-trust headers","experience-bff","ui-only","","mobile-screen"
"citizen-app:TelehealthListScreen","apps/mobile/citizen-app/src/screens/telehealth/TelehealthListScreen.tsx","apps/mobile/citizen-app/src/screens/telehealth/TelehealthListScreen.tsx","mobile-screen","experience/mobile/citizen","Mobile screen in citizen-app","bff-mobile-proxied","web-parity-expected","","yes","apps/mobile/citizen-app/src/screens/telehealth/TelehealthListScreen.tsx","@impilo/mobile-api-client","","","mobile-trust headers","experience-bff","ui-only","","mobile-screen"
"citizen-app:TelehealthSessionScreen","apps/mobile/citizen-app/src/screens/telehealth/TelehealthSessionScreen.tsx","apps/mobile/citizen-app/src/screens/telehealth/TelehealthSessionScreen.tsx","mobile-screen","experience/mobile/citizen","Mobile screen in citizen-app","bff-mobile-proxied","web-parity-expected","","yes","apps/mobile/citizen-app/src/screens/telehealth/TelehealthSessionScreen.tsx","@impilo/mobile-api-client","","","mobile-trust headers","experience-bff","ui-only","","mobile-screen"
"provider-app:GlobalErrorBanner","apps/mobile/provider-app/src/screens/GlobalErrorBanner.tsx","apps/mobile/provider-app/src/screens/GlobalErrorBanner.tsx","mobile-screen","experience/mobile/provider","Mobile screen in provider-app","bff-mobile-proxied","web-parity-expected","","yes","apps/mobile/provider-app/src/screens/GlobalErrorBanner.tsx","@impilo/mobile-api-client","","","mobile-trust headers","experience-bff","ui-only","","mobile-screen"
"provider-app:LoginScreen","apps/mobile/provider-app/src/screens/LoginScreen.tsx","apps/mobile/provider-app/src/screens/LoginScreen.tsx","mobile-screen","experience/mobile/provider","Mobile screen in provider-app","bff-mobile-proxied","web-parity-expected","","yes","apps/mobile/provider-app/src/screens/LoginScreen.tsx","@impilo/mobile-api-client","","","mobile-trust headers","experience-bff","ui-only","","mobile-screen"
"provider-app:NetworkStatusBar","apps/mobile/provider-app/src/screens/NetworkStatusBar.tsx","apps/mobile/provider-app/src/screens/NetworkStatusBar.tsx","mobile-screen","experience/mobile/provider","Mobile screen in provider-app","bff-mobile-proxied","web-parity-expected","","yes","apps/mobile/provider-app/src/screens/NetworkStatusBar.tsx","@impilo/mobile-api-client","","","mobile-trust headers","experience-bff","ui-only","","mobile-screen"
"provider-app:NompiloAssistantScreen","apps/mobile/provider-app/src/screens/NompiloAssistantScreen.tsx","apps/mobile/provider-app/src/screens/NompiloAssistantScreen.tsx","mobile-screen","experience/mobile/provider","Mobile screen in provider-app","bff-mobile-proxied","web-parity-expected","","yes","apps/mobile/provider-app/src/screens/NompiloAssistantScreen.tsx","@impilo/mobile-api-client","","","mobile-trust headers","experience-bff","ui-only","","mobile-screen"
"provider-app:NotificationsScreen","apps/mobile/provider-app/src/screens/NotificationsScreen.tsx","apps/mobile/provider-app/src/screens/NotificationsScreen.tsx","mobile-screen","experience/mobile/provider","Mobile screen in provider-app","bff-mobile-proxied","web-parity-expected","","yes","apps/mobile/provider-app/src/screens/NotificationsScreen.tsx","@impilo/mobile-api-client","","","mobile-trust headers","experience-bff","ui-only","","mobile-screen"
"provider-app:ProviderActivationScreen","apps/mobile/provider-app/src/screens/ProviderActivationScreen.tsx","apps/mobile/provider-app/src/screens/ProviderActivationScreen.tsx","mobile-screen","experience/mobile/provider","Mobile screen in provider-app","bff-mobile-proxied","web-parity-expected","","yes","apps/mobile/provider-app/src/screens/ProviderActivationScreen.tsx","@impilo/mobile-api-client","","","mobile-trust headers","experience-bff","ui-only","","mobile-screen"
"provider-app:SelectFacilityScreen","apps/mobile/provider-app/src/screens/SelectFacilityScreen.tsx","apps/mobile/provider-app/src/screens/SelectFacilityScreen.tsx","mobile-screen","experience/mobile/provider","Mobile screen in provider-app","bff-mobile-proxied","web-parity-expected","","yes","apps/mobile/provider-app/src/screens/SelectFacilityScreen.tsx","@impilo/mobile-api-client","","","mobile-trust headers","experience-bff","ui-only","","mobile-screen"
"provider-app:SelectWorkspaceScreen","apps/mobile/provider-app/src/screens/SelectWorkspaceScreen.tsx","apps/mobile/provider-app/src/screens/SelectWorkspaceScreen.tsx","mobile-screen","experience/mobile/provider","Mobile screen in provider-app","bff-mobile-proxied","web-parity-expected","","yes","apps/mobile/provider-app/src/screens/SelectWorkspaceScreen.tsx","@impilo/mobile-api-client","","","mobile-trust headers","experience-bff","wired","","mobile-screen"
"provider-app:CourierDashboardScreen","apps/mobile/provider-app/src/screens/courier/CourierDashboardScreen.tsx","apps/mobile/provider-app/src/screens/courier/CourierDashboardScreen.tsx","mobile-screen","experience/mobile/provider","Mobile screen in provider-app","bff-mobile-proxied","web-parity-expected","","yes","apps/mobile/provider-app/src/screens/courier/CourierDashboardScreen.tsx","@impilo/mobile-api-client","","","mobile-trust headers","experience-bff","ui-only","","mobile-screen"
"provider-app:CourierProofScreen","apps/mobile/provider-app/src/screens/courier/CourierProofScreen.tsx","apps/mobile/provider-app/src/screens/courier/CourierProofScreen.tsx","mobile-screen","experience/mobile/provider","Mobile screen in provider-app","bff-mobile-proxied","web-parity-expected","","yes","apps/mobile/provider-app/src/screens/courier/CourierProofScreen.tsx","@impilo/mobile-api-client","","","mobile-trust headers","experience-bff","ui-only","","mobile-screen"
"provider-app:BreakGlassScreen","apps/mobile/provider-app/src/screens/offline/BreakGlassScreen.tsx","apps/mobile/provider-app/src/screens/offline/BreakGlassScreen.tsx","mobile-screen","experience/mobile/provider","Mobile screen in provider-app","bff-mobile-proxied","web-parity-expected","","yes","apps/mobile/provider-app/src/screens/offline/BreakGlassScreen.tsx","@impilo/mobile-api-client","","","mobile-trust headers","experience-bff","wired","","mobile-screen"
"provider-app:ConflictReviewScreen","apps/mobile/provider-app/src/screens/offline/ConflictReviewScreen.tsx","apps/mobile/provider-app/src/screens/offline/ConflictReviewScreen.tsx","mobile-screen","experience/mobile/provider","Mobile screen in provider-app","bff-mobile-proxied","web-parity-expected","","yes","apps/mobile/provider-app/src/screens/offline/ConflictReviewScreen.tsx","@impilo/mobile-api-client","","","mobile-trust headers","experience-bff","ui-only","","mobile-screen"
"provider-app:LocalQueueScreen","apps/mobile/provider-app/src/screens/offline/LocalQueueScreen.tsx","apps/mobile/provider-app/src/screens/offline/LocalQueueScreen.tsx","mobile-screen","experience/mobile/provider","Mobile screen in provider-app","bff-mobile-proxied","web-parity-expected","","yes","apps/mobile/provider-app/src/screens/offline/LocalQueueScreen.tsx","@impilo/mobile-api-client","","","mobile-trust headers","experience-bff","ui-only","","mobile-screen"
"provider-app:OfflineDashboardScreen","apps/mobile/provider-app/src/screens/offline/OfflineDashboardScreen.tsx","apps/mobile/provider-app/src/screens/offline/OfflineDashboardScreen.tsx","mobile-screen","experience/mobile/provider","Mobile screen in provider-app","bff-mobile-proxied","web-parity-expected","","yes","apps/mobile/provider-app/src/screens/offline/OfflineDashboardScreen.tsx","@impilo/mobile-api-client","","","mobile-trust headers","experience-bff","ui-only","","mobile-screen"
"provider-app:FollowUpScreen","apps/mobile/provider-app/src/screens/outreach/FollowUpScreen.tsx","apps/mobile/provider-app/src/screens/outreach/FollowUpScreen.tsx","mobile-screen","experience/mobile/provider","Mobile screen in provider-app","bff-mobile-proxied","web-parity-expected","","yes","apps/mobile/provider-app/src/screens/outreach/FollowUpScreen.tsx","@impilo/mobile-api-client","","","mobile-trust headers","experience-bff","ui-only","","mobile-screen"
"provider-app:HouseholdListScreen","apps/mobile/provider-app/src/screens/outreach/HouseholdListScreen.tsx","apps/mobile/provider-app/src/screens/outreach/HouseholdListScreen.tsx","mobile-screen","experience/mobile/provider","Mobile screen in provider-app","bff-mobile-proxied","web-parity-expected","","yes","apps/mobile/provider-app/src/screens/outreach/HouseholdListScreen.tsx","@impilo/mobile-api-client","","","mobile-trust headers","experience-bff","ui-only","","mobile-screen"
"provider-app:OutreachDashboardScreen","apps/mobile/provider-app/src/screens/outreach/OutreachDashboardScreen.tsx","apps/mobile/provider-app/src/screens/outreach/OutreachDashboardScreen.tsx","mobile-screen","experience/mobile/provider","Mobile screen in provider-app","bff-mobile-proxied","web-parity-expected","","yes","apps/mobile/provider-app/src/screens/outreach/OutreachDashboardScreen.tsx","@impilo/mobile-api-client","","","mobile-trust headers","experience-bff","ui-only","","mobile-screen"
"provider-app:ScreeningScreen","apps/mobile/provider-app/src/screens/outreach/ScreeningScreen.tsx","apps/mobile/provider-app/src/screens/outreach/ScreeningScreen.tsx","mobile-screen","experience/mobile/provider","Mobile screen in provider-app","bff-mobile-proxied","web-parity-expected","","yes","apps/mobile/provider-app/src/screens/outreach/ScreeningScreen.tsx","@impilo/mobile-api-client","","","mobile-trust headers","experience-bff","ui-only","","mobile-screen"
"provider-app:APGARScreen","apps/mobile/provider-app/src/screens/provider/APGARScreen.tsx","apps/mobile/provider-app/src/screens/provider/APGARScreen.tsx","mobile-screen","experience/mobile/provider","Mobile screen in provider-app","bff-mobile-proxied","web-parity-expected","","yes","apps/mobile/provider-app/src/screens/provider/APGARScreen.tsx","@impilo/mobile-api-client","","","mobile-trust headers","experience-bff","ui-only","","mobile-screen"
"provider-app:ActivityFeedScreen","apps/mobile/provider-app/src/screens/provider/ActivityFeedScreen.tsx","apps/mobile/provider-app/src/screens/provider/ActivityFeedScreen.tsx","mobile-screen","experience/mobile/provider","Mobile screen in provider-app","bff-mobile-proxied","web-parity-expected","","yes","apps/mobile/provider-app/src/screens/provider/ActivityFeedScreen.tsx","@impilo/mobile-api-client","","","mobile-trust headers","experience-bff","ui-only","","mobile-screen"
"provider-app:AdminRegistryHubScreen","apps/mobile/provider-app/src/screens/provider/AdminRegistryHubScreen.tsx","apps/mobile/provider-app/src/screens/provider/AdminRegistryHubScreen.tsx","mobile-screen","experience/mobile/provider","Mobile screen in provider-app","bff-mobile-proxied","web-parity-expected","","yes","apps/mobile/provider-app/src/screens/provider/AdminRegistryHubScreen.tsx","@impilo/mobile-api-client","","","mobile-trust headers","experience-bff","ui-only","","mobile-screen"
"provider-app:AssistedCommunicationPreferencesScreen","apps/mobile/provider-app/src/screens/provider/AssistedCommunicationPreferencesScreen.tsx","apps/mobile/provider-app/src/screens/provider/AssistedCommunicationPreferencesScreen.tsx","mobile-screen","experience/mobile/provider","Mobile screen in provider-app","bff-mobile-proxied","web-parity-expected","","yes","apps/mobile/provider-app/src/screens/provider/AssistedCommunicationPreferencesScreen.tsx","@impilo/mobile-api-client","","","mobile-trust headers","experience-bff","ui-only","","mobile-screen"
"provider-app:BedManagementScreen","apps/mobile/provider-app/src/screens/provider/BedManagementScreen.tsx","apps/mobile/provider-app/src/screens/provider/BedManagementScreen.tsx","mobile-screen","experience/mobile/provider","Mobile screen in provider-app","bff-mobile-proxied","web-parity-expected","","yes","apps/mobile/provider-app/src/screens/provider/BedManagementScreen.tsx","@impilo/mobile-api-client","","","mobile-trust headers","experience-bff","ui-only","","mobile-screen"
"provider-app:BillingScreen","apps/mobile/provider-app/src/screens/provider/BillingScreen.tsx","apps/mobile/provider-app/src/screens/provider/BillingScreen.tsx","mobile-screen","experience/mobile/provider","Mobile screen in provider-app","bff-mobile-proxied","web-parity-expected","","yes","apps/mobile/provider-app/src/screens/provider/BillingScreen.tsx","@impilo/mobile-api-client","","","mobile-trust headers","experience-bff","ui-only","","mobile-screen"
"provider-app:CarePlanDetailScreen","apps/mobile/provider-app/src/screens/provider/CarePlanDetailScreen.tsx","apps/mobile/provider-app/src/screens/provider/CarePlanDetailScreen.tsx","mobile-screen","experience/mobile/provider","Mobile screen in provider-app","bff-mobile-proxied","web-parity-expected","","yes","apps/mobile/provider-app/src/screens/provider/CarePlanDetailScreen.tsx","@impilo/mobile-api-client","","","mobile-trust headers","experience-bff","ui-only","","mobile-screen"
"provider-app:ClinicalToolsScreen","apps/mobile/provider-app/src/screens/provider/ClinicalToolsScreen.tsx","apps/mobile/provider-app/src/screens/provider/ClinicalToolsScreen.tsx","mobile-screen","experience/mobile/provider","Mobile screen in provider-app","bff-mobile-proxied","web-parity-expected","","yes","apps/mobile/provider-app/src/screens/provider/ClinicalToolsScreen.tsx","@impilo/mobile-api-client","","","mobile-trust headers","experience-bff","ui-only","","mobile-screen"
"provider-app:CoreTransactionJourneyShellScreen","apps/mobile/provider-app/src/screens/provider/CoreTransactionJourneyShellScreen.tsx","apps/mobile/provider-app/src/screens/provider/CoreTransactionJourneyShellScreen.tsx","mobile-screen","experience/mobile/provider","Mobile screen in provider-app","bff-mobile-proxied","web-parity-expected","","yes","apps/mobile/provider-app/src/screens/provider/CoreTransactionJourneyShellScreen.tsx","@impilo/mobile-api-client","","","mobile-trust headers","experience-bff","ui-only","","mobile-screen"
"provider-app:CriticalEventScreen","apps/mobile/provider-app/src/screens/provider/CriticalEventScreen.tsx","apps/mobile/provider-app/src/screens/provider/CriticalEventScreen.tsx","mobile-screen","experience/mobile/provider","Mobile screen in provider-app","bff-mobile-proxied","web-parity-expected","","yes","apps/mobile/provider-app/src/screens/provider/CriticalEventScreen.tsx","@impilo/mobile-api-client","","","mobile-trust headers","experience-bff","wired","","mobile-screen"
"provider-app:DeveloperHubScreen","apps/mobile/provider-app/src/screens/provider/DeveloperHubScreen.tsx","apps/mobile/provider-app/src/screens/provider/DeveloperHubScreen.tsx","mobile-screen","experience/mobile/provider","Mobile screen in provider-app","bff-mobile-proxied","web-parity-expected","","yes","apps/mobile/provider-app/src/screens/provider/DeveloperHubScreen.tsx","@impilo/mobile-api-client","","","mobile-trust headers","experience-bff","ui-only","","mobile-screen"
"provider-app:DiagnosisPanel","apps/mobile/provider-app/src/screens/provider/DiagnosisPanel.tsx","apps/mobile/provider-app/src/screens/provider/DiagnosisPanel.tsx","mobile-screen","experience/mobile/provider","Mobile screen in provider-app","bff-mobile-proxied","web-parity-expected","","yes","apps/mobile/provider-app/src/screens/provider/DiagnosisPanel.tsx","@impilo/mobile-api-client","","","mobile-trust headers","experience-bff","ui-only","","mobile-screen"
"provider-app:DischargeClearanceScreen","apps/mobile/provider-app/src/screens/provider/DischargeClearanceScreen.tsx","apps/mobile/provider-app/src/screens/provider/DischargeClearanceScreen.tsx","mobile-screen","experience/mobile/provider","Mobile screen in provider-app","bff-mobile-proxied","web-parity-expected","","yes","apps/mobile/provider-app/src/screens/provider/DischargeClearanceScreen.tsx","@impilo/mobile-api-client","","","mobile-trust headers","experience-bff","wired","","mobile-screen"
"provider-app:DischargeScreen","apps/mobile/provider-app/src/screens/provider/DischargeScreen.tsx","apps/mobile/provider-app/src/screens/provider/DischargeScreen.tsx","mobile-screen","experience/mobile/provider","Mobile screen in provider-app","bff-mobile-proxied","web-parity-expected","","yes","apps/mobile/provider-app/src/screens/provider/DischargeScreen.tsx","@impilo/mobile-api-client","","","mobile-trust headers","experience-bff","ui-only","","mobile-screen"
"provider-app:EncounterScreen","apps/mobile/provider-app/src/screens/provider/EncounterScreen.tsx","apps/mobile/provider-app/src/screens/provider/EncounterScreen.tsx","mobile-screen","experience/mobile/provider","Mobile screen in provider-app","bff-mobile-proxied","web-parity-expected","","yes","apps/mobile/provider-app/src/screens/provider/EncounterScreen.tsx","@impilo/mobile-api-client","","","mobile-trust headers","experience-bff","ui-only","","mobile-screen"
"provider-app:FacilityAdminScreen","apps/mobile/provider-app/src/screens/provider/FacilityAdminScreen.tsx","apps/mobile/provider-app/src/screens/provider/FacilityAdminScreen.tsx","mobile-screen","experience/mobile/provider","Mobile screen in provider-app","bff-mobile-proxied","web-parity-expected","","yes","apps/mobile/provider-app/src/screens/provider/FacilityAdminScreen.tsx","@impilo/mobile-api-client","","","mobile-trust headers","experience-bff","ui-only","","mobile-screen"
"provider-app:FinanceOverviewScreen","apps/mobile/provider-app/src/screens/provider/FinanceOverviewScreen.tsx","apps/mobile/provider-app/src/screens/provider/FinanceOverviewScreen.tsx","mobile-screen","experience/mobile/provider","Mobile screen in provider-app","bff-mobile-proxied","web-parity-expected","","yes","apps/mobile/provider-app/src/screens/provider/FinanceOverviewScreen.tsx","@impilo/mobile-api-client","","","mobile-trust headers","experience-bff","ui-only","","mobile-screen"
"provider-app:FundoLearningShellScreen","apps/mobile/provider-app/src/screens/provider/FundoLearningShellScreen.tsx","apps/mobile/provider-app/src/screens/provider/FundoLearningShellScreen.tsx","mobile-screen","experience/mobile/provider","Mobile screen in provider-app","bff-mobile-proxied","web-parity-expected","","yes","apps/mobile/provider-app/src/screens/provider/FundoLearningShellScreen.tsx","@impilo/mobile-api-client","","","mobile-trust headers","experience-bff","ui-only","","mobile-screen"
"provider-app:HealthOsAppsScreen","apps/mobile/provider-app/src/screens/provider/HealthOsAppsScreen.tsx","apps/mobile/provider-app/src/screens/provider/HealthOsAppsScreen.tsx","mobile-screen","experience/mobile/provider","Mobile screen in provider-app","bff-mobile-proxied","web-parity-expected","","yes","apps/mobile/provider-app/src/screens/provider/HealthOsAppsScreen.tsx","@impilo/mobile-api-client","","","mobile-trust headers","experience-bff","ui-only","","mobile-screen"
"provider-app:InpatientScreen","apps/mobile/provider-app/src/screens/provider/InpatientScreen.tsx","apps/mobile/provider-app/src/screens/provider/InpatientScreen.tsx","mobile-screen","experience/mobile/provider","Mobile screen in provider-app","bff-mobile-proxied","web-parity-expected","","yes","apps/mobile/provider-app/src/screens/provider/InpatientScreen.tsx","@impilo/mobile-api-client","","","mobile-trust headers","experience-bff","ui-only","","mobile-screen"
"provider-app:LabHubScreen","apps/mobile/provider-app/src/screens/provider/LabHubScreen.tsx","apps/mobile/provider-app/src/screens/provider/LabHubScreen.tsx","mobile-screen","experience/mobile/provider","Mobile screen in provider-app","bff-mobile-proxied","web-parity-expected","","yes","apps/mobile/provider-app/src/screens/provider/LabHubScreen.tsx","@impilo/mobile-api-client","","","mobile-trust headers","experience-bff","ui-only","","mobile-screen"
"provider-app:LabOrderPanel","apps/mobile/provider-app/src/screens/provider/LabOrderPanel.tsx","apps/mobile/provider-app/src/screens/provider/LabOrderPanel.tsx","mobile-screen","experience/mobile/provider","Mobile screen in provider-app","bff-mobile-proxied","web-parity-expected","","yes","apps/mobile/provider-app/src/screens/provider/LabOrderPanel.tsx","@impilo/mobile-api-client","","","mobile-trust headers","experience-bff","ui-only","","mobile-screen"
"provider-app:LiveKitMobileConsultRoom","apps/mobile/provider-app/src/screens/provider/LiveKitMobileConsultRoom.tsx","apps/mobile/provider-app/src/screens/provider/LiveKitMobileConsultRoom.tsx","mobile-screen","experience/mobile/provider","Mobile screen in provider-app","bff-mobile-proxied","web-parity-expected","","yes","apps/mobile/provider-app/src/screens/provider/LiveKitMobileConsultRoom.tsx","@impilo/mobile-api-client","","","mobile-trust headers","experience-bff","ui-only","","mobile-screen"
"provider-app:MarketplaceOpsScreen","apps/mobile/provider-app/src/screens/provider/MarketplaceOpsScreen.tsx","apps/mobile/provider-app/src/screens/provider/MarketplaceOpsScreen.tsx","mobile-screen","experience/mobile/provider","Mobile screen in provider-app","bff-mobile-proxied","web-parity-expected","","yes","apps/mobile/provider-app/src/screens/provider/MarketplaceOpsScreen.tsx","@impilo/mobile-api-client","","","mobile-trust headers","experience-bff","ui-only","","mobile-screen"
"provider-app:MessagingScreen","apps/mobile/provider-app/src/screens/provider/MessagingScreen.tsx","apps/mobile/provider-app/src/screens/provider/MessagingScreen.tsx","mobile-screen","experience/mobile/provider","Mobile screen in provider-app","bff-mobile-proxied","web-parity-expected","","yes","apps/mobile/provider-app/src/screens/provider/MessagingScreen.tsx","@impilo/mobile-api-client","","","mobile-trust headers","experience-bff","ui-only","","mobile-screen"
"provider-app:NEWS2ScoringScreen","apps/mobile/provider-app/src/screens/provider/NEWS2ScoringScreen.tsx","apps/mobile/provider-app/src/screens/provider/NEWS2ScoringScreen.tsx","mobile-screen","experience/mobile/provider","Mobile screen in provider-app","bff-mobile-proxied","web-parity-expected","","yes","apps/mobile/provider-app/src/screens/provider/NEWS2ScoringScreen.tsx","@impilo/mobile-api-client","","","mobile-trust headers","experience-bff","wired","","mobile-screen"
"provider-app:NotesPanel","apps/mobile/provider-app/src/screens/provider/NotesPanel.tsx","apps/mobile/provider-app/src/screens/provider/NotesPanel.tsx","mobile-screen","experience/mobile/provider","Mobile screen in provider-app","bff-mobile-proxied","web-parity-expected","","yes","apps/mobile/provider-app/src/screens/provider/NotesPanel.tsx","@impilo/mobile-api-client","","","mobile-trust headers","experience-bff","ui-only","","mobile-screen"
"provider-app:OpsReportsHubScreen","apps/mobile/provider-app/src/screens/provider/OpsReportsHubScreen.tsx","apps/mobile/provider-app/src/screens/provider/OpsReportsHubScreen.tsx","mobile-screen","experience/mobile/provider","Mobile screen in provider-app","bff-mobile-proxied","web-parity-expected","","yes","apps/mobile/provider-app/src/screens/provider/OpsReportsHubScreen.tsx","@impilo/mobile-api-client","","","mobile-trust headers","experience-bff","ui-only","","mobile-screen"
"provider-app:PACSViewerScreen","apps/mobile/provider-app/src/screens/provider/PACSViewerScreen.tsx","apps/mobile/provider-app/src/screens/provider/PACSViewerScreen.tsx","mobile-screen","experience/mobile/provider","Mobile screen in provider-app","bff-mobile-proxied","web-parity-expected","","yes","apps/mobile/provider-app/src/screens/provider/PACSViewerScreen.tsx","@impilo/mobile-api-client","","","mobile-trust headers","experience-bff","wired","","mobile-screen"
"provider-app:PatientLookupScreen","apps/mobile/provider-app/src/screens/provider/PatientLookupScreen.tsx","apps/mobile/provider-app/src/screens/provider/PatientLookupScreen.tsx","mobile-screen","experience/mobile/provider","Mobile screen in provider-app","bff-mobile-proxied","web-parity-expected","","yes","apps/mobile/provider-app/src/screens/provider/PatientLookupScreen.tsx","@impilo/mobile-api-client","","","mobile-trust headers","experience-bff","ui-only","","mobile-screen"
"provider-app:PatientRegistrationScreen","apps/mobile/provider-app/src/screens/provider/PatientRegistrationScreen.tsx","apps/mobile/provider-app/src/screens/provider/PatientRegistrationScreen.tsx","mobile-screen","experience/mobile/provider","Mobile screen in provider-app","bff-mobile-proxied","web-parity-expected","","yes","apps/mobile/provider-app/src/screens/provider/PatientRegistrationScreen.tsx","@impilo/mobile-api-client","","","mobile-trust headers","experience-bff","ui-only","","mobile-screen"
"provider-app:PharmacyDispensingScreen","apps/mobile/provider-app/src/screens/provider/PharmacyDispensingScreen.tsx","apps/mobile/provider-app/src/screens/provider/PharmacyDispensingScreen.tsx","mobile-screen","experience/mobile/provider","Mobile screen in provider-app","bff-mobile-proxied","web-parity-expected","","yes","apps/mobile/provider-app/src/screens/provider/PharmacyDispensingScreen.tsx","@impilo/mobile-api-client","","","mobile-trust headers","experience-bff","ui-only","","mobile-screen"
"provider-app:PharmacyHubScreen","apps/mobile/provider-app/src/screens/provider/PharmacyHubScreen.tsx","apps/mobile/provider-app/src/screens/provider/PharmacyHubScreen.tsx","mobile-screen","experience/mobile/provider","Mobile screen in provider-app","bff-mobile-proxied","web-parity-expected","","yes","apps/mobile/provider-app/src/screens/provider/PharmacyHubScreen.tsx","@impilo/mobile-api-client","","","mobile-trust headers","experience-bff","ui-only","","mobile-screen"
"provider-app:PrescriptionPanel","apps/mobile/provider-app/src/screens/provider/PrescriptionPanel.tsx","apps/mobile/provider-app/src/screens/provider/PrescriptionPanel.tsx","mobile-screen","experience/mobile/provider","Mobile screen in provider-app","bff-mobile-proxied","web-parity-expected","","yes","apps/mobile/provider-app/src/screens/provider/PrescriptionPanel.tsx","@impilo/mobile-api-client","","","mobile-trust headers","experience-bff","ui-only","","mobile-screen"
"provider-app:ProductionReadinessJourneyScreen","apps/mobile/provider-app/src/screens/provider/ProductionReadinessJourneyScreen.tsx","apps/mobile/provider-app/src/screens/provider/ProductionReadinessJourneyScreen.tsx","mobile-screen","experience/mobile/provider","Mobile screen in provider-app","bff-mobile-proxied","web-parity-expected","","yes","apps/mobile/provider-app/src/screens/provider/ProductionReadinessJourneyScreen.tsx","@impilo/mobile-api-client","","","mobile-trust headers","experience-bff","ui-only","","mobile-screen"
"provider-app:ProfessionalChannelsHubScreen","apps/mobile/provider-app/src/screens/provider/ProfessionalChannelsHubScreen.tsx","apps/mobile/provider-app/src/screens/provider/ProfessionalChannelsHubScreen.tsx","mobile-screen","experience/mobile/provider","Mobile screen in provider-app","bff-mobile-proxied","web-parity-expected","","yes","apps/mobile/provider-app/src/screens/provider/ProfessionalChannelsHubScreen.tsx","@impilo/mobile-api-client","","","mobile-trust headers","experience-bff","ui-only","","mobile-screen"
"provider-app:ProfessionalProfileScreen","apps/mobile/provider-app/src/screens/provider/ProfessionalProfileScreen.tsx","apps/mobile/provider-app/src/screens/provider/ProfessionalProfileScreen.tsx","mobile-screen","experience/mobile/provider","Mobile screen in provider-app","bff-mobile-proxied","web-parity-expected","","yes","apps/mobile/provider-app/src/screens/provider/ProfessionalProfileScreen.tsx","@impilo/mobile-api-client","","","mobile-trust headers","experience-bff","ui-only","","mobile-screen"
"provider-app:ProfessionalSettingsHubScreen","apps/mobile/provider-app/src/screens/provider/ProfessionalSettingsHubScreen.tsx","apps/mobile/provider-app/src/screens/provider/ProfessionalSettingsHubScreen.tsx","mobile-screen","experience/mobile/provider","Mobile screen in provider-app","bff-mobile-proxied","web-parity-expected","","yes","apps/mobile/provider-app/src/screens/provider/ProfessionalSettingsHubScreen.tsx","@impilo/mobile-api-client","","","mobile-trust headers","experience-bff","ui-only","","mobile-screen"
"provider-app:ProviderDashboardScreen","apps/mobile/provider-app/src/screens/provider/ProviderDashboardScreen.tsx","apps/mobile/provider-app/src/screens/provider/ProviderDashboardScreen.tsx","mobile-screen","experience/mobile/provider","Mobile screen in provider-app","bff-mobile-proxied","web-parity-expected","","yes","apps/mobile/provider-app/src/screens/provider/ProviderDashboardScreen.tsx","@impilo/mobile-api-client","","","mobile-trust headers","experience-bff","ui-only","","mobile-screen"
"provider-app:ProviderSocialScreen","apps/mobile/provider-app/src/screens/provider/ProviderSocialScreen.tsx","apps/mobile/provider-app/src/screens/provider/ProviderSocialScreen.tsx","mobile-screen","experience/mobile/provider","Mobile screen in provider-app","bff-mobile-proxied","web-parity-expected","","yes","apps/mobile/provider-app/src/screens/provider/ProviderSocialScreen.tsx","@impilo/mobile-api-client","","","mobile-trust headers","experience-bff","ui-only","","mobile-screen"
"provider-app:PublicHealthFieldTasksScreen","apps/mobile/provider-app/src/screens/provider/PublicHealthFieldTasksScreen.tsx","apps/mobile/provider-app/src/screens/provider/PublicHealthFieldTasksScreen.tsx","mobile-screen","experience/mobile/provider","Mobile screen in provider-app","bff-mobile-proxied","web-parity-expected","","yes","apps/mobile/provider-app/src/screens/provider/PublicHealthFieldTasksScreen.tsx","@impilo/mobile-api-client","","","mobile-trust headers","experience-bff","ui-only","","mobile-screen"
"provider-app:QueueManagementScreen","apps/mobile/provider-app/src/screens/provider/QueueManagementScreen.tsx","apps/mobile/provider-app/src/screens/provider/QueueManagementScreen.tsx","mobile-screen","experience/mobile/provider","Mobile screen in provider-app","bff-mobile-proxied","web-parity-expected","","yes","apps/mobile/provider-app/src/screens/provider/QueueManagementScreen.tsx","@impilo/mobile-api-client","","","mobile-trust headers","experience-bff","ui-only","","mobile-screen"
"provider-app:ReferralPanel","apps/mobile/provider-app/src/screens/provider/ReferralPanel.tsx","apps/mobile/provider-app/src/screens/provider/ReferralPanel.tsx","mobile-screen","experience/mobile/provider","Mobile screen in provider-app","bff-mobile-proxied","web-parity-expected","","yes","apps/mobile/provider-app/src/screens/provider/ReferralPanel.tsx","@impilo/mobile-api-client","","","mobile-trust headers","experience-bff","ui-only","","mobile-screen"
"provider-app:ReportsScreen","apps/mobile/provider-app/src/screens/provider/ReportsScreen.tsx","apps/mobile/provider-app/src/screens/provider/ReportsScreen.tsx","mobile-screen","experience/mobile/provider","Mobile screen in provider-app","bff-mobile-proxied","web-parity-expected","","yes","apps/mobile/provider-app/src/screens/provider/ReportsScreen.tsx","@impilo/mobile-api-client","","","mobile-trust headers","experience-bff","ui-only","","mobile-screen"
"provider-app:ResultsViewScreen","apps/mobile/provider-app/src/screens/provider/ResultsViewScreen.tsx","apps/mobile/provider-app/src/screens/provider/ResultsViewScreen.tsx","mobile-screen","experience/mobile/provider","Mobile screen in provider-app","bff-mobile-proxied","web-parity-expected","","yes","apps/mobile/provider-app/src/screens/provider/ResultsViewScreen.tsx","@impilo/mobile-api-client","","","mobile-trust headers","experience-bff","ui-only","","mobile-screen"
"provider-app:ResuscitationScreen","apps/mobile/provider-app/src/screens/provider/ResuscitationScreen.tsx","apps/mobile/provider-app/src/screens/provider/ResuscitationScreen.tsx","mobile-screen","experience/mobile/provider","Mobile screen in provider-app","bff-mobile-proxied","web-parity-expected","","yes","apps/mobile/provider-app/src/screens/provider/ResuscitationScreen.tsx","@impilo/mobile-api-client","","","mobile-trust headers","experience-bff","wired","","mobile-screen"
"provider-app:ScheduleScreen","apps/mobile/provider-app/src/screens/provider/ScheduleScreen.tsx","apps/mobile/provider-app/src/screens/provider/ScheduleScreen.tsx","mobile-screen","experience/mobile/provider","Mobile screen in provider-app","bff-mobile-proxied","web-parity-expected","","yes","apps/mobile/provider-app/src/screens/provider/ScheduleScreen.tsx","@impilo/mobile-api-client","","","mobile-trust headers","experience-bff","ui-only","","mobile-screen"
"provider-app:ShiftHandoffScreen","apps/mobile/provider-app/src/screens/provider/ShiftHandoffScreen.tsx","apps/mobile/provider-app/src/screens/provider/ShiftHandoffScreen.tsx","mobile-screen","experience/mobile/provider","Mobile screen in provider-app","bff-mobile-proxied","web-parity-expected","","yes","apps/mobile/provider-app/src/screens/provider/ShiftHandoffScreen.tsx","@impilo/mobile-api-client","","","mobile-trust headers","experience-bff","wired","","mobile-screen"
"provider-app:SpecialtyWorkspacePanel","apps/mobile/provider-app/src/screens/provider/SpecialtyWorkspacePanel.tsx","apps/mobile/provider-app/src/screens/provider/SpecialtyWorkspacePanel.tsx","mobile-screen","experience/mobile/provider","Mobile screen in provider-app","bff-mobile-proxied","web-parity-expected","","yes","apps/mobile/provider-app/src/screens/provider/SpecialtyWorkspacePanel.tsx","@impilo/mobile-api-client","","","mobile-trust headers","experience-bff","ui-only","","mobile-screen"
"provider-app:SystemStatusScreen","apps/mobile/provider-app/src/screens/provider/SystemStatusScreen.tsx","apps/mobile/provider-app/src/screens/provider/SystemStatusScreen.tsx","mobile-screen","experience/mobile/provider","Mobile screen in provider-app","bff-mobile-proxied","web-parity-expected","","yes","apps/mobile/provider-app/src/screens/provider/SystemStatusScreen.tsx","@impilo/mobile-api-client","","","mobile-trust headers","experience-bff","ui-only","","mobile-screen"
"provider-app:TelemedicineScreen","apps/mobile/provider-app/src/screens/provider/TelemedicineScreen.tsx","apps/mobile/provider-app/src/screens/provider/TelemedicineScreen.tsx","mobile-screen","experience/mobile/provider","Mobile screen in provider-app","bff-mobile-proxied","web-parity-expected","","yes","apps/mobile/provider-app/src/screens/provider/TelemedicineScreen.tsx","@impilo/mobile-api-client","","","mobile-trust headers","experience-bff","ui-only","","mobile-screen"
"provider-app:TraumaScreen","apps/mobile/provider-app/src/screens/provider/TraumaScreen.tsx","apps/mobile/provider-app/src/screens/provider/TraumaScreen.tsx","mobile-screen","experience/mobile/provider","Mobile screen in provider-app","bff-mobile-proxied","web-parity-expected","","yes","apps/mobile/provider-app/src/screens/provider/TraumaScreen.tsx","@impilo/mobile-api-client","","","mobile-trust headers","experience-bff","ui-only","","mobile-screen"
"provider-app:TriageScreen","apps/mobile/provider-app/src/screens/provider/TriageScreen.tsx","apps/mobile/provider-app/src/screens/provider/TriageScreen.tsx","mobile-screen","experience/mobile/provider","Mobile screen in provider-app","bff-mobile-proxied","web-parity-expected","","yes","apps/mobile/provider-app/src/screens/provider/TriageScreen.tsx","@impilo/mobile-api-client","","","mobile-trust headers","experience-bff","ui-only","","mobile-screen"
"provider-app:VitalsMonitorScreen","apps/mobile/provider-app/src/screens/provider/VitalsMonitorScreen.tsx","apps/mobile/provider-app/src/screens/provider/VitalsMonitorScreen.tsx","mobile-screen","experience/mobile/provider","Mobile screen in provider-app","bff-mobile-proxied","web-parity-expected","","yes","apps/mobile/provider-app/src/screens/provider/VitalsMonitorScreen.tsx","@impilo/mobile-api-client","","","mobile-trust headers","experience-bff","ui-only","","mobile-screen"
"provider-app:VitalsPanel","apps/mobile/provider-app/src/screens/provider/VitalsPanel.tsx","apps/mobile/provider-app/src/screens/provider/VitalsPanel.tsx","mobile-screen","experience/mobile/provider","Mobile screen in provider-app","bff-mobile-proxied","web-parity-expected","","yes","apps/mobile/provider-app/src/screens/provider/VitalsPanel.tsx","@impilo/mobile-api-client","","","mobile-trust headers","experience-bff","ui-only","","mobile-screen"
"provider-app:WorkflowDispatchOpsScreen","apps/mobile/provider-app/src/screens/provider/WorkflowDispatchOpsScreen.tsx","apps/mobile/provider-app/src/screens/provider/WorkflowDispatchOpsScreen.tsx","mobile-screen","experience/mobile/provider","Mobile screen in provider-app","bff-mobile-proxied","web-parity-expected","","yes","apps/mobile/provider-app/src/screens/provider/WorkflowDispatchOpsScreen.tsx","@impilo/mobile-api-client","","","mobile-trust headers","experience-bff","ui-only","","mobile-screen"
"provider-app:EscalationsScreen","apps/mobile/provider-app/src/screens/supervisor/EscalationsScreen.tsx","apps/mobile/provider-app/src/screens/supervisor/EscalationsScreen.tsx","mobile-screen","experience/mobile/provider","Mobile screen in provider-app","bff-mobile-proxied","web-parity-expected","","yes","apps/mobile/provider-app/src/screens/supervisor/EscalationsScreen.tsx","@impilo/mobile-api-client","","","mobile-trust headers","experience-bff","ui-only","","mobile-screen"
"provider-app:InventoryScreen","apps/mobile/provider-app/src/screens/supervisor/InventoryScreen.tsx","apps/mobile/provider-app/src/screens/supervisor/InventoryScreen.tsx","mobile-screen","experience/mobile/provider","Mobile screen in provider-app","bff-mobile-proxied","web-parity-expected","","yes","apps/mobile/provider-app/src/screens/supervisor/InventoryScreen.tsx","@impilo/mobile-api-client","","","mobile-trust headers","experience-bff","ui-only","","mobile-screen"
"provider-app:StockScreen","apps/mobile/provider-app/src/screens/supervisor/StockScreen.tsx","apps/mobile/provider-app/src/screens/supervisor/StockScreen.tsx","mobile-screen","experience/mobile/provider","Mobile screen in provider-app","bff-mobile-proxied","web-parity-expected","","yes","apps/mobile/provider-app/src/screens/supervisor/StockScreen.tsx","@impilo/mobile-api-client","","","mobile-trust headers","experience-bff","ui-only","","mobile-screen"
"provider-app:SupervisorDashboardScreen","apps/mobile/provider-app/src/screens/supervisor/SupervisorDashboardScreen.tsx","apps/mobile/provider-app/src/screens/supervisor/SupervisorDashboardScreen.tsx","mobile-screen","experience/mobile/provider","Mobile screen in provider-app","bff-mobile-proxied","web-parity-expected","","yes","apps/mobile/provider-app/src/screens/supervisor/SupervisorDashboardScreen.tsx","@impilo/mobile-api-client","","","mobile-trust headers","experience-bff","ui-only","","mobile-screen"
"provider-app:TeamOverviewScreen","apps/mobile/provider-app/src/screens/supervisor/TeamOverviewScreen.tsx","apps/mobile/provider-app/src/screens/supervisor/TeamOverviewScreen.tsx","mobile-screen","experience/mobile/provider","Mobile screen in provider-app","bff-mobile-proxied","web-parity-expected","","yes","apps/mobile/provider-app/src/screens/supervisor/TeamOverviewScreen.tsx","@impilo/mobile-api-client","","","mobile-trust headers","experience-bff","ui-only","","mobile-screen"
"@impilo/mobile-api-client","","apps/mobile/packages/mobile-api-client","mobile-shared-package","experience/mobile/shared","Mobile shared package @impilo/mobile-api-client","n/a","no","","yes","","mobile-api-client","","","","experience-bff","package","","shared-internal-library"
"@impilo/mobile-auth","","apps/mobile/packages/mobile-auth","mobile-shared-package","experience/mobile/shared","Mobile shared package @impilo/mobile-auth","n/a","no","","yes","","","","","","experience-bff","package","","shared-internal-library"
"@impilo/mobile-design-system","","apps/mobile/packages/mobile-design-system","mobile-shared-package","experience/mobile/shared","Mobile shared package @impilo/mobile-design-system","n/a","no","","yes","","","","","","experience-bff","package","","shared-internal-library"
"@impilo/mobile-integration","","apps/mobile/packages/mobile-integration","mobile-shared-package","experience/mobile/shared","Mobile shared package @impilo/mobile-integration","n/a","no","","yes","","","","","","experience-bff","package","","shared-internal-library"
"@impilo/mobile-messaging","","apps/mobile/packages/mobile-messaging","mobile-shared-package","experience/mobile/shared","Mobile shared package @impilo/mobile-messaging","n/a","no","","yes","","","","","","experience-bff","package","","shared-internal-library"
"@impilo/mobile-ndila","","apps/mobile/packages/mobile-ndila","mobile-shared-package","experience/mobile/shared","Mobile shared package @impilo/mobile-ndila","n/a","no","","yes","","","","","","experience-bff","package","","shared-internal-library"
"@impilo/mobile-nompilo","","apps/mobile/packages/mobile-nompilo","mobile-shared-package","experience/mobile/shared","Mobile shared package @impilo/mobile-nompilo","n/a","no","","yes","","","","","","experience-bff","package","","shared-internal-library"
"@impilo/mobile-offline","","apps/mobile/packages/mobile-offline","mobile-shared-package","experience/mobile/shared","Mobile shared package @impilo/mobile-offline","n/a","no","","yes","","","","","","experience-bff","package","","shared-internal-library"
"@impilo/mobile-timeline","","apps/mobile/packages/mobile-timeline","mobile-shared-package","experience/mobile/shared","Mobile shared package @impilo/mobile-timeline","n/a","no","","yes","","","","","","experience-bff","package","","shared-internal-library"
"@impilo/mobile-trust","","apps/mobile/packages/mobile-trust","mobile-shared-package","experience/mobile/shared","Mobile shared package @impilo/mobile-trust","n/a","no","","yes","","","","","trust-headers","experience-bff","package","","shared-internal-library"
"registry-maturity.json","","ui/one-ui-shell/src/generated/registry-maturity.json","generated-client","contracts/generated","Generated TypeScript client or registry artifact","generated-from-contract","indirect","","no","","ui/one-ui-shell/src/generated/registry-maturity.json","","","","","generated","","generated-client"
"ai-model-registry-service:migrations","1 files","services/ai-model-registry-service/src/main/resources/db/migration","database-migration-set","data","Flyway migrations for ai-model-registry-service","n/a","no","","no","","","event_outbox tables likely","services/ai-model-registry-service/src/main/resources/db/migration/V001__init.sql","","ai-model-registry-service","1 migrations","","backend-capability"
"asset-registry-service:migrations","5 files","services/asset-registry-service/src/main/resources/db/migration","database-migration-set","integration","Flyway migrations for asset-registry-service","n/a","no","","no","","","event_outbox tables likely","services/asset-registry-service/src/main/resources/db/migration/V001__init.sql; services/asset-registry-service/src/main/resources/db/migration/V002__assets.sql; services/asset-registry-service/src/main/resources/db/migration/V003__asset_lifecycle_fields.sql; services/asset-registry-service/src/main/resources/db/migration/V004__equipment_entity.sql; services/asset-registry-service/src/main/resources/db/migration/V005__fixed_assets.sql","","asset-registry-service","5 migrations","","backend-capability"
"audit-ledger-service:migrations","2 files","services/audit-ledger-service/src/main/resources/db/migration","database-migration-set","integration","Flyway migrations for audit-ledger-service","n/a","no","","no","","","event_outbox tables likely","services/audit-ledger-service/src/main/resources/db/migration/V001__init.sql; services/audit-ledger-service/src/main/resources/db/migration/V002__audit_ledger.sql","","audit-ledger-service","2 migrations","","backend-capability"
"butano-fhir:migrations","1 files","services/butano-fhir/src/main/resources/db/migration","database-migration-set","clinical","Flyway migrations for butano-fhir","n/a","no","","no","","","event_outbox tables likely","services/butano-fhir/src/main/resources/db/migration/V001__init.sql","","butano-fhir","1 migrations","","backend-capability"
"butano-service:migrations","2 files","services/butano-service/src/main/resources/db/migration","database-migration-set","clinical","Flyway migrations for butano-service","n/a","no","","no","","","event_outbox tables likely","services/butano-service/src/main/resources/db/migration/V001__butano_custom_tables.sql; services/butano-service/src/main/resources/db/migration/V002__outbox_v11_context_columns.sql","","butano-service","2 migrations","","backend-capability"
"campaigns-service:migrations","2 files","services/campaigns-service/src/main/resources/db/migration","database-migration-set","data","Flyway migrations for campaigns-service","n/a","no","","no","","","event_outbox tables likely","services/campaigns-service/src/main/resources/db/migration/V001__init.sql; services/campaigns-service/src/main/resources/db/migration/V002__outbox_companion_columns.sql","","campaigns-service","2 migrations","","backend-capability"
"card-print-agent:migrations","1 files","services/card-print-agent/src/main/resources/db/migration","database-migration-set","integration","Flyway migrations for card-print-agent","n/a","no","","no","","","event_outbox tables likely","services/card-print-agent/src/main/resources/db/migration/V001__init.sql","","card-print-agent","1 migrations","","backend-capability"
"channels-service:migrations","1 files","services/channels-service/src/main/resources/db/migration","database-migration-set","integration","Flyway migrations for channels-service","n/a","no","","no","","","event_outbox tables likely","services/channels-service/src/main/resources/db/migration/V001__init.sql","","channels-service","1 migrations","","backend-capability"
"clinical-knowledge-platform-service:migrations","4 files","services/clinical-knowledge-platform-service/src/main/resources/db/migration","database-migration-set","clinical","Flyway migrations for clinical-knowledge-platform-service","n/a","no","","no","","","event_outbox tables likely","services/clinical-knowledge-platform-service/src/main/resources/db/migration/V001__clinical_platform_schema.sql; services/clinical-knowledge-platform-service/src/main/resources/db/migration/V002__seed_edliz_national_demo.sql; services/clinical-knowledge-platform-service/src/main/resources/db/migration/V003__edliz_2025_reference_bundle.sql; services/clinical-knowledge-platform-service/src/main/resources/db/migration/V004__pathway_steps_backlog.sql","","clinical-knowledge-platform-service","4 migrations","","backend-capability"
"community-service:migrations","2 files","services/community-service/src/main/resources/db/migration","database-migration-set","experience","Flyway migrations for community-service","n/a","no","","no","","","event_outbox tables likely","services/community-service/src/main/resources/db/migration/V001__init.sql; services/community-service/src/main/resources/db/migration/V002__social.sql","","community-service","2 migrations","","backend-capability"
"connector-fhir-adapter:migrations","2 files","services/connector-fhir-adapter/src/main/resources/db/migration","database-migration-set","integration","Flyway migrations for connector-fhir-adapter","n/a","no","","no","","","event_outbox tables likely","services/connector-fhir-adapter/src/main/resources/db/migration/V001__init.sql; services/connector-fhir-adapter/src/main/resources/db/migration/V002__fhir_adapter.sql","","connector-fhir-adapter","2 migrations","","backend-capability"
"costing-engine-service:migrations","11 files","services/costing-engine-service/src/main/resources/db/migration","database-migration-set","enterprise","Flyway migrations for costing-engine-service","n/a","no","","no","","","event_outbox tables likely","services/costing-engine-service/src/main/resources/db/migration/V001__init.sql; services/costing-engine-service/src/main/resources/db/migration/V002__operational_financials.sql; services/costing-engine-service/src/main/resources/db/migration/V003__patient_financials.sql; services/costing-engine-service/src/main/resources/db/migration/V004__institutional_financials.sql; services/costing-engine-service/src/main/resources/db/migration/V005__financial_lifecycle.sql; services/costing-engine-service/src/main/resources/db/migration/V006__refund_invoice_reversal_flag.sql; services/costing-engine-service/src/main/resources/db/migration/V007__costa_tariff_intel_vertical_slice.sql; services/costing-engine-service/src/main/resources/db/migration/V008__costa_upload_cost_events_billing_decisions.sql; services/costing-engine-service/src/main/resources/db/migration/V009__billing_timing_service_access.sql; services/costing-engine-service/src/main/resources/db/migration/V010__costa_tariff_operational_upload_and_retired_seed.sql; services/costing-engine-service/src/main/resources/db/migration/V011__wave20_demo_bill.sql","","costing-engine-service","11 migrations","","backend-capability"
"coverage-service:migrations","7 files","services/coverage-service/src/main/resources/db/migration","database-migration-set","enterprise","Flyway migrations for coverage-service","n/a","no","","no","","","event_outbox tables likely","services/coverage-service/src/main/resources/db/migration/V001__init.sql; services/coverage-service/src/main/resources/db/migration/V002__eligibility_remittance_evidence.sql; services/coverage-service/src/main/resources/db/migration/V003__contributions_appeals.sql; services/coverage-service/src/main/resources/db/migration/V004__add_coding_system_columns.sql; services/coverage-service/src/main/resources/db/migration/V005__preauth_utilization.sql; services/coverage-service/src/main/resources/db/migration/V006__outbox_retry_and_appeal_columns.sql; services/coverage-service/src/main/resources/db/migration/V007__provider_contracting.sql","","coverage-service","7 migrations","","backend-capability"
"credential-verification-service:migrations","1 files","services/credential-verification-service/src/main/resources/db/migration","database-migration-set","enterprise","Flyway migrations for credential-verification-service","n/a","no","","no","","","event_outbox tables likely","services/credential-verification-service/src/main/resources/db/migration/V001__init.sql","","credential-verification-service","1 migrations","","backend-capability"
"data-access-governance-service:migrations","1 files","services/data-access-governance-service/src/main/resources/db/migration","database-migration-set","data","Flyway migrations for data-access-governance-service","n/a","no","","no","","","event_outbox tables likely","services/data-access-governance-service/src/main/resources/db/migration/V001__init.sql","","data-access-governance-service","1 migrations","","backend-capability"
"data-governance-service:migrations","4 files","services/data-governance-service/src/main/resources/db/migration","database-migration-set","data","Flyway migrations for data-governance-service","n/a","no","","no","","","event_outbox tables likely","services/data-governance-service/src/main/resources/db/migration/V001__init_outbox_and_idempotency.sql; services/data-governance-service/src/main/resources/db/migration/V002__governance.sql; services/data-governance-service/src/main/resources/db/migration/V003__policies_and_revoke.sql; services/data-governance-service/src/main/resources/db/migration/V004__governance_rules.sql","","data-governance-service","4 migrations","","backend-capability"
"data-ingestion-service:migrations","3 files","services/data-ingestion-service/src/main/resources/db/migration","database-migration-set","data","Flyway migrations for data-ingestion-service","n/a","no","","no","","","event_outbox tables likely","services/data-ingestion-service/src/main/resources/db/migration/V001__init_outbox_and_idempotency.sql; services/data-ingestion-service/src/main/resources/db/migration/V002__bronze.sql; services/data-ingestion-service/src/main/resources/db/migration/V003__dead_letter_and_topic.sql","","data-ingestion-service","3 migrations","","backend-capability"
"data-pipeline-service:migrations","2 files","services/data-pipeline-service/src/main/resources/db/migration","database-migration-set","data","Flyway migrations for data-pipeline-service","n/a","no","","no","","","event_outbox tables likely","services/data-pipeline-service/src/main/resources/db/migration/V001__init.sql; services/data-pipeline-service/src/main/resources/db/migration/V002__kafka_bridge_sources.sql","","data-pipeline-service","2 migrations","","backend-capability"
"data-warehouse-service:migrations","2 files","services/data-warehouse-service/src/main/resources/db/migration","database-migration-set","data","Flyway migrations for data-warehouse-service","n/a","no","","no","","","event_outbox tables likely","services/data-warehouse-service/src/main/resources/db/migration/V001__init.sql; services/data-warehouse-service/src/main/resources/db/migration/V002__gold_tables.sql","","data-warehouse-service","2 migrations","","backend-capability"
"developer-portal-service:migrations","2 files","services/developer-portal-service/src/main/resources/db/migration","database-migration-set","integration","Flyway migrations for developer-portal-service","n/a","no","","no","","","event_outbox tables likely","services/developer-portal-service/src/main/resources/db/migration/V001__init.sql; services/developer-portal-service/src/main/resources/db/migration/V002__certification.sql","","developer-portal-service","2 migrations","","backend-capability"
"dispatch-service:migrations","4 files","services/dispatch-service/src/main/resources/db/migration","database-migration-set","integration","Flyway migrations for dispatch-service","n/a","no","","no","","","event_outbox tables likely","services/dispatch-service/src/main/resources/db/migration/V001__init.sql; services/dispatch-service/src/main/resources/db/migration/V002__dispatch.sql; services/dispatch-service/src/main/resources/db/migration/V003__dispatch_delivery.sql; services/dispatch-service/src/main/resources/db/migration/V004__wave20_demo_dispatch_job.sql","","dispatch-service","4 migrations","","backend-capability"
"document-service:migrations","3 files","services/document-service/src/main/resources/db/migration","database-migration-set","clinical","Flyway migrations for document-service","n/a","no","","no","","","event_outbox tables likely","services/document-service/src/main/resources/db/migration/V001__init.sql; services/document-service/src/main/resources/db/migration/V002__event_outbox_v11.sql; services/document-service/src/main/resources/db/migration/V003__ocr_and_signature_jobs.sql","","document-service","3 migrations","","backend-capability"
"experience-bff:migrations","44 files","services/experience-bff/src/main/resources/db/migration","database-migration-set","experience","Flyway migrations for experience-bff","n/a","no","","no","","","event_outbox tables likely","services/experience-bff/src/main/resources/db/migration/V10__teleconsult_referral_linkage.sql; services/experience-bff/src/main/resources/db/migration/V11__triage_records.sql; services/experience-bff/src/main/resources/db/migration/V12__lab_order_result_data.sql; services/experience-bff/src/main/resources/db/migration/V13__prescription_enhancement.sql; services/experience-bff/src/main/resources/db/migration/V14__prescription_pharmacy_bridge.sql; services/experience-bff/src/main/resources/db/migration/V15__document_object_bridge.sql; services/experience-bff/src/main/resources/db/migration/V16__appointment_scheduling_bridge.sql; services/experience-bff/src/main/resources/db/migration/V17__encounter_costa_bill_bridge.sql; services/experience-bff/src/main/resources/db/migration/V18__queue_nullable_facility.sql; services/experience-bff/src/main/resources/db/migration/V19__community_messaging_tables.sql; services/experience-bff/src/main/resources/db/migration/V1__create_core_tables.sql; services/experience-bff/src/main/resources/db/migration/V20__beds_wards_queue_extensions.sql; services/experience-bff/src/main/resources/db/migration/V21__seed_wards_and_beds.sql; services/experience-bff/src/main/resources/db/migration/V22__queue_definitions.sql; services/experience-bff/src/main/resources/db/migration/V23__omnichannel_tables.sql; services/experience-bff/src/main/resources/db/migration/V24__seed_coverage_omni_ph.sql; services/experience-bff/src/main/resources/db/migration/V25__announcements_communication.sql; services/experience-bff/src/main/resources/db/migration/V26__citizen_mylife_features.sql; services/experience-bff/src/main/resources/db/migration/V27__care_emergency_inpatient.sql; services/experience-bff/src/main/resources/db/migration/V28__clinical_depth_enhancements.sql; services/experience-bff/src/main/resources/db/migration/V29__staffing_on_call.sql; services/experience-bff/src/main/resources/db/migration/V2__seed_facilities.sql; services/experience-bff/src/main/resources/db/migration/V30__staffing_on_call_tenant_moh_zw.sql; services/experience-bff/src/main/resources/db/migration/V31__inventory_marketplace_operations.sql; services/experience-bff/src/main/resources/db/migration/V32__ehr_structured_history.sql; services/experience-bff/src/main/resources/db/migration/V33__growth_measurements.sql; services/experience-bff/src/main/resources/db/migration/V34__labour_monitoring.sql; services/experience-bff/src/main/resources/db/migration/V35__maternity_partograph.sql; services/experience-bff/src/main/resources/db/migration/V36__fetal_monitoring_ctg.sql; services/experience-bff/src/main/resources/db/migration/V37__ward_charts.sql; services/experience-bff/src/main/resources/db/migration/V38__policy_consent.sql; services/experience-bff/src/main/resources/db/migration/V39__privacy_by_design.sql; services/experience-bff/src/main/resources/db/migration/V3__golden_path_tables.sql; services/experience-bff/src/main/resources/db/migration/V40__wave20_demo_journey_seeds.sql; services/experience-bff/src/main/resources/db/migration/V41__wave20_sovereign_demo_anchors.sql; services/experience-bff/src/main/resources/db/migration/V42__wave20_sovereign_demo_anchor_notes.sql; services/experience-bff/src/main/resources/db/migration/V43__wave20_costa_demo_anchor.sql; services/experience-bff/src/main/resources/db/migration/V44__wave20_golden_tenant_wellness_challenges.sql; services/experience-bff/src/main/resources/db/migration/V4__seed_golden_path_data.sql; services/experience-bff/src/main/resources/db/migration/V5__citizen_app_tables.sql; services/experience-bff/src/main/resources/db/migration/V6__clinical_domain_tables.sql; services/experience-bff/src/main/resources/db/migration/V7__reminders_table.sql; services/experience-bff/src/main/resources/db/migration/V8__encounter_discharge_columns.sql; services/experience-bff/src/main/resources/db/migration/V9__sovereign_bridge_columns.sql","","experience-bff","44 migrations","","backend-capability"
"fhir-gateway-service:migrations","2 files","services/fhir-gateway-service/src/main/resources/db/migration","database-migration-set","clinical","Flyway migrations for fhir-gateway-service","n/a","no","","no","","","event_outbox tables likely","services/fhir-gateway-service/src/main/resources/db/migration/V001__init.sql; services/fhir-gateway-service/src/main/resources/db/migration/V002__add_consent_outcome_to_audit_log.sql","","fhir-gateway-service","2 migrations","","backend-capability"
"forms-service:migrations","1 files","services/forms-service/src/main/resources/db/migration","database-migration-set","clinical","Flyway migrations for forms-service","n/a","no","","no","","","event_outbox tables likely","services/forms-service/src/main/resources/db/migration/V001__init.sql","","forms-service","1 migrations","","backend-capability"
"general-ledger-service:migrations","1 files","services/general-ledger-service/src/main/resources/db/migration","database-migration-set","enterprise","Flyway migrations for general-ledger-service","n/a","no","","no","","","event_outbox tables likely","services/general-ledger-service/src/main/resources/db/migration/V001__init.sql","","general-ledger-service","1 migrations","","backend-capability"
"guidance-service:migrations","2 files","services/guidance-service/src/main/resources/db/migration","database-migration-set","clinical","Flyway migrations for guidance-service","n/a","no","","no","","","event_outbox tables likely","services/guidance-service/src/main/resources/db/migration/V001__init.sql; services/guidance-service/src/main/resources/db/migration/V002__add_event_outbox.sql","","guidance-service","2 migrations","","backend-capability"
"hr-payroll-service:migrations","1 files","services/hr-payroll-service/src/main/resources/db/migration","database-migration-set","enterprise","Flyway migrations for hr-payroll-service","n/a","no","","no","","","event_outbox tables likely","services/hr-payroll-service/src/main/resources/db/migration/V001__init.sql","","hr-payroll-service","1 migrations","","backend-capability"
"identity-assurance-service:migrations","1 files","services/identity-assurance-service/src/main/resources/db/migration","database-migration-set","trust","Flyway migrations for identity-assurance-service","n/a","no","","no","","","event_outbox tables likely","services/identity-assurance-service/src/main/resources/db/migration/V001__init.sql","","identity-assurance-service","1 migrations","","backend-capability"
"indawo-service:migrations","6 files","services/indawo-service/src/main/resources/db/migration","database-migration-set","registry","Flyway migrations for indawo-service","n/a","no","","no","","","event_outbox tables likely","services/indawo-service/src/main/resources/db/migration/V001__init.sql; services/indawo-service/src/main/resources/db/migration/V002__sites_and_relationships.sql; services/indawo-service/src/main/resources/db/migration/V003__site_registry_regulatory.sql; services/indawo-service/src/main/resources/db/migration/V004__site_registry_ops_enhancements.sql; services/indawo-service/src/main/resources/db/migration/V005__site_assignment_impilo_health_id.sql; services/indawo-service/src/main/resources/db/migration/V006__seed_checklist_templates.sql","","indawo-service","6 migrations","","backend-capability"
"inpatient-service:migrations","4 files","services/inpatient-service/src/main/resources/db/migration","database-migration-set","clinical","Flyway migrations for inpatient-service","n/a","no","","no","","","event_outbox tables likely","services/inpatient-service/src/main/resources/db/migration/V001__init.sql; services/inpatient-service/src/main/resources/db/migration/V002__outbox_and_transfer.sql; services/inpatient-service/src/main/resources/db/migration/V003__event_outbox_companion.sql; services/inpatient-service/src/main/resources/db/migration/V004__seed_demo_admission.sql","","inpatient-service","4 migrations","","backend-capability"
"integration-hub:migrations","4 files","services/integration-hub/src/main/resources/db/migration","database-migration-set","integration","Flyway migrations for integration-hub","n/a","no","","no","","","event_outbox tables likely","services/integration-hub/src/main/resources/db/migration/V001__init.sql; services/integration-hub/src/main/resources/db/migration/V002__integrationhub_v2.sql; services/integration-hub/src/main/resources/db/migration/V003__connectors_and_mappings.sql; services/integration-hub/src/main/resources/db/migration/V004__governance_registries.sql","","integration-hub","4 migrations","","backend-capability"
"inventory-elmis-adapter:migrations","1 files","services/inventory-elmis-adapter/src/main/resources/db/migration","database-migration-set","clinical","Flyway migrations for inventory-elmis-adapter","n/a","no","","no","","","event_outbox tables likely","services/inventory-elmis-adapter/src/main/resources/db/migration/V001__init.sql","","inventory-elmis-adapter","1 migrations","","backend-capability"
"inventory-service:migrations","3 files","services/inventory-service/src/main/resources/db/migration","database-migration-set","clinical","Flyway migrations for inventory-service","n/a","no","","no","","","event_outbox tables likely","services/inventory-service/src/main/resources/db/migration/V001__init.sql; services/inventory-service/src/main/resources/db/migration/V002__add_count_line_fields.sql; services/inventory-service/src/main/resources/db/migration/V003__outbox_companion_columns.sql","","inventory-service","3 migrations","","backend-capability"
"iot-ingestion-service:migrations","3 files","services/iot-ingestion-service/src/main/resources/db/migration","database-migration-set","integration","Flyway migrations for iot-ingestion-service","n/a","no","","no","","","event_outbox tables likely","services/iot-ingestion-service/src/main/resources/db/migration/V001__init.sql; services/iot-ingestion-service/src/main/resources/db/migration/V002__telemetry.sql; services/iot-ingestion-service/src/main/resources/db/migration/V003__device_registry.sql","","iot-ingestion-service","3 migrations","","backend-capability"
"jobs-service:migrations","1 files","services/jobs-service/src/main/resources/db/migration","database-migration-set","integration","Flyway migrations for jobs-service","n/a","no","","no","","","event_outbox tables likely","services/jobs-service/src/main/resources/db/migration/V001__init.sql","","jobs-service","1 migrations","","backend-capability"
"landela-adapter-service:migrations","1 files","services/landela-adapter-service/src/main/resources/db/migration","database-migration-set","integration","Flyway migrations for landela-adapter-service","n/a","no","","no","","","event_outbox tables likely","services/landela-adapter-service/src/main/resources/db/migration/V001__init.sql","","landela-adapter-service","1 migrations","","backend-capability"
"learning-service:migrations","9 files","services/learning-service/src/main/resources/db/migration","database-migration-set","experience","Flyway migrations for learning-service","n/a","no","","no","","","event_outbox tables likely","services/learning-service/src/main/resources/db/migration/V001__learning_core.sql; services/learning-service/src/main/resources/db/migration/V002__learning_seed.sql; services/learning-service/src/main/resources/db/migration/V003__learning_path_assignment.sql; services/learning-service/src/main/resources/db/migration/V004__learning_moodle_sync_and_resource_cm.sql; services/learning-service/src/main/resources/db/migration/V005__learning_seed_moodle_cm_demo.sql; services/learning-service/src/main/resources/db/migration/V006__learning_fundo_native_lms.sql; services/learning-service/src/main/resources/db/migration/V007__learning_fundo_native_seed.sql; services/learning-service/src/main/resources/db/migration/V008__learning_intelligent_studio_foundation.sql; services/learning-service/src/main/resources/db/migration/V009__learning_lms_rollout_hardening.sql","","learning-service","9 migrations","","backend-capability"
"llm-orchestration-service:migrations","1 files","services/llm-orchestration-service/src/main/resources/db/migration","database-migration-set","integration","Flyway migrations for llm-orchestration-service","n/a","no","","no","","","event_outbox tables likely","services/llm-orchestration-service/src/main/resources/db/migration/V001__init.sql","","llm-orchestration-service","1 migrations","","backend-capability"
"msika-apps-service:migrations","2 files","services/msika-apps-service/src/main/resources/db/migration","database-migration-set","unknown","Flyway migrations for msika-apps-service","n/a","no","","no","","","event_outbox tables likely","services/msika-apps-service/src/main/resources/db/migration/V001__init.sql; services/msika-apps-service/src/main/resources/db/migration/V002__seed_marketplace_items.sql","","msika-apps-service","2 migrations","","backend-capability"
"msika-flow-service:migrations","3 files","services/msika-flow-service/src/main/resources/db/migration","database-migration-set","enterprise","Flyway migrations for msika-flow-service","n/a","no","","no","","","event_outbox tables likely","services/msika-flow-service/src/main/resources/db/migration/V001__init.sql; services/msika-flow-service/src/main/resources/db/migration/V002__carts_fulfillment_logistics.sql; services/msika-flow-service/src/main/resources/db/migration/V003__order_reference_integrity.sql","","msika-flow-service","3 migrations","","backend-capability"
"msika-service:migrations","5 files","services/msika-service/src/main/resources/db/migration","database-migration-set","enterprise","Flyway migrations for msika-service","n/a","no","","no","","","event_outbox tables likely","services/msika-service/src/main/resources/db/migration/V001__init.sql; services/msika-service/src/main/resources/db/migration/V002__fts_indexes.sql; services/msika-service/src/main/resources/db/migration/V003__outbox_v11_columns.sql; services/msika-service/src/main/resources/db/migration/V004__marketplace_risk_classification.sql; services/msika-service/src/main/resources/db/migration/V005__marketplace_offerings_policies_governance.sql","","msika-service","5 migrations","","backend-capability"
"mushe-wallet-service:migrations","2 files","services/mushe-wallet-service/src/main/resources/db/migration","database-migration-set","enterprise","Flyway migrations for mushe-wallet-service","n/a","no","","no","","","event_outbox tables likely","services/mushe-wallet-service/src/main/resources/db/migration/V001__init.sql; services/mushe-wallet-service/src/main/resources/db/migration/V002__cards_pin_hash.sql","","mushe-wallet-service","2 migrations","","backend-capability"
"mushex-service:migrations","8 files","services/mushex-service/src/main/resources/db/migration","database-migration-set","enterprise","Flyway migrations for mushex-service","n/a","no","","no","","","event_outbox tables likely","services/mushex-service/src/main/resources/db/migration/V001__init.sql; services/mushex-service/src/main/resources/db/migration/V002__claim_coverage_fields.sql; services/mushex-service/src/main/resources/db/migration/V003__extend_claim_status.sql; services/mushex-service/src/main/resources/db/migration/V004__financial_platform.sql; services/mushex-service/src/main/resources/db/migration/V005__payment_intent_type.sql; services/mushex-service/src/main/resources/db/migration/V006__payment_attempt_idempotency_and_enforcement.sql; services/mushex-service/src/main/resources/db/migration/V007__wave20_demo_payment_intent.sql; services/mushex-service/src/main/resources/db/migration/V008__wave20_fix_demo_payment_intent_source.sql","","mushex-service","8 migrations","","backend-capability"
"mvumo-service:migrations","4 files","services/mvumo-service/src/main/resources/db/migration","database-migration-set","trust","Flyway migrations for mvumo-service","n/a","no","","no","","","event_outbox tables likely","services/mvumo-service/src/main/resources/db/migration/V001__init_mvumo.sql; services/mvumo-service/src/main/resources/db/migration/V002__seed_example_templates.sql; services/mvumo-service/src/main/resources/db/migration/V003__tshepo_link.sql; services/mvumo-service/src/main/resources/db/migration/V004__communication_preference_revisions.sql","","mvumo-service","4 migrations","","backend-capability"
"national-data-repository-service:migrations","1 files","services/national-data-repository-service/src/main/resources/db/migration","database-migration-set","data","Flyway migrations for national-data-repository-service","n/a","no","","no","","","event_outbox tables likely","services/national-data-repository-service/src/main/resources/db/migration/V001__init.sql","","national-data-repository-service","1 migrations","","backend-capability"
"ndila-service:migrations","1 files","services/ndila-service/src/main/resources/db/migration","database-migration-set","integration","Flyway migrations for ndila-service","n/a","no","","no","","","event_outbox tables likely","services/ndila-service/src/main/resources/db/migration/V001__init.sql","","ndila-service","1 migrations","","backend-capability"
"ndr-service:migrations","3 files","services/ndr-service/src/main/resources/db/migration","database-migration-set","data","Flyway migrations for ndr-service","n/a","no","","no","","","event_outbox tables likely","services/ndr-service/src/main/resources/db/migration/V001__init_outbox_and_idempotency.sql; services/ndr-service/src/main/resources/db/migration/V002__ndr.sql; services/ndr-service/src/main/resources/db/migration/V003__query_audit.sql","","ndr-service","3 migrations","","backend-capability"
"nhume-service:migrations","4 files","services/nhume-service/src/main/resources/db/migration","database-migration-set","integration","Flyway migrations for nhume-service","n/a","no","","no","","","event_outbox tables likely","services/nhume-service/src/main/resources/db/migration/V001__nhume_init.sql; services/nhume-service/src/main/resources/db/migration/V002__nhume_core.sql; services/nhume-service/src/main/resources/db/migration/V003__nhume_seed_demo.sql; services/nhume-service/src/main/resources/db/migration/V004__wave20_golden_tenant_deliveries.sql","","nhume-service","4 migrations","","backend-capability"
"notification-service:migrations","6 files","services/notification-service/src/main/resources/db/migration","database-migration-set","integration","Flyway migrations for notification-service","n/a","no","","no","","","event_outbox tables likely","services/notification-service/src/main/resources/db/migration/V001__init.sql; services/notification-service/src/main/resources/db/migration/V002__notification_v2.sql; services/notification-service/src/main/resources/db/migration/V003__template_versioning_and_receipts.sql; services/notification-service/src/main/resources/db/migration/V004__consent_pipeline_templates.sql; services/notification-service/src/main/resources/db/migration/V005__notification_read_model.sql; services/notification-service/src/main/resources/db/migration/V006__mvumo_patient_ref_cancelled.sql","","notification-service","6 migrations","","backend-capability"
"observability-service:migrations","2 files","services/observability-service/src/main/resources/db/migration","database-migration-set","integration","Flyway migrations for observability-service","n/a","no","","no","","","event_outbox tables likely","services/observability-service/src/main/resources/db/migration/V001__init.sql; services/observability-service/src/main/resources/db/migration/V002__ops_tables.sql","","observability-service","2 migrations","","backend-capability"
"offline-edge-service:migrations","8 files","services/offline-edge-service/src/main/resources/db/migration","database-migration-set","integration","Flyway migrations for offline-edge-service","n/a","no","","no","","","event_outbox tables likely","services/offline-edge-service/src/main/resources/db/migration/V001__init.sql; services/offline-edge-service/src/main/resources/db/migration/V002__offline_edge.sql; services/offline-edge-service/src/main/resources/db/migration/V003__conflict_review_queue.sql; services/offline-edge-service/src/main/resources/db/migration/V004__wave15_offline_sync.sql; services/offline-edge-service/src/main/resources/db/migration/V005__break_glass_events.sql; services/offline-edge-service/src/main/resources/db/migration/V006__captured_actions_break_glass.sql; services/offline-edge-service/src/main/resources/db/migration/V007__captured_actions_hash_chain.sql; services/offline-edge-service/src/main/resources/db/migration/V008__entitlements_device_fingerprint.sql","","offline-edge-service","8 migrations","","backend-capability"
"offline-sync-service:migrations","2 files","services/offline-sync-service/src/main/resources/db/migration","database-migration-set","integration","Flyway migrations for offline-sync-service","n/a","no","","no","","","event_outbox tables likely","services/offline-sync-service/src/main/resources/db/migration/V001__init.sql; services/offline-sync-service/src/main/resources/db/migration/V002__outbox_conflict_idempotency.sql","","offline-sync-service","2 migrations","","backend-capability"
"oros-service:migrations","2 files","services/oros-service/src/main/resources/db/migration","database-migration-set","clinical","Flyway migrations for oros-service","n/a","no","","no","","","event_outbox tables likely","services/oros-service/src/main/resources/db/migration/V001__init.sql; services/oros-service/src/main/resources/db/migration/V002__add_coding_system_columns.sql","","oros-service","2 migrations","","backend-capability"
"pacs-adapter-service:migrations","3 files","services/pacs-adapter-service/src/main/resources/db/migration","database-migration-set","clinical","Flyway migrations for pacs-adapter-service","n/a","no","","no","","","event_outbox tables likely","services/pacs-adapter-service/src/main/resources/db/migration/V001__init.sql; services/pacs-adapter-service/src/main/resources/db/migration/V002__pacs_companion_outbox_and_imaging_columns.sql; services/pacs-adapter-service/src/main/resources/db/migration/V003__imaging_pacs_domain_extension.sql","","pacs-adapter-service","3 migrations","","backend-capability"
"pct-service:migrations","9 files","services/pct-service/src/main/resources/db/migration","database-migration-set","clinical","Flyway migrations for pct-service","n/a","no","","no","","","event_outbox tables likely","services/pct-service/src/main/resources/db/migration/V001__init.sql; services/pct-service/src/main/resources/db/migration/V002__add_encounter_denorm_columns.sql; services/pct-service/src/main/resources/db/migration/V003__control_channel_watermark.sql; services/pct-service/src/main/resources/db/migration/V004__emergency_care_first.sql; services/pct-service/src/main/resources/db/migration/V005__clinical_notes.sql; services/pct-service/src/main/resources/db/migration/V006__add_actor_id_to_pct_telemetry_events.sql; services/pct-service/src/main/resources/db/migration/V007__encounter_mastery_metadata.sql; services/pct-service/src/main/resources/db/migration/V008__telemedicine_referrals_and_sessions.sql; services/pct-service/src/main/resources/db/migration/V009__virtual_encounter_referrals_telehealth.sql","","pct-service","9 migrations","","backend-capability"
"pharmacy-elmis-adapter:migrations","1 files","services/pharmacy-elmis-adapter/src/main/resources/db/migration","database-migration-set","clinical","Flyway migrations for pharmacy-elmis-adapter","n/a","no","","no","","","event_outbox tables likely","services/pharmacy-elmis-adapter/src/main/resources/db/migration/V001__init.sql","","pharmacy-elmis-adapter","1 migrations","","backend-capability"
"pharmacy-service:migrations","4 files","services/pharmacy-service/src/main/resources/db/migration","database-migration-set","clinical","Flyway migrations for pharmacy-service","n/a","no","","no","","","event_outbox tables likely","services/pharmacy-service/src/main/resources/db/migration/V001__init.sql; services/pharmacy-service/src/main/resources/db/migration/V002__add_coding_system_columns.sql; services/pharmacy-service/src/main/resources/db/migration/V003__add_prescriptions_table.sql; services/pharmacy-service/src/main/resources/db/migration/V004__wave20_demo_dispense_order.sql","","pharmacy-service","4 migrations","","backend-capability"
"procurement-service:migrations","1 files","services/procurement-service/src/main/resources/db/migration","database-migration-set","enterprise","Flyway migrations for procurement-service","n/a","no","","no","","","event_outbox tables likely","services/procurement-service/src/main/resources/db/migration/V001__init.sql","","procurement-service","1 migrations","","backend-capability"
"product-registry-service:migrations","2 files","services/product-registry-service/src/main/resources/db/migration","database-migration-set","registry","Flyway migrations for product-registry-service","n/a","no","","no","","","event_outbox tables likely","services/product-registry-service/src/main/resources/db/migration/V001__init.sql; services/product-registry-service/src/main/resources/db/migration/V002__outbox_idempotency.sql","","product-registry-service","2 migrations","","backend-capability"
"reporting-service:migrations","1 files","services/reporting-service/src/main/resources/db/migration","database-migration-set","data","Flyway migrations for reporting-service","n/a","no","","no","","","event_outbox tables likely","services/reporting-service/src/main/resources/db/migration/V001__init.sql","","reporting-service","1 migrations","","backend-capability"
"rules-service:migrations","3 files","services/rules-service/src/main/resources/db/migration","database-migration-set","clinical","Flyway migrations for rules-service","n/a","no","","no","","","event_outbox tables likely","services/rules-service/src/main/resources/db/migration/V001__init.sql; services/rules-service/src/main/resources/db/migration/V002__rules_v2.sql; services/rules-service/src/main/resources/db/migration/V003__rename_rule_key_column.sql","","rules-service","3 migrations","","backend-capability"
"schema-registry-service:migrations","1 files","services/schema-registry-service/src/main/resources/db/migration","database-migration-set","integration","Flyway migrations for schema-registry-service","n/a","no","","no","","","event_outbox tables likely","services/schema-registry-service/src/main/resources/db/migration/V001__init.sql","","schema-registry-service","1 migrations","","backend-capability"
"search-service:migrations","3 files","services/search-service/src/main/resources/db/migration","database-migration-set","data","Flyway migrations for search-service","n/a","no","","no","","","event_outbox tables likely","services/search-service/src/main/resources/db/migration/V001__init.sql; services/search-service/src/main/resources/db/migration/V002__search_index_embedding.sql; services/search-service/src/main/resources/db/migration/V003__pgvector_ann.sql","","search-service","3 migrations","","backend-capability"
"security-hardening-service:migrations","1 files","services/security-hardening-service/src/main/resources/db/migration","database-migration-set","integration","Flyway migrations for security-hardening-service","n/a","no","","no","","","event_outbox tables likely","services/security-hardening-service/src/main/resources/db/migration/V001__init.sql","","security-hardening-service","1 migrations","","backend-capability"
"share-slip-service:migrations","1 files","services/share-slip-service/src/main/resources/db/migration","database-migration-set","enterprise","Flyway migrations for share-slip-service","n/a","no","","no","","","event_outbox tables likely","services/share-slip-service/src/main/resources/db/migration/V001__init.sql","","share-slip-service","1 migrations","","backend-capability"
"simba-service:migrations","2 files","services/simba-service/src/main/resources/db/migration","database-migration-set","enterprise","Flyway migrations for simba-service","n/a","no","","no","","","event_outbox tables likely","services/simba-service/src/main/resources/db/migration/V001__init.sql; services/simba-service/src/main/resources/db/migration/V002__personal_health_sources_and_alerts.sql","","simba-service","2 migrations","","backend-capability"
"support-service:migrations","4 files","services/support-service/src/main/resources/db/migration","database-migration-set","integration","Flyway migrations for support-service","n/a","no","","no","","","event_outbox tables likely","services/support-service/src/main/resources/db/migration/V001__init.sql; services/support-service/src/main/resources/db/migration/V002__support_tables.sql; services/support-service/src/main/resources/db/migration/V003__ticket_tracking_fields.sql; services/support-service/src/main/resources/db/migration/V004__comments_escalation_messages_assignments.sql","","support-service","4 migrations","","backend-capability"
"surveillance-service:migrations","11 files","services/surveillance-service/src/main/resources/db/migration","database-migration-set","data","Flyway migrations for surveillance-service","n/a","no","","no","","","event_outbox tables likely","services/surveillance-service/src/main/resources/db/migration/V001__init.sql; services/surveillance-service/src/main/resources/db/migration/V002__counters_and_alerts.sql; services/surveillance-service/src/main/resources/db/migration/V003__add_coding_system_columns.sql; services/surveillance-service/src/main/resources/db/migration/V004__ph_operations_lifecycle.sql; services/surveillance-service/src/main/resources/db/migration/V005__environmental_complaints.sql; services/surveillance-service/src/main/resources/db/migration/V006__ph_intelligence_ops.sql; services/surveillance-service/src/main/resources/db/migration/V007__ph_intelligence_rule_engine.sql; services/surveillance-service/src/main/resources/db/migration/V008__outbox_companion_columns.sql; services/surveillance-service/src/main/resources/db/migration/V009__field_tasks.sql; services/surveillance-service/src/main/resources/db/migration/V010__wave20_demo_field_task.sql; services/surveillance-service/src/main/resources/db/migration/V011__outbox_occurred_at.sql","","surveillance-service","11 migrations","","backend-capability"
"tshepo-audit-service:migrations","2 files","services/tshepo-audit-service/src/main/resources/db/migration","database-migration-set","trust","Flyway migrations for tshepo-audit-service","n/a","no","","no","","","event_outbox tables likely","services/tshepo-audit-service/src/main/resources/db/migration/V001__init.sql; services/tshepo-audit-service/src/main/resources/db/migration/V002__add_event_outbox.sql","","tshepo-audit-service","2 migrations","","backend-capability"
"tshepo-authz-service:migrations","12 files","services/tshepo-authz-service/src/main/resources/db/migration","database-migration-set","trust","Flyway migrations for tshepo-authz-service","n/a","no","","no","","","event_outbox tables likely","services/tshepo-authz-service/src/main/resources/db/migration/V001__init.sql; services/tshepo-authz-service/src/main/resources/db/migration/V002__add_10_dimension_access_control_fields.sql; services/tshepo-authz-service/src/main/resources/db/migration/V003__visibility_escalation.sql; services/tshepo-authz-service/src/main/resources/db/migration/V004__seed_sample_visibility_policy_rules.sql; services/tshepo-authz-service/src/main/resources/db/migration/V005__registry_intake_policy_rules.sql; services/tshepo-authz-service/src/main/resources/db/migration/V006__intelligence_plane_policy_rules.sql; services/tshepo-authz-service/src/main/resources/db/migration/V007__finance_workspace_policy_rules.sql; services/tshepo-authz-service/src/main/resources/db/migration/V008__shell_workspace_policy_rules.sql; services/tshepo-authz-service/src/main/resources/db/migration/V009__shell_workspace_extended_roles.sql; services/tshepo-authz-service/src/main/resources/db/migration/V011__widen_remaining_short_varchar_columns.sql; services/tshepo-authz-service/src/main/resources/db/migration/V012__public_health_policy_rules.sql; services/tshepo-authz-service/src/main/resources/db/migration/V013__widen_action_resource_type_columns.sql","","tshepo-authz-service","12 migrations","","backend-capability"
"tshepo-consent-service:migrations","1 files","services/tshepo-consent-service/src/main/resources/db/migration","database-migration-set","trust","Flyway migrations for tshepo-consent-service","n/a","no","","no","","","event_outbox tables likely","services/tshepo-consent-service/src/main/resources/db/migration/V001__init.sql","","tshepo-consent-service","1 migrations","","backend-capability"
"tshepo-identity-service:migrations","1 files","services/tshepo-identity-service/src/main/resources/db/migration","database-migration-set","trust","Flyway migrations for tshepo-identity-service","n/a","no","","no","","","event_outbox tables likely","services/tshepo-identity-service/src/main/resources/db/migration/V001__init.sql","","tshepo-identity-service","1 migrations","","backend-capability"
"tshepo-keys-service:migrations","1 files","services/tshepo-keys-service/src/main/resources/db/migration","database-migration-set","trust","Flyway migrations for tshepo-keys-service","n/a","no","","no","","","event_outbox tables likely","services/tshepo-keys-service/src/main/resources/db/migration/V001__init.sql","","tshepo-keys-service","1 migrations","","backend-capability"
"tshepo-offline-service:migrations","1 files","services/tshepo-offline-service/src/main/resources/db/migration","database-migration-set","trust","Flyway migrations for tshepo-offline-service","n/a","no","","no","","","event_outbox tables likely","services/tshepo-offline-service/src/main/resources/db/migration/V001__init.sql","","tshepo-offline-service","1 migrations","","backend-capability"
"tshepo-service:migrations","11 files","services/tshepo-service/src/main/resources/db/migration","database-migration-set","trust","Flyway migrations for tshepo-service","n/a","no","","no","","","event_outbox tables likely","services/tshepo-service/src/main/resources/db/migration/V001__init.sql; services/tshepo-service/src/main/resources/db/migration/V002__audit_chain.sql; services/tshepo-service/src/main/resources/db/migration/V003__consent.sql; services/tshepo-service/src/main/resources/db/migration/V004__device_risk.sql; services/tshepo-service/src/main/resources/db/migration/V005__companion_idempotency.sql; services/tshepo-service/src/main/resources/db/migration/V006__policy_evidence_columns.sql; services/tshepo-service/src/main/resources/db/migration/V007__health_os_doctrine_audit_columns.sql; services/tshepo-service/src/main/resources/db/migration/V008__audit_doctrine_completeness.sql; services/tshepo-service/src/main/resources/db/migration/V009__biometric_policy_rules.sql; services/tshepo-service/src/main/resources/db/migration/V010__biometric_policy_actor_assurance.sql; services/tshepo-service/src/main/resources/db/migration/V011__patient_share_policy_rules.sql","","tshepo-service","11 migrations","","backend-capability"
"tuso-service:migrations","9 files","services/tuso-service/src/main/resources/db/migration","database-migration-set","registry","Flyway migrations for tuso-service","n/a","no","","no","","","event_outbox tables likely","services/tuso-service/src/main/resources/db/migration/V001__init.sql; services/tuso-service/src/main/resources/db/migration/V002__full_schema.sql; services/tuso-service/src/main/resources/db/migration/V003__companion_idempotency.sql; services/tuso-service/src/main/resources/db/migration/V004__outbox_v11_columns.sql; services/tuso-service/src/main/resources/db/migration/V005__facility_operating_profile.sql; services/tuso-service/src/main/resources/db/migration/V006__facility_regulatory_operations.sql; services/tuso-service/src/main/resources/db/migration/V007__pic_assignment_external_id.sql; services/tuso-service/src/main/resources/db/migration/V008__pic_assignment_impilo_health_id.sql; services/tuso-service/src/main/resources/db/migration/V009__zw_geo_locality.sql","","tuso-service","9 migrations","","backend-capability"
"ubomi-service:migrations","1 files","services/ubomi-service/src/main/resources/db/migration","database-migration-set","registry","Flyway migrations for ubomi-service","n/a","no","","no","","","event_outbox tables likely","services/ubomi-service/src/main/resources/db/migration/V001__init.sql","","ubomi-service","1 migrations","","backend-capability"
"varapi-service:migrations","15 files","services/varapi-service/src/main/resources/db/migration","database-migration-set","registry","Flyway migrations for varapi-service","n/a","no","","no","","","event_outbox tables likely","services/varapi-service/src/main/resources/db/migration/V001__init.sql; services/varapi-service/src/main/resources/db/migration/V002__full_schema.sql; services/varapi-service/src/main/resources/db/migration/V003__companion_idempotency.sql; services/varapi-service/src/main/resources/db/migration/V004__outbox_v11_columns.sql; services/varapi-service/src/main/resources/db/migration/V005__provider_lifecycle_extended.sql; services/varapi-service/src/main/resources/db/migration/V006__provider_biometric_governance.sql; services/varapi-service/src/main/resources/db/migration/V007__provider_council_regulation.sql; services/varapi-service/src/main/resources/db/migration/V008__provider_biometric_verification_event.sql; services/varapi-service/src/main/resources/db/migration/V009__provider_council_domain_and_config.sql; services/varapi-service/src/main/resources/db/migration/V010__impilo_identity_anchor.sql; services/varapi-service/src/main/resources/db/migration/V011__external_provider_collaboration.sql; services/varapi-service/src/main/resources/db/migration/V012__council_registration_pattern.sql; services/varapi-service/src/main/resources/db/migration/V013__provider_certificates_schema_alignment.sql; services/varapi-service/src/main/resources/db/migration/V014__provider_varapi_v005_schema_alignment.sql; services/varapi-service/src/main/resources/db/migration/V015__provider_qualifications_schema_alignment.sql","","varapi-service","15 migrations","","backend-capability"
"vito-service:migrations","28 files","services/vito-service/src/main/resources/db/migration","database-migration-set","registry","Flyway migrations for vito-service","n/a","no","","no","","","event_outbox tables likely","services/vito-service/src/main/resources/db/migration/V001__init.sql; services/vito-service/src/main/resources/db/migration/V002__aliases.sql; services/vito-service/src/main/resources/db/migration/V003__dedup_cases.sql; services/vito-service/src/main/resources/db/migration/V004__offline_provisional.sql; services/vito-service/src/main/resources/db/migration/V005__ops_workflows.sql; services/vito-service/src/main/resources/db/migration/V006__smart_card.sql; services/vito-service/src/main/resources/db/migration/V007__wallet.sql; services/vito-service/src/main/resources/db/migration/V008__biometric.sql; services/vito-service/src/main/resources/db/migration/V009__matching.sql; services/vito-service/src/main/resources/db/migration/V010__health_summary.sql; services/vito-service/src/main/resources/db/migration/V011__alter_clients_add_jsonb_and_crid.sql; services/vito-service/src/main/resources/db/migration/V012__proofing_events.sql; services/vito-service/src/main/resources/db/migration/V013__issuance_requests.sql; services/vito-service/src/main/resources/db/migration/V014__delegated_pickup.sql; services/vito-service/src/main/resources/db/migration/V015__dedup_actions_and_merge_history.sql; services/vito-service/src/main/resources/db/migration/V016__idempotency_keys.sql; services/vito-service/src/main/resources/db/migration/V017__outbox_v11_columns.sql; services/vito-service/src/main/resources/db/migration/V018__outbox_v11_remaining_columns.sql; services/vito-service/src/main/resources/db/migration/V019__control_channel_watermark.sql; services/vito-service/src/main/resources/db/migration/V020__caregiver_linkage.sql; services/vito-service/src/main/resources/db/migration/V021__temp_id_supervisor_review.sql; services/vito-service/src/main/resources/db/migration/V022__client_identity_operations.sql; services/vito-service/src/main/resources/db/migration/V023__biometric_governance.sql; services/vito-service/src/main/resources/db/migration/V024__patient_share_collaboration.sql; services/vito-service/src/main/resources/db/migration/V025__patient_share_step_up.sql; services/vito-service/src/main/resources/db/migration/V026__dev_seed_smart_card.sql; services/vito-service/src/main/resources/db/migration/V027__external_registration_identifiers.sql; services/vito-service/src/main/resources/db/migration/V028__phid_pool.sql","","vito-service","28 migrations","","backend-capability"
"wellness-service:migrations","4 files","services/wellness-service/src/main/resources/db/migration","database-migration-set","enterprise","Flyway migrations for wellness-service","n/a","no","","no","","","event_outbox tables likely","services/wellness-service/src/main/resources/db/migration/V1__wellness_domain_idempotent.sql; services/wellness-service/src/main/resources/db/migration/V2__widen_wellness_vital_type.sql; services/wellness-service/src/main/resources/db/migration/V3__citizen_mylife_tables.sql; services/wellness-service/src/main/resources/db/migration/V4__personal_health_sources_and_alerts.sql","","wellness-service","4 migrations","","backend-capability"
"workflow-service:migrations","2 files","services/workflow-service/src/main/resources/db/migration","database-migration-set","integration","Flyway migrations for workflow-service","n/a","no","","no","","","event_outbox tables likely","services/workflow-service/src/main/resources/db/migration/V001__init.sql; services/workflow-service/src/main/resources/db/migration/V002__workflow_tables.sql","","workflow-service","2 migrations","","backend-capability"
"workforce-governance-service:migrations","1 files","services/workforce-governance-service/src/main/resources/db/migration","database-migration-set","enterprise","Flyway migrations for workforce-governance-service","n/a","no","","no","","","event_outbox tables likely","services/workforce-governance-service/src/main/resources/db/migration/V001__workforce_governance_init.sql","","workforce-governance-service","1 migrations","","backend-capability"
"zibo-service:migrations","2 files","services/zibo-service/src/main/resources/db/migration","database-migration-set","registry","Flyway migrations for zibo-service","n/a","no","","no","","","event_outbox tables likely","services/zibo-service/src/main/resources/db/migration/V001__init.sql; services/zibo-service/src/main/resources/db/migration/V002__outbox_v11_columns.sql","","zibo-service","2 migrations","","backend-capability"
"CLIENT_PROVIDER_JOURNEY_MAP","","docs/doctrine/CLIENT_PROVIDER_JOURNEY_MAP.md","doctrine-document","doctrine","Product/architecture doctrine document","n/a","guides-implementation","","guides-implementation","","","","","governance","","documented","","doctrine-only"
"CORE_TRANSACTION_ACCEPTANCE_CRITERIA","","docs/doctrine/CORE_TRANSACTION_ACCEPTANCE_CRITERIA.md","doctrine-document","doctrine","Product/architecture doctrine document","n/a","guides-implementation","","guides-implementation","","","","","governance","","documented","","doctrine-only"
"CORE_TRANSACTION_DOCTRINE","","docs/doctrine/CORE_TRANSACTION_DOCTRINE.md","doctrine-document","doctrine","Product/architecture doctrine document","n/a","guides-implementation","","guides-implementation","","","","","governance","","documented","","doctrine-only"
"CORE_TRANSACTION_IMPLEMENTATION_SUMMARY","","docs/doctrine/CORE_TRANSACTION_IMPLEMENTATION_SUMMARY.md","doctrine-document","doctrine","Product/architecture doctrine document","n/a","guides-implementation","","guides-implementation","","","","","governance","","documented","","doctrine-only"
"CORE_TRANSACTION_REPO_AUDIT","","docs/doctrine/CORE_TRANSACTION_REPO_AUDIT.md","doctrine-document","doctrine","Product/architecture doctrine document","n/a","guides-implementation","","guides-implementation","","","","","governance","","documented","","doctrine-only"
"CORE_TRANSACTION_STATE_MACHINE","","docs/doctrine/CORE_TRANSACTION_STATE_MACHINE.md","doctrine-document","doctrine","Product/architecture doctrine document","n/a","guides-implementation","","guides-implementation","","","","","governance","","documented","","doctrine-only"
"EXPERIENCE_LAYER_TRANSACTION_ANCHOR","","docs/doctrine/EXPERIENCE_LAYER_TRANSACTION_ANCHOR.md","doctrine-document","doctrine","Product/architecture doctrine document","n/a","guides-implementation","","guides-implementation","","","","","governance","","documented","","doctrine-only"
"HEALTH_OS_EXTENSIBILITY_DOCTRINE","","docs/doctrine/HEALTH_OS_EXTENSIBILITY_DOCTRINE.md","doctrine-document","doctrine","Product/architecture doctrine document","n/a","guides-implementation","","guides-implementation","","","","","governance","","documented","","doctrine-only"
"NOMPILO_INTELLIGENT_COMMAND_LAYER","","docs/doctrine/NOMPILO_INTELLIGENT_COMMAND_LAYER.md","doctrine-document","doctrine","Product/architecture doctrine document","n/a","guides-implementation","","guides-implementation","","","","","governance","","documented","","doctrine-only"
"NOMPILO_INTELLIGENT_JOURNEY_COMPANION","","docs/doctrine/NOMPILO_INTELLIGENT_JOURNEY_COMPANION.md","doctrine-document","doctrine","Product/architecture doctrine document","n/a","guides-implementation","","guides-implementation","","","","","governance","","documented","","doctrine-only"
"PERSON_JOURNEY","","docs/doctrine/PERSON_JOURNEY.md","doctrine-document","doctrine","Product/architecture doctrine document","n/a","guides-implementation","","guides-implementation","","","","","governance","","documented","","doctrine-only"
"PLATFORM_BACK_OF_HOUSE_JOURNEY","","docs/doctrine/PLATFORM_BACK_OF_HOUSE_JOURNEY.md","doctrine-document","doctrine","Product/architecture doctrine document","n/a","guides-implementation","","guides-implementation","","","","","governance","","documented","","doctrine-only"
"PROVIDER_JOURNEY","","docs/doctrine/PROVIDER_JOURNEY.md","doctrine-document","doctrine","Product/architecture doctrine document","n/a","guides-implementation","","guides-implementation","","","","","governance","","documented","","doctrine-only"
"README","","docs/doctrine/README.md","doctrine-document","doctrine","Product/architecture doctrine document","n/a","guides-implementation","","guides-implementation","","","","","governance","","documented","","doctrine-only"
"THREE_CORE_JOURNEYS","","docs/doctrine/THREE_CORE_JOURNEYS.md","doctrine-document","doctrine","Product/architecture doctrine document","n/a","guides-implementation","","guides-implementation","","","","","governance","","documented","","doctrine-only"
"costa-mushex-billing-timing","","docs/doctrine/costa-mushex-billing-timing.md","doctrine-document","doctrine","Product/architecture doctrine document","n/a","guides-implementation","","guides-implementation","","","","","governance","","documented","","doctrine-only"
"doctrine-gap-matrix","","docs/doctrine/doctrine-gap-matrix.md","doctrine-document","doctrine","Product/architecture doctrine document","n/a","guides-implementation","","guides-implementation","","","","","governance","","documented","","doctrine-only"
"health-os-doctrine","","docs/doctrine/health-os-doctrine.md","doctrine-document","doctrine","Product/architecture doctrine document","n/a","guides-implementation","","guides-implementation","","","","","governance","","documented","","doctrine-only"
"healthcare-coding-standards","","docs/doctrine/healthcare-coding-standards.md","doctrine-document","doctrine","Product/architecture doctrine document","n/a","guides-implementation","","guides-implementation","","","","","governance","","documented","","doctrine-only"
"mushex-gateway-neutrality","","docs/doctrine/mushex-gateway-neutrality.md","doctrine-document","doctrine","Product/architecture doctrine document","n/a","guides-implementation","","guides-implementation","","","","","governance","","documented","","doctrine-only"
"mobile-navigation-and-parity-doctrine","","docs/product/mobile-navigation-and-parity-doctrine.md","doctrine-document","doctrine","Product/architecture doctrine document","n/a","guides-implementation","","guides-implementation","","","","","governance","","documented","","doctrine-only"
"one-ui-shell-navigation-doctrine","","docs/product/one-ui-shell-navigation-doctrine.md","doctrine-document","doctrine","Product/architecture doctrine document","n/a","guides-implementation","","guides-implementation","","","","","governance","","documented","","doctrine-only"
"platform-wide-voice-dictation-doctrine","","docs/product/platform-wide-voice-dictation-doctrine.md","doctrine-document","doctrine","Product/architecture doctrine document","n/a","guides-implementation","","guides-implementation","","","","","governance","","documented","","doctrine-only"
"CLAUDE","","CLAUDE.md","doctrine-document","doctrine","Product/architecture doctrine document","n/a","guides-implementation","","guides-implementation","","","","","","","documented","","doctrine-only"
"AGENTS","","AGENTS.md","doctrine-document","doctrine","Product/architecture doctrine document","n/a","guides-implementation","","guides-implementation","","","","","","","documented","","doctrine-only"
"dockerfile:services/ai-model-registry-service/Dockerfile","","services/ai-model-registry-service/Dockerfile","dockerfile","infrastructure","Container image build definition","n/a","no","","no","","","","","","","build-artifact","","infrastructure-dependency"
"dockerfile:services/analytics-pipeline-service/Dockerfile","","services/analytics-pipeline-service/Dockerfile","dockerfile","infrastructure","Container image build definition","n/a","no","","no","","","","","","","build-artifact","","infrastructure-dependency"
"dockerfile:services/asset-registry-service/Dockerfile","","services/asset-registry-service/Dockerfile","dockerfile","infrastructure","Container image build definition","n/a","no","","no","","","","","","","build-artifact","","infrastructure-dependency"
"dockerfile:services/audit-ledger-service/Dockerfile","","services/audit-ledger-service/Dockerfile","dockerfile","infrastructure","Container image build definition","n/a","no","","no","","","","","","","build-artifact","","infrastructure-dependency"
"dockerfile:services/butano-fhir/Dockerfile","","services/butano-fhir/Dockerfile","dockerfile","infrastructure","Container image build definition","n/a","no","","no","","","","","","","build-artifact","","infrastructure-dependency"
"dockerfile:services/butano-service/Dockerfile","","services/butano-service/Dockerfile","dockerfile","infrastructure","Container image build definition","n/a","no","","no","","","","","","","build-artifact","","infrastructure-dependency"
"dockerfile:services/campaigns-service/Dockerfile","","services/campaigns-service/Dockerfile","dockerfile","infrastructure","Container image build definition","n/a","no","","no","","","","","","","build-artifact","","infrastructure-dependency"
"dockerfile:services/card-print-agent/Dockerfile","","services/card-print-agent/Dockerfile","dockerfile","infrastructure","Container image build definition","n/a","no","","no","","","","","","","build-artifact","","infrastructure-dependency"
"dockerfile:services/channels-service/Dockerfile","","services/channels-service/Dockerfile","dockerfile","infrastructure","Container image build definition","n/a","no","","no","","","","","","","build-artifact","","infrastructure-dependency"
"dockerfile:services/clinical-knowledge-platform-service/Dockerfile","","services/clinical-knowledge-platform-service/Dockerfile","dockerfile","infrastructure","Container image build definition","n/a","no","","no","","","","","","","build-artifact","","infrastructure-dependency"
"dockerfile:services/community-service/Dockerfile","","services/community-service/Dockerfile","dockerfile","infrastructure","Container image build definition","n/a","no","","no","","","","","","","build-artifact","","infrastructure-dependency"
"dockerfile:services/connector-fhir-adapter/Dockerfile","","services/connector-fhir-adapter/Dockerfile","dockerfile","infrastructure","Container image build definition","n/a","no","","no","","","","","","","build-artifact","","infrastructure-dependency"
"dockerfile:services/costing-engine-service/Dockerfile","","services/costing-engine-service/Dockerfile","dockerfile","infrastructure","Container image build definition","n/a","no","","no","","","","","","","build-artifact","","infrastructure-dependency"
"dockerfile:services/coverage-service/Dockerfile","","services/coverage-service/Dockerfile","dockerfile","infrastructure","Container image build definition","n/a","no","","no","","","","","","","build-artifact","","infrastructure-dependency"
"dockerfile:services/credential-verification-service/Dockerfile","","services/credential-verification-service/Dockerfile","dockerfile","infrastructure","Container image build definition","n/a","no","","no","","","","","","","build-artifact","","infrastructure-dependency"
"dockerfile:services/data-access-governance-service/Dockerfile","","services/data-access-governance-service/Dockerfile","dockerfile","infrastructure","Container image build definition","n/a","no","","no","","","","","","","build-artifact","","infrastructure-dependency"
"dockerfile:services/data-governance-service/Dockerfile","","services/data-governance-service/Dockerfile","dockerfile","infrastructure","Container image build definition","n/a","no","","no","","","","","","","build-artifact","","infrastructure-dependency"
"dockerfile:services/data-ingestion-service/Dockerfile","","services/data-ingestion-service/Dockerfile","dockerfile","infrastructure","Container image build definition","n/a","no","","no","","","","","","","build-artifact","","infrastructure-dependency"
"dockerfile:services/data-pipeline-service/Dockerfile","","services/data-pipeline-service/Dockerfile","dockerfile","infrastructure","Container image build definition","n/a","no","","no","","","","","","","build-artifact","","infrastructure-dependency"
"dockerfile:services/data-warehouse-service/Dockerfile","","services/data-warehouse-service/Dockerfile","dockerfile","infrastructure","Container image build definition","n/a","no","","no","","","","","","","build-artifact","","infrastructure-dependency"
"dockerfile:services/developer-portal-service/Dockerfile","","services/developer-portal-service/Dockerfile","dockerfile","infrastructure","Container image build definition","n/a","no","","no","","","","","","","build-artifact","","infrastructure-dependency"
"dockerfile:services/dispatch-service/Dockerfile","","services/dispatch-service/Dockerfile","dockerfile","infrastructure","Container image build definition","n/a","no","","no","","","","","","","build-artifact","","infrastructure-dependency"
"dockerfile:services/document-service/Dockerfile","","services/document-service/Dockerfile","dockerfile","infrastructure","Container image build definition","n/a","no","","no","","","","","","","build-artifact","","infrastructure-dependency"
"dockerfile:services/experience-bff/Dockerfile","","services/experience-bff/Dockerfile","dockerfile","infrastructure","Container image build definition","n/a","no","","no","","","","","","","build-artifact","","infrastructure-dependency"
"dockerfile:services/fhir-gateway-service/Dockerfile","","services/fhir-gateway-service/Dockerfile","dockerfile","infrastructure","Container image build definition","n/a","no","","no","","","","","","","build-artifact","","infrastructure-dependency"
"dockerfile:services/forms-service/Dockerfile","","services/forms-service/Dockerfile","dockerfile","infrastructure","Container image build definition","n/a","no","","no","","","","","","","build-artifact","","infrastructure-dependency"
"dockerfile:services/general-ledger-service/Dockerfile","","services/general-ledger-service/Dockerfile","dockerfile","infrastructure","Container image build definition","n/a","no","","no","","","","","","","build-artifact","","infrastructure-dependency"
"dockerfile:services/guidance-service/Dockerfile","","services/guidance-service/Dockerfile","dockerfile","infrastructure","Container image build definition","n/a","no","","no","","","","","","","build-artifact","","infrastructure-dependency"
"dockerfile:services/hr-payroll-service/Dockerfile","","services/hr-payroll-service/Dockerfile","dockerfile","infrastructure","Container image build definition","n/a","no","","no","","","","","","","build-artifact","","infrastructure-dependency"
"dockerfile:services/identity-assurance-service/Dockerfile","","services/identity-assurance-service/Dockerfile","dockerfile","infrastructure","Container image build definition","n/a","no","","no","","","","","","","build-artifact","","infrastructure-dependency"
"dockerfile:services/indawo-service/Dockerfile","","services/indawo-service/Dockerfile","dockerfile","infrastructure","Container image build definition","n/a","no","","no","","","","","","","build-artifact","","infrastructure-dependency"
"dockerfile:services/inpatient-service/Dockerfile","","services/inpatient-service/Dockerfile","dockerfile","infrastructure","Container image build definition","n/a","no","","no","","","","","","","build-artifact","","infrastructure-dependency"
"dockerfile:services/integration-hub/Dockerfile","","services/integration-hub/Dockerfile","dockerfile","infrastructure","Container image build definition","n/a","no","","no","","","","","","","build-artifact","","infrastructure-dependency"
"dockerfile:services/inventory-elmis-adapter/Dockerfile","","services/inventory-elmis-adapter/Dockerfile","dockerfile","infrastructure","Container image build definition","n/a","no","","no","","","","","","","build-artifact","","infrastructure-dependency"
"dockerfile:services/inventory-service/Dockerfile","","services/inventory-service/Dockerfile","dockerfile","infrastructure","Container image build definition","n/a","no","","no","","","","","","","build-artifact","","infrastructure-dependency"
"dockerfile:services/iot-ingestion-service/Dockerfile","","services/iot-ingestion-service/Dockerfile","dockerfile","infrastructure","Container image build definition","n/a","no","","no","","","","","","","build-artifact","","infrastructure-dependency"
"dockerfile:services/jobs-service/Dockerfile","","services/jobs-service/Dockerfile","dockerfile","infrastructure","Container image build definition","n/a","no","","no","","","","","","","build-artifact","","infrastructure-dependency"
"dockerfile:services/landela-adapter-service/Dockerfile","","services/landela-adapter-service/Dockerfile","dockerfile","infrastructure","Container image build definition","n/a","no","","no","","","","","","","build-artifact","","infrastructure-dependency"
"dockerfile:services/learning-service/Dockerfile","","services/learning-service/Dockerfile","dockerfile","infrastructure","Container image build definition","n/a","no","","no","","","","","","","build-artifact","","infrastructure-dependency"
"dockerfile:services/llm-orchestration-service/Dockerfile","","services/llm-orchestration-service/Dockerfile","dockerfile","infrastructure","Container image build definition","n/a","no","","no","","","","","","","build-artifact","","infrastructure-dependency"
"dockerfile:services/msika-apps-service/Dockerfile","","services/msika-apps-service/Dockerfile","dockerfile","infrastructure","Container image build definition","n/a","no","","no","","","","","","","build-artifact","","infrastructure-dependency"
"dockerfile:services/msika-flow-service/Dockerfile","","services/msika-flow-service/Dockerfile","dockerfile","infrastructure","Container image build definition","n/a","no","","no","","","","","","","build-artifact","","infrastructure-dependency"
"dockerfile:services/msika-service/Dockerfile","","services/msika-service/Dockerfile","dockerfile","infrastructure","Container image build definition","n/a","no","","no","","","","","","","build-artifact","","infrastructure-dependency"
"dockerfile:services/mushe-wallet-service/Dockerfile","","services/mushe-wallet-service/Dockerfile","dockerfile","infrastructure","Container image build definition","n/a","no","","no","","","","","","","build-artifact","","infrastructure-dependency"
"dockerfile:services/mushex-service/Dockerfile","","services/mushex-service/Dockerfile","dockerfile","infrastructure","Container image build definition","n/a","no","","no","","","","","","","build-artifact","","infrastructure-dependency"
"dockerfile:services/mvumo-service/Dockerfile","","services/mvumo-service/Dockerfile","dockerfile","infrastructure","Container image build definition","n/a","no","","no","","","","","","","build-artifact","","infrastructure-dependency"
"dockerfile:services/national-data-repository-service/Dockerfile","","services/national-data-repository-service/Dockerfile","dockerfile","infrastructure","Container image build definition","n/a","no","","no","","","","","","","build-artifact","","infrastructure-dependency"
"dockerfile:services/ndila-service/Dockerfile","","services/ndila-service/Dockerfile","dockerfile","infrastructure","Container image build definition","n/a","no","","no","","","","","","","build-artifact","","infrastructure-dependency"
"dockerfile:services/ndr-service/Dockerfile","","services/ndr-service/Dockerfile","dockerfile","infrastructure","Container image build definition","n/a","no","","no","","","","","","","build-artifact","","infrastructure-dependency"
"dockerfile:services/nhume-service/Dockerfile","","services/nhume-service/Dockerfile","dockerfile","infrastructure","Container image build definition","n/a","no","","no","","","","","","","build-artifact","","infrastructure-dependency"
"dockerfile:services/notification-service/Dockerfile","","services/notification-service/Dockerfile","dockerfile","infrastructure","Container image build definition","n/a","no","","no","","","","","","","build-artifact","","infrastructure-dependency"
"dockerfile:services/observability-service/Dockerfile","","services/observability-service/Dockerfile","dockerfile","infrastructure","Container image build definition","n/a","no","","no","","","","","","","build-artifact","","infrastructure-dependency"
"dockerfile:services/offline-edge-service/Dockerfile","","services/offline-edge-service/Dockerfile","dockerfile","infrastructure","Container image build definition","n/a","no","","no","","","","","","","build-artifact","","infrastructure-dependency"
"dockerfile:services/offline-sync-service/Dockerfile","","services/offline-sync-service/Dockerfile","dockerfile","infrastructure","Container image build definition","n/a","no","","no","","","","","","","build-artifact","","infrastructure-dependency"
"dockerfile:services/oros-service/Dockerfile","","services/oros-service/Dockerfile","dockerfile","infrastructure","Container image build definition","n/a","no","","no","","","","","","","build-artifact","","infrastructure-dependency"
"dockerfile:services/pacs-adapter-service/Dockerfile","","services/pacs-adapter-service/Dockerfile","dockerfile","infrastructure","Container image build definition","n/a","no","","no","","","","","","","build-artifact","","infrastructure-dependency"
"dockerfile:services/pct-service/Dockerfile","","services/pct-service/Dockerfile","dockerfile","infrastructure","Container image build definition","n/a","no","","no","","","","","","","build-artifact","","infrastructure-dependency"
"dockerfile:services/pharmacy-elmis-adapter/Dockerfile","","services/pharmacy-elmis-adapter/Dockerfile","dockerfile","infrastructure","Container image build definition","n/a","no","","no","","","","","","","build-artifact","","infrastructure-dependency"
"dockerfile:services/pharmacy-service/Dockerfile","","services/pharmacy-service/Dockerfile","dockerfile","infrastructure","Container image build definition","n/a","no","","no","","","","","","","build-artifact","","infrastructure-dependency"
"dockerfile:services/procurement-service/Dockerfile","","services/procurement-service/Dockerfile","dockerfile","infrastructure","Container image build definition","n/a","no","","no","","","","","","","build-artifact","","infrastructure-dependency"
"dockerfile:services/product-registry-service/Dockerfile","","services/product-registry-service/Dockerfile","dockerfile","infrastructure","Container image build definition","n/a","no","","no","","","","","","","build-artifact","","infrastructure-dependency"
"dockerfile:services/referral-service/Dockerfile","","services/referral-service/Dockerfile","dockerfile","infrastructure","Container image build definition","n/a","no","","no","","","","","","","build-artifact","","infrastructure-dependency"
"dockerfile:services/reporting-service/Dockerfile","","services/reporting-service/Dockerfile","dockerfile","infrastructure","Container image build definition","n/a","no","","no","","","","","","","build-artifact","","infrastructure-dependency"
"dockerfile:services/rtc-gateway-service/Dockerfile","","services/rtc-gateway-service/Dockerfile","dockerfile","infrastructure","Container image build definition","n/a","no","","no","","","","","","","build-artifact","","infrastructure-dependency"
"dockerfile:services/rules-service/Dockerfile","","services/rules-service/Dockerfile","dockerfile","infrastructure","Container image build definition","n/a","no","","no","","","","","","","build-artifact","","infrastructure-dependency"
"dockerfile:services/scheduling-service/Dockerfile","","services/scheduling-service/Dockerfile","dockerfile","infrastructure","Container image build definition","n/a","no","","no","","","","","","","build-artifact","","infrastructure-dependency"
"dockerfile:services/schema-registry-service/Dockerfile","","services/schema-registry-service/Dockerfile","dockerfile","infrastructure","Container image build definition","n/a","no","","no","","","","","","","build-artifact","","infrastructure-dependency"
"dockerfile:services/search-service/Dockerfile","","services/search-service/Dockerfile","dockerfile","infrastructure","Container image build definition","n/a","no","","no","","","","","","","build-artifact","","infrastructure-dependency"
"dockerfile:services/security-hardening-service/Dockerfile","","services/security-hardening-service/Dockerfile","dockerfile","infrastructure","Container image build definition","n/a","no","","no","","","","","","","build-artifact","","infrastructure-dependency"
"dockerfile:services/share-slip-service/Dockerfile","","services/share-slip-service/Dockerfile","dockerfile","infrastructure","Container image build definition","n/a","no","","no","","","","","","","build-artifact","","infrastructure-dependency"
"dockerfile:services/simba-service/Dockerfile","","services/simba-service/Dockerfile","dockerfile","infrastructure","Container image build definition","n/a","no","","no","","","","","","","build-artifact","","infrastructure-dependency"
"dockerfile:services/support-service/Dockerfile","","services/support-service/Dockerfile","dockerfile","infrastructure","Container image build definition","n/a","no","","no","","","","","","","build-artifact","","infrastructure-dependency"
"dockerfile:services/surveillance-service/Dockerfile","","services/surveillance-service/Dockerfile","dockerfile","infrastructure","Container image build definition","n/a","no","","no","","","","","","","build-artifact","","infrastructure-dependency"
"dockerfile:services/tshepo-audit-service/Dockerfile","","services/tshepo-audit-service/Dockerfile","dockerfile","infrastructure","Container image build definition","n/a","no","","no","","","","","","","build-artifact","","infrastructure-dependency"
"dockerfile:services/tshepo-authz-service/Dockerfile","","services/tshepo-authz-service/Dockerfile","dockerfile","infrastructure","Container image build definition","n/a","no","","no","","","","","","","build-artifact","","infrastructure-dependency"
"dockerfile:services/tshepo-authz-service/Dockerfile.dev","","services/tshepo-authz-service/Dockerfile.dev","dockerfile","infrastructure","Container image build definition","n/a","no","","no","","","","","","","build-artifact","","infrastructure-dependency"
"dockerfile:services/tshepo-consent-service/Dockerfile","","services/tshepo-consent-service/Dockerfile","dockerfile","infrastructure","Container image build definition","n/a","no","","no","","","","","","","build-artifact","","infrastructure-dependency"
"dockerfile:services/tshepo-identity-service/Dockerfile","","services/tshepo-identity-service/Dockerfile","dockerfile","infrastructure","Container image build definition","n/a","no","","no","","","","","","","build-artifact","","infrastructure-dependency"
"dockerfile:services/tshepo-keys-service/Dockerfile","","services/tshepo-keys-service/Dockerfile","dockerfile","infrastructure","Container image build definition","n/a","no","","no","","","","","","","build-artifact","","infrastructure-dependency"
"dockerfile:services/tshepo-offline-service/Dockerfile","","services/tshepo-offline-service/Dockerfile","dockerfile","infrastructure","Container image build definition","n/a","no","","no","","","","","","","build-artifact","","infrastructure-dependency"
"dockerfile:services/tshepo-service/Dockerfile","","services/tshepo-service/Dockerfile","dockerfile","infrastructure","Container image build definition","n/a","no","","no","","","","","","","build-artifact","","infrastructure-dependency"
"dockerfile:services/tuso-service/Dockerfile","","services/tuso-service/Dockerfile","dockerfile","infrastructure","Container image build definition","n/a","no","","no","","","","","","","build-artifact","","infrastructure-dependency"
"dockerfile:services/ubomi-service/Dockerfile","","services/ubomi-service/Dockerfile","dockerfile","infrastructure","Container image build definition","n/a","no","","no","","","","","","","build-artifact","","infrastructure-dependency"
"dockerfile:services/varapi-service/Dockerfile","","services/varapi-service/Dockerfile","dockerfile","infrastructure","Container image build definition","n/a","no","","no","","","","","","","build-artifact","","infrastructure-dependency"
"dockerfile:services/vito-service/Dockerfile","","services/vito-service/Dockerfile","dockerfile","infrastructure","Container image build definition","n/a","no","","no","","","","","","","build-artifact","","infrastructure-dependency"
"dockerfile:services/wellness-service/Dockerfile","","services/wellness-service/Dockerfile","dockerfile","infrastructure","Container image build definition","n/a","no","","no","","","","","","","build-artifact","","infrastructure-dependency"
"dockerfile:services/workflow-service/Dockerfile","","services/workflow-service/Dockerfile","dockerfile","infrastructure","Container image build definition","n/a","no","","no","","","","","","","build-artifact","","infrastructure-dependency"
"dockerfile:services/workforce-governance-service/Dockerfile","","services/workforce-governance-service/Dockerfile","dockerfile","infrastructure","Container image build definition","n/a","no","","no","","","","","","","build-artifact","","infrastructure-dependency"
"dockerfile:services/zibo-service/Dockerfile","","services/zibo-service/Dockerfile","dockerfile","infrastructure","Container image build definition","n/a","no","","no","","","","","","","build-artifact","","infrastructure-dependency"
"dockerfile:ui/one-ui-shell/Dockerfile","","ui/one-ui-shell/Dockerfile","dockerfile","infrastructure","Container image build definition","n/a","no","","no","","","","","","","build-artifact","","infrastructure-dependency"
"Chart.yaml","deploy/helm/impilo-vnext","deploy/helm/impilo-vnext/Chart.yaml","helm-artifact","infrastructure/deploy","Helm chart template or values","n/a","no","","no","","","","","","","deploy-config","","infrastructure-dependency"
"_helpers.tpl","deploy/helm/impilo-vnext/templates","deploy/helm/impilo-vnext/templates/_helpers.tpl","helm-artifact","infrastructure/deploy","Helm chart template or values","n/a","no","","no","","","","","","","deploy-config","","infrastructure-dependency"
"envoy.yaml","deploy/helm/impilo-vnext/templates","deploy/helm/impilo-vnext/templates/envoy.yaml","helm-artifact","infrastructure/deploy","Helm chart template or values","n/a","no","","no","","","","","","","deploy-config","","infrastructure-dependency"
"experience-bff.yaml","deploy/helm/impilo-vnext/templates","deploy/helm/impilo-vnext/templates/experience-bff.yaml","helm-artifact","infrastructure/deploy","Helm chart template or values","n/a","no","","no","","","","","","","deploy-config","","infrastructure-dependency"
"hapi-fhir.yaml","deploy/helm/impilo-vnext/templates","deploy/helm/impilo-vnext/templates/hapi-fhir.yaml","helm-artifact","infrastructure/deploy","Helm chart template or values","n/a","no","","no","","","","","","","deploy-config","","infrastructure-dependency"
"ingress.yaml","deploy/helm/impilo-vnext/templates","deploy/helm/impilo-vnext/templates/ingress.yaml","helm-artifact","infrastructure/deploy","Helm chart template or values","n/a","no","","no","","","","","","","deploy-config","","infrastructure-dependency"
"kafka.yaml","deploy/helm/impilo-vnext/templates","deploy/helm/impilo-vnext/templates/kafka.yaml","helm-artifact","infrastructure/deploy","Helm chart template or values","n/a","no","","no","","","","","","","deploy-config","","infrastructure-dependency"
"keycloak-realm-import.yaml","deploy/helm/impilo-vnext/templates","deploy/helm/impilo-vnext/templates/keycloak-realm-import.yaml","helm-artifact","infrastructure/deploy","Helm chart template or values","n/a","no","","no","","","","","","","deploy-config","","infrastructure-dependency"
"keycloak.yaml","deploy/helm/impilo-vnext/templates","deploy/helm/impilo-vnext/templates/keycloak.yaml","helm-artifact","infrastructure/deploy","Helm chart template or values","n/a","no","","no","","","","","","","deploy-config","","infrastructure-dependency"
"microservice.yaml","deploy/helm/impilo-vnext/templates","deploy/helm/impilo-vnext/templates/microservice.yaml","helm-artifact","infrastructure/deploy","Helm chart template or values","n/a","no","","no","","","","","","","deploy-config","","infrastructure-dependency"
"minio.yaml","deploy/helm/impilo-vnext/templates","deploy/helm/impilo-vnext/templates/minio.yaml","helm-artifact","infrastructure/deploy","Helm chart template or values","n/a","no","","no","","","","","","","deploy-config","","infrastructure-dependency"
"one-ui-shell.yaml","deploy/helm/impilo-vnext/templates","deploy/helm/impilo-vnext/templates/one-ui-shell.yaml","helm-artifact","infrastructure/deploy","Helm chart template or values","n/a","no","","no","","","","","","","deploy-config","","infrastructure-dependency"
"postgres-init-databases.yaml","deploy/helm/impilo-vnext/templates","deploy/helm/impilo-vnext/templates/postgres-init-databases.yaml","helm-artifact","infrastructure/deploy","Helm chart template or values","n/a","no","","no","","","","","","","deploy-config","","infrastructure-dependency"
"postgres.yaml","deploy/helm/impilo-vnext/templates","deploy/helm/impilo-vnext/templates/postgres.yaml","helm-artifact","infrastructure/deploy","Helm chart template or values","n/a","no","","no","","","","","","","deploy-config","","infrastructure-dependency"
"preview-credentials.yaml","deploy/helm/impilo-vnext/templates","deploy/helm/impilo-vnext/templates/preview-credentials.yaml","helm-artifact","infrastructure/deploy","Helm chart template or values","n/a","no","","no","","","","","","","deploy-config","","infrastructure-dependency"
"redis.yaml","deploy/helm/impilo-vnext/templates","deploy/helm/impilo-vnext/templates/redis.yaml","helm-artifact","infrastructure/deploy","Helm chart template or values","n/a","no","","no","","","","","","","deploy-config","","infrastructure-dependency"
"registries-mirror.yaml","deploy/helm/impilo-vnext/templates","deploy/helm/impilo-vnext/templates/registries-mirror.yaml","helm-artifact","infrastructure/deploy","Helm chart template or values","n/a","no","","no","","","","","","","deploy-config","","infrastructure-dependency"
"values-full-preview-runtime.generated.yaml","deploy/helm/impilo-vnext","deploy/helm/impilo-vnext/values-full-preview-runtime.generated.yaml","helm-artifact","infrastructure/deploy","Helm chart template or values","n/a","no","","no","","","","","","","deploy-config","","infrastructure-dependency"
"values-full-preview.yaml","deploy/helm/impilo-vnext","deploy/helm/impilo-vnext/values-full-preview.yaml","helm-artifact","infrastructure/deploy","Helm chart template or values","n/a","no","","no","","","","","","","deploy-config","","infrastructure-dependency"
"values-preview.yaml","deploy/helm/impilo-vnext","deploy/helm/impilo-vnext/values-preview.yaml","helm-artifact","infrastructure/deploy","Helm chart template or values","n/a","no","","no","","","","","","","deploy-config","","infrastructure-dependency"
"values.yaml","deploy/helm/impilo-vnext","deploy/helm/impilo-vnext/values.yaml","helm-artifact","infrastructure/deploy","Helm chart template or values","n/a","no","","no","","","","","","","deploy-config","","infrastructure-dependency"
"ci.yml","",".github/workflows/ci.yml","ci-workflow","infrastructure/ci","GitHub Actions workflow","n/a","no","","no","","","","","","","ci-pipeline","","infrastructure-dependency"
"deploy-preview.yml","",".github/workflows/deploy-preview.yml","ci-workflow","infrastructure/ci","GitHub Actions workflow","n/a","no","","no","","","","","","","ci-pipeline","","infrastructure-dependency"
"deploy.yml","",".github/workflows/deploy.yml","ci-workflow","infrastructure/ci","GitHub Actions workflow","n/a","no","","no","","","","","","","ci-pipeline","","infrastructure-dependency"
"deprecated-surface-guard.yml","",".github/workflows/deprecated-surface-guard.yml","ci-workflow","infrastructure/ci","GitHub Actions workflow","n/a","no","","no","","","","","","","ci-pipeline","","infrastructure-dependency"
"shared-ui","","ui/shared-ui","ui-workspace","experience/ui","UI workspace: shared-ui","n/a","sidecar-or-legacy","","no","","","","","","","active","","unknown-needs-review"
"one-ui-shell","","ui/one-ui-shell","ui-workspace","experience/ui","UI workspace: one-ui-shell","n/a","canonical","418 routes","no","","","","","","experience-bff","active","","frontend-route"
"ops-console","","ui/ops-console","ui-workspace","experience/ui","UI workspace: ops-console","n/a","sidecar-or-legacy","","no","","","","","","","active","","unknown-needs-review"
"ehr","deprecated","ui/ehr","ui-workspace","experience/ui","Deprecated UI workspace: ehr","n/a","sidecar-or-legacy","","no","","","","","","","deprecated","migrated to one-ui-shell","deprecated-retired"
"portal","","ui/portal","ui-workspace","experience/ui","UI workspace: portal","n/a","sidecar-or-legacy","","no","","","","","","","active","","unknown-needs-review"
"ops-docs","","ui/ops-docs","ui-workspace","experience/ui","UI workspace: ops-docs","n/a","sidecar-or-legacy","","no","","","","","","","active","","unknown-needs-review"
"self-service","","ui/self-service","ui-workspace","experience/ui","UI workspace: self-service","n/a","sidecar-or-legacy","","no","","","","","","","active","","unknown-needs-review"
"butano-web","","ui/butano-web","ui-workspace","experience/ui","UI workspace: butano-web","n/a","sidecar-or-legacy","","no","","","","","","","active","","unknown-needs-review"
"pct-web","","ui/pct-web","ui-workspace","experience/ui","UI workspace: pct-web","n/a","sidecar-or-legacy","","no","","","","","","","active","","unknown-needs-review"
"zibo-web","","ui/zibo-web","ui-workspace","experience/ui","UI workspace: zibo-web","n/a","sidecar-or-legacy","","no","","","","","","","active","","unknown-needs-review"
"oros-web","","ui/oros-web","ui-workspace","experience/ui","UI workspace: oros-web","n/a","sidecar-or-legacy","","no","","","","","","","active","","unknown-needs-review"
"pharmacy-web","","ui/pharmacy-web","ui-workspace","experience/ui","UI workspace: pharmacy-web","n/a","sidecar-or-legacy","","no","","","","","","","active","","unknown-needs-review"
"inventory-web","","ui/inventory-web","ui-workspace","experience/ui","UI workspace: inventory-web","n/a","sidecar-or-legacy","","no","","","","","","","active","","unknown-needs-review"
"support-console","","ui/support-console","ui-workspace","experience/ui","UI workspace: support-console","n/a","sidecar-or-legacy","","no","","","","","","","active","","unknown-needs-review"
"developer-console","","ui/developer-console","ui-workspace","experience/ui","UI workspace: developer-console","n/a","sidecar-or-legacy","","no","","","","","","","active","","unknown-needs-review"
"costa-console","","ui/costa-console","ui-workspace","experience/ui","UI workspace: costa-console","n/a","sidecar-or-legacy","","no","","","","","","","active","","unknown-needs-review"
"msika-web","","ui/msika-web","ui-workspace","experience/ui","UI workspace: msika-web","n/a","sidecar-or-legacy","","no","","","","","","","active","","unknown-needs-review"
"msika-flow-ops","","ui/msika-flow-ops","ui-workspace","experience/ui","UI workspace: msika-flow-ops","n/a","sidecar-or-legacy","","no","","","","","","","active","","unknown-needs-review"
"msika-flow-portal","","ui/msika-flow-portal","ui-workspace","experience/ui","UI workspace: msika-flow-portal","n/a","sidecar-or-legacy","","no","","","","","","","active","","unknown-needs-review"
"msika-flow-vendor","","ui/msika-flow-vendor","ui-workspace","experience/ui","UI workspace: msika-flow-vendor","n/a","sidecar-or-legacy","","no","","","","","","","active","","unknown-needs-review"
"mushex-finance-console","deprecated","ui/mushex-finance-console","ui-workspace","experience/ui","Deprecated UI workspace: mushex-finance-console","n/a","sidecar-or-legacy","","no","","","","","","","deprecated","migrated to one-ui-shell","deprecated-retired"
"mushex-ops-console","deprecated","ui/mushex-ops-console","ui-workspace","experience/ui","Deprecated UI workspace: mushex-ops-console","n/a","sidecar-or-legacy","","no","","","","","","","deprecated","migrated to one-ui-shell","deprecated-retired"
"mushex-payer-portal","deprecated","ui/mushex-payer-portal","ui-workspace","experience/ui","Deprecated UI workspace: mushex-payer-portal","n/a","sidecar-or-legacy","","no","","","","","","","deprecated","migrated to one-ui-shell","deprecated-retired"
"TSHEPO: Trust admin (policies, break-glass, devices, audit)","/internal/v1/admin/trust/*","scripts/frontend/generate-parity-docs.mjs","canonical-capability","Trust/TSHEPO","Trust admin (policies, break-glass, devices, audit)","contracts/openapi/tshepo-authz.openapi.yaml","partial","/admin/trust, /settings/security","partial","","useTrustAdmin.ts","","","critical","TSHEPO","Partial","Device block UX still admin-only","backend-capability"
"VITO: Client search, register, profile, Health ID","/internal/v1/identity/*, /internal/v1/registry/*","scripts/frontend/generate-parity-docs.mjs","canonical-capability","Registry/VITO","Client search, register, profile, Health ID","contracts/openapi/vito.openapi.yaml","partial","/id-services, /registry/*","partial","","useIdentity.ts, useClientRegistry.ts","","","standard","VITO","Partial","Issuance queue / card ops not fully surfaced","backend-capability"
"VARAPI: Provider registry, licenses, privileges, CPD","/internal/v1/registry/*","scripts/frontend/generate-parity-docs.mjs","canonical-capability","Registry/VARAPI","Provider registry, licenses, privileges, CPD","contracts/openapi/varapi.openapi.yaml","partial","/registry/providers/*","partial","","useRegistry.ts, useLicenses.ts, useCpd.ts","","","standard","VARAPI","Partial","Council import / reconciliation queue thin","backend-capability"
"TUSO: Facility/workspace registry, bookings","/internal/v1/facilities, /internal/v1/registry/*","scripts/frontend/generate-parity-docs.mjs","canonical-capability","Registry/TUSO","Facility/workspace registry, bookings","contracts/openapi/tuso.openapi.yaml","partial","/facility/*, /registry/facilities/*","partial","","useFacilities.ts, useTusoRegistry.ts","","","standard","TUSO","Partial","Control-tower / digital readiness dashboards thin","backend-capability"
"Indawo: Public health site registry","/internal/v1/public-health/site-registry/*","scripts/frontend/generate-parity-docs.mjs","canonical-capability","Registry/Indawo","Public health site registry","contracts/openapi/indawo.openapi.yaml","partial","/public-health/*","partial","","usePublicHealth.ts, useSiteRegistry.ts","","","standard","Indawo","Partial","Map layer integration incomplete","backend-capability"
"BUTANO: SHR summary, timeline, allergies, conditions","/internal/v1/summary/*, /internal/v1/timeline","scripts/frontend/generate-parity-docs.mjs","canonical-capability","Clinical/BUTANO","SHR summary, timeline, allergies, conditions","contracts/openapi/butano.custom.openapi.yaml","yes","/ehr/[patientId]/*","partial","","useSummary.ts, useTimeline.ts","","","standard","BUTANO","Live","Mobile conditions/allergies TODO","backend-capability"
"Core Transaction: Transaction composition, journey steppers","/internal/v1/core-transactions/*","scripts/frontend/generate-parity-docs.mjs","canonical-capability","Clinical/Core Transaction","Transaction composition, journey steppers","contracts/core-transaction.ts","partial","/core-transaction","partial","","useCoreTransactionExperience.ts","","","standard","Core Transaction","Partial","Mobile journey shell shallow","backend-capability"
"Public Health Ops: Inspections, outbreaks, campaigns, intelligence","/internal/v1/public-health/*","scripts/frontend/generate-parity-docs.mjs","canonical-capability","Data & Intelligence/Public Health Ops","Inspections, outbreaks, campaigns, intelligence","contracts/openapi/surveillance.openapi.yaml","partial","/public-health/*","partial","","usePublicHealth.ts, useSurveillance.ts","","","standard","Public Health Ops","Partial","Field ops mobile thinner than web","backend-capability"
"Ndila: Geocode, routes, intelligence layers","/api/v1/ndila/*","scripts/frontend/generate-parity-docs.mjs","canonical-capability","Integration & Edge/Ndila","Geocode, routes, intelligence layers","contracts/openapi/ndila.openapi.yaml","partial","NdilaIntelligencePanel","partial","","lib/ndila/ndila-client.ts","","","standard","Ndila","Partial","Web ops map dashboards incomplete","backend-capability"
"Nhume: Dispatch, delivery, fleet tracking","/api/v1/nhume/*, /internal/v1/mobile/*/nhume/*","scripts/frontend/generate-parity-docs.mjs","canonical-capability","Enterprise/Nhume","Dispatch, delivery, fleet tracking","nhume-service controllers","partial","/nhume/*, /operations/dispatch","partial","","lib/nhume.ts, useDispatchOps.ts","","","standard","Nhume","Partial","Dual path: nhume vs dispatch BFF","backend-capability"
"Comms Hub: Omnichannel, messaging, notifications","/internal/v1/omnichannel/*, /internal/v1/communication/*","scripts/frontend/generate-parity-docs.mjs","canonical-capability","Experience/Comms Hub","Omnichannel, messaging, notifications","contracts/openapi/channels.openapi.yaml","partial","/communication, /omnichannel","partial","","useOmnichannel.ts, useCommunication.ts","","","standard","Comms Hub","Partial","Template/campaign admin depth","backend-capability"
"Telemedicine: Teleconsult sessions, scheduling","/internal/v1/teleconsult/*","scripts/frontend/generate-parity-docs.mjs","canonical-capability","Clinical/Telemedicine","Teleconsult sessions, scheduling","experience-bff.openapi.yaml","partial","/telemedicine/*","partial","","useTelemedicine.ts","","","standard","Telemedicine","Partial","RTC media intentionally blocked","backend-capability"
"Msika / Msika Flow: Catalog, orders, marketplace","/internal/v1/marketplace/*, /internal/v1/commerce/*","scripts/frontend/generate-parity-docs.mjs","canonical-capability","Enterprise/Msika / Msika Flow","Catalog, orders, marketplace","contracts/openapi/msika-flow.openapi.yaml","partial","/marketplace/*","partial","","useMarketplace.ts, useCommerceFlow.ts","","","standard","Msika / Msika Flow","Partial","Order list routes 501 on some paths","backend-capability"
"MusheX / COSTA: Payments, claims, billing, tariffs","/internal/v1/finance/*, /internal/v1/wallet/*","scripts/frontend/generate-parity-docs.mjs","canonical-capability","Enterprise/MusheX / COSTA","Payments, claims, billing, tariffs","contracts/openapi/mushex.openapi.yaml, costa.openapi.yaml","partial","/finance/*, /wallet","partial","","useMusheWallet.ts, useFinanceBillingWorkspace.ts","","","standard","MusheX / COSTA","Partial","No raw /mushex/v1 in browser","backend-capability"
"Fundo: LMS courses, studio, certificates","/internal/v1/learning/v11/*","scripts/frontend/generate-parity-docs.mjs","canonical-capability","Experience/Fundo","LMS courses, studio, certificates","contracts/openapi/learning.openapi.yaml","partial","/learning/*","partial","","useFundoLms.ts, useFundoStudio.ts","","","standard","Fundo","Partial","Mobile learning shell shallow","backend-capability"
"Social: Timeline, communities, pages","/internal/v1/social/*","scripts/frontend/generate-parity-docs.mjs","canonical-capability","Experience/Social","Timeline, communities, pages","contracts/openapi/social.openapi.yaml","yes","/social, /communities, /pages","yes","","useSocial.ts","","","standard","Social","Live","Moderation admin partial","backend-capability"
"UBOMI: CRVS births/deaths","ubomi-service /v1/births","scripts/frontend/generate-parity-docs.mjs","canonical-capability","Registry/UBOMI","CRVS births/deaths","contracts/openapi/ubomi.openapi.yaml","partial","/ubomi","no","","useUbomiRegistry.ts (new)","","","standard","UBOMI","Partial","Mobile CRVS parity missing","backend-capability"
"ZIBO: Terminology governance","/v1/artifacts, /v1/packs","scripts/frontend/generate-parity-docs.mjs","canonical-capability","Registry/ZIBO","Terminology governance","contracts/openapi/zibo.openapi.yaml","partial","ui/zibo-web","n/a","","ziboApi.ts","","","standard","ZIBO","Partial","Separate zibo-web app only","backend-capability"
"Nompilo: Guidance, LLM chat, core-transaction assist","/internal/v1/guidance/*, /internal/v1/llm/*","scripts/frontend/generate-parity-docs.mjs","canonical-capability","Experience/Nompilo","Guidance, LLM chat, core-transaction assist","experience-bff.openapi.yaml","partial","/ask, global command bar","partial","","useGuidance.ts, NompiloGlobalCommandBar","","","standard","Nompilo","Partial","Route context not always passed","backend-capability"
"Integration Hub: Routes, dead letters, dispatch","/internal/v1/integration-hub/*","scripts/frontend/generate-parity-docs.mjs","canonical-capability","Integration/Integration Hub","Routes, dead letters, dispatch","contracts/openapi/integration-hub.openapi.yaml","partial","/admin/integration-status, /settings/integrations","partial","","useIntegrationHub.ts","","","standard","Integration Hub","Partial","Adapter template admin thin","backend-capability"
"Workflow / Dispatch: Workflow definitions, instances, dispatch tasks","/internal/v1/workflows/*, /internal/v1/dispatch/*","scripts/frontend/generate-parity-docs.mjs","canonical-capability","Platform/Workflow / Dispatch","Workflow definitions, instances, dispatch tasks","contracts/openapi/workflow.openapi.yaml","partial","/operations/workflows, /operations/dispatch","partial","","useDispatchOps.ts","","","standard","Workflow / Dispatch","Partial","Dispatch detail + offline queue UX","backend-capability"
"Admin / Governance: Users, tenants, roles, audit, feature flags","/internal/v1/admin/*","scripts/frontend/generate-parity-docs.mjs","canonical-capability","Platform/Admin / Governance","Users, tenants, roles, audit, feature flags","experience-bff.openapi.yaml","partial","/admin/*, /organization-admin/*","partial","","useAdminUsers.ts, useTrustAdmin.ts","","","standard","Admin / Governance","Partial","Keys/federation blocked","backend-capability"
