source_row,facility_code,facility_name,province,district,latitude,longitude,facility_type_raw,facility_type_canonical,ownership_raw,ownership_canonical,location_raw,location_canonical,level_raw,level_canonical,contact_raw,status_raw,status_canonical,bed_capacity,date_opened,date_closed,comments,acceptable_missing_fields,frontend_missing_visible,geospatial_readiness,facility_setup_state,source_label
2,ZW010125,Bangure Clinic,Manicaland,Buhera,-19.534847,31.759614,RDC,CLINIC,Rural Council,RURAL_DISTRICT_COUNCIL,Rural,RURAL,Primary,PRIMARY,776673131,Open,ACTIVE_OR_OPERATIONAL,6,,,,,NO,READY_WITH_COORDINATES,IMPORTED_PENDING_CONFIGURATION,MASTER_HEALTH_FACILITY_2024_07_23
3,ZW010102,Betera rural health centre,Manicaland,Buhera,-19.377021,32.002219,RHC,RURAL_HEALTH_CENTRE,Government,GOVERNMENT,Rural,RURAL,Primary,PRIMARY,776570808,Open,ACTIVE_OR_OPERATIONAL,6,,,,,NO,READY_WITH_COORDINATES,IMPORTED_PENDING_CONFIGURATION,MASTER_HEALTH_FACILITY_2024_07_23
4,ZW01010B,Birchenough Bridge Hospital,Manicaland,Buhera,-19.961595,32.338586,Rural Hospital,RURAL_HOSPITAL,Government,GOVERNMENT,Rural,RURAL,Secondary,SECONDARY,773774017,Open,ACTIVE_OR_OPERATIONAL,60,,,,,NO,READY_WITH_COORDINATES,IMPORTED_PENDING_CONFIGURATION,MASTER_HEALTH_FACILITY_2024_07_23
5,ZW01010A,Buhera Rural Hospital,Manicaland,Buhera,-19.327473,31.435693,Rural Hospital,RURAL_HOSPITAL,Government,GOVERNMENT,Rural,RURAL,Secondary,SECONDARY,782307059,Open,ACTIVE_OR_OPERATIONAL,40,,,,,NO,READY_WITH_COORDINATES,IMPORTED_PENDING_CONFIGURATION,MASTER_HEALTH_FACILITY_2024_07_23
6,ZW010126,Chabata Clinic,Manicaland,Buhera,-19.785697,32.157855,RDC,CLINIC,Rural Council,RURAL_DISTRICT_COUNCIL,Rural,RURAL,Primary,PRIMARY,774885319,Open,ACTIVE_OR_OPERATIONAL,6,,,,,NO,READY_WITH_COORDINATES,IMPORTED_PENDING_CONFIGURATION,MASTER_HEALTH_FACILITY_2024_07_23
7,ZW010127,Chapanduka clinic,Manicaland,Buhera,-19.683069,32.169095,RDC,CLINIC,Rural Council,RURAL_DISTRICT_COUNCIL,Rural,RURAL,Primary,PRIMARY,715378976,Open,ACTIVE_OR_OPERATIONAL,6,,,,,NO,READY_WITH_COORDINATES,IMPORTED_PENDING_CONFIGURATION,MASTER_HEALTH_FACILITY_2024_07_23
8,ZW010128,Chapwanya Clinic,Manicaland,Buhera,-19.171836,31.347371,RDC,CLINIC,Rural Council,RURAL_DISTRICT_COUNCIL,Rural,RURAL,Primary,PRIMARY,773516026,Open,ACTIVE_OR_OPERATIONAL,6,,,,,NO,READY_WITH_COORDINATES,IMPORTED_PENDING_CONFIGURATION,MASTER_HEALTH_FACILITY_2024_07_23
9,ZW010139,Chawatama RHC,Manicaland,Buhera,-19.142199,31.599208,RHC,RURAL_HEALTH_CENTRE,Government,GOVERNMENT,Rural,RURAL,Primary,PRIMARY,773023901,Open,ACTIVE_OR_OPERATIONAL,6,,,,,NO,READY_WITH_COORDINATES,IMPORTED_PENDING_CONFIGURATION,MASTER_HEALTH_FACILITY_2024_07_23
10,ZW010117,Chimbudzi Clinic,Manicaland,Buhera,-19.46022,31.804255,RDC,CLINIC,Rural Council,RURAL_DISTRICT_COUNCIL,Rural,RURAL,Primary,PRIMARY,773512205,Open,ACTIVE_OR_OPERATIONAL,6,,,,,NO,READY_WITH_COORDINATES,IMPORTED_PENDING_CONFIGURATION,MASTER_HEALTH_FACILITY_2024_07_23
11,ZW010141,Chipondamidzi Clinic,Manicaland,Buhera,-19.824703,32.059892,RDC,CLINIC,Rural Council,RURAL_DISTRICT_COUNCIL,Rural,RURAL,Primary,PRIMARY,776993824,Open,ACTIVE_OR_OPERATIONAL,6,,,,,NO,READY_WITH_COORDINATES,IMPORTED_PENDING_CONFIGURATION,MASTER_HEALTH_FACILITY_2024_07_23
12,ZW010129,Chirozva Clinic,Manicaland,Buhera,-19.443461,31.999448,RDC,CLINIC,Rural Council,RURAL_DISTRICT_COUNCIL,Rural,RURAL,Primary,PRIMARY,774979305,Open,ACTIVE_OR_OPERATIONAL,6,,,,,NO,READY_WITH_COORDINATES,IMPORTED_PENDING_CONFIGURATION,MASTER_HEALTH_FACILITY_2024_07_23
14,ZW010131,Chiwese Clinic,Manicaland,Buhera,-19.222791,31.884524,RDC,CLINIC,Rural Council,RURAL_DISTRICT_COUNCIL,Rural,RURAL,Primary,PRIMARY,785826522,Open,ACTIVE_OR_OPERATIONAL,6,,,,,NO,READY_WITH_COORDINATES,IMPORTED_PENDING_CONFIGURATION,MASTER_HEALTH_FACILITY_2024_07_23
15,ZW010132,Garamwera Clinic,Manicaland,Buhera,-19.206674,31.397494,RDC,CLINIC,Rural Council,RURAL_DISTRICT_COUNCIL,Rural,RURAL,Primary,PRIMARY,774093298,Open,ACTIVE_OR_OPERATIONAL,6,,,,,NO,READY_WITH_COORDINATES,IMPORTED_PENDING_CONFIGURATION,MASTER_HEALTH_FACILITY_2024_07_23
16,ZW010133,Gombe Clinic,Manicaland,Buhera,-19.238248,31.533137,RDC,CLINIC,Rural Council,RURAL_DISTRICT_COUNCIL,Rural,RURAL,Primary,PRIMARY,773543902,Open,ACTIVE_OR_OPERATIONAL,6,,,,,NO,READY_WITH_COORDINATES,IMPORTED_PENDING_CONFIGURATION,MASTER_HEALTH_FACILITY_2024_07_23
18,ZW010103,Madzimbashuro Rural Health Centre,Manicaland,Buhera,-19.435306,31.643306,RHC,RURAL_HEALTH_CENTRE,Government,GOVERNMENT,Rural,RURAL,Primary,PRIMARY,771125045,Open,ACTIVE_OR_OPERATIONAL,6,,,,,NO,READY_WITH_COORDINATES,IMPORTED_PENDING_CONFIGURATION,MASTER_HEALTH_FACILITY_2024_07_23
19,ZW010104,Mbundire Clinic,Manicaland,Buhera,-19.14312,31.385709,RDC,CLINIC,Rural Council,RURAL_DISTRICT_COUNCIL,Rural,RURAL,Primary,PRIMARY,773508720,Open,ACTIVE_OR_OPERATIONAL,6,,,,,NO,READY_WITH_COORDINATES,IMPORTED_PENDING_CONFIGURATION,MASTER_HEALTH_FACILITY_2024_07_23
20,ZW010101,Berenyazvivi Clinic,Manicaland,Buhera,-19.053782,31.737613,RDC,CLINIC,Rural Council,RURAL_DISTRICT_COUNCIL,Rural,RURAL,Primary,PRIMARY,778791048,Open,ACTIVE_OR_OPERATIONAL,6,,,,,NO,READY_WITH_COORDINATES,IMPORTED_PENDING_CONFIGURATION,MASTER_HEALTH_FACILITY_2024_07_23
21,ZW010142,Mombeyarara Rural Health Centre,Manicaland,Buhera,-19.19635,31.596266,RDC,CLINIC,Rural Council,RURAL_DISTRICT_COUNCIL,Rural,RURAL,Primary,PRIMARY,772593359,Open,ACTIVE_OR_OPERATIONAL,6,,,,,NO,READY_WITH_COORDINATES,IMPORTED_PENDING_CONFIGURATION,MASTER_HEALTH_FACILITY_2024_07_23
22,ZW010143,Msasa RDC clinic,Manicaland,Buhera,-19.500648,31.91946,RDC,CLINIC,Rural Council,RURAL_DISTRICT_COUNCIL,Rural,RURAL,Primary,PRIMARY,773567805,Open,ACTIVE_OR_OPERATIONAL,6,,,,,NO,READY_WITH_COORDINATES,IMPORTED_PENDING_CONFIGURATION,MASTER_HEALTH_FACILITY_2024_07_23
23,ZW010124,Mudanda Clinic,Manicaland,Buhera,-19.375566,31.715926,RDC,CLINIC,Rural Council,RURAL_DISTRICT_COUNCIL,Rural,RURAL,Primary,PRIMARY,775324842,Open,ACTIVE_OR_OPERATIONAL,6,,,,,NO,READY_WITH_COORDINATES,IMPORTED_PENDING_CONFIGURATION,MASTER_HEALTH_FACILITY_2024_07_23
24,ZW010116,Mudawose Clinic,Manicaland,Buhera,-19.47407,32.099517,RDC,CLINIC,Rural Council,RURAL_DISTRICT_COUNCIL,Rural,RURAL,Primary,PRIMARY,775788712,Open,ACTIVE_OR_OPERATIONAL,6,,,,,NO,READY_WITH_COORDINATES,IMPORTED_PENDING_CONFIGURATION,MASTER_HEALTH_FACILITY_2024_07_23
25,ZW010119,Munyanyi Clinic,Manicaland,Buhera,-19.156961,31.734779,RHC,RURAL_HEALTH_CENTRE,Rural Council,RURAL_DISTRICT_COUNCIL,Rural,RURAL,Primary,PRIMARY,784233306,Open,ACTIVE_OR_OPERATIONAL,6,,,,,NO,READY_WITH_COORDINATES,IMPORTED_PENDING_CONFIGURATION,MASTER_HEALTH_FACILITY_2024_07_23
26,ZW01010C,Murambinda Mission Hospital,Manicaland,Buhera,-19.266934,31.655431,Mission Hospital,MISSION_HOSPITAL,Mission,MISSION_FAITH_BASED,Rural,RURAL,Secondary,SECONDARY,773512624,Open,ACTIVE_OR_OPERATIONAL,120,,,,,NO,READY_WITH_COORDINATES,IMPORTED_PENDING_CONFIGURATION,MASTER_HEALTH_FACILITY_2024_07_23
27,ZW010105,Murwira Rural Health Centre,Manicaland,Buhera,-19.533442,31.832864,RDC,CLINIC,Rural Council,RURAL_DISTRICT_COUNCIL,Rural,RURAL,Primary,PRIMARY,779167319,Open,ACTIVE_OR_OPERATIONAL,6,,,,,NO,READY_WITH_COORDINATES,IMPORTED_PENDING_CONFIGURATION,MASTER_HEALTH_FACILITY_2024_07_23
30,ZW010135,Mutiusinazita Clinic,Manicaland,Buhera,-19.724738,32.066173,RDC,CLINIC,Rural Council,RURAL_DISTRICT_COUNCIL,Rural,RURAL,Primary,PRIMARY,714288419,Open,ACTIVE_OR_OPERATIONAL,6,,,,,NO,READY_WITH_COORDINATES,IMPORTED_PENDING_CONFIGURATION,MASTER_HEALTH_FACILITY_2024_07_23
31,ZW010136,Muzokomba Clinic,Manicaland,Buhera,-19.582905,31.962475,RDC,CLINIC,Rural Council,RURAL_DISTRICT_COUNCIL,Rural,RURAL,Primary,PRIMARY,777783195,Open,ACTIVE_OR_OPERATIONAL,6,,,,,NO,READY_WITH_COORDINATES,IMPORTED_PENDING_CONFIGURATION,MASTER_HEALTH_FACILITY_2024_07_23
32,ZW010140,Ndyarima clinic,Manicaland,Buhera,-19.494702,31.705138,RDC,CLINIC,Rural Council,RURAL_DISTRICT_COUNCIL,Rural,RURAL,Primary,PRIMARY,773971032,Open,ACTIVE_OR_OPERATIONAL,6,,,,,NO,READY_WITH_COORDINATES,IMPORTED_PENDING_CONFIGURATION,MASTER_HEALTH_FACILITY_2024_07_23
33,ZW010137,Nerutanga Clinic,Manicaland,Buhera,-19.2795,31.350595,RDC,CLINIC,Rural Council,RURAL_DISTRICT_COUNCIL,Rural,RURAL,Primary,PRIMARY,779047910,Open,ACTIVE_OR_OPERATIONAL,6,,,,,NO,READY_WITH_COORDINATES,IMPORTED_PENDING_CONFIGURATION,MASTER_HEALTH_FACILITY_2024_07_23
34,ZW01010D,Nyashanu Mission Clinic,Manicaland,Buhera,-19.283341,31.871238,Mission Clinic,MISSION_CLINIC,Mission,MISSION_FAITH_BASED,Rural,RURAL,Primary,PRIMARY,783278448,Open,ACTIVE_OR_OPERATIONAL,6,,,,,NO,READY_WITH_COORDINATES,IMPORTED_PENDING_CONFIGURATION,MASTER_HEALTH_FACILITY_2024_07_23
35,ZW010138,Rambanepasi Clinic,Manicaland,Buhera,-19.139814,31.646061,Clinic,CLINIC,Rural Council,RURAL_DISTRICT_COUNCIL,Rural,RURAL,Primary,PRIMARY,776172818,Open,ACTIVE_OR_OPERATIONAL,6,,,,,NO,READY_WITH_COORDINATES,IMPORTED_PENDING_CONFIGURATION,MASTER_HEALTH_FACILITY_2024_07_23
36,ZW010144,St Moses Chiremwa clinic,Manicaland,Buhera,-19.137026,31.884837,Clinic,CLINIC,Government,GOVERNMENT,Rural,RURAL,Primary,PRIMARY,783278467,Open,ACTIVE_OR_OPERATIONAL,6,,,,,NO,READY_WITH_COORDINATES,IMPORTED_PENDING_CONFIGURATION,MASTER_HEALTH_FACILITY_2024_07_23
37,ZW010106,Zangama Rural Health Centre,Manicaland,Buhera,-19.565809,32.114484,RHC,RURAL_HEALTH_CENTRE,Government,GOVERNMENT,Rural,RURAL,Primary,PRIMARY,771492539,Open,ACTIVE_OR_OPERATIONAL,6,,,,,NO,READY_WITH_COORDINATES,IMPORTED_PENDING_CONFIGURATION,MASTER_HEALTH_FACILITY_2024_07_23
38,ZW010251,Arda Rusitu Clinic,Manicaland,Chimanimani,-20.035446,32.785757,RDC,CLINIC,Private,PRIVATE,Rural,RURAL,Primary,PRIMARY,773656070,Open,ACTIVE_OR_OPERATIONAL,0,,,,,NO,READY_WITH_COORDINATES,IMPORTED_PENDING_CONFIGURATION,MASTER_HEALTH_FACILITY_2024_07_23
39,ZW0102OA,Biriwiri Rural Hospital,Manicaland,Chimanimani,-19.776514,32.673509,Rural Hospital,RURAL_HOSPITAL,Government,GOVERNMENT,Rural,RURAL,Secondary,SECONDARY,774061559,Open,ACTIVE_OR_OPERATIONAL,149,,,,,NO,READY_WITH_COORDINATES,IMPORTED_PENDING_CONFIGURATION,MASTER_HEALTH_FACILITY_2024_07_23
40,ZW010201,Bumba Rural Health Centre,Manicaland,Chimanimani,,,Rural Hospital,RURAL_HOSPITAL,Government,GOVERNMENT,Rural,RURAL,Primary,PRIMARY,773463868,Open,ACTIVE_OR_OPERATIONAL,8,,,,Latitude; Longitude,YES,INCOMPLETE_MISSING_COORDINATES,IMPORTED_PENDING_CONFIGURATION,MASTER_HEALTH_FACILITY_2024_07_23
41,ZW010226,Cashel Clinic,Manicaland,Chimanimani,-19.541361,32.788698,RDC,CLINIC,Private,PRIVATE,Rural,RURAL,Primary,PRIMARY,773914587,Open,ACTIVE_OR_OPERATIONAL,2,,,,,NO,READY_WITH_COORDINATES,IMPORTED_PENDING_CONFIGURATION,MASTER_HEALTH_FACILITY_2024_07_23
42,ZW010202,Chakohwa Clinic,Manicaland,Chimanimani,-19.545732,32.515439,RDC,CLINIC,CRDC,RURAL_DISTRICT_COUNCIL,Rural,RURAL,Primary,PRIMARY,773285820,Open,ACTIVE_OR_OPERATIONAL,4,,,,,NO,READY_WITH_COORDINATES,IMPORTED_PENDING_CONFIGURATION,MASTER_HEALTH_FACILITY_2024_07_23
43,ZW010261,Changazi Rural Health Centre,Manicaland,Chimanimani,-19.933916,32.460376,RDC,CLINIC,Government,GOVERNMENT,Rural,RURAL,Primary,PRIMARY,778965506,Open,ACTIVE_OR_OPERATIONAL,5,,,,,NO,READY_WITH_COORDINATES,IMPORTED_PENDING_CONFIGURATION,MASTER_HEALTH_FACILITY_2024_07_23
44,ZW010203,Charlsewood clinic,Manicaland,Chimanimani,-19.790545,32.951458,RDC,CLINIC,CRDC,RURAL_DISTRICT_COUNCIL,Rural,RURAL,Primary,PRIMARY,773490332,Open,ACTIVE_OR_OPERATIONAL,4,,,,,NO,READY_WITH_COORDINATES,IMPORTED_PENDING_CONFIGURATION,MASTER_HEALTH_FACILITY_2024_07_23
45,ZW010204,Charter Clinic,Manicaland,Chimanimani,-19.831912,32.807359,RDC,CLINIC,Private,PRIVATE,Rural,RURAL,Primary,PRIMARY,772456709,Open,ACTIVE_OR_OPERATIONAL,2,,,,,NO,READY_WITH_COORDINATES,IMPORTED_PENDING_CONFIGURATION,MASTER_HEALTH_FACILITY_2024_07_23
46,ZW010227,Chayamiti Rural Health Centre,Manicaland,Chimanimani,-19.669873,32.554676,RHC,RURAL_HEALTH_CENTRE,Government,GOVERNMENT,Rural,RURAL,Primary,PRIMARY,772443507,Open,ACTIVE_OR_OPERATIONAL,10,,,,,NO,READY_WITH_COORDINATES,IMPORTED_PENDING_CONFIGURATION,MASTER_HEALTH_FACILITY_2024_07_23
48,ZW010229,Chikwakwa Clinic,Manicaland,Chimanimani,-19.854266,32.559977,RDC,CLINIC,CRDC,RURAL_DISTRICT_COUNCIL,Rural,RURAL,Primary,PRIMARY,774125546,Open,ACTIVE_OR_OPERATIONAL,4,,,,,NO,READY_WITH_COORDINATES,IMPORTED_PENDING_CONFIGURATION,MASTER_HEALTH_FACILITY_2024_07_23
49,ZW010274,Chikwizi Clinic,Manicaland,Chimanimani,-19.833421,32.515491,RDC,CLINIC,CRDC,RURAL_DISTRICT_COUNCIL,Rural,RURAL,Primary,PRIMARY,774304412,Open,ACTIVE_OR_OPERATIONAL,2,,,,,NO,READY_WITH_COORDINATES,IMPORTED_PENDING_CONFIGURATION,MASTER_HEALTH_FACILITY_2024_07_23
51,ZW0102OC,Chimanimani urban clinic,Manicaland,Chimanimani,-19.803508,32.872842,RDC,CLINIC,CRDC,RURAL_DISTRICT_COUNCIL,Urban,URBAN,Primary,PRIMARY,773504004,Open,ACTIVE_OR_OPERATIONAL,2,,,,,NO,READY_WITH_COORDINATES,IMPORTED_PENDING_CONFIGURATION,MASTER_HEALTH_FACILITY_2024_07_23
52,ZW010230,Chisengu Clinic,Manicaland,Chimanimani,-19.571042,32.608904,RDC,CLINIC,Private,PRIVATE,Rural,RURAL,Primary,PRIMARY,783296685,Open,ACTIVE_OR_OPERATIONAL,2,,,,,NO,READY_WITH_COORDINATES,IMPORTED_PENDING_CONFIGURATION,MASTER_HEALTH_FACILITY_2024_07_23
53,ZW010276,Chiramba Rural Health Centre,Manicaland,Chimanimani,-19.895671,32.885966,RDC,CLINIC,CRDC,RURAL_DISTRICT_COUNCIL,Rural,RURAL,Primary,PRIMARY,773478598,Open,ACTIVE_OR_OPERATIONAL,1,,,,,NO,READY_WITH_COORDINATES,IMPORTED_PENDING_CONFIGURATION,MASTER_HEALTH_FACILITY_2024_07_23
54,ZW010231,Gudyanga Clinic,Manicaland,Chimanimani,-19.864605,32.404299,RDC,CLINIC,CRDC,RURAL_DISTRICT_COUNCIL,Rural,RURAL,Primary,PRIMARY,777564416,Open,ACTIVE_OR_OPERATIONAL,6,,,,,NO,READY_WITH_COORDINATES,IMPORTED_PENDING_CONFIGURATION,MASTER_HEALTH_FACILITY_2024_07_23
55,ZW010233,Gwendigwe,Manicaland,Chimanimani,-19.928206,32.653715,RHC,RURAL_HEALTH_CENTRE,Private,PRIVATE,Rural,RURAL,Primary,PRIMARY,774598162,Open,ACTIVE_OR_OPERATIONAL,2,,,,,NO,READY_WITH_COORDINATES,IMPORTED_PENDING_CONFIGURATION,MASTER_HEALTH_FACILITY_2024_07_23
56,ZW010275,Hangani,Manicaland,Chimanimani,-19.718226,32.84403,RHC,RURAL_HEALTH_CENTRE,crdc,RURAL_DISTRICT_COUNCIL,Rural,RURAL,Primary,PRIMARY,777690542,Open,ACTIVE_OR_OPERATIONAL,0,,,,,NO,READY_WITH_COORDINATES,IMPORTED_PENDING_CONFIGURATION,MASTER_HEALTH_FACILITY_2024_07_23
57,ZW010209,Hlabiso,Manicaland,Chimanimani,-20.028227,32.917338,RDC,CLINIC,crdc,RURAL_DISTRICT_COUNCIL,Rural,RURAL,Primary,PRIMARY,776456453,Open,ACTIVE_OR_OPERATIONAL,8,,,,,NO,READY_WITH_COORDINATES,IMPORTED_PENDING_CONFIGURATION,MASTER_HEALTH_FACILITY_2024_07_23
58,ZW010273,Hotsprings RDC,Manicaland,Chimanimani,-19.654492,32.467796,RDC,CLINIC,crdc,RURAL_DISTRICT_COUNCIL,Rural,RURAL,Primary,PRIMARY,774305896,Open,ACTIVE_OR_OPERATIONAL,10,,,,,NO,READY_WITH_COORDINATES,IMPORTED_PENDING_CONFIGURATION,MASTER_HEALTH_FACILITY_2024_07_23
59,ZW010205,Martin Forest Clinic,Manicaland,Chimanimani,-19.767704,32.932778,RDC,CLINIC,Private,PRIVATE,Rural,RURAL,Primary,PRIMARY,773503672,Open,ACTIVE_OR_OPERATIONAL,2,,,,,NO,READY_WITH_COORDINATES,IMPORTED_PENDING_CONFIGURATION,MASTER_HEALTH_FACILITY_2024_07_23
60,ZW0102OB,Mhakwe clinic,Manicaland,Chimanimani,-19.811254,32.631834,RDC,CLINIC,CRDC,RURAL_DISTRICT_COUNCIL,Rural,RURAL,Primary,PRIMARY,774125546,Open,ACTIVE_OR_OPERATIONAL,4,,,,,NO,READY_WITH_COORDINATES,IMPORTED_PENDING_CONFIGURATION,MASTER_HEALTH_FACILITY_2024_07_23
61,ZW010264,Muchadziya Rural Health Centre,Manicaland,Chimanimani,-20.010807,32.948594,RDC,CLINIC,Government,GOVERNMENT,Rural,RURAL,Primary,PRIMARY,773206225,Open,ACTIVE_OR_OPERATIONAL,10,,,,,NO,READY_WITH_COORDINATES,IMPORTED_PENDING_CONFIGURATION,MASTER_HEALTH_FACILITY_2024_07_23
62,ZW0102OD,Mutambara Mission Hospital,Manicaland,Chimanimani,-19.531419,32.685649,Mission Hospital,MISSION_HOSPITAL,Mission,MISSION_FAITH_BASED,Rural,RURAL,Secondary,SECONDARY,773059124,Open,ACTIVE_OR_OPERATIONAL,120,,,,,NO,READY_WITH_COORDINATES,IMPORTED_PENDING_CONFIGURATION,MASTER_HEALTH_FACILITY_2024_07_23
63,ZW010232,Mutsvangwa Clinic,Manicaland,Chimanimani,-20.075098,32.913001,RDC,CLINIC,CRDC,RURAL_DISTRICT_COUNCIL,Rural,RURAL,Primary,PRIMARY,773015617,Open,ACTIVE_OR_OPERATIONAL,38,,,,,NO,READY_WITH_COORDINATES,IMPORTED_PENDING_CONFIGURATION,MASTER_HEALTH_FACILITY_2024_07_23
65,ZW010266,Ngorima Clinic,Manicaland,Chimanimani,-20.05269,32.857068,RDC,CLINIC,CRDC,RURAL_DISTRICT_COUNCIL,Rural,RURAL,Primary,PRIMARY,773989230,Open,ACTIVE_OR_OPERATIONAL,7,,,,,NO,READY_WITH_COORDINATES,IMPORTED_PENDING_CONFIGURATION,MASTER_HEALTH_FACILITY_2024_07_23
66,ZW010267,Nhedziwa Clinic,Manicaland,Chimanimani,-19.555648,32.650361,RDC,CLINIC,CRDC,RURAL_DISTRICT_COUNCIL,Rural,RURAL,Primary,PRIMARY,772639313,Open,ACTIVE_OR_OPERATIONAL,10,,,,,NO,READY_WITH_COORDINATES,IMPORTED_PENDING_CONFIGURATION,MASTER_HEALTH_FACILITY_2024_07_23
67,ZW010269,Nyabamba Clinic,Manicaland,Chimanimani,-19.985155,32.824506,RDC,CLINIC,Government,GOVERNMENT,Rural,RURAL,Primary,PRIMARY,773503674,Open,ACTIVE_OR_OPERATIONAL,2,,,,,NO,READY_WITH_COORDINATES,IMPORTED_PENDING_CONFIGURATION,MASTER_HEALTH_FACILITY_2024_07_23
68,ZW010271,Nyahode Clinic,Manicaland,Chimanimani,-19.925692,32.823255,RDC,CLINIC,CRDC,RURAL_DISTRICT_COUNCIL,Rural,RURAL,Primary,PRIMARY,773632283,Open,ACTIVE_OR_OPERATIONAL,9,,,,,NO,READY_WITH_COORDINATES,IMPORTED_PENDING_CONFIGURATION,MASTER_HEALTH_FACILITY_2024_07_23
69,ZW010272,Nyanyadzi Rural Hospital,Manicaland,Chimanimani,-18.975623,32.668538,RDC,CLINIC,Government,GOVERNMENT,Rural,RURAL,Secondary,SECONDARY,775086430,Open,ACTIVE_OR_OPERATIONAL,22,,,,,NO,READY_WITH_COORDINATES,IMPORTED_PENDING_CONFIGURATION,MASTER_HEALTH_FACILITY_2024_07_23
70,ZW010252,Roscommon Clinic,Manicaland,Chimanimani,-20.021743,32.810334,RDC,CLINIC,Private,PRIVATE,Rural,RURAL,Primary,PRIMARY,774413477,Open,ACTIVE_OR_OPERATIONAL,5,,,,,NO,READY_WITH_COORDINATES,IMPORTED_PENDING_CONFIGURATION,MASTER_HEALTH_FACILITY_2024_07_23
72,ZW010270,Rusitu Mission Hospital,Manicaland,Chimanimani,-20.033587,32.864986,Mission Clinic,MISSION_CLINIC,Mission,MISSION_FAITH_BASED,Rural,RURAL,Secondary,SECONDARY,773975462,Open,ACTIVE_OR_OPERATIONAL,70,,,,,NO,READY_WITH_COORDINATES,IMPORTED_PENDING_CONFIGURATION,MASTER_HEALTH_FACILITY_2024_07_23
73,ZW010262,Saziya clinic,Manicaland,Chimanimani,-20.056906,32.768341,Clinic,CLINIC,CRDC,RURAL_DISTRICT_COUNCIL,Rural,RURAL,Primary,PRIMARY,775709912,Open,ACTIVE_OR_OPERATIONAL,2,,,,,NO,READY_WITH_COORDINATES,IMPORTED_PENDING_CONFIGURATION,MASTER_HEALTH_FACILITY_2024_07_23
74,ZW010263,Shinja Clinic,Manicaland,Chimanimani,-19.744986,32.593466,Clinic,CLINIC,CRDC,RURAL_DISTRICT_COUNCIL,Rural,RURAL,Primary,PRIMARY,774365483,Open,ACTIVE_OR_OPERATIONAL,5,,,,,NO,READY_WITH_COORDINATES,IMPORTED_PENDING_CONFIGURATION,MASTER_HEALTH_FACILITY_2024_07_23
75,ZW010268,Tilbury Clinic,Manicaland,Chimanimani,-19.803508,32.872842,Clinic,CLINIC,Private,PRIVATE,Rural,RURAL,Primary,PRIMARY,775240153,Open,ACTIVE_OR_OPERATIONAL,2,,,,,NO,READY_WITH_COORDINATES,IMPORTED_PENDING_CONFIGURATION,MASTER_HEALTH_FACILITY_2024_07_23
76,ZW010225,Vimba clinic,Manicaland,Chimanimani,-20.032642,32.95949,Clinic,CLINIC,CRDC,RURAL_DISTRICT_COUNCIL,Rural,RURAL,Primary,PRIMARY,775239967,Open,ACTIVE_OR_OPERATIONAL,5,,,,,NO,READY_WITH_COORDINATES,IMPORTED_PENDING_CONFIGURATION,MASTER_HEALTH_FACILITY_2024_07_23
77,ZW010361,Arda Chisumbanje Clinic,Manicaland,Chipinge,-20.872959,32.231381,RDC,CLINIC,Private,PRIVATE,Rural,RURAL,Primary,PRIMARY,777667547,Open,ACTIVE_OR_OPERATIONAL,,,,,,NO,READY_WITH_COORDINATES,IMPORTED_PENDING_CONFIGURATION,MASTER_HEALTH_FACILITY_2024_07_23
78,ZW010319,Changazi clinic,Manicaland,Chipinge,-19.958985,32.374037,RHC,RURAL_HEALTH_CENTRE,Government,GOVERNMENT,Rural,RURAL,Primary,PRIMARY,712317548,Open,ACTIVE_OR_OPERATIONAL,,,,,,NO,READY_WITH_COORDINATES,IMPORTED_PENDING_CONFIGURATION,MASTER_HEALTH_FACILITY_2024_07_23
79,ZW010320,checheche clinic,Manicaland,Chipinge,-20.75364,32.228332,RDC,CLINIC,Rural Council,RURAL_DISTRICT_COUNCIL,Rural,RURAL,Primary,PRIMARY,773055827,Open,ACTIVE_OR_OPERATIONAL,,,,,,NO,READY_WITH_COORDINATES,IMPORTED_PENDING_CONFIGURATION,MASTER_HEALTH_FACILITY_2024_07_23
80,ZW010325,Chibuwe Clinic,Manicaland,Chipinge,-20.464428,32.300859,RDC,CLINIC,Rural Council,RURAL_DISTRICT_COUNCIL,Rural,RURAL,Primary,PRIMARY,774778033,Open,ACTIVE_OR_OPERATIONAL,,,,,,NO,READY_WITH_COORDINATES,IMPORTED_PENDING_CONFIGURATION,MASTER_HEALTH_FACILITY_2024_07_23
81,ZW010338,Chichichi Clinic,Manicaland,Chipinge,-20.037315,32.610343,RDC,CLINIC,Rural Council,RURAL_DISTRICT_COUNCIL,Rural,RURAL,Primary,PRIMARY,774431265,Open,ACTIVE_OR_OPERATIONAL,,,,,,NO,READY_WITH_COORDINATES,IMPORTED_PENDING_CONFIGURATION,MASTER_HEALTH_FACILITY_2024_07_23
82,ZW01030B,Chikore Mission Hospital,Manicaland,Chipinge,-20.4368,32.49798,Mission Hospital,MISSION_HOSPITAL,Mission,MISSION_FAITH_BASED,Rural,RURAL,Primary,PRIMARY,776619985,Open,ACTIVE_OR_OPERATIONAL,50,,,,,NO,READY_WITH_COORDINATES,IMPORTED_PENDING_CONFIGURATION,MASTER_HEALTH_FACILITY_2024_07_23
83,ZW010303,Chinyamukwakwa Rural Health Centre,Manicaland,Chipinge,-20.917369,32.361117,RHC,RURAL_HEALTH_CENTRE,Government,GOVERNMENT,Rural,RURAL,Primary,PRIMARY,773041503,Open,ACTIVE_OR_OPERATIONAL,,,,,,NO,READY_WITH_COORDINATES,IMPORTED_PENDING_CONFIGURATION,MASTER_HEALTH_FACILITY_2024_07_23
84,ZW010345,Chipangayi Clinic,Manicaland,Chipinge,-20.262786,32.354134,RDC,CLINIC,Rural Council,RURAL_DISTRICT_COUNCIL,Rural,RURAL,Primary,PRIMARY,773869167,Open,ACTIVE_OR_OPERATIONAL,,,,,,NO,READY_WITH_COORDINATES,IMPORTED_PENDING_CONFIGURATION,MASTER_HEALTH_FACILITY_2024_07_23
85,ZW01030A,Chipinge District Hospital,Manicaland,Chipinge,-20.194812,32.622498,District Hospital,DISTRICT_HOSPITAL,Government,GOVERNMENT,Urban,URBAN,Primary,PRIMARY,773249759,Open,ACTIVE_OR_OPERATIONAL,172,,,,,NO,READY_WITH_COORDINATES,IMPORTED_PENDING_CONFIGURATION,MASTER_HEALTH_FACILITY_2024_07_23
86,ZW010349,Chipinge Town Clinic,Manicaland,Chipinge,-20.191444,32.625276,RDC,CLINIC,Town/City Council,LOCAL_AUTHORITY,Urban,URBAN,Primary,PRIMARY,272043368,Open,ACTIVE_OR_OPERATIONAL,,,,,,NO,READY_WITH_COORDINATES,IMPORTED_PENDING_CONFIGURATION,MASTER_HEALTH_FACILITY_2024_07_23
87,ZW010317,Chipinge ZRP Clinic,Manicaland,Chipinge,-20.19917,32.6222190857,RHC,RURAL_HEALTH_CENTRE,ZRP,ZIMBABWE_REPUBLIC_POLICE,Urban,URBAN,Primary,PRIMARY,779074783,Open,ACTIVE_OR_OPERATIONAL,,,,,,NO,READY_WITH_COORDINATES,IMPORTED_PENDING_CONFIGURATION,MASTER_HEALTH_FACILITY_2024_07_23
88,ZW010346,Chiriga Clinic,Manicaland,Chipinge,-20.279058,32.608077,RDC,CLINIC,Rural Council,RURAL_DISTRICT_COUNCIL,Rural,RURAL,Primary,PRIMARY,788885621,Open,ACTIVE_OR_OPERATIONAL,,,,,,NO,READY_WITH_COORDINATES,IMPORTED_PENDING_CONFIGURATION,MASTER_HEALTH_FACILITY_2024_07_23
89,ZW010339,Chisuma Clinic,Manicaland,Chipinge,-21.053338,32.360456,RDC,CLINIC,Rural Council,RURAL_DISTRICT_COUNCIL,Rural,RURAL,Primary,PRIMARY,775034659,Open,ACTIVE_OR_OPERATIONAL,,,,,,NO,READY_WITH_COORDINATES,IMPORTED_PENDING_CONFIGURATION,MASTER_HEALTH_FACILITY_2024_07_23
90,ZW010362,Clearwater Clinic,Manicaland,Chipinge,-20.109008,32.727843,RDC,CLINIC,Private,PRIVATE,Rural,RURAL,Primary,PRIMARY,772521073,Open,ACTIVE_OR_OPERATIONAL,,,,,,NO,READY_WITH_COORDINATES,IMPORTED_PENDING_CONFIGURATION,MASTER_HEALTH_FACILITY_2024_07_23
91,ZW010347,Gaza Clinic,Manicaland,Chipinge,-20.191835,32.640043,RDC,CLINIC,Rural Council,RURAL_DISTRICT_COUNCIL,Rural,RURAL,Primary,PRIMARY,777359684,Open,ACTIVE_OR_OPERATIONAL,,,,,,NO,READY_WITH_COORDINATES,IMPORTED_PENDING_CONFIGURATION,MASTER_HEALTH_FACILITY_2024_07_23
92,ZW010326,Gumira Clinic,Manicaland,Chipinge,-20.60412,32.280164,RDC,CLINIC,Rural Council,RURAL_DISTRICT_COUNCIL,Rural,RURAL,Primary,PRIMARY,775919052,Open,ACTIVE_OR_OPERATIONAL,,,,,,NO,READY_WITH_COORDINATES,IMPORTED_PENDING_CONFIGURATION,MASTER_HEALTH_FACILITY_2024_07_23
93,ZW010390,Gwenzi Clinic,Manicaland,Chipinge,-20.530085,32.662863,Mission Clinic,MISSION_CLINIC,Mission,MISSION_FAITH_BASED,Rural,RURAL,Primary,PRIMARY,774083540,Open,ACTIVE_OR_OPERATIONAL,,,,,,NO,READY_WITH_COORDINATES,IMPORTED_PENDING_CONFIGURATION,MASTER_HEALTH_FACILITY_2024_07_23
94,ZW010327,Hwakwata Clinic,Manicaland,Chipinge,-20.826144,32.460421,RDC,CLINIC,Rural Council,RURAL_DISTRICT_COUNCIL,Rural,RURAL,Primary,PRIMARY,773901415,Open,ACTIVE_OR_OPERATIONAL,,,,,,NO,READY_WITH_COORDINATES,IMPORTED_PENDING_CONFIGURATION,MASTER_HEALTH_FACILITY_2024_07_23
95,ZW010364,Jersey Clinic,Manicaland,Chipinge,-20.526607,32.680127,RDC,CLINIC,Private,PRIVATE,Rural,RURAL,Primary,PRIMARY,773188097,Open,ACTIVE_OR_OPERATIONAL,,,,,,NO,READY_WITH_COORDINATES,IMPORTED_PENDING_CONFIGURATION,MASTER_HEALTH_FACILITY_2024_07_23
96,ZW010348,Junction Gate Clinic,Manicaland,Chipinge,-20.159686,32.785284,RDC,CLINIC,Rural Council,RURAL_DISTRICT_COUNCIL,Rural,RURAL,Primary,PRIMARY,718554803,Open,ACTIVE_OR_OPERATIONAL,,,,,,NO,READY_WITH_COORDINATES,IMPORTED_PENDING_CONFIGURATION,MASTER_HEALTH_FACILITY_2024_07_23
97,ZW010392,Kondo Clinic,Manicaland,Chipinge,-20.397541,32.385785,RDC,CLINIC,Rural Council,RURAL_DISTRICT_COUNCIL,Rural,RURAL,Primary,PRIMARY,776331095,Open,ACTIVE_OR_OPERATIONAL,,,,,,NO,READY_WITH_COORDINATES,IMPORTED_PENDING_CONFIGURATION,MASTER_HEALTH_FACILITY_2024_07_23
98,ZW010328,Kopera Rural Health Centre,Manicaland,Chipinge,-20.321644,32.770512,RHC,RURAL_HEALTH_CENTRE,Government,GOVERNMENT,Rural,RURAL,Primary,PRIMARY,775700996,Open,ACTIVE_OR_OPERATIONAL,,,,,,NO,READY_WITH_COORDINATES,IMPORTED_PENDING_CONFIGURATION,MASTER_HEALTH_FACILITY_2024_07_23
99,ZW010306,Lamont clinic,Manicaland,Chipinge,-20.208011,32.612189,Mission Clinic,MISSION_CLINIC,Mission,MISSION_FAITH_BASED,Urban,URBAN,Primary,PRIMARY,775727058,Open,ACTIVE_OR_OPERATIONAL,,,,,,NO,READY_WITH_COORDINATES,IMPORTED_PENDING_CONFIGURATION,MASTER_HEALTH_FACILITY_2024_07_23
100,ZW010307,Mabee Rural Health Centre,Manicaland,Chipinge,-20.900977,32.485555,RHC,RURAL_HEALTH_CENTRE,Government,GOVERNMENT,Rural,RURAL,Primary,PRIMARY,789766808,Open,ACTIVE_OR_OPERATIONAL,,,,,,NO,READY_WITH_COORDINATES,IMPORTED_PENDING_CONFIGURATION,MASTER_HEALTH_FACILITY_2024_07_23
101,ZW010329,Madhuku Clinic,Manicaland,Chipinge,-20.72145,32.363357,RDC,CLINIC,Rural Council,RURAL_DISTRICT_COUNCIL,Rural,RURAL,Primary,PRIMARY,782952868,Open,ACTIVE_OR_OPERATIONAL,,,,,,NO,READY_WITH_COORDINATES,IMPORTED_PENDING_CONFIGURATION,MASTER_HEALTH_FACILITY_2024_07_23
102,ZW010354,Mafumise Clinic,Manicaland,Chipinge,-20.126463,32.841455,Clinic,CLINIC,Government,GOVERNMENT,Rural,RURAL,Primary,PRIMARY,774178030,Open,ACTIVE_OR_OPERATIONAL,,,,,,NO,READY_WITH_COORDINATES,IMPORTED_PENDING_CONFIGURATION,MASTER_HEALTH_FACILITY_2024_07_23
103,ZW010309,Mahenye Rural Health Centre,Manicaland,Chipinge,-21.250107,32.392941,RHC,RURAL_HEALTH_CENTRE,Government,GOVERNMENT,Rural,RURAL,Primary,PRIMARY,714528826,Open,ACTIVE_OR_OPERATIONAL,,,,,,NO,READY_WITH_COORDINATES,IMPORTED_PENDING_CONFIGURATION,MASTER_HEALTH_FACILITY_2024_07_23
104,ZW010330,Manzvire Clinic,Manicaland,Chipinge,-20.675254,32.340249,RDC,CLINIC,Rural Council,RURAL_DISTRICT_COUNCIL,Rural,RURAL,Primary,PRIMARY,776545325,Open,ACTIVE_OR_OPERATIONAL,,,,,,NO,READY_WITH_COORDINATES,IMPORTED_PENDING_CONFIGURATION,MASTER_HEALTH_FACILITY_2024_07_23
105,ZW010340,Maparadza Clinic,Manicaland,Chipinge,-21.074099,32.27674,RDC,CLINIC,Rural Council,RURAL_DISTRICT_COUNCIL,Rural,RURAL,Primary,PRIMARY,772901972,Open,ACTIVE_OR_OPERATIONAL,,,,,,NO,READY_WITH_COORDINATES,IMPORTED_PENDING_CONFIGURATION,MASTER_HEALTH_FACILITY_2024_07_23
106,ZW010353,maundwa clinic,Manicaland,Chipinge,-20.07472,32.806531,RDC,CLINIC,Government,GOVERNMENT,Rural,RURAL,Primary,PRIMARY,783908239,Open,ACTIVE_OR_OPERATIONAL,,,,,,NO,READY_WITH_COORDINATES,IMPORTED_PENDING_CONFIGURATION,MASTER_HEALTH_FACILITY_2024_07_23
107,ZW010365,Midsave Clinic,Manicaland,Chipinge,-20.219367,32.37956,RDC,CLINIC,,,Rural,RURAL,Primary,PRIMARY,773508882,Open,ACTIVE_OR_OPERATIONAL,,,,,Ownership,YES,READY_WITH_COORDINATES,IMPORTED_PENDING_CONFIGURATION,MASTER_HEALTH_FACILITY_2024_07_23
108,ZW01030C,Mount Selinda Mission Hospital,Manicaland,Chipinge,-20.423397,32.70279,Mission Hospital,MISSION_HOSPITAL,Mission,MISSION_FAITH_BASED,Rural,RURAL,Primary,PRIMARY,774135334,Open,ACTIVE_OR_OPERATIONAL,175,,,,,NO,READY_WITH_COORDINATES,IMPORTED_PENDING_CONFIGURATION,MASTER_HEALTH_FACILITY_2024_07_23
109,ZW010331,Musani Clinic,Manicaland,Chipinge,-20.083395,32.403307,RDC,CLINIC,Rural Council,RURAL_DISTRICT_COUNCIL,Rural,RURAL,Primary,PRIMARY,778015993,Open,ACTIVE_OR_OPERATIONAL,,,,,,NO,READY_WITH_COORDINATES,IMPORTED_PENDING_CONFIGURATION,MASTER_HEALTH_FACILITY_2024_07_23
110,ZW010311,Musilizwe Rural Health Centre,Manicaland,Chipinge,-20.460566,32.579945,RHC,RURAL_HEALTH_CENTRE,Government,GOVERNMENT,Rural,RURAL,Primary,PRIMARY,773571643,Open,ACTIVE_OR_OPERATIONAL,,,,,,NO,READY_WITH_COORDINATES,IMPORTED_PENDING_CONFIGURATION,MASTER_HEALTH_FACILITY_2024_07_23
111,ZW010391,Muswera Rural clinic,Manicaland,Chipinge,-20.334474,32.605337,RDC,CLINIC,Rural Council,RURAL_DISTRICT_COUNCIL,Rural,RURAL,Primary,PRIMARY,773155563,Open,ACTIVE_OR_OPERATIONAL,,,,,,NO,READY_WITH_COORDINATES,IMPORTED_PENDING_CONFIGURATION,MASTER_HEALTH_FACILITY_2024_07_23
112,ZW010332,Mutandahwe Clinic,Manicaland,Chipinge,-21.010576,32.195161,RDC,CLINIC,Rural Council,RURAL_DISTRICT_COUNCIL,Rural,RURAL,Primary,PRIMARY,772868360,Open,ACTIVE_OR_OPERATIONAL,,,,,,NO,READY_WITH_COORDINATES,IMPORTED_PENDING_CONFIGURATION,MASTER_HEALTH_FACILITY_2024_07_23
113,ZW010333,Mutema Clinic,Manicaland,Chipinge,-20.134305,32.360891,RDC,CLINIC,Rural Council,RURAL_DISTRICT_COUNCIL,Rural,RURAL,Primary,PRIMARY,775086665,Open,ACTIVE_OR_OPERATIONAL,,,,,,NO,READY_WITH_COORDINATES,IMPORTED_PENDING_CONFIGURATION,MASTER_HEALTH_FACILITY_2024_07_23
114,ZW010382,New start center,Manicaland,Chipinge,,,RHC,RURAL_HEALTH_CENTRE,Private,PRIVATE,Urban,URBAN,Primary,PRIMARY,774030281,Open,ACTIVE_OR_OPERATIONAL,,,,,Latitude; Longitude,YES,INCOMPLETE_MISSING_COORDINATES,IMPORTED_PENDING_CONFIGURATION,MASTER_HEALTH_FACILITY_2024_07_23
115,ZW010366,New Year's Gift Clinic,Manicaland,Chipinge,-20.09636,32.573924,RDC,CLINIC,Private,PRIVATE,Rural,RURAL,Primary,PRIMARY,775564085,Open,ACTIVE_OR_OPERATIONAL,,,,,,NO,READY_WITH_COORDINATES,IMPORTED_PENDING_CONFIGURATION,MASTER_HEALTH_FACILITY_2024_07_23
116,ZW010334,Ngaone Clinic,Manicaland,Chipinge,-19.98949,32.577823,RDC,CLINIC,Rural Council,RURAL_DISTRICT_COUNCIL,Rural,RURAL,Primary,PRIMARY,773282577,Open,ACTIVE_OR_OPERATIONAL,,,,,,NO,READY_WITH_COORDINATES,IMPORTED_PENDING_CONFIGURATION,MASTER_HEALTH_FACILITY_2024_07_23
117,ZW010351,Nyunga Clinic,Manicaland,Chipinge,-20.019021,32.386649,RDC,CLINIC,Rural Council,RURAL_DISTRICT_COUNCIL,Rural,RURAL,Primary,PRIMARY,774040720,Open,ACTIVE_OR_OPERATIONAL,,,,,,NO,READY_WITH_COORDINATES,IMPORTED_PENDING_CONFIGURATION,MASTER_HEALTH_FACILITY_2024_07_23
118,ZW010312,Paidamoyo Rural Health Centre,Manicaland,Chipinge,-20.111045,32.806339,RHC,RURAL_HEALTH_CENTRE,Government,GOVERNMENT,Rural,RURAL,Primary,PRIMARY,719405185,Open,ACTIVE_OR_OPERATIONAL,,,,,,NO,READY_WITH_COORDINATES,IMPORTED_PENDING_CONFIGURATION,MASTER_HEALTH_FACILITY_2024_07_23
119,ZW010371,Ratelshoek Clinic,Manicaland,Chipinge,-20.246145,32.806312,RDC,CLINIC,Private,PRIVATE,Rural,RURAL,Primary,PRIMARY,773829404,Open,ACTIVE_OR_OPERATIONAL,,,,,,NO,READY_WITH_COORDINATES,IMPORTED_PENDING_CONFIGURATION,MASTER_HEALTH_FACILITY_2024_07_23
120,ZW010335,Rimbi Clinic,Manicaland,Chipinge,-20.547979,32.393014,RDC,CLINIC,Rural Council,RURAL_DISTRICT_COUNCIL,Rural,RURAL,Primary,PRIMARY,772546923,Open,ACTIVE_OR_OPERATIONAL,,,,,,NO,READY_WITH_COORDINATES,IMPORTED_PENDING_CONFIGURATION,MASTER_HEALTH_FACILITY_2024_07_23
121,ZW010394,shekwa clinic,Manicaland,Chipinge,-20.385493,32.527936,Mission Clinic,MISSION_CLINIC,Mission,MISSION_FAITH_BASED,Rural,RURAL,Primary,PRIMARY,775646956,Open,ACTIVE_OR_OPERATIONAL,,,,,,NO,READY_WITH_COORDINATES,IMPORTED_PENDING_CONFIGURATION,MASTER_HEALTH_FACILITY_2024_07_23
122,ZW010367,Silver Stream Clinic,Manicaland,Chipinge,-19.99843,32.684594,RDC,CLINIC,Private,PRIVATE,Rural,RURAL,Primary,PRIMARY,774934196,Open,ACTIVE_OR_OPERATIONAL,,,,,,NO,READY_WITH_COORDINATES,IMPORTED_PENDING_CONFIGURATION,MASTER_HEALTH_FACILITY_2024_07_23
123,ZW010369,Southdown Clinic,Manicaland,Chipinge,-20.265029,32.822268,RDC,CLINIC,Private,PRIVATE,Rural,RURAL,Primary,PRIMARY,774412286,Open,ACTIVE_OR_OPERATIONAL,,,,,,NO,READY_WITH_COORDINATES,IMPORTED_PENDING_CONFIGURATION,MASTER_HEALTH_FACILITY_2024_07_23
124,ZW01030D,St Peters Hospital,Manicaland,Chipinge,-20.77139,32.215683,Mission Hospital,MISSION_HOSPITAL,Mission,MISSION_FAITH_BASED,Rural,RURAL,Primary,PRIMARY,772515250,Open,ACTIVE_OR_OPERATIONAL,80,,,,,NO,READY_WITH_COORDINATES,IMPORTED_PENDING_CONFIGURATION,MASTER_HEALTH_FACILITY_2024_07_23
125,ZW010350,Tamandayi Clinic,Manicaland,Chipinge,-20.30561,32.832794,RDC,CLINIC,Rural Council,RURAL_DISTRICT_COUNCIL,Rural,RURAL,Primary,PRIMARY,778407555,Open,ACTIVE_OR_OPERATIONAL,,,,,,NO,READY_WITH_COORDINATES,IMPORTED_PENDING_CONFIGURATION,MASTER_HEALTH_FACILITY_2024_07_23
126,ZW010314,Tanganda Rural Health Centre,Manicaland,Chipinge,-20.110654,32.450444,RHC,RURAL_HEALTH_CENTRE,Government,GOVERNMENT,Rural,RURAL,Primary,PRIMARY,775118205,Open,ACTIVE_OR_OPERATIONAL,,,,,,NO,READY_WITH_COORDINATES,IMPORTED_PENDING_CONFIGURATION,MASTER_HEALTH_FACILITY_2024_07_23
127,ZW010373,Tingamira Clinic,Manicaland,Chipinge,-20.158582,32.780542,RDC,CLINIC,Private,PRIVATE,Rural,RURAL,Primary,PRIMARY,776457556,Open,ACTIVE_OR_OPERATIONAL,,,,,,NO,READY_WITH_COORDINATES,IMPORTED_PENDING_CONFIGURATION,MASTER_HEALTH_FACILITY_2024_07_23
128,ZW010315,Tongogara Rural Health Centre,Manicaland,Chipinge,-20.348102,32.305794,RDC,CLINIC,Rural Council,RURAL_DISTRICT_COUNCIL,Rural,RURAL,Primary,PRIMARY,773970256,Open,ACTIVE_OR_OPERATIONAL,,,,,,NO,READY_WITH_COORDINATES,IMPORTED_PENDING_CONFIGURATION,MASTER_HEALTH_FACILITY_2024_07_23
129,ZW010316,Tuzuka Clinic,Manicaland,Chipinge,-20.540841,32.485271,RDC,CLINIC,Rural Council,RURAL_DISTRICT_COUNCIL,Rural,RURAL,primary,PRIMARY,773828591,Open,ACTIVE_OR_OPERATIONAL,,,,,,NO,READY_WITH_COORDINATES,IMPORTED_PENDING_CONFIGURATION,MASTER_HEALTH_FACILITY_2024_07_23
130,ZW010336,Veneka Clinic,Manicaland,Chipinge,-20.937424,32.153292,RDC,CLINIC,Rural Council,RURAL_DISTRICT_COUNCIL,Rural,RURAL,primary,PRIMARY,775549961,Open,ACTIVE_OR_OPERATIONAL,,,,,,NO,READY_WITH_COORDINATES,IMPORTED_PENDING_CONFIGURATION,MASTER_HEALTH_FACILITY_2024_07_23
131,ZW010337,Zamuchiya Clinic,Manicaland,chipinge,-20.699454,32.477094,RDC,CLINIC,Rural Council,RURAL_DISTRICT_COUNCIL,Rural,RURAL,primary,PRIMARY,773159317,Open,ACTIVE_OR_OPERATIONAL,,,,,,NO,READY_WITH_COORDINATES,IMPORTED_PENDING_CONFIGURATION,MASTER_HEALTH_FACILITY_2024_07_23
132,ZW010372,Zona Clinic,Manicaland,Chipinge,-20.437342,32.736164,RDC,CLINIC,Private,PRIVATE,Rural,RURAL,primary,PRIMARY,773864806,Open,ACTIVE_OR_OPERATIONAL,,,,,,NO,READY_WITH_COORDINATES,IMPORTED_PENDING_CONFIGURATION,MASTER_HEALTH_FACILITY_2024_07_23
133,ZW010318,ZPS Chipinge Prison Clinic,Manicaland,Chipinge,,,RHC,RURAL_HEALTH_CENTRE,ZPS,ZIMBABWE_PRISONS_AND_CORRECTIONAL_SERVICE,Rural,RURAL,Primary,PRIMARY,778672446,Open,ACTIVE_OR_OPERATIONAL,,,,,Latitude; Longitude,YES,INCOMPLETE_MISSING_COORDINATES,IMPORTED_PENDING_CONFIGURATION,MASTER_HEALTH_FACILITY_2024_07_23
135,ZW010401,Bamba Rural Health Centre,Manicaland,Makoni,-18.205016,32.306145,RHC,RURAL_HEALTH_CENTRE,Government,GOVERNMENT,Rural,RURAL,Primary,PRIMARY,0786 933 487,Open,ACTIVE_OR_OPERATIONAL,,,,,,NO,READY_WITH_COORDINATES,IMPORTED_PENDING_CONFIGURATION,MASTER_HEALTH_FACILITY_2024_07_23
136,ZW010425,Chiduku Clinic,Manicaland,Makoni,-18.820327,31.934838,RDC,CLINIC,Rural Council,RURAL_DISTRICT_COUNCIL,Rural,RURAL,Primary,PRIMARY,0786 933 539,Open,ACTIVE_OR_OPERATIONAL,,,,,,NO,READY_WITH_COORDINATES,IMPORTED_PENDING_CONFIGURATION,MASTER_HEALTH_FACILITY_2024_07_23
137,ZW010402,Chikobvore Rural Health Centre,Manicaland,Makoni,-18.902048,32.156927,RHC,RURAL_HEALTH_CENTRE,Government,GOVERNMENT,Rural,RURAL,Primary,PRIMARY,0786 933 525,Open,ACTIVE_OR_OPERATIONAL,,,,,,NO,READY_WITH_COORDINATES,IMPORTED_PENDING_CONFIGURATION,MASTER_HEALTH_FACILITY_2024_07_23
138,ZW010426,Chikore Clinic,Manicaland,Makoni,-18.558238,32.428189,RDC,CLINIC,Rural Council,RURAL_DISTRICT_COUNCIL,Rural,RURAL,Primary,PRIMARY,0718 956 621,Open,ACTIVE_OR_OPERATIONAL,,,,,,NO,READY_WITH_COORDINATES,IMPORTED_PENDING_CONFIGURATION,MASTER_HEALTH_FACILITY_2024_07_23
141,ZW010404,Chinyika I Rural Health Centre,Manicaland,Makoni,-18.205016,32.306145,RHC,RURAL_HEALTH_CENTRE,Government,GOVERNMENT,Rural,RURAL,Primary,PRIMARY,0786 933 583,Open,ACTIVE_OR_OPERATIONAL,,,,,,NO,READY_WITH_COORDINATES,IMPORTED_PENDING_CONFIGURATION,MASTER_HEALTH_FACILITY_2024_07_23
142,ZW010405,Chinyika II Rural Health Centre,Manicaland,Makoni,-18.14357,32.28957,RHC,RURAL_HEALTH_CENTRE,Government,GOVERNMENT,Rural,RURAL,Primary,PRIMARY,0786 933 560,Open,ACTIVE_OR_OPERATIONAL,,,,,,NO,READY_WITH_COORDINATES,IMPORTED_PENDING_CONFIGURATION,MASTER_HEALTH_FACILITY_2024_07_23
143,ZW010406,Chinyudze Rural Health Centre,Manicaland,Makoni,-18.186511,32.199583,RHC,RURAL_HEALTH_CENTRE,Government,GOVERNMENT,Rural,RURAL,Primary,PRIMARY,0786 933 578,Open,ACTIVE_OR_OPERATIONAL,,,,,,NO,READY_WITH_COORDINATES,IMPORTED_PENDING_CONFIGURATION,MASTER_HEALTH_FACILITY_2024_07_23
144,ZW010428,Chitungwiza Clinic,Manicaland,Makoni,-18.369638,32.308784,Mission Clinic,MISSION_CLINIC,Mission,MISSION_FAITH_BASED,Rural,RURAL,Primary,PRIMARY,786933555,Open,ACTIVE_OR_OPERATIONAL,,,,,,NO,READY_WITH_COORDINATES,IMPORTED_PENDING_CONFIGURATION,MASTER_HEALTH_FACILITY_2024_07_23
145,ZW010429,Dowa Clinic,Manicaland,Makoni,-18.256579,32.017503,RDC,CLINIC,Rural Council,RURAL_DISTRICT_COUNCIL,Rural,RURAL,Primary,PRIMARY,0786 933 553,Open,ACTIVE_OR_OPERATIONAL,,,,,,NO,READY_WITH_COORDINATES,IMPORTED_PENDING_CONFIGURATION,MASTER_HEALTH_FACILITY_2024_07_23
148,ZW010407,Gowakowa Rural Health Centre,Manicaland,Makoni,-18.080198,32.334296,RHC,RURAL_HEALTH_CENTRE,Government,GOVERNMENT,Rural,RURAL,Primary,PRIMARY,0786 933 544,Open,ACTIVE_OR_OPERATIONAL,,,,,,NO,READY_WITH_COORDINATES,IMPORTED_PENDING_CONFIGURATION,MASTER_HEALTH_FACILITY_2024_07_23
149,ZW010440,Groobi Spring Rural Health Centre,Manicaland,Makoni,-18.670865,32.234091,RHC,RURAL_HEALTH_CENTRE,Government,GOVERNMENT,Rural,RURAL,Primary,PRIMARY,779361140,Open,ACTIVE_OR_OPERATIONAL,,,,,,NO,READY_WITH_COORDINATES,IMPORTED_PENDING_CONFIGURATION,MASTER_HEALTH_FACILITY_2024_07_23
150,ZW010410,Headlands Clinic,Manicaland,Makoni,-18.28584,32.03984,RDC,CLINIC,Rural Council,RURAL_DISTRICT_COUNCIL,Rural,RURAL,Primary,PRIMARY,773868695,Open,ACTIVE_OR_OPERATIONAL,,,,,,NO,READY_WITH_COORDINATES,IMPORTED_PENDING_CONFIGURATION,MASTER_HEALTH_FACILITY_2024_07_23
151,ZW0104102,Katsenga Rural Health Centre,Manicaland,Makoni,-18.724886,32.020701,RHC,RURAL_HEALTH_CENTRE,Government,GOVERNMENT,Rural,RURAL,Primary,PRIMARY,0786 933 581,Open,ACTIVE_OR_OPERATIONAL,,,,,,NO,READY_WITH_COORDINATES,IMPORTED_PENDING_CONFIGURATION,MASTER_HEALTH_FACILITY_2024_07_23
152,ZW01040C,Mabvazuva Clinic,Manicaland,Makoni,-18.540442,32.140881,RHC,RURAL_HEALTH_CENTRE,Town/City Council,LOCAL_AUTHORITY,Urban,URBAN,Primary,PRIMARY,773937501,Open,ACTIVE_OR_OPERATIONAL,,,,,,NO,READY_WITH_COORDINATES,IMPORTED_PENDING_CONFIGURATION,MASTER_HEALTH_FACILITY_2024_07_23
153,ZW010411,Makoni Rural Hospital,Manicaland,Makoni,-18.612877,32.388378,Rural Hospital,RURAL_HOSPITAL,Government,GOVERNMENT,Rural,RURAL,Primary,PRIMARY,0786 933 478,Open,ACTIVE_OR_OPERATIONAL,15,,,,,NO,READY_WITH_COORDINATES,IMPORTED_PENDING_CONFIGURATION,MASTER_HEALTH_FACILITY_2024_07_23
154,ZW010412,Maparura Rural Health Centre,Manicaland,Makoni,-18.0031,32.394864,RHC,RURAL_HEALTH_CENTRE,Government,GOVERNMENT,Rural,RURAL,Primary,PRIMARY,0786 933 567,Open,ACTIVE_OR_OPERATIONAL,,,,,,NO,READY_WITH_COORDINATES,IMPORTED_PENDING_CONFIGURATION,MASTER_HEALTH_FACILITY_2024_07_23
155,ZW010413,Masvosva Rural Health Centre,Manicaland,Makoni,-18.70309,31.857027,RHC,RURAL_HEALTH_CENTRE,Government,GOVERNMENT,Rural,RURAL,Primary,PRIMARY,0786 933 477,Open,ACTIVE_OR_OPERATIONAL,,,,,,NO,READY_WITH_COORDINATES,IMPORTED_PENDING_CONFIGURATION,MASTER_HEALTH_FACILITY_2024_07_23
156,ZW010430,Matotwe Rural Health Centre,Manicaland,Makoni,-18.523144,32.366674,RHC,RURAL_HEALTH_CENTRE,Government,GOVERNMENT,Rural,RURAL,Primary,PRIMARY,0786 933 577,Open,ACTIVE_OR_OPERATIONAL,,,,,,NO,READY_WITH_COORDINATES,IMPORTED_PENDING_CONFIGURATION,MASTER_HEALTH_FACILITY_2024_07_23
157,ZW010438,Matsika Clinic,Manicaland,Makoni,-18.699451,31.947685,RDC,CLINIC,Rural Council,RURAL_DISTRICT_COUNCIL,Rural,RURAL,Primary,PRIMARY,0786 933 576,Open,ACTIVE_OR_OPERATIONAL,,,,,,NO,READY_WITH_COORDINATES,IMPORTED_PENDING_CONFIGURATION,MASTER_HEALTH_FACILITY_2024_07_23
159,ZW010414,Mavhudzi Clinic,Manicaland,Makoni,-18.726072,32.144215,RDC,CLINIC,Rural Council,RURAL_DISTRICT_COUNCIL,Rural,RURAL,Primary,PRIMARY,0786 933 584,Open,ACTIVE_OR_OPERATIONAL,,,,,,NO,READY_WITH_COORDINATES,IMPORTED_PENDING_CONFIGURATION,MASTER_HEALTH_FACILITY_2024_07_23
160,ZW010415,Mayo 1 Rural Health Centre,Manicaland,Makoni,-17.870643,32.259962,RHC,RURAL_HEALTH_CENTRE,Government,GOVERNMENT,Rural,RURAL,Primary,PRIMARY,0718 956 209,Open,ACTIVE_OR_OPERATIONAL,,,,,,NO,READY_WITH_COORDINATES,IMPORTED_PENDING_CONFIGURATION,MASTER_HEALTH_FACILITY_2024_07_23
161,ZW010441,Mayo 2 Rural Health Centre,Manicaland,Makoni,-17.7821,32.352077,RHC,RURAL_HEALTH_CENTRE,Government,GOVERNMENT,Rural,RURAL,Primary,PRIMARY,0718 956 767,Open,ACTIVE_OR_OPERATIONAL,,,,,,NO,READY_WITH_COORDINATES,IMPORTED_PENDING_CONFIGURATION,MASTER_HEALTH_FACILITY_2024_07_23
162,ZW010439,Mubvurungwa Clinic,Manicaland,Makoni,-18.5348,31.934837,RDC,CLINIC,Rural Council,RURAL_DISTRICT_COUNCIL,Rural,RURAL,Primary,PRIMARY,0718 956 799,Open,ACTIVE_OR_OPERATIONAL,,,,,,NO,READY_WITH_COORDINATES,IMPORTED_PENDING_CONFIGURATION,MASTER_HEALTH_FACILITY_2024_07_23
163,ZW010432,Mufusire Clinic,Manicaland,Makoni,-18.240245,31.965268,RDC,CLINIC,Rural Council,RURAL_DISTRICT_COUNCIL,Rural,RURAL,Primary,PRIMARY,0786 933 579,Open,ACTIVE_OR_OPERATIONAL,,,,,,NO,READY_WITH_COORDINATES,IMPORTED_PENDING_CONFIGURATION,MASTER_HEALTH_FACILITY_2024_07_23
165,ZW010494,Mukuwapasi Rehab Clinic,Manicaland,Makoni,-18.493246,32.214093,RHC,RURAL_HEALTH_CENTRE,Government,GOVERNMENT,Rural,RURAL,Primary,PRIMARY,0786 933 565,Open,ACTIVE_OR_OPERATIONAL,,,,,,NO,READY_WITH_COORDINATES,IMPORTED_PENDING_CONFIGURATION,MASTER_HEALTH_FACILITY_2024_07_23
166,ZW01040D,Name Clinic,Manicaland,Makoni,-18.122111,32.012217,RDC,CLINIC,Rural Council,RURAL_DISTRICT_COUNCIL,Rural,RURAL,Primary,PRIMARY,0786 933 535,Open,ACTIVE_OR_OPERATIONAL,,,,,,NO,READY_WITH_COORDINATES,IMPORTED_PENDING_CONFIGURATION,MASTER_HEALTH_FACILITY_2024_07_23
167,ZW01049,Nedewedzo Rural Hospital,Manicaland,Makoni,-18.549353,31.858692,Rural Hospital,RURAL_HOSPITAL,Government,GOVERNMENT,Rural,RURAL,Primary,PRIMARY,0786 933 475,Open,ACTIVE_OR_OPERATIONAL,40,,,,,NO,READY_WITH_COORDINATES,IMPORTED_PENDING_CONFIGURATION,MASTER_HEALTH_FACILITY_2024_07_23
168,ZW010418,Nedziwa Mission Clinic,Manicaland,Makoni,,,Mission Clinic,MISSION_CLINIC,Mission,MISSION_FAITH_BASED,Rural,RURAL,Primary,PRIMARY,0786 933 524,Open,ACTIVE_OR_OPERATIONAL,,,,,Latitude; Longitude,YES,INCOMPLETE_MISSING_COORDINATES,IMPORTED_PENDING_CONFIGURATION,MASTER_HEALTH_FACILITY_2024_07_23
170,ZW010431,Nyahukwe Rural Health Centre,Manicaland,Makoni,-18.464877,32.31189,RHC,RURAL_HEALTH_CENTRE,Government,GOVERNMENT,Rural,RURAL,Primary,PRIMARY,0786 933 561,Open,ACTIVE_OR_OPERATIONAL,,,,,,NO,READY_WITH_COORDINATES,IMPORTED_PENDING_CONFIGURATION,MASTER_HEALTH_FACILITY_2024_07_23
171,ZW010420,Nyamidzi Clinic,Manicaland,Makoni,-18.939783,32.087178,RDC,CLINIC,Rural Council,RURAL_DISTRICT_COUNCIL,Rural,RURAL,Primary,PRIMARY,0786 933 483,Open,ACTIVE_OR_OPERATIONAL,,,,,,NO,READY_WITH_COORDINATES,IMPORTED_PENDING_CONFIGURATION,MASTER_HEALTH_FACILITY_2024_07_23
172,ZW010446,Nyamukamani Rural Health Centre,Manicaland,Makoni,-17.989972,32.225503,RHC,RURAL_HEALTH_CENTRE,Government,GOVERNMENT,Rural,RURAL,Primary,PRIMARY,0786 933 519,Open,ACTIVE_OR_OPERATIONAL,,,,,,NO,READY_WITH_COORDINATES,IMPORTED_PENDING_CONFIGURATION,MASTER_HEALTH_FACILITY_2024_07_23
173,ZW010427,Nyamusosa Clinic,Manicaland,Makoni,-18.000676,32.262473,RDC,CLINIC,Rural Council,RURAL_DISTRICT_COUNCIL,Rural,RURAL,Primary,PRIMARY,0786 933 517,Open,ACTIVE_OR_OPERATIONAL,,,,,,NO,READY_WITH_COORDINATES,IMPORTED_PENDING_CONFIGURATION,MASTER_HEALTH_FACILITY_2024_07_23
174,ZW010491,Nyazura Clinic,Manicaland,Makoni,-18.72089,32.17139,RDC,CLINIC,Rural Council,RURAL_DISTRICT_COUNCIL,Urban,URBAN,Primary,PRIMARY,0786 933 471,Open,ACTIVE_OR_OPERATIONAL,,,,,,NO,READY_WITH_COORDINATES,IMPORTED_PENDING_CONFIGURATION,MASTER_HEALTH_FACILITY_2024_07_23
175,ZW0104101,Nyazura Mission Clinic,Manicaland,Makoni,-18.75663,32.224718,Mission Clinic,MISSION_CLINIC,Mission,MISSION_FAITH_BASED,Rural,RURAL,Primary,PRIMARY,0786 933 473,Open,ACTIVE_OR_OPERATIONAL,,,,,,NO,READY_WITH_COORDINATES,IMPORTED_PENDING_CONFIGURATION,MASTER_HEALTH_FACILITY_2024_07_23
176,ZW010443,Nzvimbe clinic,Manicaland,Makoni,,,RDC,CLINIC,Rural Council,RURAL_DISTRICT_COUNCIL,Rural,RURAL,Primary,PRIMARY,776250941,Open,ACTIVE_OR_OPERATIONAL,,,,,Latitude; Longitude,YES,INCOMPLETE_MISSING_COORDINATES,IMPORTED_PENDING_CONFIGURATION,MASTER_HEALTH_FACILITY_2024_07_23
177,ZW010433,Ringanayi Clinic,Manicaland,Makoni,-18.558179,32.428128,RDC,CLINIC,Rural Council,RURAL_DISTRICT_COUNCIL,Rural,RURAL,Primary,PRIMARY,0786 933 570,Open,ACTIVE_OR_OPERATIONAL,,,,,,NO,READY_WITH_COORDINATES,IMPORTED_PENDING_CONFIGURATION,MASTER_HEALTH_FACILITY_2024_07_23
178,ZW01040A,Rukweza Clinic,Manicaland,Makoni,-18.804159,32.0838,RDC,CLINIC,Rural Council,RURAL_DISTRICT_COUNCIL,Rural,RURAL,Primary,PRIMARY,0786 933 466,Open,ACTIVE_OR_OPERATIONAL,,,,,,NO,READY_WITH_COORDINATES,IMPORTED_PENDING_CONFIGURATION,MASTER_HEALTH_FACILITY_2024_07_23
179,ZW010447,Rusape District Hospital,Manicaland,Makoni,-18.528347,32.130171,District Hospital,DISTRICT_HOSPITAL,Government,GOVERNMENT,Urban,URBAN,Secondary,SECONDARY,2630252363,Open,ACTIVE_OR_OPERATIONAL,257,,,,,NO,READY_WITH_COORDINATES,IMPORTED_PENDING_CONFIGURATION,MASTER_HEALTH_FACILITY_2024_07_23
180,ZW01040E,Sangano Clinic,Manicaland,Makoni,-18.567265,32.286925,RDC,CLINIC,Rural Council,RURAL_DISTRICT_COUNCIL,Rural,RURAL,Primary,PRIMARY,0786 933 460,Open,ACTIVE_OR_OPERATIONAL,,,,,,NO,READY_WITH_COORDINATES,IMPORTED_PENDING_CONFIGURATION,MASTER_HEALTH_FACILITY_2024_07_23
181,ZW01040F,St Michael's Tanda Mission Hospital,Manicaland,Makoni,-17.903516,32.449172,Mission Hospital,MISSION_HOSPITAL,Mission,MISSION_FAITH_BASED,Rural,RURAL,Primary,PRIMARY,0786 933 513,Open,ACTIVE_OR_OPERATIONAL,60,,,,,NO,READY_WITH_COORDINATES,IMPORTED_PENDING_CONFIGURATION,MASTER_HEALTH_FACILITY_2024_07_23
182,ZW010434,St Therese's Mission Hospital,Manicaland,Makoni,-18.256579,32.017503,Mission Hospital,MISSION_HOSPITAL,Mission,MISSION_FAITH_BASED,Rural,RURAL,Primary,PRIMARY,0786 933 468,Open,ACTIVE_OR_OPERATIONAL,56,,,,,NO,READY_WITH_COORDINATES,IMPORTED_PENDING_CONFIGURATION,MASTER_HEALTH_FACILITY_2024_07_23
183,ZW010435,Tandi Clinic,Manicaland,Makoni,-18.564499,32.012101,RDC,CLINIC,Rural Council,RURAL_DISTRICT_COUNCIL,Rural,RURAL,Primary,PRIMARY,0786 933 464,Open,ACTIVE_OR_OPERATIONAL,,,,,,NO,READY_WITH_COORDINATES,IMPORTED_PENDING_CONFIGURATION,MASTER_HEALTH_FACILITY_2024_07_23
184,ZW010436,Toriro Clinic,Manicaland,Makoni,-18.730953,32.0838,RDC,CLINIC,Rural Council,RURAL_DISTRICT_COUNCIL,Rural,RURAL,Primary,PRIMARY,0786 933 521,Open,ACTIVE_OR_OPERATIONAL,,,,,,NO,READY_WITH_COORDINATES,IMPORTED_PENDING_CONFIGURATION,MASTER_HEALTH_FACILITY_2024_07_23
185,ZW010442,Tsanzaguru Clinic,Manicaland,Makoni,-18.61947,32.1067810059,RDC,CLINIC,Rural Council,RURAL_DISTRICT_COUNCIL,Urban,URBAN,Primary,PRIMARY,0786 933 480,Open,ACTIVE_OR_OPERATIONAL,,,,,,NO,READY_WITH_COORDINATES,IMPORTED_PENDING_CONFIGURATION,MASTER_HEALTH_FACILITY_2024_07_23
186,ZW01040B,Tsikada Rural Health Center,Manicaland,Makoni,-17.978734,32.48146,RDC,CLINIC,Rural Council,RURAL_DISTRICT_COUNCIL,Rural,RURAL,Primary,PRIMARY,0786 933 580,Open,ACTIVE_OR_OPERATIONAL,,,,,,NO,READY_WITH_COORDINATES,IMPORTED_PENDING_CONFIGURATION,MASTER_HEALTH_FACILITY_2024_07_23
187,ZW010400,Vengere Clinic,Manicaland,Makoni,-18.543552,32.118586,RDC,CLINIC,Town/City Council,LOCAL_AUTHORITY,Urban,URBAN,Primary,PRIMARY,781308394,Open,ACTIVE_OR_OPERATIONAL,,,,,,NO,READY_WITH_COORDINATES,IMPORTED_PENDING_CONFIGURATION,MASTER_HEALTH_FACILITY_2024_07_23
188,ZW0104100,Weya Rural Hospital,Manicaland,Makoni,-18.024827,32.148494,Rural Hospital,RURAL_HOSPITAL,Government,GOVERNMENT,Rural,RURAL,Primary,PRIMARY,778429499,Open,ACTIVE_OR_OPERATIONAL,23,,,,,NO,READY_WITH_COORDINATES,IMPORTED_PENDING_CONFIGURATION,MASTER_HEALTH_FACILITY_2024_07_23
189,ZW01041001,ZPS Little Kraal Prison Clinic,Manicaland,Makoni,,,RHC,RURAL_HEALTH_CENTRE,ZPS,ZIMBABWE_PRISONS_AND_CORRECTIONAL_SERVICE,Rural,RURAL,Primary,PRIMARY,772295482,Open,ACTIVE_OR_OPERATIONAL,,,,,Latitude; Longitude,YES,INCOMPLETE_MISSING_COORDINATES,IMPORTED_PENDING_CONFIGURATION,MASTER_HEALTH_FACILITY_2024_07_23
190,ZW01041002,ZPS Rusape Prison Clinic,Manicaland,Makoni,,,RHC,RURAL_HEALTH_CENTRE,ZPS,ZIMBABWE_PRISONS_AND_CORRECTIONAL_SERVICE,Urban,URBAN,Primary,PRIMARY,772848789,Open,ACTIVE_OR_OPERATIONAL,,,,,Latitude; Longitude,YES,INCOMPLETE_MISSING_COORDINATES,IMPORTED_PENDING_CONFIGURATION,MASTER_HEALTH_FACILITY_2024_07_23
191,ZW010493,ZRP Rusape Clinic,Manicaland,Makoni,,,RHC,RURAL_HEALTH_CENTRE,ZRP,ZIMBABWE_REPUBLIC_POLICE,Urban,URBAN,Primary,PRIMARY,773306597,Open,ACTIVE_OR_OPERATIONAL,,,,,Latitude; Longitude,YES,INCOMPLETE_MISSING_COORDINATES,IMPORTED_PENDING_CONFIGURATION,MASTER_HEALTH_FACILITY_2024_07_23
194,ZW0106OB,Bonda Mission Hospital,Manicaland,Mutasa,-18.445641,32.596345,Mission Hospital,MISSION_HOSPITAL,Mission,MISSION_FAITH_BASED,Rural,RURAL,Secondary,SECONDARY,0775365425,Open,ACTIVE_OR_OPERATIONAL,165,,,,,NO,READY_WITH_COORDINATES,IMPORTED_PENDING_CONFIGURATION,MASTER_HEALTH_FACILITY_2024_07_23
195,ZW0106OF,Chavhanga Rural Health Centre,Manicaland,Mutasa,-18.236223,32.996498,RHC,RURAL_HEALTH_CENTRE,Government,GOVERNMENT,Rural,RURAL,Primary,PRIMARY,0779582935,Open,ACTIVE_OR_OPERATIONAL,2,,,,,NO,READY_WITH_COORDINATES,IMPORTED_PENDING_CONFIGURATION,MASTER_HEALTH_FACILITY_2024_07_23
196,ZW0106OC,Chinaka Clinic,Manicaland,Mutasa,-18.446294,32.98573,RHC,RURAL_HEALTH_CENTRE,Government,GOVERNMENT,Rural,RURAL,Primary,PRIMARY,0783697199,Open,ACTIVE_OR_OPERATIONAL,1,,,,,NO,READY_WITH_COORDINATES,IMPORTED_PENDING_CONFIGURATION,MASTER_HEALTH_FACILITY_2024_07_23
198,ZW010645,Chitombo Clinic,Manicaland,Mutasa,-18.547527,32.789561,RDC,CLINIC,Rural Council,RURAL_DISTRICT_COUNCIL,Rural,RURAL,Primary,PRIMARY,0773571609,Open,ACTIVE_OR_OPERATIONAL,4,,,,,NO,READY_WITH_COORDINATES,IMPORTED_PENDING_CONFIGURATION,MASTER_HEALTH_FACILITY_2024_07_23
200,ZW010625,Drenane Clinic,Manicaland,Mutasa,-18.769292,32.706591,Private Clinic,PRIVATE_CLINIC,Private,PRIVATE,Rural,RURAL,Primary,PRIMARY,0786933610,Open,ACTIVE_OR_OPERATIONAL,2,,,,,NO,READY_WITH_COORDINATES,IMPORTED_PENDING_CONFIGURATION,MASTER_HEALTH_FACILITY_2024_07_23
201,ZW010604,Eastern Highlands Plantation Clinic,Manicaland,Mutasa,-18.326079,32.965703,Private Clinic,PRIVATE_CLINIC,Private,PRIVATE,Rural,RURAL,Primary,PRIMARY,0786933619,Open,ACTIVE_OR_OPERATIONAL,4,,,,,NO,READY_WITH_COORDINATES,IMPORTED_PENDING_CONFIGURATION,MASTER_HEALTH_FACILITY_2024_07_23
204,ZW010674,Guta Clinic,Manicaland,Mutasa,-18.725487,32.647535,RDC,CLINIC,Rural Council,RURAL_DISTRICT_COUNCIL,Rural,RURAL,Primary,PRIMARY,0773768816,Open,ACTIVE_OR_OPERATIONAL,2,,,,,NO,READY_WITH_COORDINATES,IMPORTED_PENDING_CONFIGURATION,MASTER_HEALTH_FACILITY_2024_07_23
205,ZW010691,Haparari Clinic,Manicaland,Mutasa,-18.597615,32.460937,RDC,CLINIC,Rural Council,RURAL_DISTRICT_COUNCIL,Rural,RURAL,Primary,PRIMARY,0772913424,Open,ACTIVE_OR_OPERATIONAL,6,,,,,NO,READY_WITH_COORDINATES,IMPORTED_PENDING_CONFIGURATION,MASTER_HEALTH_FACILITY_2024_07_23
206,ZW010626,Hauna Clinic,Manicaland,Mutasa,-18.500114,32.848768,RDC,CLINIC,Rural Council,RURAL_DISTRICT_COUNCIL,Rural,RURAL,Primary,PRIMARY,0786933626,Open,ACTIVE_OR_OPERATIONAL,3,,,,,NO,READY_WITH_COORDINATES,IMPORTED_PENDING_CONFIGURATION,MASTER_HEALTH_FACILITY_2024_07_23
208,ZW010699,Hawling health post,Manicaland,Mutasa,-18.912743,32.407614,RHC,RURAL_HEALTH_CENTRE,Government,GOVERNMENT,Rural,RURAL,Primary,PRIMARY,0773484635,Open,ACTIVE_OR_OPERATIONAL,0,,,,,NO,READY_WITH_COORDINATES,IMPORTED_PENDING_CONFIGURATION,MASTER_HEALTH_FACILITY_2024_07_23
209,ZW010627,Honde Mission Clinic,Manicaland,Mutasa,-18.596913,32.763286,Mission Clinic,MISSION_CLINIC,Mission,MISSION_FAITH_BASED,Rural,RURAL,Primary,PRIMARY,0786933615,Open,ACTIVE_OR_OPERATIONAL,5,,,,,NO,READY_WITH_COORDINATES,IMPORTED_PENDING_CONFIGURATION,MASTER_HEALTH_FACILITY_2024_07_23
210,ZW010692,Imbeza Clinic,Manicaland,Mutasa,-18.9227,32.7212,Private Clinic,PRIVATE_CLINIC,Private,PRIVATE,Rural,RURAL,Primary,PRIMARY,0715045872,Open,ACTIVE_OR_OPERATIONAL,1,,,,,NO,READY_WITH_COORDINATES,IMPORTED_PENDING_CONFIGURATION,MASTER_HEALTH_FACILITY_2024_07_23
211,ZW010670,Jombe Clinic,Manicaland,Mutasa,-18.628866,32.70232,RHC,RURAL_HEALTH_CENTRE,Government,GOVERNMENT,Rural,RURAL,Primary,PRIMARY,0786933614,Open,ACTIVE_OR_OPERATIONAL,4,,,,,NO,READY_WITH_COORDINATES,IMPORTED_PENDING_CONFIGURATION,MASTER_HEALTH_FACILITY_2024_07_23
212,ZW010697,Katiyo Tea Estate Clinic,Manicaland,Mutasa,-18.371435,33.034543,RHC,RURAL_HEALTH_CENTRE,Government,GOVERNMENT,Rural,RURAL,Primary,PRIMARY,0775920666,Open,ACTIVE_OR_OPERATIONAL,5,,,,,NO,READY_WITH_COORDINATES,IMPORTED_PENDING_CONFIGURATION,MASTER_HEALTH_FACILITY_2024_07_23
216,ZW010628,Mapara Clinic,Manicaland,Mutasa,-18.783041,32.647796,RHC,RURAL_HEALTH_CENTRE,Government,GOVERNMENT,Rural,RURAL,Primary,PRIMARY,0718956843,Open,ACTIVE_OR_OPERATIONAL,6,,,,,NO,READY_WITH_COORDINATES,IMPORTED_PENDING_CONFIGURATION,MASTER_HEALTH_FACILITY_2024_07_23
217,ZW010696,Mpotedzi Clinic,Manicaland,Mutasa,-18.50175,32.845997,RDC,CLINIC,Rural Council,RURAL_DISTRICT_COUNCIL,Rural,RURAL,Primary,PRIMARY,0778189330,Open,ACTIVE_OR_OPERATIONAL,10,,,,,NO,READY_WITH_COORDINATES,IMPORTED_PENDING_CONFIGURATION,MASTER_HEALTH_FACILITY_2024_07_23
218,ZW010629,Mt Jenya Clinic,Manicaland,Mutasa,-18.597615,32.460937,RDC,CLINIC,Rural Council,RURAL_DISTRICT_COUNCIL,Rural,RURAL,Primary,PRIMARY,0773571410,Open,ACTIVE_OR_OPERATIONAL,2,,,,,NO,READY_WITH_COORDINATES,IMPORTED_PENDING_CONFIGURATION,MASTER_HEALTH_FACILITY_2024_07_23
221,ZW010631,Mwoyoweshumba Clinic,Manicaland,Mutasa,-18.674517,32.661037,RDC,CLINIC,Rural Council,RURAL_DISTRICT_COUNCIL,Rural,RURAL,Primary,PRIMARY,0786933613,Open,ACTIVE_OR_OPERATIONAL,5,,,,,NO,READY_WITH_COORDINATES,IMPORTED_PENDING_CONFIGURATION,MASTER_HEALTH_FACILITY_2024_07_23
222,ZW010632,Ngarura Clinic,Manicaland,Mutasa,-18.579167,32.860845,RDC,CLINIC,Rural Council,RURAL_DISTRICT_COUNCIL,Rural,RURAL,Primary,PRIMARY,0774533977,Open,ACTIVE_OR_OPERATIONAL,6,,,,,NO,READY_WITH_COORDINATES,IMPORTED_PENDING_CONFIGURATION,MASTER_HEALTH_FACILITY_2024_07_23
223,ZW010633,Nyamukwarara RDC Clinic,Manicaland,Mutasa,,,RDC,CLINIC,Rural Council,RURAL_DISTRICT_COUNCIL,Rural,RURAL,Primary,PRIMARY,0783755227,Open,ACTIVE_OR_OPERATIONAL,70,,,,Latitude; Longitude,YES,INCOMPLETE_MISSING_COORDINATES,IMPORTED_PENDING_CONFIGURATION,MASTER_HEALTH_FACILITY_2024_07_23
224,ZW010646,Old Mutare Mission Hospital,Manicaland,Mutasa,-18.892781,32.57899,Mission Hospital,MISSION_HOSPITAL,Mission,MISSION_FAITH_BASED,Rural,RURAL,Secondary,SECONDARY,0778005479,Open,ACTIVE_OR_OPERATIONAL,1,,,,,NO,READY_WITH_COORDINATES,IMPORTED_PENDING_CONFIGURATION,MASTER_HEALTH_FACILITY_2024_07_23
225,ZW010698,Premier Central Clinic,Manicaland,Mutasa,-18.903954,32.546401,RHC,RURAL_HEALTH_CENTRE,Government,GOVERNMENT,Rural,RURAL,Primary,PRIMARY,0778300478,Open,ACTIVE_OR_OPERATIONAL,5,,,,,NO,READY_WITH_COORDINATES,IMPORTED_PENDING_CONFIGURATION,MASTER_HEALTH_FACILITY_2024_07_23
226,ZW010671,Redwing Clinic,Manicaland,Mutasa,-18.867864,32.673598,Private Clinic,PRIVATE_CLINIC,Private,PRIVATE,Rural,RURAL,Primary,PRIMARY,0772379662,Open,ACTIVE_OR_OPERATIONAL,4,,,,,NO,READY_WITH_COORDINATES,IMPORTED_PENDING_CONFIGURATION,MASTER_HEALTH_FACILITY_2024_07_23
227,ZW010602,Rupinda Rural Health Centre,Manicaland,Mutasa,-18.637942,32.856375,RHC,RURAL_HEALTH_CENTRE,Government,GOVERNMENT,Rural,RURAL,Primary,PRIMARY,0784663338,Open,ACTIVE_OR_OPERATIONAL,8,,,,,NO,READY_WITH_COORDINATES,IMPORTED_PENDING_CONFIGURATION,MASTER_HEALTH_FACILITY_2024_07_23
228,ZW010636,Sachisuko Clinic,Manicaland,Mutasa,-18.389855,33.002261,RDC,CLINIC,Rural Council,RURAL_DISTRICT_COUNCIL,Rural,RURAL,Primary,PRIMARY,0718956804,Open,ACTIVE_OR_OPERATIONAL,5,,,,,NO,READY_WITH_COORDINATES,IMPORTED_PENDING_CONFIGURATION,MASTER_HEALTH_FACILITY_2024_07_23
230,ZW010638,Sagambe Clinic,Manicaland,Mutasa,-18.308579,32.99741,RDC,CLINIC,Rural Council,RURAL_DISTRICT_COUNCIL,Rural,RURAL,Primary,PRIMARY,0778958009,Open,ACTIVE_OR_OPERATIONAL,2,,,,,NO,READY_WITH_COORDINATES,IMPORTED_PENDING_CONFIGURATION,MASTER_HEALTH_FACILITY_2024_07_23
231,ZW010639,Sahumani Clinic,Manicaland,Mutasa,-18.544482,32.812787,RDC,CLINIC,Rural Council,RURAL_DISTRICT_COUNCIL,Rural,RURAL,Primary,PRIMARY,0773571460,Open,ACTIVE_OR_OPERATIONAL,4,,,,,NO,READY_WITH_COORDINATES,IMPORTED_PENDING_CONFIGURATION,MASTER_HEALTH_FACILITY_2024_07_23
232,ZW010640,Sakupwanya Clinic,Manicaland,Mutasa,-18.607052,32.644407,RDC,CLINIC,Rural Council,RURAL_DISTRICT_COUNCIL,Rural,RURAL,Primary,PRIMARY,0773525262,Open,ACTIVE_OR_OPERATIONAL,8,,,,,NO,READY_WITH_COORDINATES,IMPORTED_PENDING_CONFIGURATION,MASTER_HEALTH_FACILITY_2024_07_23
233,ZW010641,Samanga Clinic,Manicaland,Mutasa,-18.534578,32.744656,RDC,CLINIC,Rural Council,RURAL_DISTRICT_COUNCIL,Rural,RURAL,Primary,PRIMARY,0773484663,Open,ACTIVE_OR_OPERATIONAL,7,,,,,NO,READY_WITH_COORDINATES,IMPORTED_PENDING_CONFIGURATION,MASTER_HEALTH_FACILITY_2024_07_23
234,ZW010642,Samaringa Clinic,Manicaland,Mutasa,-18.610144,32.782102,RDC,CLINIC,Rural Council,RURAL_DISTRICT_COUNCIL,Rural,RURAL,Primary,PRIMARY,0786933587,Open,ACTIVE_OR_OPERATIONAL,6,,,,,NO,READY_WITH_COORDINATES,IMPORTED_PENDING_CONFIGURATION,MASTER_HEALTH_FACILITY_2024_07_23
236,ZW010672,Sheba Clinic,Manicaland,Mutasa,-18.772643,32.795563,Private Clinic,PRIVATE_CLINIC,Private,PRIVATE,Rural,RURAL,Primary,PRIMARY,0772744557,Open,ACTIVE_OR_OPERATIONAL,1,,,,,NO,READY_WITH_COORDINATES,IMPORTED_PENDING_CONFIGURATION,MASTER_HEALTH_FACILITY_2024_07_23
237,ZW010603,Sherukuru Rural Health Centre,Manicaland,Mutasa,-18.64124,32.53662,RHC,RURAL_HEALTH_CENTRE,Government,GOVERNMENT,Rural,RURAL,Primary,PRIMARY,0786933562,Open,ACTIVE_OR_OPERATIONAL,12,,,,,NO,READY_WITH_COORDINATES,IMPORTED_PENDING_CONFIGURATION,MASTER_HEALTH_FACILITY_2024_07_23
238,ZW010693,St Augustine's Clinic,Manicaland,Mutasa,-18.858627,32.65513,Mission Clinic,MISSION_CLINIC,Mission,MISSION_FAITH_BASED,Rural,RURAL,Primary,PRIMARY,0772588296,Open,ACTIVE_OR_OPERATIONAL,22,,,,,NO,READY_WITH_COORDINATES,IMPORTED_PENDING_CONFIGURATION,MASTER_HEALTH_FACILITY_2024_07_23
239,ZW010694,St Barbara Mission Hospital,Manicaland,Mutasa,-18.503768,32.474649,Mission Hospital,MISSION_HOSPITAL,Mission,MISSION_FAITH_BASED,Rural,RURAL,Secondary,SECONDARY,0774303683,Open,ACTIVE_OR_OPERATIONAL,58,,,,,NO,READY_WITH_COORDINATES,IMPORTED_PENDING_CONFIGURATION,MASTER_HEALTH_FACILITY_2024_07_23
240,ZW01060E,St Peter's Mandeya Mission Clinic,Manicaland,Mutasa,-18.457975,32.940128,Mission Clinic,MISSION_CLINIC,Mission,MISSION_FAITH_BASED,Rural,RURAL,Primary,PRIMARY,0782654361,Open,ACTIVE_OR_OPERATIONAL,21,,,,,NO,READY_WITH_COORDINATES,IMPORTED_PENDING_CONFIGURATION,MASTER_HEALTH_FACILITY_2024_07_23
242,ZW01060D,Tsonzo Rural Hospital,Manicaland,Mutasa,-18.688678,32.596865,Rural Hospital,RURAL_HOSPITAL,Government,GOVERNMENT,Rural,RURAL,Primary,PRIMARY,0779168035,Open,ACTIVE_OR_OPERATIONAL,14,,,,,NO,READY_WITH_COORDINATES,IMPORTED_PENDING_CONFIGURATION,MASTER_HEALTH_FACILITY_2024_07_23
243,ZW010635,Tsvingwe RDC Clinic,Manicaland,Mutasa,-18.879424,32.638967,RDC,CLINIC,Rural Council,RURAL_DISTRICT_COUNCIL,Rural,RURAL,Primary,PRIMARY,0786933627,Open,ACTIVE_OR_OPERATIONAL,4,,,,,NO,READY_WITH_COORDINATES,IMPORTED_PENDING_CONFIGURATION,MASTER_HEALTH_FACILITY_2024_07_23
244,ZW010643,Zindi Clinic,Manicaland,Mutasa,-18.377341,32.936304,RDC,CLINIC,Rural Council,RURAL_DISTRICT_COUNCIL,Rural,RURAL,Primary,PRIMARY,0786933624,Open,ACTIVE_OR_OPERATIONAL,7,,,,,NO,READY_WITH_COORDINATES,IMPORTED_PENDING_CONFIGURATION,MASTER_HEALTH_FACILITY_2024_07_23
245,ZW01060A,Zongoro Clinic,Manicaland,Mutasa,-18.78957,32.587615,RDC,CLINIC,Rural Council,RURAL_DISTRICT_COUNCIL,Rural,RURAL,Primary,PRIMARY,0779735185,Open,ACTIVE_OR_OPERATIONAL,5,,,,,NO,READY_WITH_COORDINATES,IMPORTED_PENDING_CONFIGURATION,MASTER_HEALTH_FACILITY_2024_07_23
246,ZW010524,Arda Transau Clinic,Manicaland,Mutare,-18.991421,32.4252,RHC,RURAL_HEALTH_CENTRE,Government,GOVERNMENT,Rural,RURAL,Primary,PRIMARY,0773064006,Open,ACTIVE_OR_OPERATIONAL,7,,,,,NO,READY_WITH_COORDINATES,IMPORTED_PENDING_CONFIGURATION,MASTER_HEALTH_FACILITY_2024_07_23
247,ZW010523,Army Dependent Clinic,Manicaland,Mutare,,,RHC,RURAL_HEALTH_CENTRE,ARMY,UNIFORMED_SERVICE,Urban,URBAN,Primary,PRIMARY,0772447067,Open,ACTIVE_OR_OPERATIONAL,7,,,,Latitude; Longitude,YES,INCOMPLETE_MISSING_COORDINATES,IMPORTED_PENDING_CONFIGURATION,MASTER_HEALTH_FACILITY_2024_07_23
248,ZW010525,Bakorenhema Clinic,Manicaland,Mutare,-19.294595,32.35116,RDC,CLINIC,Rural Council,RURAL_DISTRICT_COUNCIL,Rural,RURAL,Primary,PRIMARY,0773504349,Open,ACTIVE_OR_OPERATIONAL,7,,,,,NO,READY_WITH_COORDINATES,IMPORTED_PENDING_CONFIGURATION,MASTER_HEALTH_FACILITY_2024_07_23
249,ZW010526,Bezely Bridge Clinic,Manicaland,Mutare,-19.24923,32.489549,RDC,CLINIC,Rural Council,RURAL_DISTRICT_COUNCIL,Rural,RURAL,Primary,PRIMARY,0773192492,Open,ACTIVE_OR_OPERATIONAL,7,,,,,NO,READY_WITH_COORDINATES,IMPORTED_PENDING_CONFIGURATION,MASTER_HEALTH_FACILITY_2024_07_23
250,ZW010545,Burma Valley Clinic,Manicaland,Mutare,-19.193101,32.807006,RHC,RURAL_HEALTH_CENTRE,Rural Council,RURAL_DISTRICT_COUNCIL,Rural,RURAL,Primary,PRIMARY,0777988898,Open,ACTIVE_OR_OPERATIONAL,7,,,,,NO,READY_WITH_COORDINATES,IMPORTED_PENDING_CONFIGURATION,MASTER_HEALTH_FACILITY_2024_07_23
251,ZW010501,Bwizi Rural Health Centre,Manicaland,Mutare,-19.355897,32.435529,RDC,CLINIC,Rural Council,RURAL_DISTRICT_COUNCIL,Rural,RURAL,Primary,PRIMARY,0772614541,Open,ACTIVE_OR_OPERATIONAL,7,,,,,NO,READY_WITH_COORDINATES,IMPORTED_PENDING_CONFIGURATION,MASTER_HEALTH_FACILITY_2024_07_23
252,ZW010502,Chiadzwa Rural Health Centre,Manicaland,Mutare,-19.61448,32.329322,RHC,RURAL_HEALTH_CENTRE,Government,GOVERNMENT,Rural,RURAL,Primary,PRIMARY,0773211952,Open,ACTIVE_OR_OPERATIONAL,7,,,,,NO,READY_WITH_COORDINATES,IMPORTED_PENDING_CONFIGURATION,MASTER_HEALTH_FACILITY_2024_07_23
253,ZW010662,Chikanga Clinic,Manicaland,Mutare City,-18.968984,32.640844,Clinic,CLINIC,Town/City Council,LOCAL_AUTHORITY,Urban,URBAN,Primary,PRIMARY,783279378,Open,ACTIVE_OR_OPERATIONAL,,,,,,NO,READY_WITH_COORDINATES,IMPORTED_PENDING_CONFIGURATION,MASTER_HEALTH_FACILITY_2024_07_23
254,ZW010591,Chikwariro Clinic,Manicaland,Mutare,-19.329515,32.293113,Mission Clinic,MISSION_CLINIC,Mission,MISSION_FAITH_BASED,Rural,RURAL,Primary,PRIMARY,0779869626,Open,ACTIVE_OR_OPERATIONAL,7,,,,,NO,READY_WITH_COORDINATES,IMPORTED_PENDING_CONFIGURATION,MASTER_HEALTH_FACILITY_2024_07_23
255,ZW010555,Chinyamazizi Clinic,Manicaland,Mutare,-19.374447,32.255206,RHC,RURAL_HEALTH_CENTRE,Rural Council,RURAL_DISTRICT_COUNCIL,Rural,RURAL,Primary,PRIMARY,0774317298,Open,ACTIVE_OR_OPERATIONAL,7,,,,,NO,READY_WITH_COORDINATES,IMPORTED_PENDING_CONFIGURATION,MASTER_HEALTH_FACILITY_2024_07_23
256,ZW010544,Chipendeke Clinic,Manicaland,Mutare,-19.323543,32.703925,RHC,RURAL_HEALTH_CENTRE,Government,GOVERNMENT,Rural,RURAL,Primary,PRIMARY,0775382829,Open,ACTIVE_OR_OPERATIONAL,7,,,,,NO,READY_WITH_COORDINATES,IMPORTED_PENDING_CONFIGURATION,MASTER_HEALTH_FACILITY_2024_07_23
257,ZW010527,Chipfatsura Clinic,Manicaland,Mutare,-19.14955,32.35096,RDC,CLINIC,Rural Council,RURAL_DISTRICT_COUNCIL,Rural,RURAL,Primary,PRIMARY,0784990269,Open,ACTIVE_OR_OPERATIONAL,7,,,,,NO,READY_WITH_COORDINATES,IMPORTED_PENDING_CONFIGURATION,MASTER_HEALTH_FACILITY_2024_07_23
258,ZW010543,Chishingwi Clinic,Manicaland,Mutare,-19.602875,32.394427,RDC,CLINIC,Rural Council,RURAL_DISTRICT_COUNCIL,Rural,RURAL,Primary,PRIMARY,0773298470,Open,ACTIVE_OR_OPERATIONAL,7,,,,,NO,READY_WITH_COORDINATES,IMPORTED_PENDING_CONFIGURATION,MASTER_HEALTH_FACILITY_2024_07_23
259,ZW010534,Chitaka Clinic,Manicaland,Mutare,-19.267126,32.430622,RDC,CLINIC,Rural Council,RURAL_DISTRICT_COUNCIL,Rural,RURAL,Primary,PRIMARY,0773037001,Open,ACTIVE_OR_OPERATIONAL,7,,,,,NO,READY_WITH_COORDINATES,IMPORTED_PENDING_CONFIGURATION,MASTER_HEALTH_FACILITY_2024_07_23
260,ZW010529,Chitakatira Clinic,Manicaland,Mutare,-19.134021,32.679846,RDC,CLINIC,Rural Council,RURAL_DISTRICT_COUNCIL,Rural,RURAL,Primary,PRIMARY,0778409010,Open,ACTIVE_OR_OPERATIONAL,7,,,,,NO,READY_WITH_COORDINATES,IMPORTED_PENDING_CONFIGURATION,MASTER_HEALTH_FACILITY_2024_07_23
261,ZW010518,Chitora Clinic,Manicaland,Mutare,-19.32525,32.623562,Mission Clinic,MISSION_CLINIC,Mission,MISSION_FAITH_BASED,Rural,RURAL,Primary,PRIMARY,0773049275,Open,ACTIVE_OR_OPERATIONAL,7,,,,,NO,READY_WITH_COORDINATES,IMPORTED_PENDING_CONFIGURATION,MASTER_HEALTH_FACILITY_2024_07_23
262,ZW010508,Chiwere Clinic,Manicaland,Mutare,-19.039152,32.25043,RHC,RURAL_HEALTH_CENTRE,Government,GOVERNMENT,Rural,RURAL,Primary,PRIMARY,0713204626,Open,ACTIVE_OR_OPERATIONAL,7,,,,,NO,READY_WITH_COORDINATES,IMPORTED_PENDING_CONFIGURATION,MASTER_HEALTH_FACILITY_2024_07_23
263,ZW010663,Dangamvura Clinic,Manicaland,Mutare,-19.006888,32.600072,Clinic,CLINIC,Town/City Council,LOCAL_AUTHORITY,Urban,URBAN,Primary,PRIMARY,31390,Open,ACTIVE_OR_OPERATIONAL,10,,,,,NO,READY_WITH_COORDINATES,IMPORTED_PENDING_CONFIGURATION,MASTER_HEALTH_FACILITY_2024_07_23
264,ZW010541,Dora Clinic,Manicaland,Mutare,-19.070371,32.522375,RDC,CLINIC,Rural Council,RURAL_DISTRICT_COUNCIL,Rural,RURAL,Primary,PRIMARY,0773057519,Open,ACTIVE_OR_OPERATIONAL,7,,,,,NO,READY_WITH_COORDINATES,IMPORTED_PENDING_CONFIGURATION,MASTER_HEALTH_FACILITY_2024_07_23
267,ZW010569,Forbes Boarder Clinic,Manicaland,Mutare,,,RHC,RURAL_HEALTH_CENTRE,Government,GOVERNMENT,Urban,URBAN,Primary,PRIMARY,0785098149,Open,ACTIVE_OR_OPERATIONAL,7,,,,Latitude; Longitude,YES,INCOMPLETE_MISSING_COORDINATES,IMPORTED_PENDING_CONFIGURATION,MASTER_HEALTH_FACILITY_2024_07_23
268,ZW010504,Gutaurare Rural Health Centre,Manicaland,Mutare,-19.362051,32.615174,RHC,RURAL_HEALTH_CENTRE,Government,GOVERNMENT,Rural,RURAL,Primary,PRIMARY,0771751345,Open,ACTIVE_OR_OPERATIONAL,7,,,,,NO,READY_WITH_COORDINATES,IMPORTED_PENDING_CONFIGURATION,MASTER_HEALTH_FACILITY_2024_07_23
269,ZW010505,Gwindingwi,Manicaland,Mutare,-19.256247,32.160885,RHC,RURAL_HEALTH_CENTRE,Government,GOVERNMENT,Rural,RURAL,Primary,PRIMARY,0774860643,Open,ACTIVE_OR_OPERATIONAL,7,,,,,NO,READY_WITH_COORDINATES,IMPORTED_PENDING_CONFIGURATION,MASTER_HEALTH_FACILITY_2024_07_23
270,ZW010660,Hobhouse Clinic,Manicaland,Mutare,-18.985844,32.59808,Clinic,CLINIC,Town/City Council,LOCAL_AUTHORITY,Urban,URBAN,Primary,PRIMARY,783279382,Open,ACTIVE_OR_OPERATIONAL,,,,,,NO,READY_WITH_COORDINATES,IMPORTED_PENDING_CONFIGURATION,MASTER_HEALTH_FACILITY_2024_07_23
271,ZW010521,Leekuil Takunda Clinic,Manicaland,Mutare,-18.876424,32.282092,RHC,RURAL_HEALTH_CENTRE,Government,GOVERNMENT,Rural,RURAL,Primary,PRIMARY,0773138076,Open,ACTIVE_OR_OPERATIONAL,7,,,,,NO,READY_WITH_COORDINATES,IMPORTED_PENDING_CONFIGURATION,MASTER_HEALTH_FACILITY_2024_07_23
272,ZW010580,Madanga,Manicaland,Mutare,-19.318378,32.522719,RHC,RURAL_HEALTH_CENTRE,Rural Council,RURAL_DISTRICT_COUNCIL,Rural,RURAL,Primary,PRIMARY,0773037021,Open,ACTIVE_OR_OPERATIONAL,7,,,,,NO,READY_WITH_COORDINATES,IMPORTED_PENDING_CONFIGURATION,MASTER_HEALTH_FACILITY_2024_07_23
273,ZW010530,Mambwere Clinic,Manicaland,Mutare,-19.28471,32.631562,RDC,CLINIC,Rural Council,RURAL_DISTRICT_COUNCIL,Rural,RURAL,Primary,PRIMARY,0773545898,Open,ACTIVE_OR_OPERATIONAL,7,,,,,NO,READY_WITH_COORDINATES,IMPORTED_PENDING_CONFIGURATION,MASTER_HEALTH_FACILITY_2024_07_23
274,ZW01050E,Marange Rural Hospital,Manicaland,Mutare,-19.253349,32.258454,Rural Hospital,RURAL_HOSPITAL,Government,GOVERNMENT,Rural,RURAL,Secondary,SECONDARY,0774805438,Open,ACTIVE_OR_OPERATIONAL,34,,,,,NO,READY_WITH_COORDINATES,IMPORTED_PENDING_CONFIGURATION,MASTER_HEALTH_FACILITY_2024_07_23
275,ZW010531,Masasi Clinic,Manicaland,Mutare,-19.438917,32.408615,RDC,CLINIC,Rural Council,RURAL_DISTRICT_COUNCIL,Rural,RURAL,Primary,PRIMARY,0774070240,Open,ACTIVE_OR_OPERATIONAL,7,,,,,NO,READY_WITH_COORDINATES,IMPORTED_PENDING_CONFIGURATION,MASTER_HEALTH_FACILITY_2024_07_23
276,ZW010520,Matanda Clinic,Manicaland,Mutare,-19.248126,32.404245,RDC,CLINIC,Rural Council,RURAL_DISTRICT_COUNCIL,Rural,RURAL,Primary,PRIMARY,0773971034,Open,ACTIVE_OR_OPERATIONAL,7,,,,,NO,READY_WITH_COORDINATES,IMPORTED_PENDING_CONFIGURATION,MASTER_HEALTH_FACILITY_2024_07_23
277,ZW010503,Mavhiza Clinic,Manicaland,Mutare,-19.494613,32.22825,RDC,CLINIC,Rural Council,RURAL_DISTRICT_COUNCIL,Rural,RURAL,Primary,PRIMARY,0782958186,Open,ACTIVE_OR_OPERATIONAL,7,,,,,NO,READY_WITH_COORDINATES,IMPORTED_PENDING_CONFIGURATION,MASTER_HEALTH_FACILITY_2024_07_23
278,ZW010533,Mkwada Clinic,Manicaland,Mutare,-18.975226,32.668891,RDC,CLINIC,Rural Council,RURAL_DISTRICT_COUNCIL,Rural,RURAL,Primary,PRIMARY,0773154995,Open,ACTIVE_OR_OPERATIONAL,7,,,,,NO,READY_WITH_COORDINATES,IMPORTED_PENDING_CONFIGURATION,MASTER_HEALTH_FACILITY_2024_07_23
279,ZW010509,Mount Zuma Clinic,Manicaland,Mutare,-19.105039,32.130947,RHC,RURAL_HEALTH_CENTRE,Rural Council,RURAL_DISTRICT_COUNCIL,Rural,RURAL,Primary,PRIMARY,0774575345,Open,ACTIVE_OR_OPERATIONAL,7,,,,,NO,READY_WITH_COORDINATES,IMPORTED_PENDING_CONFIGURATION,MASTER_HEALTH_FACILITY_2024_07_23
280,ZW010510,Munyarari Clinic,Manicaland,Mutare,-19.261346,32.555557,Mission Clinic,MISSION_CLINIC,Mission,MISSION_FAITH_BASED,Rural,RURAL,Primary,PRIMARY,0773792006,Open,ACTIVE_OR_OPERATIONAL,7,,,,,NO,READY_WITH_COORDINATES,IMPORTED_PENDING_CONFIGURATION,MASTER_HEALTH_FACILITY_2024_07_23
281,ZW01050H,Murambi Private Hospital,Manicaland,Mutare City,,,Private Hospital,PRIVATE_HOSPITAL,Private,PRIVATE,Urban,URBAN,Secondary,SECONDARY,64635,Open,ACTIVE_OR_OPERATIONAL,28,,,,Latitude; Longitude,YES,INCOMPLETE_MISSING_COORDINATES,IMPORTED_PENDING_CONFIGURATION,MASTER_HEALTH_FACILITY_2024_07_23
282,ZW010506,Muromo Rural Health Centre,Manicaland,Mutare,-19.377863,32.543551,RHC,RURAL_HEALTH_CENTRE,Government,GOVERNMENT,Rural,RURAL,Primary,PRIMARY,0717253513,Open,ACTIVE_OR_OPERATIONAL,7,,,,,NO,READY_WITH_COORDINATES,IMPORTED_PENDING_CONFIGURATION,MASTER_HEALTH_FACILITY_2024_07_23
284,ZW010535,Mushunje Clinic,Manicaland,Mutare,-19.168208,32.425802,RDC,CLINIC,Rural Council,RURAL_DISTRICT_COUNCIL,Rural,RURAL,Primary,PRIMARY,0773238610,Open,ACTIVE_OR_OPERATIONAL,7,,,,,NO,READY_WITH_COORDINATES,IMPORTED_PENDING_CONFIGURATION,MASTER_HEALTH_FACILITY_2024_07_23
285,ZW010661,Mutare City Health Clinic,Manicaland,Mutare City,-18.978753,32.671199,Clinic,CLINIC,Town/City Council,LOCAL_AUTHORITY,Urban,URBAN,Primary,PRIMARY,62525,Open,ACTIVE_OR_OPERATIONAL,,,,,,NO,READY_WITH_COORDINATES,IMPORTED_PENDING_CONFIGURATION,MASTER_HEALTH_FACILITY_2024_07_23
286,ZW010532,Mutare Farm Prison Clinic,Manicaland,Mutare,,,RHC,RURAL_HEALTH_CENTRE,ZPS,ZIMBABWE_PRISONS_AND_CORRECTIONAL_SERVICE,Urban,URBAN,Primary,PRIMARY,0773301032,Open,ACTIVE_OR_OPERATIONAL,7,,,,Latitude; Longitude,YES,INCOMPLETE_MISSING_COORDINATES,IMPORTED_PENDING_CONFIGURATION,MASTER_HEALTH_FACILITY_2024_07_23
287,ZW01060B,Mutare Infectious Disease Hospital,Manicaland,Mutare City,-18.956249,32.66026,IDH,INFECTIOUS_DISEASE_HOSPITAL,Town/City Council,LOCAL_AUTHORITY,Urban,URBAN,Secondary,SECONDARY,63847,Open,ACTIVE_OR_OPERATIONAL,39,,,,,NO,READY_WITH_COORDINATES,IMPORTED_PENDING_CONFIGURATION,MASTER_HEALTH_FACILITY_2024_07_23
289,ZW010568,New Start Centre,Manicaland,Mutare City,,,Private Clinic,PRIVATE_CLINIC,Town/City Council,LOCAL_AUTHORITY,Urban,URBAN,Primary,PRIMARY,64635,Open,ACTIVE_OR_OPERATIONAL,,,,,Latitude; Longitude,YES,INCOMPLETE_MISSING_COORDINATES,IMPORTED_PENDING_CONFIGURATION,MASTER_HEALTH_FACILITY_2024_07_23
290,ZW010511,Nyagundi Rural Health Centre,Manicaland,Mutare,-19.116038,32.368668,RHC,RURAL_HEALTH_CENTRE,Government,GOVERNMENT,Rural,RURAL,Primary,PRIMARY,0714299654,Open,ACTIVE_OR_OPERATIONAL,7,,,,,NO,READY_WITH_COORDINATES,IMPORTED_PENDING_CONFIGURATION,MASTER_HEALTH_FACILITY_2024_07_23
291,ZW010512,Nyamazura Rural Health Centre,Manicaland,Mutare,-18.878964,32.416207,RHC,RURAL_HEALTH_CENTRE,Government,GOVERNMENT,Rural,RURAL,Primary,PRIMARY,0773197496,Open,ACTIVE_OR_OPERATIONAL,7,,,,,NO,READY_WITH_COORDINATES,IMPORTED_PENDING_CONFIGURATION,MASTER_HEALTH_FACILITY_2024_07_23
292,ZW010536,Nzvenga Clinic,Manicaland,Mutare,-19.35061,32.362264,RHC,RURAL_HEALTH_CENTRE,Rural Council,RURAL_DISTRICT_COUNCIL,Rural,RURAL,Primary,PRIMARY,0776183206,Open,ACTIVE_OR_OPERATIONAL,7,,,,,NO,READY_WITH_COORDINATES,IMPORTED_PENDING_CONFIGURATION,MASTER_HEALTH_FACILITY_2024_07_23
294,ZW010537,Rowa Clinic,Manicaland,Mutare,-19.16469,32.608789,RHC,RURAL_HEALTH_CENTRE,Rural Council,RURAL_DISTRICT_COUNCIL,Rural,RURAL,Primary,PRIMARY,0735240729,Open,ACTIVE_OR_OPERATIONAL,7,,,,,NO,READY_WITH_COORDINATES,IMPORTED_PENDING_CONFIGURATION,MASTER_HEALTH_FACILITY_2024_07_23
296,ZW01050C,Sakubva District Hospital,Manicaland,Mutare City,-18.989462,32.647913,District Hospital,DISTRICT_HOSPITAL,Government,GOVERNMENT,Urban,URBAN,Secondary,SECONDARY,0772943161,Open,ACTIVE_OR_OPERATIONAL,72,,,,,NO,READY_WITH_COORDINATES,IMPORTED_PENDING_CONFIGURATION,MASTER_HEALTH_FACILITY_2024_07_23
297,ZW01050F,St Andrew's Mission Hospital,Manicaland,Mutare,-19.411821,32.340779,Mission Hospital,MISSION_HOSPITAL,Mission,MISSION_FAITH_BASED,Rural,RURAL,Secondary,SECONDARY,0773507492,Open,ACTIVE_OR_OPERATIONAL,30,,,,,NO,READY_WITH_COORDINATES,IMPORTED_PENDING_CONFIGURATION,MASTER_HEALTH_FACILITY_2024_07_23
298,ZW01050G,St Josephs Mission Hospital,Manicaland,Mutare,-18.987946,32.625137,Mission Hospital,MISSION_HOSPITAL,Mission,MISSION_FAITH_BASED,Urban,URBAN,Secondary,SECONDARY,0773265391,Open,ACTIVE_OR_OPERATIONAL,50,,,,,NO,READY_WITH_COORDINATES,IMPORTED_PENDING_CONFIGURATION,MASTER_HEALTH_FACILITY_2024_07_23
299,ZW010507,St Werburghs Clinic,Manicaland,Mutare,-19.116313,32.710131,Mission Clinic,MISSION_CLINIC,Mission,MISSION_FAITH_BASED,Rural,RURAL,Primary,PRIMARY,0773766712,Open,ACTIVE_OR_OPERATIONAL,7,,,,,NO,READY_WITH_COORDINATES,IMPORTED_PENDING_CONFIGURATION,MASTER_HEALTH_FACILITY_2024_07_23
300,ZW0105OA,Victoria Chitepo Provincial Hospital,Manicaland,Mutare,-18.973929,32.671411,Provincial Hospital,PROVINCIAL_HOSPITAL,Government,GOVERNMENT,Urban,URBAN,Secondary,SECONDARY,0202064321,Open,ACTIVE_OR_OPERATIONAL,300,,,,,NO,READY_WITH_COORDINATES,IMPORTED_PENDING_CONFIGURATION,MASTER_HEALTH_FACILITY_2024_07_23
302,ZW010539,Zimunya Clinic,Manicaland,Mutare,-19.100315,32.623222,RDC,CLINIC,Rural Council,RURAL_DISTRICT_COUNCIL,Rural,RURAL,Primary,PRIMARY,0776213097,Open,ACTIVE_OR_OPERATIONAL,7,,,,,NO,READY_WITH_COORDINATES,IMPORTED_PENDING_CONFIGURATION,MASTER_HEALTH_FACILITY_2024_07_23
303,ZW010540,Zumbare Clinic,Manicaland,Mutare,-19.212696,32.147284,RDC,CLINIC,Rural Council,RURAL_DISTRICT_COUNCIL,Rural,RURAL,Primary,PRIMARY,0773293025,Open,ACTIVE_OR_OPERATIONAL,7,,,,,NO,READY_WITH_COORDINATES,IMPORTED_PENDING_CONFIGURATION,MASTER_HEALTH_FACILITY_2024_07_23
304,ZW010513,Zvipiripiri Rural Health Centre,Manicaland,Mutare,-19.33785,32.175219,RHC,RURAL_HEALTH_CENTRE,Government,GOVERNMENT,Rural,RURAL,Primary,PRIMARY,0778181028,Open,ACTIVE_OR_OPERATIONAL,7,,,,,NO,READY_WITH_COORDINATES,IMPORTED_PENDING_CONFIGURATION,MASTER_HEALTH_FACILITY_2024_07_23
305,ZW01070B,Avilla mission hospital,Manicaland,Nyanga,-17.469152,32.780066,Mission Hospital,MISSION_HOSPITAL,Mission,MISSION_FAITH_BASED,Rural,RURAL,Secondary,SECONDARY,773109205,Open,ACTIVE_OR_OPERATIONAL,,,,,,NO,READY_WITH_COORDINATES,IMPORTED_PENDING_CONFIGURATION,MASTER_HEALTH_FACILITY_2024_07_23
306,ZW010712,Bende Clinic,Manicaland,Nyanga,-18.025026,32.890402,RHC,RURAL_HEALTH_CENTRE,Government,GOVERNMENT,Rural,RURAL,Primary,PRIMARY,772495116,Open,ACTIVE_OR_OPERATIONAL,,,,,,NO,READY_WITH_COORDINATES,IMPORTED_PENDING_CONFIGURATION,MASTER_HEALTH_FACILITY_2024_07_23
307,ZW010725,Chatindo Clinic,Manicaland,Nyanga,-17.791154,32.98438,RDC,CLINIC,Rural Council,RURAL_DISTRICT_COUNCIL,Rural,RURAL,Primary,PRIMARY,784984993,Open,ACTIVE_OR_OPERATIONAL,,,,,,NO,READY_WITH_COORDINATES,IMPORTED_PENDING_CONFIGURATION,MASTER_HEALTH_FACILITY_2024_07_23
308,ZW010726,Chiwarira clinic,Manicaland,Nyanga,-17.65943,32.960711,RDC,CLINIC,Rural Council,RURAL_DISTRICT_COUNCIL,Rural,RURAL,Primary,PRIMARY,783831919,Open,ACTIVE_OR_OPERATIONAL,,,,,,NO,READY_WITH_COORDINATES,IMPORTED_PENDING_CONFIGURATION,MASTER_HEALTH_FACILITY_2024_07_23
309,ZW010792,Claremont Estate Clinic,Manicaland,Nyanga,-18.329586,32.698894,RDC,CLINIC,Private,PRIVATE,Rural,RURAL,Primary,PRIMARY,773282123,Open,ACTIVE_OR_OPERATIONAL,,,,,,NO,READY_WITH_COORDINATES,IMPORTED_PENDING_CONFIGURATION,MASTER_HEALTH_FACILITY_2024_07_23
311,ZW010702,Dombo Rural Health Centre,Manicaland,Nyanga,-18.359107,32.429643,RHC,RURAL_HEALTH_CENTRE,Government,GOVERNMENT,Rural,RURAL,Primary,PRIMARY,775088574,Open,ACTIVE_OR_OPERATIONAL,,,,,,NO,READY_WITH_COORDINATES,IMPORTED_PENDING_CONFIGURATION,MASTER_HEALTH_FACILITY_2024_07_23
312,ZW01070C,Elim Mission Hosp,Manicaland,Nyanga,-17.603632,32.776702,Mission Hospital,MISSION_HOSPITAL,Mission,MISSION_FAITH_BASED,Rural,RURAL,Secondary,SECONDARY,774321934,Open,ACTIVE_OR_OPERATIONAL,,,,,,NO,READY_WITH_COORDINATES,IMPORTED_PENDING_CONFIGURATION,MASTER_HEALTH_FACILITY_2024_07_23
313,ZW010768,Erin Forest Estate Clinic,Manicaland,Nyanga,-18.38349,32.697884,RDC,CLINIC,Private,PRIVATE,Rural,RURAL,Primary,PRIMARY,783193853,Open,ACTIVE_OR_OPERATIONAL,,,,,,NO,READY_WITH_COORDINATES,IMPORTED_PENDING_CONFIGURATION,MASTER_HEALTH_FACILITY_2024_07_23
314,ZW010703,Fombe Rural Health Centre,Manicaland,Nyanga,-17.331732,32.976299,RDC,CLINIC,Rural Council,RURAL_DISTRICT_COUNCIL,Rural,RURAL,Primary,PRIMARY,782225108,Open,ACTIVE_OR_OPERATIONAL,,,,,,NO,READY_WITH_COORDINATES,IMPORTED_PENDING_CONFIGURATION,MASTER_HEALTH_FACILITY_2024_07_23
315,ZW010704,Gairezi Clonic,Manicaland,Nyanga,-18.101048,32.954663,RHC,RURAL_HEALTH_CENTRE,Government,GOVERNMENT,Rural,RURAL,Primary,PRIMARY,712089571,Open,ACTIVE_OR_OPERATIONAL,,,,,,NO,READY_WITH_COORDINATES,IMPORTED_PENDING_CONFIGURATION,MASTER_HEALTH_FACILITY_2024_07_23
316,ZW010705,Gotekote clinic,Manicaland,Nyanga,-17.714143,32.673429,RHC,RURAL_HEALTH_CENTRE,Government,GOVERNMENT,Rural,RURAL,Primary,PRIMARY,777274225,Open,ACTIVE_OR_OPERATIONAL,,,,,,NO,READY_WITH_COORDINATES,IMPORTED_PENDING_CONFIGURATION,MASTER_HEALTH_FACILITY_2024_07_23
317,ZW010729,Kambudzi clinic,Manicaland,Nyanga,-17.776953,32.86609,RDC,CLINIC,Rural Council,RURAL_DISTRICT_COUNCIL,Rural,RURAL,Primary,PRIMARY,774104105,Open,ACTIVE_OR_OPERATIONAL,,,,,,NO,READY_WITH_COORDINATES,IMPORTED_PENDING_CONFIGURATION,MASTER_HEALTH_FACILITY_2024_07_23
319,ZW010707,Matize Rural Health Centre,Manicaland,Nyanga,-17.867082,32.952831,RHC,RURAL_HEALTH_CENTRE,Government,GOVERNMENT,Rural,RURAL,Primary,PRIMARY,775876907,Open,ACTIVE_OR_OPERATIONAL,,,,,,NO,READY_WITH_COORDINATES,IMPORTED_PENDING_CONFIGURATION,MASTER_HEALTH_FACILITY_2024_07_23
320,ZW01070D,Mt Melleray mission hosp,Manicaland,Nyanga,-17.974676,32.730919,Mission Hospital,MISSION_HOSPITAL,Mission,MISSION_FAITH_BASED,Rural,RURAL,Secondary,SECONDARY,773072677,Open,ACTIVE_OR_OPERATIONAL,,,,,,NO,READY_WITH_COORDINATES,IMPORTED_PENDING_CONFIGURATION,MASTER_HEALTH_FACILITY_2024_07_23
323,ZW010794,Nyadowa clinic,Manicaland,Nyanga,-17.751898,32.92695,RDC,CLINIC,Rural Council,RURAL_DISTRICT_COUNCIL,Rural,RURAL,Primary,PRIMARY,774033001,Open,ACTIVE_OR_OPERATIONAL,,,,,,NO,READY_WITH_COORDINATES,IMPORTED_PENDING_CONFIGURATION,MASTER_HEALTH_FACILITY_2024_07_23
324,ZW010762,Nyafaru clinic,Manicaland,Nyanga,-18.189276,32.931218,RDC,CLINIC,Rural Council,RURAL_DISTRICT_COUNCIL,Rural,RURAL,Primary,PRIMARY,773612729,Open,ACTIVE_OR_OPERATIONAL,,,,,,NO,READY_WITH_COORDINATES,IMPORTED_PENDING_CONFIGURATION,MASTER_HEALTH_FACILITY_2024_07_23
325,ZW010728,Nyajezi clinic,Manicaland,Nyanga,-18.112317,32.728029,RDC,CLINIC,Rural Council,RURAL_DISTRICT_COUNCIL,Rural,RURAL,Primary,PRIMARY,771397358,Open,ACTIVE_OR_OPERATIONAL,,,,,,NO,READY_WITH_COORDINATES,IMPORTED_PENDING_CONFIGURATION,MASTER_HEALTH_FACILITY_2024_07_23
326,ZW010727,Nyamaropa clinic,Manicaland,Nyanga,-17.867082,32.952831,RDC,CLINIC,Rural Council,RURAL_DISTRICT_COUNCIL,Rural,RURAL,Primary,PRIMARY,774301140,Open,ACTIVE_OR_OPERATIONAL,,,,,,NO,READY_WITH_COORDINATES,IMPORTED_PENDING_CONFIGURATION,MASTER_HEALTH_FACILITY_2024_07_23
327,ZW010791,Nyamombe clinic,Manicaland,Nyanga,-17.762635,32.554084,Mission Clinic,MISSION_CLINIC,Mission,MISSION_FAITH_BASED,Rural,RURAL,Primary,PRIMARY,776287191,Open,ACTIVE_OR_OPERATIONAL,,,,,,NO,READY_WITH_COORDINATES,IMPORTED_PENDING_CONFIGURATION,MASTER_HEALTH_FACILITY_2024_07_23
329,ZW0107OA,Nyanga District Hospital,Manicaland,Nyanga,-18.219045,32.740725,District Hospital,DISTRICT_HOSPITAL,Government,GOVERNMENT,Urban,URBAN,Secondary,SECONDARY,773193263,Open,ACTIVE_OR_OPERATIONAL,,,,,,NO,READY_WITH_COORDINATES,IMPORTED_PENDING_CONFIGURATION,MASTER_HEALTH_FACILITY_2024_07_23
332,ZW010706,Nyarumvurwe Rural Health Centre,Manicaland,Nyanga,-18.223627,32.643506,RHC,RURAL_HEALTH_CENTRE,Government,GOVERNMENT,Rural,RURAL,Primary,PRIMARY,773389445,Open,ACTIVE_OR_OPERATIONAL,,,,,,NO,READY_WITH_COORDINATES,IMPORTED_PENDING_CONFIGURATION,MASTER_HEALTH_FACILITY_2024_07_23
333,ZW010730,Nyatate clinic,Manicaland,Nyanga,-18.015479,32.661868,RDC,CLINIC,Rural Council,RURAL_DISTRICT_COUNCIL,Rural,RURAL,Primary,PRIMARY,773193263,Open,ACTIVE_OR_OPERATIONAL,,,,,,NO,READY_WITH_COORDINATES,IMPORTED_PENDING_CONFIGURATION,MASTER_HEALTH_FACILITY_2024_07_23
334,ZW010710,Nyautare Rural Health Centre,Manicaland,Nyanga,-17.825675,32.654765,RHC,RURAL_HEALTH_CENTRE,Rural Council,RURAL_DISTRICT_COUNCIL,Rural,RURAL,Primary,PRIMARY,779139230,Open,ACTIVE_OR_OPERATIONAL,,,,,,NO,READY_WITH_COORDINATES,IMPORTED_PENDING_CONFIGURATION,MASTER_HEALTH_FACILITY_2024_07_23
335,ZW01070E,Regina Coeli Mission Hospital,Manicaland,Nyanga,-17.868811,32.88488,Mission Hospital,MISSION_HOSPITAL,Mission,MISSION_FAITH_BASED,Rural,RURAL,Secondary,SECONDARY,773193253,Open,ACTIVE_OR_OPERATIONAL,,,,,,NO,READY_WITH_COORDINATES,IMPORTED_PENDING_CONFIGURATION,MASTER_HEALTH_FACILITY_2024_07_23
336,ZW010711,Ruchera Rural Health Centre,Manicaland,Nyanga,-18.114712,32.546226,RHC,RURAL_HEALTH_CENTRE,Government,GOVERNMENT,Rural,RURAL,Primary,PRIMARY,775957745,Open,ACTIVE_OR_OPERATIONAL,,,,,,NO,READY_WITH_COORDINATES,IMPORTED_PENDING_CONFIGURATION,MASTER_HEALTH_FACILITY_2024_07_23
337,ZW010731,Sabvure clinic,Manicaland,Nyanga,-17.718847,32.971651,RDC,CLINIC,Rural Council,RURAL_DISTRICT_COUNCIL,Rural,RURAL,Primary,PRIMARY,718827030,Open,ACTIVE_OR_OPERATIONAL,,,,,,NO,READY_WITH_COORDINATES,IMPORTED_PENDING_CONFIGURATION,MASTER_HEALTH_FACILITY_2024_07_23
338,ZW010795,Spring valley Clinic,Manicaland,Nyanga,-18.371093,32.545548,RHC,RURAL_HEALTH_CENTRE,Government,GOVERNMENT,Rural,RURAL,Primary,PRIMARY,773790923,Open,ACTIVE_OR_OPERATIONAL,,,,,,NO,READY_WITH_COORDINATES,IMPORTED_PENDING_CONFIGURATION,MASTER_HEALTH_FACILITY_2024_07_23
339,ZW010732,Tombo Clinic,Manicaland,Nyanga,-18.017128,32.88431,RDC,CLINIC,Rural Council,RURAL_DISTRICT_COUNCIL,Rural,RURAL,Primary,PRIMARY,775251363,Open,ACTIVE_OR_OPERATIONAL,,,,,,NO,READY_WITH_COORDINATES,IMPORTED_PENDING_CONFIGURATION,MASTER_HEALTH_FACILITY_2024_07_23
341,ZW010A0Q,Arcadia Medical Center,Harare,Southern,-17.8371805,31.0284663,RHC,RURAL_HEALTH_CENTRE,Town/City Council,LOCAL_AUTHORITY,Urban,URBAN,Primary,PRIMARY,0773449553,Open,ACTIVE_OR_OPERATIONAL,,,,,,NO,READY_WITH_COORDINATES,IMPORTED_PENDING_CONFIGURATION,MASTER_HEALTH_FACILITY_2024_07_23
342,ZW010A0F,Avenues Clinic Hospital,Harare,Southern,-17.8191156,31.0471173,General Hospital,HOSPITAL_REQUIRES_LEVEL_REVIEW,Town/City Council,LOCAL_AUTHORITY,Urban,URBAN,secondary,SECONDARY,0772619025,Open,ACTIVE_OR_OPERATIONAL,,,,,,NO,READY_WITH_COORDINATES,IMPORTED_PENDING_CONFIGURATION,MASTER_HEALTH_FACILITY_2024_07_23
344,ZW010A0V,Baines Avenue Clinic,Harare,Southern,-17.8140257,31.0445257,RHC,RURAL_HEALTH_CENTRE,Town/City Council,LOCAL_AUTHORITY,Urban,URBAN,Primary,PRIMARY,0775056073,Open,ACTIVE_OR_OPERATIONAL,,,,,,NO,READY_WITH_COORDINATES,IMPORTED_PENDING_CONFIGURATION,MASTER_HEALTH_FACILITY_2024_07_23
345,ZW010A0C,Beatrice Road Infectious Diseases Hosp,Harare,Northern,-17.8601,31.0282,General Hospital,HOSPITAL_REQUIRES_LEVEL_REVIEW,Town/City Council,LOCAL_AUTHORITY,Urban,URBAN,secondary,SECONDARY,0776272046,Open,ACTIVE_OR_OPERATIONAL,,,,,,NO,READY_WITH_COORDINATES,IMPORTED_PENDING_CONFIGURATION,MASTER_HEALTH_FACILITY_2024_07_23
347,ZW010A7,Borrowdale Clinic,Harare,Eastern,-17.8165353,31.0262231,RHC,RURAL_HEALTH_CENTRE,Town/City Council,LOCAL_AUTHORITY,Urban,URBAN,Primary,PRIMARY,0773254502,Open,ACTIVE_OR_OPERATIONAL,,,,,,NO,READY_WITH_COORDINATES,IMPORTED_PENDING_CONFIGURATION,MASTER_HEALTH_FACILITY_2024_07_23
348,ZW010A8,Braeside FHS Clinic,Harare,Southern,-17.74698,31.12138,RHC,RURAL_HEALTH_CENTRE,Town/City Council,LOCAL_AUTHORITY,Urban,URBAN,Primary,PRIMARY,0774391690,Open,ACTIVE_OR_OPERATIONAL,,,,,,NO,READY_WITH_COORDINATES,IMPORTED_PENDING_CONFIGURATION,MASTER_HEALTH_FACILITY_2024_07_23
349,ZW010A9,Budiriro PolyClinic,Harare,Western,-17.8399,31.0657,RHC,RURAL_HEALTH_CENTRE,Town/City Council,LOCAL_AUTHORITY,Urban,URBAN,Primary,PRIMARY,0772715984,Open,ACTIVE_OR_OPERATIONAL,,,,,,NO,READY_WITH_COORDINATES,IMPORTED_PENDING_CONFIGURATION,MASTER_HEALTH_FACILITY_2024_07_23
350,ZW010A69,Budiriro Satellite Clinic,Harare,Western,-17.8912,30.9354,RHC,RURAL_HEALTH_CENTRE,Town/City Council,LOCAL_AUTHORITY,Urban,URBAN,Primary,PRIMARY,779902725,Open,ACTIVE_OR_OPERATIONAL,,,,,,NO,READY_WITH_COORDINATES,IMPORTED_PENDING_CONFIGURATION,MASTER_HEALTH_FACILITY_2024_07_23
351,ZW010A135,Cceshar Clinic,Harare,Southern,-17.8811,30.9236,RHC,RURAL_HEALTH_CENTRE,Town/City Council,LOCAL_AUTHORITY,Urban,URBAN,Primary,PRIMARY,779902674,Open,ACTIVE_OR_OPERATIONAL,,,,,,NO,READY_WITH_COORDINATES,IMPORTED_PENDING_CONFIGURATION,MASTER_HEALTH_FACILITY_2024_07_23
354,ZW00-0C01,Chitungwiza New Start Centre Town Centre,Harare,Chitungwiza,-18.0176,31.0628,Central Hospital,CENTRAL_HOSPITAL,Government,GOVERNMENT,Urban,URBAN,Quaternary,QUATERNARY,779902662,Open,ACTIVE_OR_OPERATIONAL,,,,,,NO,READY_WITH_COORDINATES,IMPORTED_PENDING_CONFIGURATION,MASTER_HEALTH_FACILITY_2024_07_23
355,ZW000B07,Chitungwiza ZRP Camp Clinic,Harare,Chitungwiza,-18.01274,31.07555,Private,PRIVATE,private,PRIVATE,Urban,URBAN,Primary,PRIMARY,,Open,ACTIVE_OR_OPERATIONAL,,,,,,NO,READY_WITH_COORDINATES,IMPORTED_PENDING_CONFIGURATION,MASTER_HEALTH_FACILITY_2024_07_23
356,ZW010A50,Cimas Chinhoyi Clinic,Harare,Chitungwiza,-18.0169,31.1103,RHC,RURAL_HEALTH_CENTRE,Town/City Council,LOCAL_AUTHORITY,Urban,URBAN,Primary,PRIMARY,,Open,ACTIVE_OR_OPERATIONAL,,,,,,NO,READY_WITH_COORDINATES,IMPORTED_PENDING_CONFIGURATION,MASTER_HEALTH_FACILITY_2024_07_23
357,ZW010A89,Delta Graniteside Clinic,Harare,Southern,-17.8289907,31.0405957,Private,PRIVATE,private,PRIVATE,Urban,URBAN,Primary,PRIMARY,779902660,Open,ACTIVE_OR_OPERATIONAL,,,,,,NO,READY_WITH_COORDINATES,IMPORTED_PENDING_CONFIGURATION,MASTER_HEALTH_FACILITY_2024_07_23
359,ZW010A10,Eastley FHS Clinic,Harare,Eastern,-17.8365112,30.9657887,RHC,RURAL_HEALTH_CENTRE,Town/City Council,LOCAL_AUTHORITY,Urban,URBAN,Primary,PRIMARY,,Open,ACTIVE_OR_OPERATIONAL,,,,,,NO,READY_WITH_COORDINATES,IMPORTED_PENDING_CONFIGURATION,MASTER_HEALTH_FACILITY_2024_07_23
362,ZW010A11,Glen Norah Satellite Clinic,Harare,Western,-17.9016972,30.9640614,Private,PRIVATE,private,PRIVATE,Urban,URBAN,Primary,PRIMARY,,Open,ACTIVE_OR_OPERATIONAL,,,,,,NO,READY_WITH_COORDINATES,IMPORTED_PENDING_CONFIGURATION,MASTER_HEALTH_FACILITY_2024_07_23
363,ZW010A76,Glen View Maternity Home,Harare,Western,-17.9058,30.969,RHC,RURAL_HEALTH_CENTRE,Town/City Council,LOCAL_AUTHORITY,Urban,URBAN,Primary,PRIMARY,,Open,ACTIVE_OR_OPERATIONAL,,,,,,NO,READY_WITH_COORDINATES,IMPORTED_PENDING_CONFIGURATION,MASTER_HEALTH_FACILITY_2024_07_23
364,ZW010A13,Glen View PolyClinic,Harare,Western,-17.9107755,30.9265168,RHC,RURAL_HEALTH_CENTRE,Town/City Council,LOCAL_AUTHORITY,Urban,URBAN,Primary,PRIMARY,,Open,ACTIVE_OR_OPERATIONAL,,,,,,NO,READY_WITH_COORDINATES,IMPORTED_PENDING_CONFIGURATION,MASTER_HEALTH_FACILITY_2024_07_23
365,ZW010A14,Glen View Satellite Clinic,Harare,Western,-17.9077,30.9509,RHC,RURAL_HEALTH_CENTRE,Town/City Council,LOCAL_AUTHORITY,Urban,URBAN,Primary,PRIMARY,,Open,ACTIVE_OR_OPERATIONAL,,,,,,NO,READY_WITH_COORDINATES,IMPORTED_PENDING_CONFIGURATION,MASTER_HEALTH_FACILITY_2024_07_23
366,ZW010A83,Gonda Hospital,Harare,Southern,-17.9058,30.969,RHC,RURAL_HEALTH_CENTRE,Town/City Council,LOCAL_AUTHORITY,Urban,URBAN,Primary,PRIMARY,,Open,ACTIVE_OR_OPERATIONAL,,,,,,NO,READY_WITH_COORDINATES,IMPORTED_PENDING_CONFIGURATION,MASTER_HEALTH_FACILITY_2024_07_23
367,ZW010A15,Greendale FHS Clinic,Harare,Eastern,-17.8310635,31.0433651,General Hospital,HOSPITAL_REQUIRES_LEVEL_REVIEW,Government,GOVERNMENT,Urban,URBAN,secondary,SECONDARY,,Open,ACTIVE_OR_OPERATIONAL,,,,,,NO,READY_WITH_COORDINATES,IMPORTED_PENDING_CONFIGURATION,MASTER_HEALTH_FACILITY_2024_07_23
368,ZW010A74,Harare city centre VMMC clinic,Harare,Southern,-17.8105,31.1291,RHC,RURAL_HEALTH_CENTRE,Town/City Council,LOCAL_AUTHORITY,Urban,URBAN,Primary,PRIMARY,,Open,ACTIVE_OR_OPERATIONAL,,,,,,NO,READY_WITH_COORDINATES,IMPORTED_PENDING_CONFIGURATION,MASTER_HEALTH_FACILITY_2024_07_23
371,ZW010A102,Harare Polytechnic Clinic,Harare,Southern,-17.8395111,31.0049733,RHC,RURAL_HEALTH_CENTRE,Town/City Council,LOCAL_AUTHORITY,Urban,URBAN,Primary,PRIMARY,,Open,ACTIVE_OR_OPERATIONAL,,,,,,NO,READY_WITH_COORDINATES,IMPORTED_PENDING_CONFIGURATION,MASTER_HEALTH_FACILITY_2024_07_23
374,ZW01OA18,Highfield PolyClinic,Harare,Western,-17.8470406,31.0270606,RHC,RURAL_HEALTH_CENTRE,Town/City Council,LOCAL_AUTHORITY,Urban,URBAN,Primary,PRIMARY,779877700,Open,ACTIVE_OR_OPERATIONAL,,,,,,NO,READY_WITH_COORDINATES,IMPORTED_PENDING_CONFIGURATION,MASTER_HEALTH_FACILITY_2024_07_23
375,ZW010A52,Highlands FHS Clinic,Harare,Eastern,-17.9249,30.99,RHC,RURAL_HEALTH_CENTRE,Town/City Council,LOCAL_AUTHORITY,Urban,URBAN,Primary,PRIMARY,,Open,ACTIVE_OR_OPERATIONAL,,,,,,NO,READY_WITH_COORDINATES,IMPORTED_PENDING_CONFIGURATION,MASTER_HEALTH_FACILITY_2024_07_23
376,ZW010A46,Highlands Primary Care Clinic,Harare,Eastern,-17.7997,31.0891,RHC,RURAL_HEALTH_CENTRE,Town/City Council,LOCAL_AUTHORITY,Urban,URBAN,Primary,PRIMARY,,Open,ACTIVE_OR_OPERATIONAL,,,,,,NO,READY_WITH_COORDINATES,IMPORTED_PENDING_CONFIGURATION,MASTER_HEALTH_FACILITY_2024_07_23
377,ZW010A90,Hope Medical,Harare,Northern,-17.8187,31.0856,RHC,RURAL_HEALTH_CENTRE,Town/City Council,LOCAL_AUTHORITY,Urban,URBAN,Primary,PRIMARY,,Open,ACTIVE_OR_OPERATIONAL,,,,,,NO,READY_WITH_COORDINATES,IMPORTED_PENDING_CONFIGURATION,MASTER_HEALTH_FACILITY_2024_07_23
378,ZWO10A53,Hopley Tariro Clinic,Harare,Southern,-17.93317,31.00177,RHC,RURAL_HEALTH_CENTRE,Town/City Council,LOCAL_AUTHORITY,Urban,URBAN,Primary,PRIMARY,,Open,ACTIVE_OR_OPERATIONAL,,,,,,NO,READY_WITH_COORDINATES,IMPORTED_PENDING_CONFIGURATION,MASTER_HEALTH_FACILITY_2024_07_23
379,ZW010A73,Insco Wellness Clinic,Harare,Southern,-17.7928438,31.0319003,Private,PRIVATE,private,PRIVATE,Urban,URBAN,Primary,PRIMARY,,Open,ACTIVE_OR_OPERATIONAL,,,,,,NO,READY_WITH_COORDINATES,IMPORTED_PENDING_CONFIGURATION,MASTER_HEALTH_FACILITY_2024_07_23
380,ZW010A19,Kambuzuma PolyClinic,Harare,Northern,-17.8581,30.9683,RHC,RURAL_HEALTH_CENTRE,Town/City Council,LOCAL_AUTHORITY,Urban,URBAN,Primary,PRIMARY,779902954,Open,ACTIVE_OR_OPERATIONAL,,,,,,NO,READY_WITH_COORDINATES,IMPORTED_PENDING_CONFIGURATION,MASTER_HEALTH_FACILITY_2024_07_23
381,ZW010A68,Kuwadzana Phase 4 Clinic,Harare,Northern,-17.825578,30.89765,RHC,RURAL_HEALTH_CENTRE,Town/City Council,LOCAL_AUTHORITY,Urban,URBAN,Primary,PRIMARY,,Open,ACTIVE_OR_OPERATIONAL,,,,,,NO,READY_WITH_COORDINATES,IMPORTED_PENDING_CONFIGURATION,MASTER_HEALTH_FACILITY_2024_07_23
382,ZW010A20,Kuwadzana PolyClinic,Harare,Northern,-17.8323,30.9285,RHC,RURAL_HEALTH_CENTRE,Town/City Council,LOCAL_AUTHORITY,Urban,URBAN,Primary,PRIMARY,,Open,ACTIVE_OR_OPERATIONAL,,,,,,NO,READY_WITH_COORDINATES,IMPORTED_PENDING_CONFIGURATION,MASTER_HEALTH_FACILITY_2024_07_23
383,ZW010A21,Mabelreign Satellite Clinic,Harare,Northern,-17.7914,30.9987,RHC,RURAL_HEALTH_CENTRE,Town/City Council,LOCAL_AUTHORITY,Urban,URBAN,Primary,PRIMARY,779877711,Open,ACTIVE_OR_OPERATIONAL,,,,,,NO,READY_WITH_COORDINATES,IMPORTED_PENDING_CONFIGURATION,MASTER_HEALTH_FACILITY_2024_07_23
384,ZW010A23,Mabvuku PolyClinic,Harare,Eastern,-17.8357,31.1971,RHC,RURAL_HEALTH_CENTRE,Town/City Council,LOCAL_AUTHORITY,Urban,URBAN,Primary,PRIMARY,,Open,ACTIVE_OR_OPERATIONAL,,,,,,NO,READY_WITH_COORDINATES,IMPORTED_PENDING_CONFIGURATION,MASTER_HEALTH_FACILITY_2024_07_23
385,ZW010A47,Mabvuku Satellite,Harare,Eastern,-17.838826,31.184036,,,,,,,,,,,,,,,,Facility Type; Ownership; Status,YES,READY_WITH_COORDINATES,IMPORTED_PENDING_CONFIGURATION,MASTER_HEALTH_FACILITY_2024_07_23
386,ZW000B06,Manyame 24 hr Maternity Clinic,Harare,Chitungwiza,-17.9879722,31.0403333,Private,PRIVATE,private,PRIVATE,Urban,URBAN,Primary,PRIMARY,,Open,ACTIVE_OR_OPERATIONAL,,,,,,NO,READY_WITH_COORDINATES,IMPORTED_PENDING_CONFIGURATION,MASTER_HEALTH_FACILITY_2024_07_23
389,ZW010A0Z,Mashambanzou Care Trust Hospital,Harare,Southern,-17.9071287,30.9979643,General Hospital,HOSPITAL_REQUIRES_LEVEL_REVIEW,private,PRIVATE,Urban,URBAN,secondary,SECONDARY,,Open,ACTIVE_OR_OPERATIONAL,,,,,,NO,READY_WITH_COORDINATES,IMPORTED_PENDING_CONFIGURATION,MASTER_HEALTH_FACILITY_2024_07_23
390,ZW010A25,Matapi Clinic,Harare,Southern,-17.8589,31.0427,RHC,RURAL_HEALTH_CENTRE,Town/City Council,LOCAL_AUTHORITY,Urban,URBAN,Primary,PRIMARY,,Open,ACTIVE_OR_OPERATIONAL,,,,,,NO,READY_WITH_COORDINATES,IMPORTED_PENDING_CONFIGURATION,MASTER_HEALTH_FACILITY_2024_07_23
391,ZW010A26,Mbare Hostels Clinic,Harare,Southern,-17.8666,31.0393,RHC,RURAL_HEALTH_CENTRE,Town/City Council,LOCAL_AUTHORITY,Urban,URBAN,Primary,PRIMARY,,Open,ACTIVE_OR_OPERATIONAL,,,,,,NO,READY_WITH_COORDINATES,IMPORTED_PENDING_CONFIGURATION,MASTER_HEALTH_FACILITY_2024_07_23
392,ZW010A27,Mbare PolyClinic,Harare,Southern,-17.8597,31.0355,RHC,RURAL_HEALTH_CENTRE,Town/City Council,LOCAL_AUTHORITY,Urban,URBAN,Primary,PRIMARY,,Open,ACTIVE_OR_OPERATIONAL,,,,,,NO,READY_WITH_COORDINATES,IMPORTED_PENDING_CONFIGURATION,MASTER_HEALTH_FACILITY_2024_07_23
393,ZW010A0G,Mbuya Dorcas Hospital,Harare,Southern,-17.8946736,31.0567614,General Hospital,HOSPITAL_REQUIRES_LEVEL_REVIEW,private,PRIVATE,Urban,URBAN,secondary,SECONDARY,779902751,Open,ACTIVE_OR_OPERATIONAL,,,,,,NO,READY_WITH_COORDINATES,IMPORTED_PENDING_CONFIGURATION,MASTER_HEALTH_FACILITY_2024_07_23
394,ZW010A0J,Metropolitan Clinic,Harare,Southern,-17.8245342,31.0507005,RHC,RURAL_HEALTH_CENTRE,Town/City Council,LOCAL_AUTHORITY,Urban,URBAN,Primary,PRIMARY,779902757,Open,ACTIVE_OR_OPERATIONAL,,,,,,NO,READY_WITH_COORDINATES,IMPORTED_PENDING_CONFIGURATION,MASTER_HEALTH_FACILITY_2024_07_23
395,ZW010A55,Morris Depot Camp Hospital,Harare,Eastern,-17.5834621,30.8479271,RHC,RURAL_HEALTH_CENTRE,ZRP,ZIMBABWE_REPUBLIC_POLICE,Urban,URBAN,secondary,SECONDARY,,Open,ACTIVE_OR_OPERATIONAL,,,,,,NO,READY_WITH_COORDINATES,IMPORTED_PENDING_CONFIGURATION,MASTER_HEALTH_FACILITY_2024_07_23
396,ZW010A28,Mount Pleasant Clinic,Harare,Eastern,-17.7691,31.0458,RHC,RURAL_HEALTH_CENTRE,Town/City Council,LOCAL_AUTHORITY,Urban,URBAN,Primary,PRIMARY,,Open,ACTIVE_OR_OPERATIONAL,,,,,,NO,READY_WITH_COORDINATES,IMPORTED_PENDING_CONFIGURATION,MASTER_HEALTH_FACILITY_2024_07_23
397,ZW010A114,Mufakose FHS,Harare,Western,-17.8522353,30.9304754,RHC,RURAL_HEALTH_CENTRE,Town/City Council,LOCAL_AUTHORITY,Urban,URBAN,Primary,PRIMARY,779902756,Open,ACTIVE_OR_OPERATIONAL,,,,,,NO,READY_WITH_COORDINATES,IMPORTED_PENDING_CONFIGURATION,MASTER_HEALTH_FACILITY_2024_07_23
398,ZW010A29,Mufakose PolyClinic,Harare,Western,-17.8669,30.9297,RHC,RURAL_HEALTH_CENTRE,Town/City Council,LOCAL_AUTHORITY,Urban,URBAN,Primary,PRIMARY,779902783,Open,ACTIVE_OR_OPERATIONAL,,,,,,NO,READY_WITH_COORDINATES,IMPORTED_PENDING_CONFIGURATION,MASTER_HEALTH_FACILITY_2024_07_23
399,ZW010A78,New Cranborne,Harare,Southern,-17.8489598,31.066012,Private,PRIVATE,private,PRIVATE,Urban,URBAN,Primary,PRIMARY,,Open,ACTIVE_OR_OPERATIONAL,,,,,,NO,READY_WITH_COORDINATES,IMPORTED_PENDING_CONFIGURATION,MASTER_HEALTH_FACILITY_2024_07_23
401,ZW010A79,Pacific,Harare,Eastern,-17.8364069,31.1961929,Private,PRIVATE,private,PRIVATE,Urban,URBAN,Primary,PRIMARY,,Open,ACTIVE_OR_OPERATIONAL,,,,,,NO,READY_WITH_COORDINATES,IMPORTED_PENDING_CONFIGURATION,MASTER_HEALTH_FACILITY_2024_07_23
402,ZW010A30,Parirenyatwa Clinic,Harare,Southern,-17.8122,30.0433,RHC,RURAL_HEALTH_CENTRE,Town/City Council,LOCAL_AUTHORITY,Urban,URBAN,Primary,PRIMARY,779902733,Open,ACTIVE_OR_OPERATIONAL,,,,,,NO,READY_WITH_COORDINATES,IMPORTED_PENDING_CONFIGURATION,MASTER_HEALTH_FACILITY_2024_07_23
403,ZW000E0E,Parirenyatwa Group of Hospitals,Harare,Harare,,,Central Hospital,CENTRAL_HOSPITAL,Government,GOVERNMENT,Urban,URBAN,Quaternary,QUATERNARY,773012935,Open,ACTIVE_OR_OPERATIONAL,1200,,,,Latitude; Longitude,YES,INCOMPLETE_MISSING_COORDINATES,IMPORTED_PENDING_CONFIGURATION,MASTER_HEALTH_FACILITY_2024_07_23
404,ZW010A0Y,Parktown Hospital,Harare,Southern,-17.8953117,31.0237097,Private,PRIVATE,private,PRIVATE,Urban,URBAN,secondary,SECONDARY,779902749,Open,ACTIVE_OR_OPERATIONAL,,,,,,NO,READY_WITH_COORDINATES,IMPORTED_PENDING_CONFIGURATION,MASTER_HEALTH_FACILITY_2024_07_23
407,ZW010A0P,Queen of Peace,Harare,Southern,-17.8843731,31.0105121,Private,PRIVATE,private,PRIVATE,Urban,URBAN,Primary,PRIMARY,779902712,Open,ACTIVE_OR_OPERATIONAL,,,,,,NO,READY_WITH_COORDINATES,IMPORTED_PENDING_CONFIGURATION,MASTER_HEALTH_FACILITY_2024_07_23
408,ZW010A101,Red Crescent Society,Harare,Southern,-17.7881277,31.0296673,Private,PRIVATE,private,PRIVATE,Urban,URBAN,Primary,PRIMARY,772 430 060,Open,ACTIVE_OR_OPERATIONAL,,,,,,NO,READY_WITH_COORDINATES,IMPORTED_PENDING_CONFIGURATION,MASTER_HEALTH_FACILITY_2024_07_23
410,ZW010A33,Rujeko PolyClinic,Harare,Northern,-17.8040604,30.9254784,RHC,RURAL_HEALTH_CENTRE,Town/City Council,LOCAL_AUTHORITY,Urban,URBAN,Primary,PRIMARY,,Open,ACTIVE_OR_OPERATIONAL,,,,,,NO,READY_WITH_COORDINATES,IMPORTED_PENDING_CONFIGURATION,MASTER_HEALTH_FACILITY_2024_07_23
411,ZW010A34,Rutsanana PolyClinic,Harare,Western,-17.9065,30.9861,RHC,RURAL_HEALTH_CENTRE,Town/City Council,LOCAL_AUTHORITY,Urban,URBAN,Primary,PRIMARY,,Open,ACTIVE_OR_OPERATIONAL,,,,,,NO,READY_WITH_COORDINATES,IMPORTED_PENDING_CONFIGURATION,MASTER_HEALTH_FACILITY_2024_07_23
413,ZW000B01,Seke North Clinic,Harare,Chitungwiza,-18.014364,31.104585,RHC,RURAL_HEALTH_CENTRE,Town/City Council,LOCAL_AUTHORITY,Urban,URBAN,Primary,PRIMARY,772806020,Open,ACTIVE_OR_OPERATIONAL,1215,,,,,NO,READY_WITH_COORDINATES,IMPORTED_PENDING_CONFIGURATION,MASTER_HEALTH_FACILITY_2024_07_23
414,ZW000B02,Seke South Clinic,Harare,Chitungwiza,-18.031001,31.07581,RHC,RURAL_HEALTH_CENTRE,Town/City Council,LOCAL_AUTHORITY,Urban,URBAN,Primary,PRIMARY,779902913,Open,ACTIVE_OR_OPERATIONAL,,,,,,NO,READY_WITH_COORDINATES,IMPORTED_PENDING_CONFIGURATION,MASTER_HEALTH_FACILITY_2024_07_23
415,ZW000B0B,South Medical Hospital,Harare,Chitungwiza,-18.012838,31.07024,General Hospital,HOSPITAL_REQUIRES_LEVEL_REVIEW,private,PRIVATE,Urban,URBAN,secondary,SECONDARY,779902926,Open,ACTIVE_OR_OPERATIONAL,,,,,,NO,READY_WITH_COORDINATES,IMPORTED_PENDING_CONFIGURATION,MASTER_HEALTH_FACILITY_2024_07_23
416,ZW010A88,Southerton Clinic,Harare,Western,-17.8663,31.0089,RHC,RURAL_HEALTH_CENTRE,Town/City Council,LOCAL_AUTHORITY,Urban,URBAN,Primary,PRIMARY,779902916,Open,ACTIVE_OR_OPERATIONAL,,,,,,NO,READY_WITH_COORDINATES,IMPORTED_PENDING_CONFIGURATION,MASTER_HEALTH_FACILITY_2024_07_23
417,ZW010A51,Spilhaus,Harare,Western,-17.8664041,31.0113809,RHC,RURAL_HEALTH_CENTRE,Town/City Council,LOCAL_AUTHORITY,Urban,URBAN,Primary,PRIMARY,,Open,ACTIVE_OR_OPERATIONAL,,,,,,NO,READY_WITH_COORDINATES,IMPORTED_PENDING_CONFIGURATION,MASTER_HEALTH_FACILITY_2024_07_23
418,ZW010A0E,St Annes Hospital,Harare,Southern,-17.7888787,31.0360008,general Hospital,HOSPITAL_REQUIRES_LEVEL_REVIEW,private,PRIVATE,Urban,URBAN,secondary,SECONDARY,,Open,ACTIVE_OR_OPERATIONAL,,,,,,NO,READY_WITH_COORDINATES,IMPORTED_PENDING_CONFIGURATION,MASTER_HEALTH_FACILITY_2024_07_23
419,ZW000B03,St Mary's Clinic,Harare,Chitungwiza,-17.994823,31.042988,,,,,,,,,,,,,,,,Facility Type; Ownership; Status,YES,READY_WITH_COORDINATES,IMPORTED_PENDING_CONFIGURATION,MASTER_HEALTH_FACILITY_2024_07_23
420,ZW000B0C,St Michaels Clinic,Harare,Chitungwiza,-18.02846,31.09885,RHC,RURAL_HEALTH_CENTRE,Town/City Council,LOCAL_AUTHORITY,Urban,URBAN,Primary,PRIMARY,,Open,ACTIVE_OR_OPERATIONAL,,,,,,NO,READY_WITH_COORDINATES,IMPORTED_PENDING_CONFIGURATION,MASTER_HEALTH_FACILITY_2024_07_23
421,ZW010A81,Starlight,Harare,Western,-17.8951598,30.909185,Private,PRIVATE,Town/City Council,LOCAL_AUTHORITY,Urban,URBAN,Primary,PRIMARY,779902909,Open,ACTIVE_OR_OPERATIONAL,,,,,,NO,READY_WITH_COORDINATES,IMPORTED_PENDING_CONFIGURATION,MASTER_HEALTH_FACILITY_2024_07_23
422,ZW000A0I.,Stoneridge Health Centre,Harare,Southern,-17.963112,31.01995,Private,PRIVATE,private,PRIVATE,Urban,URBAN,Primary,PRIMARY,,Open,ACTIVE_OR_OPERATIONAL,,,,,,NO,READY_WITH_COORDINATES,IMPORTED_PENDING_CONFIGURATION,MASTER_HEALTH_FACILITY_2024_07_23
423,ZW010A37,Sunningdale Clinic,Harare,Southern,-17.8684,31.0543,Private,PRIVATE,private,PRIVATE,Urban,URBAN,Primary,PRIMARY,,Open,ACTIVE_OR_OPERATIONAL,,,,,,NO,READY_WITH_COORDINATES,IMPORTED_PENDING_CONFIGURATION,MASTER_HEALTH_FACILITY_2024_07_23
424,ZW010A38,Tafara FHS Clinic,Harare,Eastern,-17.8316,31.2135,RHC,RURAL_HEALTH_CENTRE,Town/City Council,LOCAL_AUTHORITY,Urban,URBAN,Primary,PRIMARY,779902931,Open,ACTIVE_OR_OPERATIONAL,,,,,,NO,READY_WITH_COORDINATES,IMPORTED_PENDING_CONFIGURATION,MASTER_HEALTH_FACILITY_2024_07_23
426,ZW010A134,Uzima Haven Maternity,Harare,Western,-17.8920639,30.9358231,Private,PRIVATE,private,PRIVATE,Urban,URBAN,Primary,PRIMARY,779902588,Open,ACTIVE_OR_OPERATIONAL,,,,,,NO,READY_WITH_COORDINATES,IMPORTED_PENDING_CONFIGURATION,MASTER_HEALTH_FACILITY_2024_07_23
428,ZW010A39,Warren Park PolyClinic,Harare,Northern,-17.8338,30.9782,RHC,RURAL_HEALTH_CENTRE,Town/City Council,LOCAL_AUTHORITY,Urban,URBAN,Primary,PRIMARY,779877702,Open,ACTIVE_OR_OPERATIONAL,,,,,,NO,READY_WITH_COORDINATES,IMPORTED_PENDING_CONFIGURATION,MASTER_HEALTH_FACILITY_2024_07_23
429,ZW010A41,Waterfalls Clinic,Harare,Southern,-17.8903,31.0308,RHC,RURAL_HEALTH_CENTRE,Town/City Council,LOCAL_AUTHORITY,Urban,URBAN,Primary,PRIMARY,,Open,ACTIVE_OR_OPERATIONAL,,,,,,NO,READY_WITH_COORDINATES,IMPORTED_PENDING_CONFIGURATION,MASTER_HEALTH_FACILITY_2024_07_23
430,ZW010A0H,West End Hospital,Harare,Southern,-17.8436365,31.0758055,General Hospital,HOSPITAL_REQUIRES_LEVEL_REVIEW,private,PRIVATE,Urban,URBAN,secondary,SECONDARY,,Open,ACTIVE_OR_OPERATIONAL,,,,,,NO,READY_WITH_COORDINATES,IMPORTED_PENDING_CONFIGURATION,MASTER_HEALTH_FACILITY_2024_07_23
431,ZW010A133,West View Clinic and Maternity,Harare,Northern,-17.8610415,31.0199008,Private,PRIVATE,private,PRIVATE,Urban,URBAN,Primary,PRIMARY,772923139,Open,ACTIVE_OR_OPERATIONAL,,,,,,NO,READY_WITH_COORDINATES,IMPORTED_PENDING_CONFIGURATION,MASTER_HEALTH_FACILITY_2024_07_23
432,ZW010A42,Western Triangle Clinic,Harare,Western,-17.894395,30.980652,RHC,RURAL_HEALTH_CENTRE,Town/City Council,LOCAL_AUTHORITY,Urban,URBAN,Primary,PRIMARY,779902593,Open,ACTIVE_OR_OPERATIONAL,,,,,,NO,READY_WITH_COORDINATES,IMPORTED_PENDING_CONFIGURATION,MASTER_HEALTH_FACILITY_2024_07_23
433,ZW010A0D,Wilkins Infectious Disease Hospital,Harare,Northern,-17.819796,31.029418,General Hospital,HOSPITAL_REQUIRES_LEVEL_REVIEW,Government,GOVERNMENT,Urban,URBAN,secondary,SECONDARY,779902948,Open,ACTIVE_OR_OPERATIONAL,,,,,,NO,READY_WITH_COORDINATES,IMPORTED_PENDING_CONFIGURATION,MASTER_HEALTH_FACILITY_2024_07_23
434,ZW010A86,ZAPSO,Harare,Northern,,,RHC,RURAL_HEALTH_CENTRE,Town/City Council,LOCAL_AUTHORITY,Urban,URBAN,Primary,PRIMARY,779902827,Open,ACTIVE_OR_OPERATIONAL,,,,,Latitude; Longitude,YES,INCOMPLETE_MISSING_COORDINATES,IMPORTED_PENDING_CONFIGURATION,MASTER_HEALTH_FACILITY_2024_07_23
435,ZW000B04,Zengeza Clinic,Harare,Chitungwiza,-18.007111,31.058124,RHC,RURAL_HEALTH_CENTRE,Town/City Council,LOCAL_AUTHORITY,Urban,URBAN,Primary,PRIMARY,779902864,Open,ACTIVE_OR_OPERATIONAL,,,,,,NO,READY_WITH_COORDINATES,IMPORTED_PENDING_CONFIGURATION,MASTER_HEALTH_FACILITY_2024_07_23
436,ZW010A62,ZPS Chikurubi Farm Prison,Harare,Eastern,-17.7936767,31.1850093,RHC,RURAL_HEALTH_CENTRE,ZPS,ZIMBABWE_PRISONS_AND_CORRECTIONAL_SERVICE,Urban,URBAN,Primary,PRIMARY,,Open,ACTIVE_OR_OPERATIONAL,,,,,,NO,READY_WITH_COORDINATES,IMPORTED_PENDING_CONFIGURATION,MASTER_HEALTH_FACILITY_2024_07_23
437,ZW010A60,ZPS Chikurubi Female Prison Clinic,Harare,Eastern,-17.7920116,31.1799886,RHC,RURAL_HEALTH_CENTRE,ZPS,ZIMBABWE_PRISONS_AND_CORRECTIONAL_SERVICE,Urban,URBAN,Primary,PRIMARY,779902887,Open,ACTIVE_OR_OPERATIONAL,,,,,,NO,READY_WITH_COORDINATES,IMPORTED_PENDING_CONFIGURATION,MASTER_HEALTH_FACILITY_2024_07_23
438,ZW010A59,ZPS Chikurubi Maximum Prison Hospital,Harare,Eastern,-17.7953419,31.185652,RHC,RURAL_HEALTH_CENTRE,ZPS,ZIMBABWE_PRISONS_AND_CORRECTIONAL_SERVICE,Urban,URBAN,secondary,SECONDARY,779902893,Open,ACTIVE_OR_OPERATIONAL,,,,,,NO,READY_WITH_COORDINATES,IMPORTED_PENDING_CONFIGURATION,MASTER_HEALTH_FACILITY_2024_07_23
439,ZW010A95,ZPS Chikurubi Maximum Prison Psychiatric,Harare,Eastern,-17.7936767,31.1850093,RHC,RURAL_HEALTH_CENTRE,ZPS,ZIMBABWE_PRISONS_AND_CORRECTIONAL_SERVICE,Urban,URBAN,Primary,PRIMARY,779902826,Open,ACTIVE_OR_OPERATIONAL,,,,,,NO,READY_WITH_COORDINATES,IMPORTED_PENDING_CONFIGURATION,MASTER_HEALTH_FACILITY_2024_07_23
440,ZW010A61,ZPS Chikurubi Prison Dependants Clinic,Harare,Eastern,-17.8010113,31.1664853,RHC,RURAL_HEALTH_CENTRE,ZPS,ZIMBABWE_PRISONS_AND_CORRECTIONAL_SERVICE,Urban,URBAN,Primary,PRIMARY,779902819,Open,ACTIVE_OR_OPERATIONAL,,,,,,NO,READY_WITH_COORDINATES,IMPORTED_PENDING_CONFIGURATION,MASTER_HEALTH_FACILITY_2024_07_23
441,ZW010A58,ZPS Chikurubi Prison Staff Hospital,Harare,Eastern,-17.8018407,31.1664853,RHC,RURAL_HEALTH_CENTRE,ZPS,ZIMBABWE_PRISONS_AND_CORRECTIONAL_SERVICE,Urban,URBAN,secondary,SECONDARY,,Open,ACTIVE_OR_OPERATIONAL,,,,,,NO,READY_WITH_COORDINATES,IMPORTED_PENDING_CONFIGURATION,MASTER_HEALTH_FACILITY_2024_07_23
443,ZW010A67,ZPS Harare Central Prison Dependants Clinic,Harare,Eastern,-17.8127,31.0688,RHC,RURAL_HEALTH_CENTRE,ZPS,ZIMBABWE_PRISONS_AND_CORRECTIONAL_SERVICE,Urban,URBAN,Primary,PRIMARY,779877740,Open,ACTIVE_OR_OPERATIONAL,,,,,,NO,READY_WITH_COORDINATES,IMPORTED_PENDING_CONFIGURATION,MASTER_HEALTH_FACILITY_2024_07_23
445,ZW010A96,ZPS Harare Metropolitan Province Prisons Clinic,Harare,Eastern,-17.8799826,31.0222422,RHC,RURAL_HEALTH_CENTRE,ZPS,ZIMBABWE_PRISONS_AND_CORRECTIONAL_SERVICE,Urban,URBAN,Primary,PRIMARY,779902810,Open,ACTIVE_OR_OPERATIONAL,,,,,,NO,READY_WITH_COORDINATES,IMPORTED_PENDING_CONFIGURATION,MASTER_HEALTH_FACILITY_2024_07_23
446,ZW010A66,ZPS Harare Remand Prison,Harare,Eastern,-17.8127,31.0688,RHC,RURAL_HEALTH_CENTRE,ZPS,ZIMBABWE_PRISONS_AND_CORRECTIONAL_SERVICE,Urban,URBAN,Primary,PRIMARY,779902809,Open,ACTIVE_OR_OPERATIONAL,,,,,,NO,READY_WITH_COORDINATES,IMPORTED_PENDING_CONFIGURATION,MASTER_HEALTH_FACILITY_2024_07_23
447,ZW010A72,ZRP Support Unit Camp Hospital,Harare,Eastern,-17.80865,31.17169,General Hospital,HOSPITAL_REQUIRES_LEVEL_REVIEW,ZRP,ZIMBABWE_REPUBLIC_POLICE,Urban,URBAN,secondary,SECONDARY,779902796,Open,ACTIVE_OR_OPERATIONAL,,,,,,NO,READY_WITH_COORDINATES,IMPORTED_PENDING_CONFIGURATION,MASTER_HEALTH_FACILITY_2024_07_23
448,ZW0140178,Batsiranai Nursing Home,Mashonaland West,Chegutu,-18.149865,30.145628,RHC,RURAL_HEALTH_CENTRE,Private,PRIVATE,Urban,URBAN,Primary,PRIMARY,0773289942,Open,ACTIVE_OR_OPERATIONAL,5,,,,,NO,READY_WITH_COORDINATES,IMPORTED_PENDING_CONFIGURATION,MASTER_HEALTH_FACILITY_2024_07_23
449,ZW0140187,Beersheba Mission Clinic,Mashonaland West,Chegutu,-18.170919,30.535842,Mission Clinic,MISSION_CLINIC,Mission,MISSION_FAITH_BASED,Rural,RURAL,Primary,PRIMARY,0718800780,Open,ACTIVE_OR_OPERATIONAL,2,,,,,NO,READY_WITH_COORDINATES,IMPORTED_PENDING_CONFIGURATION,MASTER_HEALTH_FACILITY_2024_07_23
450,ZW014180,Brunswick Clinic,Mashonaland West,Chegutu,-18.222762,30.044247,RDC,CLINIC,Rural Council,RURAL_DISTRICT_COUNCIL,Peri-Urban,PERI_URBAN,Primary,PRIMARY,0777240823,Open,ACTIVE_OR_OPERATIONAL,5,,,,,NO,READY_WITH_COORDINATES,IMPORTED_PENDING_CONFIGURATION,MASTER_HEALTH_FACILITY_2024_07_23
452,ZW014145,Chegutu Clinic,Mashonaland West,Chegutu,-18.135385,30.145432,RDC,CLINIC,Rural Council,RURAL_DISTRICT_COUNCIL,Urban,URBAN,Primary,PRIMARY,0773828535,Open,ACTIVE_OR_OPERATIONAL,3,,,,,NO,READY_WITH_COORDINATES,IMPORTED_PENDING_CONFIGURATION,MASTER_HEALTH_FACILITY_2024_07_23
453,ZW0141A,Chegutu District Hospital,Mashonaland West,Chegutu,-18.127386,30.149307,District Hospital,DISTRICT_HOSPITAL,Government,GOVERNMENT,Urban,URBAN,Secondary,SECONDARY,0773894518,Open,ACTIVE_OR_OPERATIONAL,101,,,,,NO,READY_WITH_COORDINATES,IMPORTED_PENDING_CONFIGURATION,MASTER_HEALTH_FACILITY_2024_07_23
455,ZW014125,Chikara Clinic,Mashonaland West,Chegutu,-18.1940851,30.5374992,RDC,CLINIC,Rural Council,RURAL_DISTRICT_COUNCIL,Rural,RURAL,Primary,PRIMARY,0786908929,Open,ACTIVE_OR_OPERATIONAL,6,,,,,NO,READY_WITH_COORDINATES,IMPORTED_PENDING_CONFIGURATION,MASTER_HEALTH_FACILITY_2024_07_23
456,ZW014162,Chinengundu Clinic,Mashonaland West,Chegutu,-18.120551,30.14297,RHC,RURAL_HEALTH_CENTRE,Town/City Council,LOCAL_AUTHORITY,Urban,URBAN,Primary,PRIMARY,0773170234,Open,ACTIVE_OR_OPERATIONAL,10,,,,,NO,READY_WITH_COORDINATES,IMPORTED_PENDING_CONFIGURATION,MASTER_HEALTH_FACILITY_2024_07_23
457,ZW014126,Chivero Clinic,Mashonaland West,Chegutu,-18.179168,30.60414,RDC,CLINIC,Rural Council,RURAL_DISTRICT_COUNCIL,Rural,RURAL,Primary,PRIMARY,0786909241,Open,ACTIVE_OR_OPERATIONAL,2,,,,,NO,READY_WITH_COORDINATES,IMPORTED_PENDING_CONFIGURATION,MASTER_HEALTH_FACILITY_2024_07_23
458,ZW0140191,Danangwe Rural District Council,Mashonaland West,Chegutu,-17.981517,30.077929,RDC,CLINIC,Rural Council,RURAL_DISTRICT_COUNCIL,Rural,RURAL,Primary,PRIMARY,0775114023,Open,ACTIVE_OR_OPERATIONAL,3,,,,,NO,READY_WITH_COORDINATES,IMPORTED_PENDING_CONFIGURATION,MASTER_HEALTH_FACILITY_2024_07_23
459,ZW014151,David Whitehead Clinic,Mashonaland West,Chegutu,-18.141767,30.128837,RDC,CLINIC,Private,PRIVATE,Urban,URBAN,Primary,PRIMARY,0773486291,Open,ACTIVE_OR_OPERATIONAL,2,,,,,NO,READY_WITH_COORDINATES,IMPORTED_PENDING_CONFIGURATION,MASTER_HEALTH_FACILITY_2024_07_23
460,ZW014146,Dombwe Clinic,Mashonaland West,Chegutu,-17.943544,30.280693,RDC,CLINIC,Rural Council,RURAL_DISTRICT_COUNCIL,Rural,RURAL,Primary,PRIMARY,0781517145,Open,ACTIVE_OR_OPERATIONAL,4,,,,,NO,READY_WITH_COORDINATES,IMPORTED_PENDING_CONFIGURATION,MASTER_HEALTH_FACILITY_2024_07_23
463,ZW0140139,Glenluce Clinic,Mashonaland West,Chegutu,-17.993291,30.737791,RDC,CLINIC,Rural Council,RURAL_DISTRICT_COUNCIL,Rural,RURAL,Primary,PRIMARY,0712943701,Open,ACTIVE_OR_OPERATIONAL,4,,,,,NO,READY_WITH_COORDINATES,IMPORTED_PENDING_CONFIGURATION,MASTER_HEALTH_FACILITY_2024_07_23
464,ZW014102,Gora Rural Health Centre,Mashonaland West,Chegutu,-18.423966,30.730129,RDC,CLINIC,Rural Council,RURAL_DISTRICT_COUNCIL,Rural,RURAL,Primary,PRIMARY,0776381130,Open,ACTIVE_OR_OPERATIONAL,5,,,,,NO,READY_WITH_COORDINATES,IMPORTED_PENDING_CONFIGURATION,MASTER_HEALTH_FACILITY_2024_07_23
465,ZW014178,Homedale Clinic,Mashonaland West,Chegutu,-18.187662,30.484844,RDC,CLINIC,Rural Council,RURAL_DISTRICT_COUNCIL,Rural,RURAL,Primary,PRIMARY,0718088826,Open,ACTIVE_OR_OPERATIONAL,14,,,,,NO,READY_WITH_COORDINATES,IMPORTED_PENDING_CONFIGURATION,MASTER_HEALTH_FACILITY_2024_07_23
469,ZW014147,Katanga Utano Clinic,Mashonaland West,Chegutu,-17.88213,30.668634,RHC,RURAL_HEALTH_CENTRE,Town/City Council,LOCAL_AUTHORITY,Urban,URBAN,Primary,PRIMARY,0771763634,Open,ACTIVE_OR_OPERATIONAL,4,,,,,NO,READY_WITH_COORDINATES,IMPORTED_PENDING_CONFIGURATION,MASTER_HEALTH_FACILITY_2024_07_23
471,ZW014177,Lismore Clinic,Mashonaland West,Chegutu,-18.023613,29.96788,RDC,CLINIC,Rural Council,RURAL_DISTRICT_COUNCIL,Rural,RURAL,Primary,PRIMARY,0772978290,Open,ACTIVE_OR_OPERATIONAL,6,,,,,NO,READY_WITH_COORDINATES,IMPORTED_PENDING_CONFIGURATION,MASTER_HEALTH_FACILITY_2024_07_23
472,ZW014179,Mafuti Clinic,Mashonaland West,Chegutu,-18.299374,30.280565,RDC,CLINIC,Rural Council,RURAL_DISTRICT_COUNCIL,Rural,RURAL,Primary,PRIMARY,0775681147,Open,ACTIVE_OR_OPERATIONAL,6,,,,,NO,READY_WITH_COORDINATES,IMPORTED_PENDING_CONFIGURATION,MASTER_HEALTH_FACILITY_2024_07_23
473,ZW014103,Mbuyanehanda Rural Health Centre,Mashonaland West,Chegutu,-17.921003,30.215504,RDC,CLINIC,Government,GOVERNMENT,Rural,RURAL,Primary,PRIMARY,0786909350,Open,ACTIVE_OR_OPERATIONAL,6,,,,,NO,READY_WITH_COORDINATES,IMPORTED_PENDING_CONFIGURATION,MASTER_HEALTH_FACILITY_2024_07_23
474,ZW014127,Mhondoro North Clinic,Mashonaland West,Chegutu,-18.16944,30.6938896179,RDC,CLINIC,Rural Council,RURAL_DISTRICT_COUNCIL,Rural,RURAL,Primary,PRIMARY,0774457310,Open,ACTIVE_OR_OPERATIONAL,3,,,,,NO,READY_WITH_COORDINATES,IMPORTED_PENDING_CONFIGURATION,MASTER_HEALTH_FACILITY_2024_07_23
475,ZW0141B,Mhondoro Rural Hospital,Mashonaland West,Chegutu,-18.318482,30.588119,Rural Hospital,RURAL_HOSPITAL,Government,GOVERNMENT,Rural,RURAL,Primary,PRIMARY,0775597397,Open,ACTIVE_OR_OPERATIONAL,5,,,,,NO,READY_WITH_COORDINATES,IMPORTED_PENDING_CONFIGURATION,MASTER_HEALTH_FACILITY_2024_07_23
476,ZW014104,Monera Rural Health Centre,Mashonaland West,Chegutu,-18.113667,30.731772,RHC,RURAL_HEALTH_CENTRE,Government,GOVERNMENT,Rural,RURAL,Primary,PRIMARY,0783318050,Open,ACTIVE_OR_OPERATIONAL,48,,,,,NO,READY_WITH_COORDINATES,IMPORTED_PENDING_CONFIGURATION,MASTER_HEALTH_FACILITY_2024_07_23
478,ZW014105,Msengezi Rural Health Centre,Mashonaland West,Chegutu,-17.900398,30.103282,RHC,RURAL_HEALTH_CENTRE,Government,GOVERNMENT,Rural,RURAL,Primary,PRIMARY,0773620975,Open,ACTIVE_OR_OPERATIONAL,6,,,,,NO,READY_WITH_COORDINATES,IMPORTED_PENDING_CONFIGURATION,MASTER_HEALTH_FACILITY_2024_07_23
479,ZW014128,Mupawose Clinic,Mashonaland West,Chegutu,-18.48065,30.502297,RDC,CLINIC,Rural Council,RURAL_DISTRICT_COUNCIL,Rural,RURAL,Primary,PRIMARY,0773850928,Open,ACTIVE_OR_OPERATIONAL,8,,,,,NO,READY_WITH_COORDINATES,IMPORTED_PENDING_CONFIGURATION,MASTER_HEALTH_FACILITY_2024_07_23
481,ZW014106,Musinami Rural Health Centre,Mashonaland West,Chegutu,-18.30306,30.4988899231,RHC,RURAL_HEALTH_CENTRE,Government,GOVERNMENT,Rural,RURAL,Primary,PRIMARY,0786909284,Open,ACTIVE_OR_OPERATIONAL,6,,,,,NO,READY_WITH_COORDINATES,IMPORTED_PENDING_CONFIGURATION,MASTER_HEALTH_FACILITY_2024_07_23
482,ZW0141C,Norton Hospital,Mashonaland West,Chegutu,-17.886709,30.687385,Rural Hospital,RURAL_HOSPITAL,Town/City Council,LOCAL_AUTHORITY,Urban,URBAN,Secondary,SECONDARY,0719344469,Open,ACTIVE_OR_OPERATIONAL,1,,,,,NO,READY_WITH_COORDINATES,IMPORTED_PENDING_CONFIGURATION,MASTER_HEALTH_FACILITY_2024_07_23
483,ZW0140189,Padre Pio Poly Clinic,Mashonaland West,Chegutu,-17.879844,30.648611,Mission Clinic,MISSION_CLINIC,Mission,MISSION_FAITH_BASED,Urban,URBAN,Primary,PRIMARY,0778508679,Open,ACTIVE_OR_OPERATIONAL,60,,,,,NO,READY_WITH_COORDINATES,IMPORTED_PENDING_CONFIGURATION,MASTER_HEALTH_FACILITY_2024_07_23
484,ZW0140149,Pfupajena Munic Clinic,Mashonaland West,Chegutu,-18.124159,30.135799,RHC,RURAL_HEALTH_CENTRE,Town/City Council,LOCAL_AUTHORITY,Urban,URBAN,Primary,PRIMARY,0772407026,Open,ACTIVE_OR_OPERATIONAL,14,,,,,NO,READY_WITH_COORDINATES,IMPORTED_PENDING_CONFIGURATION,MASTER_HEALTH_FACILITY_2024_07_23
485,ZW0140185,Presbyterian Clinic,Mashonaland West,Chegutu,-18.273963,30.666472,Mission Clinic,MISSION_CLINIC,Mission,MISSION_FAITH_BASED,Rural,RURAL,Primary,PRIMARY,0772950189,Open,ACTIVE_OR_OPERATIONAL,6,,,,,NO,READY_WITH_COORDINATES,IMPORTED_PENDING_CONFIGURATION,MASTER_HEALTH_FACILITY_2024_07_23
486,ZW014129,Rwizi Clinic,Mashonaland West,Chegutu,-18.448516,30.630299,RDC,CLINIC,Rural Council,RURAL_DISTRICT_COUNCIL,Rural,RURAL,Primary,PRIMARY,0786908862,Open,ACTIVE_OR_OPERATIONAL,5,,,,,NO,READY_WITH_COORDINATES,IMPORTED_PENDING_CONFIGURATION,MASTER_HEALTH_FACILITY_2024_07_23
488,ZW0140186,Santa Barbara Mission Clinic,Mashonaland West,Chegutu,-18.061941,30.4052,Mission Clinic,MISSION_CLINIC,Mission,MISSION_FAITH_BASED,Rural,RURAL,Primary,PRIMARY,0774071527,Open,ACTIVE_OR_OPERATIONAL,6,,,,,NO,READY_WITH_COORDINATES,IMPORTED_PENDING_CONFIGURATION,MASTER_HEALTH_FACILITY_2024_07_23
489,ZW014133,Selous Clinic,Mashonaland West,Chegutu,-18.068521,30.448302,RDC,CLINIC,Rural Council,RURAL_DISTRICT_COUNCIL,Rural,RURAL,Primary,PRIMARY,0776933945,Open,ACTIVE_OR_OPERATIONAL,2,,,,,NO,READY_WITH_COORDINATES,IMPORTED_PENDING_CONFIGURATION,MASTER_HEALTH_FACILITY_2024_07_23
490,ZW0140107,Shamrock Clinic,Mashonaland West,Chegutu,-17.903146,29.970337,RHC,RURAL_HEALTH_CENTRE,Government,GOVERNMENT,Rural,RURAL,Primary,PRIMARY,0773202824,Open,ACTIVE_OR_OPERATIONAL,6,,,,,NO,READY_WITH_COORDINATES,IMPORTED_PENDING_CONFIGURATION,MASTER_HEALTH_FACILITY_2024_07_23
491,ZW0140108,Tasunungurwa Clinic,Mashonaland West,Chegutu,-18.005035,30.541639,RDC,CLINIC,Rural Council,RURAL_DISTRICT_COUNCIL,Rural,RURAL,Primary,PRIMARY,0718613410,Open,ACTIVE_OR_OPERATIONAL,6,,,,,NO,READY_WITH_COORDINATES,IMPORTED_PENDING_CONFIGURATION,MASTER_HEALTH_FACILITY_2024_07_23
492,ZW0140190,Triple C,Mashonaland West,Chegutu,-18.8215536,30.9551225,RHC,RURAL_HEALTH_CENTRE,Private,PRIVATE,Rural,RURAL,Primary,PRIMARY,0775809557,Open,ACTIVE_OR_OPERATIONAL,4,,,,,NO,READY_WITH_COORDINATES,IMPORTED_PENDING_CONFIGURATION,MASTER_HEALTH_FACILITY_2024_07_23
493,ZW014130,Watyoka Clinic,Mashonaland West,Chegutu,-18.324444,30.686258,RDC,CLINIC,Rural Council,RURAL_DISTRICT_COUNCIL,Rural,RURAL,Primary,PRIMARY,0772400920,Open,ACTIVE_OR_OPERATIONAL,2,,,,,NO,READY_WITH_COORDINATES,IMPORTED_PENDING_CONFIGURATION,MASTER_HEALTH_FACILITY_2024_07_23
494,ZW014176,Zimbabwe Mining Development Corporation Clinic,Mashonaland West,Chegutu,-18.1275092,30.1466832,RHC,RURAL_HEALTH_CENTRE,Private,PRIVATE,Peri-Urban,PERI_URBAN,Primary,PRIMARY,0776391566,Open,ACTIVE_OR_OPERATIONAL,5,,,,,NO,READY_WITH_COORDINATES,IMPORTED_PENDING_CONFIGURATION,MASTER_HEALTH_FACILITY_2024_07_23
495,ZW0140179,Zimplats Selous Clinic,Mashonaland West,Chegutu,-18.06861,30.4486103058,RHC,RURAL_HEALTH_CENTRE,Private,PRIVATE,Peri-Urban,PERI_URBAN,Primary,PRIMARY,0772735210,Open,ACTIVE_OR_OPERATIONAL,7,,,,,NO,READY_WITH_COORDINATES,IMPORTED_PENDING_CONFIGURATION,MASTER_HEALTH_FACILITY_2024_07_23
496,ZW014239,Beugest RDC Clinic,Mashonaland West,Hurungwe,-17.285629,29.516876,RDC,CLINIC,RDC,RURAL_DISTRICT_COUNCIL,Rural,RURAL,Primary,PRIMARY,0772359377,Open,ACTIVE_OR_OPERATIONAL,,,,,,NO,READY_WITH_COORDINATES,IMPORTED_PENDING_CONFIGURATION,MASTER_HEALTH_FACILITY_2024_07_23
497,ZW014208,Chibara Clinic,Mashonaland West,Hurungwe,-16.60237,29.98315,RDC,CLINIC,RDC,RURAL_DISTRICT_COUNCIL,Rural,RURAL,Primary,PRIMARY,781894069,Open,ACTIVE_OR_OPERATIONAL,7,,,,,NO,READY_WITH_COORDINATES,IMPORTED_PENDING_CONFIGURATION,MASTER_HEALTH_FACILITY_2024_07_23
498,ZW0142D,Chidamoyo Mission Hospital,Mashonaland West,Hurungwe,-17.148305,29.191484,Mission Hospital,MISSION_HOSPITAL,Mission,MISSION_FAITH_BASED,Rural,RURAL,Primary,PRIMARY,775223321,Open,ACTIVE_OR_OPERATIONAL,100,,,,,NO,READY_WITH_COORDINATES,IMPORTED_PENDING_CONFIGURATION,MASTER_HEALTH_FACILITY_2024_07_23
499,ZW014225,Chinhere Clinic,Mashonaland West,Hurungwe,-17.21544,29.437164,RDC,CLINIC,RDC,RURAL_DISTRICT_COUNCIL,Rural,RURAL,Primary,PRIMARY,716911485,Open,ACTIVE_OR_OPERATIONAL,10,,,,,NO,READY_WITH_COORDINATES,IMPORTED_PENDING_CONFIGURATION,MASTER_HEALTH_FACILITY_2024_07_23
500,ZW014240,Chiroti clinic,Mashonaland West,Hurungwe,-17.048066,29.125319,RDC,CLINIC,RDC,RURAL_DISTRICT_COUNCIL,Rural,RURAL,Primary,PRIMARY,773649978,Open,ACTIVE_OR_OPERATIONAL,18,,,,,NO,READY_WITH_COORDINATES,IMPORTED_PENDING_CONFIGURATION,MASTER_HEALTH_FACILITY_2024_07_23
501,ZW014201,Chirundu Rural Health Centre,Mashonaland West,Hurungwe,-16.043766,28.86062,RHC,RURAL_HEALTH_CENTRE,Government,GOVERNMENT,Rural,RURAL,Primary,PRIMARY,774161495,Open,ACTIVE_OR_OPERATIONAL,16,,,,,NO,READY_WITH_COORDINATES,IMPORTED_PENDING_CONFIGURATION,MASTER_HEALTH_FACILITY_2024_07_23
502,ZW014241,Chirundu Wellness Clinic,Mashonaland West,Hurungwe,-16.04389,28.8605594635,RDC,CLINIC,Parastatal,PARASTATAL,Rural,RURAL,Primary,PRIMARY,778500264,CLOSED,CLOSED,0,,,,,NO,READY_WITH_COORDINATES,IMPORTED_PENDING_CONFIGURATION,MASTER_HEALTH_FACILITY_2024_07_23
503,ZW014202,Chivende Rural Health Centre,Mashonaland West,Hurungwe,-17.315808,29.34926,RHC,RURAL_HEALTH_CENTRE,Government,GOVERNMENT,Rural,RURAL,Primary,PRIMARY,719090475,Open,ACTIVE_OR_OPERATIONAL,16,,,,,NO,READY_WITH_COORDINATES,IMPORTED_PENDING_CONFIGURATION,MASTER_HEALTH_FACILITY_2024_07_23
504,ZW014226,Chundu Clinic,Mashonaland West,Hurungwe,-15.651131,29.60989,RDC,CLINIC,Rural Council,RURAL_DISTRICT_COUNCIL,Rural,RURAL,Primary,PRIMARY,781511494,RDC,NEEDS_REVIEW_RDC,25,,,,,NO,READY_WITH_COORDINATES,IMPORTED_PENDING_CONFIGURATION,MASTER_HEALTH_FACILITY_2024_07_23
505,ZW014296,Dete Clinic,Mashonaland West,Hurungwe,-16.59869,29.99938,RDC,CLINIC,Rural Council,RURAL_DISTRICT_COUNCIL,Rural,RURAL,Primary,PRIMARY,774161381,Open,ACTIVE_OR_OPERATIONAL,10,,,,,NO,READY_WITH_COORDINATES,IMPORTED_PENDING_CONFIGURATION,MASTER_HEALTH_FACILITY_2024_07_23
506,ZW014203,Deve Clinic,Mashonaland West,Hurungwe,-17.024825,29.031526,RDC,CLINIC,Rural Council,RURAL_DISTRICT_COUNCIL,Rural,RURAL,Primary,PRIMARY,774161443,Open,ACTIVE_OR_OPERATIONAL,7,,,,,NO,READY_WITH_COORDINATES,IMPORTED_PENDING_CONFIGURATION,MASTER_HEALTH_FACILITY_2024_07_23
507,ZW014299,Doro Clinic,Mashonaland West,Hurungwe,-16.717086,29.357189,RDC,CLINIC,Rural Council,RURAL_DISTRICT_COUNCIL,Rural,RURAL,Primary,PRIMARY,774161428,Open,ACTIVE_OR_OPERATIONAL,26,,,,,NO,READY_WITH_COORDINATES,IMPORTED_PENDING_CONFIGURATION,MASTER_HEALTH_FACILITY_2024_07_23
508,ZW014245,Helwin Clinic,Mashonaland West,Hurungwe,-16.57006,29.675359,RDC,CLINIC,Rural Council,RURAL_DISTRICT_COUNCIL,Rural,RURAL,Primary,PRIMARY,771496059,Open,ACTIVE_OR_OPERATIONAL,8,,,,,NO,READY_WITH_COORDINATES,IMPORTED_PENDING_CONFIGURATION,MASTER_HEALTH_FACILITY_2024_07_23
509,ZW014246,Hesketh Clinic,Mashonaland West,Hurungwe,-16.867998,29.539232,RDC,CLINIC,Rural Council,RURAL_DISTRICT_COUNCIL,Rural,RURAL,Primary,PRIMARY,774011742,Open,ACTIVE_OR_OPERATIONAL,4,,,,,NO,READY_WITH_COORDINATES,IMPORTED_PENDING_CONFIGURATION,MASTER_HEALTH_FACILITY_2024_07_23
510,ZW0142B,Hurungwe Rural Hospital,Mashonaland West,Hurungwe,-16.854865,29.410832,Rural Hospital,RURAL_HOSPITAL,Government,GOVERNMENT,Rural,RURAL,Primary,PRIMARY,778897123,Open,ACTIVE_OR_OPERATIONAL,25,,,,,NO,READY_WITH_COORDINATES,IMPORTED_PENDING_CONFIGURATION,MASTER_HEALTH_FACILITY_2024_07_23
511,ZW014291,Kapfunde Clinic,Mashonaland West,Hurungwe,-17.066077,29.408589,RDC,CLINIC,Rural Council,RURAL_DISTRICT_COUNCIL,Rural,RURAL,Primary,PRIMARY,714548358,Open,ACTIVE_OR_OPERATIONAL,10,,,,,NO,READY_WITH_COORDINATES,IMPORTED_PENDING_CONFIGURATION,MASTER_HEALTH_FACILITY_2024_07_23
512,ZW0142A,Karoi District Hospital,Mashonaland West,Hurungwe,-16.815324,29.687077,District Hospital,DISTRICT_HOSPITAL,Government,GOVERNMENT,Urban,URBAN,Secondary,SECONDARY,783387440,Open,ACTIVE_OR_OPERATIONAL,140,,,,,NO,READY_WITH_COORDINATES,IMPORTED_PENDING_CONFIGURATION,MASTER_HEALTH_FACILITY_2024_07_23
513,ZW014261,Karoi Static Clinic,Mashonaland West,Hurungwe,-16.807525,29.698225,RDC,CLINIC,Town/City Council,LOCAL_AUTHORITY,Urban,URBAN,Primary,PRIMARY,772546157,Open,ACTIVE_OR_OPERATIONAL,0,,,,,NO,READY_WITH_COORDINATES,IMPORTED_PENDING_CONFIGURATION,MASTER_HEALTH_FACILITY_2024_07_23
514,ZW014295,Karuru RDC Clinic,Mashonaland West,Hurungwe,-16.478133,29.642465,RDC,CLINIC,Rural Council,RURAL_DISTRICT_COUNCIL,Rural,RURAL,Primary,PRIMARY,713147282,Open,ACTIVE_OR_OPERATIONAL,7,,,,,NO,READY_WITH_COORDINATES,IMPORTED_PENDING_CONFIGURATION,MASTER_HEALTH_FACILITY_2024_07_23
515,ZW014294,Kasimure RHC,Mashonaland West,Hurungwe,-17.031341,29.877248,RHC,RURAL_HEALTH_CENTRE,Government,GOVERNMENT,Rural,RURAL,Primary,PRIMARY,774161414,Open,ACTIVE_OR_OPERATIONAL,29,,,,,NO,READY_WITH_COORDINATES,IMPORTED_PENDING_CONFIGURATION,MASTER_HEALTH_FACILITY_2024_07_23
516,ZW014227,Kazangarare Clinic,Mashonaland West,Hurungwe,-16.559407,29.835528,RDC,CLINIC,Rural Council,RURAL_DISTRICT_COUNCIL,Rural,RURAL,Primary,PRIMARY,774161319,Open,ACTIVE_OR_OPERATIONAL,28,,,,,NO,READY_WITH_COORDINATES,IMPORTED_PENDING_CONFIGURATION,MASTER_HEALTH_FACILITY_2024_07_23
517,ZW014297,Lanlory Clinic,Mashonaland West,Hurungwe,-16.757657,29.46664,RDC,CLINIC,Rural Council,RURAL_DISTRICT_COUNCIL,Rural,RURAL,Primary,PRIMARY,777815993,Open,ACTIVE_OR_OPERATIONAL,4,,,,,NO,READY_WITH_COORDINATES,IMPORTED_PENDING_CONFIGURATION,MASTER_HEALTH_FACILITY_2024_07_23
518,ZW014275,Lynx Clinic,Mashonaland West,Hurungwe,-16.597829,29.450894,RDC,CLINIC,Rural Council,RURAL_DISTRICT_COUNCIL,Rural,RURAL,Primary,PRIMARY,774161404,Open,ACTIVE_OR_OPERATIONAL,10,,,,,NO,READY_WITH_COORDINATES,IMPORTED_PENDING_CONFIGURATION,MASTER_HEALTH_FACILITY_2024_07_23
519,ZW014233,Makuti Rural Health Centre,Mashonaland West,Hurungwe,-16.316411,29.249161,RHC,RURAL_HEALTH_CENTRE,Government,GOVERNMENT,Rural,RURAL,Primary,PRIMARY,783285175,Open,ACTIVE_OR_OPERATIONAL,3,,,,,NO,READY_WITH_COORDINATES,IMPORTED_PENDING_CONFIGURATION,MASTER_HEALTH_FACILITY_2024_07_23
520,ZW014242,Manapools Clinic,Mashonaland West,Hurungwe,-15.72139,29.3619403839,RHC,RURAL_HEALTH_CENTRE,Government,GOVERNMENT,Rural,RURAL,Primary,PRIMARY,772274604,Open,ACTIVE_OR_OPERATIONAL,0,,,,,NO,READY_WITH_COORDINATES,IMPORTED_PENDING_CONFIGURATION,MASTER_HEALTH_FACILITY_2024_07_23
521,ZW014205,Masanga Rural Health Centre,Mashonaland West,Hurungwe,-16.73611,29.2299995422,RHC,RURAL_HEALTH_CENTRE,Government,GOVERNMENT,Rural,RURAL,Primary,PRIMARY,774945741,Open,ACTIVE_OR_OPERATIONAL,10,,,,,NO,READY_WITH_COORDINATES,IMPORTED_PENDING_CONFIGURATION,MASTER_HEALTH_FACILITY_2024_07_23
522,ZW014247,Mashongwe Clinic,Mashonaland West,Hurungwe,-16.440835,29.541817,RDC,CLINIC,Rural Council,RURAL_DISTRICT_COUNCIL,Rural,RURAL,Primary,PRIMARY,781106014,Open,ACTIVE_OR_OPERATIONAL,14,,,,,NO,READY_WITH_COORDINATES,IMPORTED_PENDING_CONFIGURATION,MASTER_HEALTH_FACILITY_2024_07_23
523,ZW014243,Masikati Clinic,Mashonaland West,Hurungwe,-17.095651,29.708194,RDC,CLINIC,Rural Council,RURAL_DISTRICT_COUNCIL,Rural,RURAL,Primary,PRIMARY,774834012,Open,ACTIVE_OR_OPERATIONAL,6,,,,,NO,READY_WITH_COORDINATES,IMPORTED_PENDING_CONFIGURATION,MASTER_HEALTH_FACILITY_2024_07_23
524,ZW014235,Moy RDC Clinic,Mashonaland West,Hurungwe,-16.641291,29.619352,RDC,CLINIC,Rural Council,RURAL_DISTRICT_COUNCIL,Rural,RURAL,Primary,PRIMARY,715874944,Open,ACTIVE_OR_OPERATIONAL,20,,,,,NO,READY_WITH_COORDINATES,IMPORTED_PENDING_CONFIGURATION,MASTER_HEALTH_FACILITY_2024_07_23
525,ZW014234,Murambe Clinic,Mashonaland West,Hurungwe,-17.217841,29.568127,RDC,CLINIC,Rural Council,RURAL_DISTRICT_COUNCIL,Rural,RURAL,Primary,PRIMARY,771496044,Open,ACTIVE_OR_OPERATIONAL,10,,,,,NO,READY_WITH_COORDINATES,IMPORTED_PENDING_CONFIGURATION,MASTER_HEALTH_FACILITY_2024_07_23
526,ZW0142C,Mwami Rural Hospital,Mashonaland West,Hurungwe,-16.67179,29.778525,Rural Hospital,RURAL_HOSPITAL,Government,GOVERNMENT,Rural,RURAL,Primary,PRIMARY,774161305,,,24,,,,Status,YES,READY_WITH_COORDINATES,IMPORTED_PENDING_CONFIGURATION,MASTER_HEALTH_FACILITY_2024_07_23
528,ZW014228,Nyamakate Clinic,Mashonaland West,Hurungwe,-16.404083,29.436377,RDC,CLINIC,Rural Council,RURAL_DISTRICT_COUNCIL,Rural,RURAL,Primary,PRIMARY,774161333,Open,ACTIVE_OR_OPERATIONAL,7,,,,,NO,READY_WITH_COORDINATES,IMPORTED_PENDING_CONFIGURATION,MASTER_HEALTH_FACILITY_2024_07_23
529,ZW014229,Nyamhunga Sengwe Clinic,Mashonaland West,Hurungwe,-16.884991,29.196802,RDC,CLINIC,Rural Council,RURAL_DISTRICT_COUNCIL,Rural,RURAL,Primary,PRIMARY,774161354,Open,ACTIVE_OR_OPERATIONAL,10,,,,,NO,READY_WITH_COORDINATES,IMPORTED_PENDING_CONFIGURATION,MASTER_HEALTH_FACILITY_2024_07_23
530,ZW014248,Nyangoma Clinic,Mashonaland West,Hurungwe,-16.866,29.926657,RDC,CLINIC,Rural Council,RURAL_DISTRICT_COUNCIL,Rural,RURAL,Primary,PRIMARY,773789169,Open,ACTIVE_OR_OPERATIONAL,18,,,,,NO,READY_WITH_COORDINATES,IMPORTED_PENDING_CONFIGURATION,MASTER_HEALTH_FACILITY_2024_07_23
531,ZW014249,Tengwe Clinic,Mashonaland West,Hurungwe,-17.123795,29.611701,RDC,CLINIC,Rural Council,RURAL_DISTRICT_COUNCIL,Rural,RURAL,Primary,PRIMARY,774161417,Open,ACTIVE_OR_OPERATIONAL,3,,,,,NO,READY_WITH_COORDINATES,IMPORTED_PENDING_CONFIGURATION,MASTER_HEALTH_FACILITY_2024_07_23
532,ZW014207,Zebra Downs Clinic,Mashonaland West,Hurungwe,-16.850545,29.827861,RDC,CLINIC,Rural Council,RURAL_DISTRICT_COUNCIL,Rural,RURAL,Primary,PRIMARY,771496016,Open,ACTIVE_OR_OPERATIONAL,3,,,,,NO,READY_WITH_COORDINATES,IMPORTED_PENDING_CONFIGURATION,MASTER_HEALTH_FACILITY_2024_07_23
533,ZW014238,ZPS Hurungwe Prison Clinic,Mashonaland West,Hurungwe,-17.1413445,29.3404871,RHC,RURAL_HEALTH_CENTRE,ZPS,ZIMBABWE_PRISONS_AND_CORRECTIONAL_SERVICE,Rural,RURAL,Primary,PRIMARY,716640265,Open,ACTIVE_OR_OPERATIONAL,0,,,,,NO,READY_WITH_COORDINATES,IMPORTED_PENDING_CONFIGURATION,MASTER_HEALTH_FACILITY_2024_07_23
534,ZW014237,ZPS Karoi Prison Clinic,Mashonaland West,Hurungwe,-16.81528,29.6877803802,RHC,RURAL_HEALTH_CENTRE,ZPS,ZIMBABWE_PRISONS_AND_CORRECTIONAL_SERVICE,Urban,URBAN,Primary,PRIMARY,775831091,Open,ACTIVE_OR_OPERATIONAL,0,,,,,NO,READY_WITH_COORDINATES,IMPORTED_PENDING_CONFIGURATION,MASTER_HEALTH_FACILITY_2024_07_23
535,ZW014298,ZRP Clinic,Mashonaland West,Hurungwe,-17.6047218,31.11734,RHC,RURAL_HEALTH_CENTRE,ZRP,ZIMBABWE_REPUBLIC_POLICE,Urban,URBAN,Primary,PRIMARY,772662019,Open,ACTIVE_OR_OPERATIONAL,0,,,,,NO,READY_WITH_COORDINATES,IMPORTED_PENDING_CONFIGURATION,MASTER_HEALTH_FACILITY_2024_07_23
536,ZW014206,Zvipani Rural Health Centre,Mashonaland West,Hurungwe,-16.981304,29.211128,RDC,CLINIC,Rural Council,RURAL_DISTRICT_COUNCIL,Rural,RURAL,Primary,PRIMARY,771496021,Open,ACTIVE_OR_OPERATIONAL,10,,,,,NO,READY_WITH_COORDINATES,IMPORTED_PENDING_CONFIGURATION,MASTER_HEALTH_FACILITY_2024_07_23
538,ZW014325,Chalala RDC Clinic,Mashonaland West,Kariba,-16.84167,28.3002796173,RDC,CLINIC,Rural Council,RURAL_DISTRICT_COUNCIL,Rural,RURAL,Primary,PRIMARY,0774443943,Open,ACTIVE_OR_OPERATIONAL,6,,,,,NO,READY_WITH_COORDINATES,IMPORTED_PENDING_CONFIGURATION,MASTER_HEALTH_FACILITY_2024_07_23
539,ZW014302,Gache-Gache Rural Health Centre,Mashonaland West,Kariba,-16.78368,28.860393,RHC,RURAL_HEALTH_CENTRE,Government,GOVERNMENT,Rural,RURAL,Primary,PRIMARY,0772591352,Open,ACTIVE_OR_OPERATIONAL,6,,,,,NO,READY_WITH_COORDINATES,IMPORTED_PENDING_CONFIGURATION,MASTER_HEALTH_FACILITY_2024_07_23
540,ZW014303,Kanyati Rural Health Centre,Mashonaland West,Kariba,-16.915133,28.995304,RHC,RURAL_HEALTH_CENTRE,Government,GOVERNMENT,Rural,RURAL,Primary,PRIMARY,0787473118,Open,ACTIVE_OR_OPERATIONAL,6,,,,,NO,READY_WITH_COORDINATES,IMPORTED_PENDING_CONFIGURATION,MASTER_HEALTH_FACILITY_2024_07_23
541,ZW01430A,Kariba District Hospital,Mashonaland West,Kariba,-16.520738,28.791246,District Hospital,DISTRICT_HOSPITAL,Government,GOVERNMENT,Urban,URBAN,secondary,SECONDARY,0782864072,Open,ACTIVE_OR_OPERATIONAL,91,,,,,NO,READY_WITH_COORDINATES,IMPORTED_PENDING_CONFIGURATION,MASTER_HEALTH_FACILITY_2024_07_23
542,ZW014363,Kasvisva RDC Clinic,Mashonaland West,Kariba,-17.229354,28.501165,RDC,CLINIC,Rural Council,RURAL_DISTRICT_COUNCIL,Rural,RURAL,Primary,PRIMARY,0776966780,Open,ACTIVE_OR_OPERATIONAL,6,,,,,NO,READY_WITH_COORDINATES,IMPORTED_PENDING_CONFIGURATION,MASTER_HEALTH_FACILITY_2024_07_23
543,ZW014362,Mahombekombe Clinic,Mashonaland West,Kariba,-16.523802,28.774968,RHC,RURAL_HEALTH_CENTRE,Town/City Council,LOCAL_AUTHORITY,Urban,URBAN,Primary,PRIMARY,0778468967,Open,ACTIVE_OR_OPERATIONAL,0,,,,,NO,READY_WITH_COORDINATES,IMPORTED_PENDING_CONFIGURATION,MASTER_HEALTH_FACILITY_2024_07_23
544,ZW014364,Mayovhe RDC clinic,Mashonaland West,Kariba,-17.024931,28.187508,RDC,CLINIC,Rural Council,RURAL_DISTRICT_COUNCIL,Rural,RURAL,Primary,PRIMARY,0782893654,Open,ACTIVE_OR_OPERATIONAL,6,,,,,NO,READY_WITH_COORDINATES,IMPORTED_PENDING_CONFIGURATION,MASTER_HEALTH_FACILITY_2024_07_23
545,ZW014304,Mola Clinic,Mashonaland West,Kariba,-16.926271,28.298668,RHC,RURAL_HEALTH_CENTRE,Government,GOVERNMENT,Rural,RURAL,Primary,PRIMARY,0782893761,Open,ACTIVE_OR_OPERATIONAL,6,,,,,NO,READY_WITH_COORDINATES,IMPORTED_PENDING_CONFIGURATION,MASTER_HEALTH_FACILITY_2024_07_23
546,ZW014327,Msampakaruma RDC Clinic,Mashonaland West,Kariba,-17.158656,28.767884,RDC,CLINIC,Rural Council,RURAL_DISTRICT_COUNCIL,Rural,RURAL,Primary,PRIMARY,0783282986,Open,ACTIVE_OR_OPERATIONAL,6,,,,,NO,READY_WITH_COORDINATES,IMPORTED_PENDING_CONFIGURATION,MASTER_HEALTH_FACILITY_2024_07_23
547,ZW014305,Negande Rural Health Centre,Mashonaland West,Kariba,-17.192997,28.241373,RHC,RURAL_HEALTH_CENTRE,Government,GOVERNMENT,Rural,RURAL,Primary,PRIMARY,0786502103,Open,ACTIVE_OR_OPERATIONAL,6,,,,,NO,READY_WITH_COORDINATES,IMPORTED_PENDING_CONFIGURATION,MASTER_HEALTH_FACILITY_2024_07_23
548,ZW014361,Nyamhunga (kab) Clinic,Mashonaland West,Kariba,-16.517905,28.848151,RHC,RURAL_HEALTH_CENTRE,Town/City Council,LOCAL_AUTHORITY,Urban,URBAN,Primary,PRIMARY,0775068036,Open,ACTIVE_OR_OPERATIONAL,2,,,,,NO,READY_WITH_COORDINATES,IMPORTED_PENDING_CONFIGURATION,MASTER_HEALTH_FACILITY_2024_07_23
549,ZW014328,Siyakobvu rural hospital,Mashonaland West,Kariba,-17.130961,28.364207,Rural Hospital,RURAL_HOSPITAL,Government,GOVERNMENT,Rural,RURAL,Primary,PRIMARY,0782099920,Open,ACTIVE_OR_OPERATIONAL,32,,,,,NO,READY_WITH_COORDINATES,IMPORTED_PENDING_CONFIGURATION,MASTER_HEALTH_FACILITY_2024_07_23
550,ZW014329,ZPS Kariba Prison Clinic,Mashonaland West,Kariba,-17.6036282,31.1173321,RHC,RURAL_HEALTH_CENTRE,ZPS,ZIMBABWE_PRISONS_AND_CORRECTIONAL_SERVICE,Urban,URBAN,Primary,PRIMARY,775052257,Open,ACTIVE_OR_OPERATIONAL,,,,,,NO,READY_WITH_COORDINATES,IMPORTED_PENDING_CONFIGURATION,MASTER_HEALTH_FACILITY_2024_07_23
551,ZW014463,Alaska Munic Clinic,Mashonaland West,Makonde,-17.373754,30.066862,RHC,RURAL_HEALTH_CENTRE,Town/City Council,LOCAL_AUTHORITY,Peri-Urban,PERI_URBAN,Primary,PRIMARY,772989192,Open,ACTIVE_OR_OPERATIONAL,17,,,,,NO,READY_WITH_COORDINATES,IMPORTED_PENDING_CONFIGURATION,MASTER_HEALTH_FACILITY_2024_07_23
552,ZW014498,CeSHHAR Clinic,Mashonaland West,Makonde,-18.996853,26.5108453,Clinic,CLINIC,Private,PRIVATE,Urban,URBAN,Primary,PRIMARY,784536420,Open,ACTIVE_OR_OPERATIONAL,6,,,,,NO,READY_WITH_COORDINATES,IMPORTED_PENDING_CONFIGURATION,MASTER_HEALTH_FACILITY_2024_07_23
553,ZW014462,Chikonohono Munic Clinic,Mashonaland West,Makonde,-17.389819,30.195201,RHC,RURAL_HEALTH_CENTRE,Town/City Council,LOCAL_AUTHORITY,Urban,URBAN,Primary,PRIMARY,778542119,Open,ACTIVE_OR_OPERATIONAL,6,,,,,NO,READY_WITH_COORDINATES,IMPORTED_PENDING_CONFIGURATION,MASTER_HEALTH_FACILITY_2024_07_23
554,ZW014486,Chimanimani RDC Clinic,Mashonaland West,Makonde,-16.826558,30.483824,RDC,CLINIC,Rural Council,RURAL_DISTRICT_COUNCIL,Rural,RURAL,Primary,PRIMARY,779626646,Open,ACTIVE_OR_OPERATIONAL,2,,,,,NO,READY_WITH_COORDINATES,IMPORTED_PENDING_CONFIGURATION,MASTER_HEALTH_FACILITY_2024_07_23
555,ZW014461,Chinhoyi Munic Clinic,Mashonaland West,Makonde,-17.374156,30.199421,RHC,RURAL_HEALTH_CENTRE,Town/City Council,LOCAL_AUTHORITY,Urban,URBAN,Primary,PRIMARY,773121407,Open,ACTIVE_OR_OPERATIONAL,2,,,,,NO,READY_WITH_COORDINATES,IMPORTED_PENDING_CONFIGURATION,MASTER_HEALTH_FACILITY_2024_07_23
556,ZW01440A,Chinhoyi Provincial Hospital,Mashonaland West,Makonde,-17.362367,30.208521,Provincial Hospital,PROVINCIAL_HOSPITAL,Government,GOVERNMENT,Urban,URBAN,Primary,PRIMARY,773919177,Open,ACTIVE_OR_OPERATIONAL,0,,,,,NO,READY_WITH_COORDINATES,IMPORTED_PENDING_CONFIGURATION,MASTER_HEALTH_FACILITY_2024_07_23
557,ZW014403,Chinhoyi Univ of Tech Clinic,Mashonaland West,Makonde,-17.34913,30.20806,RHC,RURAL_HEALTH_CENTRE,Private,PRIVATE,Urban,URBAN,Primary,PRIMARY,772910284,Open,ACTIVE_OR_OPERATIONAL,0,,,,,NO,READY_WITH_COORDINATES,IMPORTED_PENDING_CONFIGURATION,MASTER_HEALTH_FACILITY_2024_07_23
559,ZW014491,Chipfuwamiti Clinic,Mashonaland West,Makonde,-17.76255,29.8076,RDC,CLINIC,Rural Council,RURAL_DISTRICT_COUNCIL,Rural,RURAL,Primary,PRIMARY,762960554,Open,ACTIVE_OR_OPERATIONAL,8,,,,,NO,READY_WITH_COORDINATES,IMPORTED_PENDING_CONFIGURATION,MASTER_HEALTH_FACILITY_2024_07_23
560,ZW014445,Doma RDC Clinic,Mashonaland West,Makonde,-16.759307,30.243147,RDC,CLINIC,Rural Council,RURAL_DISTRICT_COUNCIL,Rural,RURAL,Primary,PRIMARY,771513781,Open,ACTIVE_OR_OPERATIONAL,8,,,,,NO,READY_WITH_COORDINATES,IMPORTED_PENDING_CONFIGURATION,MASTER_HEALTH_FACILITY_2024_07_23
561,ZW0145,Dr Chitambo Surgery,Mashonaland West,Makonde,-17.36027,30.19099,RHC,RURAL_HEALTH_CENTRE,Private,PRIVATE,Urban,URBAN,Primary,PRIMARY,772761000,Open,ACTIVE_OR_OPERATIONAL,4,,,,,NO,READY_WITH_COORDINATES,IMPORTED_PENDING_CONFIGURATION,MASTER_HEALTH_FACILITY_2024_07_23
562,ZW014485,Gamanya RDC clinic,Mashonaland West,Makonde,-17.574546,29.925048,RDC,CLINIC,Rural Council,RURAL_DISTRICT_COUNCIL,Rural,RURAL,Primary,PRIMARY,713078941,Open,ACTIVE_OR_OPERATIONAL,,,,,,NO,READY_WITH_COORDINATES,IMPORTED_PENDING_CONFIGURATION,MASTER_HEALTH_FACILITY_2024_07_23
563,ZW014496,Gandawasvika RDC Clinic,Mashonaland West,Makonde,-17.146083,30.161857,RDC,CLINIC,Rural Council,RURAL_DISTRICT_COUNCIL,Rural,RURAL,Primary,PRIMARY,776822706,Open,ACTIVE_OR_OPERATIONAL,6,,,,,NO,READY_WITH_COORDINATES,IMPORTED_PENDING_CONFIGURATION,MASTER_HEALTH_FACILITY_2024_07_23
564,ZW014409,Godzi RDC Clinic,Mashonaland West,Makonde,-17.617234,29.524441,RDC,CLINIC,Rural Council,RURAL_DISTRICT_COUNCIL,Rural,RURAL,Primary,PRIMARY,717140349,Open,ACTIVE_OR_OPERATIONAL,3,,,,,NO,READY_WITH_COORDINATES,IMPORTED_PENDING_CONFIGURATION,MASTER_HEALTH_FACILITY_2024_07_23
565,ZW014481,Green Valley RDC Clinic,Mashonaland West,Makonde,-16.667986,30.209618,RDC,CLINIC,Rural Council,RURAL_DISTRICT_COUNCIL,Rural,RURAL,Primary,PRIMARY,774949577,Open,ACTIVE_OR_OPERATIONAL,8,,,,,NO,READY_WITH_COORDINATES,IMPORTED_PENDING_CONFIGURATION,MASTER_HEALTH_FACILITY_2024_07_23
566,ZW014412,Gudubu Rural Health Centre,Mashonaland West,Makonde,-16.929219,30.057447,RHC,RURAL_HEALTH_CENTRE,Government,GOVERNMENT,Rural,RURAL,Primary,PRIMARY,773486502,Open,ACTIVE_OR_OPERATIONAL,8,,,,,NO,READY_WITH_COORDINATES,IMPORTED_PENDING_CONFIGURATION,MASTER_HEALTH_FACILITY_2024_07_23
567,ZW014425,Hombwe RDC Clinic,Mashonaland West,Makonde,-17.755741,29.803089,RDC,CLINIC,Rural Council,RURAL_DISTRICT_COUNCIL,Rural,RURAL,Primary,PRIMARY,777909396,Open,ACTIVE_OR_OPERATIONAL,8,,,,,NO,READY_WITH_COORDINATES,IMPORTED_PENDING_CONFIGURATION,MASTER_HEALTH_FACILITY_2024_07_23
568,ZW014497,Hunyani Municipal Clinic,Mashonaland West,Makonde,-17.377593,30.204612,Clinic,CLINIC,Town/City Council,LOCAL_AUTHORITY,Urban,URBAN,Primary,PRIMARY,773050365,Open,ACTIVE_OR_OPERATIONAL,3,,,,,NO,READY_WITH_COORDINATES,IMPORTED_PENDING_CONFIGURATION,MASTER_HEALTH_FACILITY_2024_07_23
569,ZW014405,Kamhonde Rural Health Centre,Mashonaland West,Makonde,-17.432475,29.358812,RHC,RURAL_HEALTH_CENTRE,Government,GOVERNMENT,Rural,RURAL,Primary,PRIMARY,715210339,Open,ACTIVE_OR_OPERATIONAL,4,,,,,NO,READY_WITH_COORDINATES,IMPORTED_PENDING_CONFIGURATION,MASTER_HEALTH_FACILITY_2024_07_23
570,ZW014492,Kamuzingizi RDC Clinic,Mashonaland West,Makonde,-16.927621,30.29849,RDC,CLINIC,Rural Council,RURAL_DISTRICT_COUNCIL,Rural,RURAL,Primary,PRIMARY,773621406,Open,ACTIVE_OR_OPERATIONAL,8,,,,,NO,READY_WITH_COORDINATES,IMPORTED_PENDING_CONFIGURATION,MASTER_HEALTH_FACILITY_2024_07_23
571,ZW014488,Kanyaga RDC Clinic,Mashonaland West,Makonde,-17.395277,29.766289,RDC,CLINIC,Rural Council,RURAL_DISTRICT_COUNCIL,Rural,RURAL,Primary,PRIMARY,772948426,Open,ACTIVE_OR_OPERATIONAL,10,,,,,NO,READY_WITH_COORDINATES,IMPORTED_PENDING_CONFIGURATION,MASTER_HEALTH_FACILITY_2024_07_23
572,ZW014406,Kenzamba Rural Health Centre,Mashonaland West,Makonde,-17.473624,29.605471,RHC,RURAL_HEALTH_CENTRE,Government,GOVERNMENT,Rural,RURAL,Primary,PRIMARY,717141302,Open,ACTIVE_OR_OPERATIONAL,2,,,,,NO,READY_WITH_COORDINATES,IMPORTED_PENDING_CONFIGURATION,MASTER_HEALTH_FACILITY_2024_07_23
573,ZW014478,Khosana Ranch RDC Clinic,Mashonaland West,Makonde,-16.667354,30.214276,RDC,CLINIC,Rural Council,RURAL_DISTRICT_COUNCIL,Rural,RURAL,Primary,PRIMARY,778138337,Open,ACTIVE_OR_OPERATIONAL,10,,,,,NO,READY_WITH_COORDINATES,IMPORTED_PENDING_CONFIGURATION,MASTER_HEALTH_FACILITY_2024_07_23
574,ZW014489,Long Valley RDC Clinic,Mashonaland West,Makonde,-17.066981,30.072481,RDC,CLINIC,Rural Council,RURAL_DISTRICT_COUNCIL,Rural,RURAL,Primary,PRIMARY,716462421,Open,ACTIVE_OR_OPERATIONAL,0,,,,,NO,READY_WITH_COORDINATES,IMPORTED_PENDING_CONFIGURATION,MASTER_HEALTH_FACILITY_2024_07_23
576,ZW01440D,Makonde Christ Hosp,Mashonaland West,Makonde,-16.891619,30.164969,Mission Hospital,MISSION_HOSPITAL,Mission,MISSION_FAITH_BASED,Rural,RURAL,Secondary,SECONDARY,783141900,Open,ACTIVE_OR_OPERATIONAL,3,,,,,NO,READY_WITH_COORDINATES,IMPORTED_PENDING_CONFIGURATION,MASTER_HEALTH_FACILITY_2024_07_23
578,ZW014487,Manyamba Rural Health Centre,Mashonaland West,Makonde,-17.36465,30.001831,RHC,RURAL_HEALTH_CENTRE,Government,GOVERNMENT,Rural,RURAL,Primary,PRIMARY,776138084,Open,ACTIVE_OR_OPERATIONAL,8,,,,,NO,READY_WITH_COORDINATES,IMPORTED_PENDING_CONFIGURATION,MASTER_HEALTH_FACILITY_2024_07_23
579,ZW014447,Matoranjera RDC Clinic,Mashonaland West,Makonde,-17.568768,30.111472,RDC,CLINIC,Rural Council,RURAL_DISTRICT_COUNCIL,Rural,RURAL,Primary,PRIMARY,778311502,Open,ACTIVE_OR_OPERATIONAL,8,,,,,NO,READY_WITH_COORDINATES,IMPORTED_PENDING_CONFIGURATION,MASTER_HEALTH_FACILITY_2024_07_23
580,ZW014499,Mpata RDC Clinic,Mashonaland West,Makonde,-16.785908,30.120353,RDC,CLINIC,Rural Council,RURAL_DISTRICT_COUNCIL,Rural,RURAL,Primary,PRIMARY,775863049,Open,ACTIVE_OR_OPERATIONAL,8,,,,,NO,READY_WITH_COORDINATES,IMPORTED_PENDING_CONFIGURATION,MASTER_HEALTH_FACILITY_2024_07_23
581,ZW014426,Mukohwe RDC Clinic,Mashonaland West,Makonde,-17.811054,29.810542,RDC,CLINIC,Rural Council,RURAL_DISTRICT_COUNCIL,Rural,RURAL,Primary,PRIMARY,773519657,Open,ACTIVE_OR_OPERATIONAL,6,,,,,NO,READY_WITH_COORDINATES,IMPORTED_PENDING_CONFIGURATION,MASTER_HEALTH_FACILITY_2024_07_23
582,ZW014407,Murereka Rural Health Centre,Mashonaland West,Makonde,-17.275575,30.026517,RHC,RURAL_HEALTH_CENTRE,Government,GOVERNMENT,Rural,RURAL,Primary,PRIMARY,717137285,Open,ACTIVE_OR_OPERATIONAL,2,,,,,NO,READY_WITH_COORDINATES,IMPORTED_PENDING_CONFIGURATION,MASTER_HEALTH_FACILITY_2024_07_23
583,ZW014493,Mutala RDC Clinic,Mashonaland West,Makonde,-17.098763,29.906026,RDC,CLINIC,Rural Council,RURAL_DISTRICT_COUNCIL,Rural,RURAL,Primary,PRIMARY,786579819,Open,ACTIVE_OR_OPERATIONAL,6,,,,,NO,READY_WITH_COORDINATES,IMPORTED_PENDING_CONFIGURATION,MASTER_HEALTH_FACILITY_2024_07_23
584,ZW014494,Muzari Municipal Clinic,Mashonaland West,Makonde,-17.375279,30.179175,RHC,RURAL_HEALTH_CENTRE,Town/City Council,LOCAL_AUTHORITY,Urban,URBAN,Primary,PRIMARY,786579820,Open,ACTIVE_OR_OPERATIONAL,8,,,,,NO,READY_WITH_COORDINATES,IMPORTED_PENDING_CONFIGURATION,MASTER_HEALTH_FACILITY_2024_07_23
585,ZW014495,Naison Dip RDC Clinic,Mashonaland West,Makonde,-17.5746204,29.6830601,RDC,CLINIC,Rural Council,RURAL_DISTRICT_COUNCIL,Rural,RURAL,Primary,PRIMARY,774544318,Open,ACTIVE_OR_OPERATIONAL,4,,,,,NO,READY_WITH_COORDINATES,IMPORTED_PENDING_CONFIGURATION,MASTER_HEALTH_FACILITY_2024_07_23
586,ZW014479,Nyamugomba RDC Clinic,Mashonaland West,Makonde,-17.139013,30.257695,RDC,CLINIC,Rural Council,RURAL_DISTRICT_COUNCIL,Rural,RURAL,Primary,PRIMARY,773192607,Open,ACTIVE_OR_OPERATIONAL,0,,,,,NO,READY_WITH_COORDINATES,IMPORTED_PENDING_CONFIGURATION,MASTER_HEALTH_FACILITY_2024_07_23
587,ZW014427,Obva RDC Clinic,Mashonaland West,Makonde,-17.534867,29.507021,RDC,CLINIC,Rural Council,RURAL_DISTRICT_COUNCIL,Rural,RURAL,Primary,PRIMARY,773934638,Open,ACTIVE_OR_OPERATIONAL,7,,,,,NO,READY_WITH_COORDINATES,IMPORTED_PENDING_CONFIGURATION,MASTER_HEALTH_FACILITY_2024_07_23
588,ZW014483,Portlet RDC clinic,Mashonaland West,Makonde,-17.8059011,30.1661778,RDC,CLINIC,Rural Council,RURAL_DISTRICT_COUNCIL,Rural,RURAL,Primary,PRIMARY,777804457,Open,ACTIVE_OR_OPERATIONAL,8,,,,,NO,READY_WITH_COORDINATES,IMPORTED_PENDING_CONFIGURATION,MASTER_HEALTH_FACILITY_2024_07_23
590,ZW014482,Presbyterian Private Clinic,Mashonaland West,Makonde,-17.371171,30.181169,RHC,RURAL_HEALTH_CENTRE,Private,PRIVATE,Urban,URBAN,Primary,PRIMARY,772358350,Open,ACTIVE_OR_OPERATIONAL,5,,,,,NO,READY_WITH_COORDINATES,IMPORTED_PENDING_CONFIGURATION,MASTER_HEALTH_FACILITY_2024_07_23
591,ZW014410,River Ranch RDC Clinic,Mashonaland West,Makonde,-17.176057,29.957973,RDC,CLINIC,Rural Council,RURAL_DISTRICT_COUNCIL,Rural,RURAL,Primary,PRIMARY,772587015,Open,ACTIVE_OR_OPERATIONAL,8,,,,,NO,READY_WITH_COORDINATES,IMPORTED_PENDING_CONFIGURATION,MASTER_HEALTH_FACILITY_2024_07_23
592,ZW014433,Runene RDC Clinic,Mashonaland West,Makonde,-17.690767,29.65514,RDC,CLINIC,Rural Council,RURAL_DISTRICT_COUNCIL,Rural,RURAL,Primary,PRIMARY,778227473,Open,ACTIVE_OR_OPERATIONAL,8,,,,,NO,READY_WITH_COORDINATES,IMPORTED_PENDING_CONFIGURATION,MASTER_HEALTH_FACILITY_2024_07_23
593,ZW014484,Sadoma RDC Clinic,Mashonaland West,Makonde,-17.247577,29.82465,RDC,CLINIC,Rural Council,RURAL_DISTRICT_COUNCIL,Rural,RURAL,Primary,PRIMARY,774085971,Open,ACTIVE_OR_OPERATIONAL,8,,,,,NO,READY_WITH_COORDINATES,IMPORTED_PENDING_CONFIGURATION,MASTER_HEALTH_FACILITY_2024_07_23
594,ZW014477,Shackelton Municipal Clinic,Mashonaland West,Makonde,-17.300709,30.034482,RHC,RURAL_HEALTH_CENTRE,Town/City Council,LOCAL_AUTHORITY,Peri-Urban,PERI_URBAN,Primary,PRIMARY,774551010,Open,ACTIVE_OR_OPERATIONAL,0,,,,,NO,READY_WITH_COORDINATES,IMPORTED_PENDING_CONFIGURATION,MASTER_HEALTH_FACILITY_2024_07_23
595,ZW01440B,St Rupert's Mission Hospital,Mashonaland West,Makonde,-17.767821,29.692921,Mission Hospital,MISSION_HOSPITAL,Mission,MISSION_FAITH_BASED,Rural,RURAL,Secondary,SECONDARY,773651374,Open,ACTIVE_OR_OPERATIONAL,8,,,,,NO,READY_WITH_COORDINATES,IMPORTED_PENDING_CONFIGURATION,MASTER_HEALTH_FACILITY_2024_07_23
596,ZW014448,Umboe RDC Clinic,Mashonaland West,Makonde,-16.905952,30.167771,RDC,CLINIC,Rural Council,RURAL_DISTRICT_COUNCIL,Rural,RURAL,Primary,PRIMARY,778167622,Open,ACTIVE_OR_OPERATIONAL,8,,,,,NO,READY_WITH_COORDINATES,IMPORTED_PENDING_CONFIGURATION,MASTER_HEALTH_FACILITY_2024_07_23
598,ZW014408,Zumbara Rural Health Centre,Mashonaland West,Makonde,-17.67303,29.88096,RHC,RURAL_HEALTH_CENTRE,Government,GOVERNMENT,Rural,RURAL,Primary,PRIMARY,773523042,Open,ACTIVE_OR_OPERATIONAL,8,,,,,NO,READY_WITH_COORDINATES,IMPORTED_PENDING_CONFIGURATION,MASTER_HEALTH_FACILITY_2024_07_23
599,ZW0140526,Battlefieds clinic,Mashonaland West,Mhondoro,-18.5673514,30.6732916,RDC,CLINIC,Rural Council,RURAL_DISTRICT_COUNCIL,Rural,RURAL,Primary,PRIMARY,774934974,Open,ACTIVE_OR_OPERATIONAL,3,,,,,NO,READY_WITH_COORDINATES,IMPORTED_PENDING_CONFIGURATION,MASTER_HEALTH_FACILITY_2024_07_23
601,ZW0140517,Bururu RDC Clinic,Mashonaland West,Mhondoro,-18.696906,30.490402,RDC,CLINIC,Rural Council,RURAL_DISTRICT_COUNCIL,Rural,RURAL,Primary,PRIMARY,718024687,Open,ACTIVE_OR_OPERATIONAL,6,,,,,NO,READY_WITH_COORDINATES,IMPORTED_PENDING_CONFIGURATION,MASTER_HEALTH_FACILITY_2024_07_23
602,ZW0140518,Chingondo RDC Clinic,Mashonaland West,Mhondoro,-18.448268,30.355102,RDC,CLINIC,Rural Council,RURAL_DISTRICT_COUNCIL,Rural,RURAL,Primary,PRIMARY,772781079,Open,ACTIVE_OR_OPERATIONAL,7,,,,,NO,READY_WITH_COORDINATES,IMPORTED_PENDING_CONFIGURATION,MASTER_HEALTH_FACILITY_2024_07_23
604,ZW0140502,Donain Rural Health Centre,Mashonaland West,Mhondoro,-18.508345,29.629268,RHC,RURAL_HEALTH_CENTRE,Government,GOVERNMENT,Rural,RURAL,Primary,PRIMARY,773543663,Open,ACTIVE_OR_OPERATIONAL,6,,,,,NO,READY_WITH_COORDINATES,IMPORTED_PENDING_CONFIGURATION,MASTER_HEALTH_FACILITY_2024_07_23
605,ZW0140503,Dondoshava Rural Health Centre,Mashonaland West,Mhondoro,-18.4820941,30.435578,RHC,RURAL_HEALTH_CENTRE,Government,GOVERNMENT,Rural,RURAL,Primary,PRIMARY,773543667,Open,ACTIVE_OR_OPERATIONAL,5,,,,,NO,READY_WITH_COORDINATES,IMPORTED_PENDING_CONFIGURATION,MASTER_HEALTH_FACILITY_2024_07_23
606,ZW0140519,Gavhunga RDC,Mashonaland West,Mhondoro,-18.723794,30.559888,RDC,CLINIC,Rural Council,RURAL_DISTRICT_COUNCIL,Rural,RURAL,Primary,PRIMARY,772427696,Open,ACTIVE_OR_OPERATIONAL,5,,,,,NO,READY_WITH_COORDINATES,IMPORTED_PENDING_CONFIGURATION,MASTER_HEALTH_FACILITY_2024_07_23
607,ZW0140528,Gweshe RDC Clinic,Mashonaland West,Mhondoro,-18.425718,30.169154,RDC,CLINIC,Rural Council,RURAL_DISTRICT_COUNCIL,Rural,RURAL,Primary,PRIMARY,775294846,Open,ACTIVE_OR_OPERATIONAL,17,,,,,NO,READY_WITH_COORDINATES,IMPORTED_PENDING_CONFIGURATION,MASTER_HEALTH_FACILITY_2024_07_23
608,ZW0140504,Jondale Bumbe Rural Health Centre,Mashonaland West,Mhondoro,-18.5773513,30.6742916,RHC,RURAL_HEALTH_CENTRE,Government,GOVERNMENT,Rural,RURAL,Primary,PRIMARY,777473591,Open,ACTIVE_OR_OPERATIONAL,4,,,,,NO,READY_WITH_COORDINATES,IMPORTED_PENDING_CONFIGURATION,MASTER_HEALTH_FACILITY_2024_07_23
609,ZW0140520,Mafindifindi RDC Clinic,Mashonaland West,Mhondoro,-18.4869072,30.2676795,RDC,CLINIC,Rural Council,RURAL_DISTRICT_COUNCIL,Rural,RURAL,Primary,PRIMARY,773708550,Open,ACTIVE_OR_OPERATIONAL,5,,,,,NO,READY_WITH_COORDINATES,IMPORTED_PENDING_CONFIGURATION,MASTER_HEALTH_FACILITY_2024_07_23
610,ZW0140521,Manyewe RDC Clinic,Mashonaland West,Mhondoro,-18.607412,30.523022,RDC,CLINIC,Rural Council,RURAL_DISTRICT_COUNCIL,Rural,RURAL,Primary,PRIMARY,774390358,Open,ACTIVE_OR_OPERATIONAL,5,,,,,NO,READY_WITH_COORDINATES,IMPORTED_PENDING_CONFIGURATION,MASTER_HEALTH_FACILITY_2024_07_23
611,ZW0140505,Manyoni Rural Health Centre,Mashonaland West,Mhondoro,-18.5679082,30.2442411,RHC,RURAL_HEALTH_CENTRE,Government,GOVERNMENT,Rural,RURAL,Primary,PRIMARY,715842200,Open,ACTIVE_OR_OPERATIONAL,4,,,,,NO,READY_WITH_COORDINATES,IMPORTED_PENDING_CONFIGURATION,MASTER_HEALTH_FACILITY_2024_07_23
612,ZW0140522,Mukarati RDC Clinic,Mashonaland West,Mhondoro,-18.2978538,30.2579338,RDC,CLINIC,Rural Council,RURAL_DISTRICT_COUNCIL,Rural,RURAL,Primary,PRIMARY,719500642,Open,ACTIVE_OR_OPERATIONAL,4,,,,,NO,READY_WITH_COORDINATES,IMPORTED_PENDING_CONFIGURATION,MASTER_HEALTH_FACILITY_2024_07_23
613,ZW0140523,Murambwa RDC Clinic,Mashonaland West,Mhondoro,-18.2977125,30.2579328,RDC,CLINIC,Rural Council,RURAL_DISTRICT_COUNCIL,Rural,RURAL,Primary,PRIMARY,772598304,Open,ACTIVE_OR_OPERATIONAL,3,,,,,NO,READY_WITH_COORDINATES,IMPORTED_PENDING_CONFIGURATION,MASTER_HEALTH_FACILITY_2024_07_23
614,ZW0140506,Muzvezve Rural Health Centre,Mashonaland West,Mhondoro,-18.3076547,30.5409927,RHC,RURAL_HEALTH_CENTRE,Government,GOVERNMENT,Rural,RURAL,Primary,PRIMARY,773806713,Open,ACTIVE_OR_OPERATIONAL,3,,,,,NO,READY_WITH_COORDINATES,IMPORTED_PENDING_CONFIGURATION,MASTER_HEALTH_FACILITY_2024_07_23
615,ZW0104050A,Ngezi (mhondoro) Rural Hospital,Mashonaland West,Mhondoro,-18.653861,30.631088,Rural Hospital,RURAL_HOSPITAL,Government,GOVERNMENT,Rural,RURAL,Primary,PRIMARY,772837904,Open,ACTIVE_OR_OPERATIONAL,30,,,,,NO,READY_WITH_COORDINATES,IMPORTED_PENDING_CONFIGURATION,MASTER_HEALTH_FACILITY_2024_07_23
616,ZW0104050B,St Michael's Mission Hospital,Mashonaland West,Mhondoro,-18.566491,30.678419,Mission Hospital,MISSION_HOSPITAL,Mission,MISSION_FAITH_BASED,Rural,RURAL,Secondary,SECONDARY,773543629,Open,ACTIVE_OR_OPERATIONAL,104,,,,,NO,READY_WITH_COORDINATES,IMPORTED_PENDING_CONFIGURATION,MASTER_HEALTH_FACILITY_2024_07_23
617,ZW0140524,Turf Estate RDC Clinic,Mashonaland West,Mhondoro,-18.4969072,30.2675795,RDC,CLINIC,Rural Council,RURAL_DISTRICT_COUNCIL,Rural,RURAL,Primary,PRIMARY,773224489,Open,ACTIVE_OR_OPERATIONAL,17,,,,,NO,READY_WITH_COORDINATES,IMPORTED_PENDING_CONFIGURATION,MASTER_HEALTH_FACILITY_2024_07_23
618,ZW0140525,Twintops RDC Clinic,Mashonaland West,Mhondoro,-18.588157,30.103539,RDC,CLINIC,Rural Council,RURAL_DISTRICT_COUNCIL,Rural,RURAL,Primary,PRIMARY,773499889,Open,ACTIVE_OR_OPERATIONAL,8,,,,,NO,READY_WITH_COORDINATES,IMPORTED_PENDING_CONFIGURATION,MASTER_HEALTH_FACILITY_2024_07_23
619,ZW0140535,Zimplats Trauma Centre Private Clinic,Mashonaland West,Mhondoro,-18.6506088,30.3328657,RHC,RURAL_HEALTH_CENTRE,Mine,MINE,Rural,RURAL,Primary,PRIMARY,772358533,Open,ACTIVE_OR_OPERATIONAL,5,,,,,NO,READY_WITH_COORDINATES,IMPORTED_PENDING_CONFIGURATION,MASTER_HEALTH_FACILITY_2024_07_23
621,ZW014620,Blackmovale Clinic,Mashonaland West,Sanyati,-17.943121,29.876138,RDC,CLINIC,Rural Council,RURAL_DISTRICT_COUNCIL,Rural,RURAL,Primary,PRIMARY,776369238,Open,ACTIVE_OR_OPERATIONAL,4,,,,,NO,READY_WITH_COORDINATES,IMPORTED_PENDING_CONFIGURATION,MASTER_HEALTH_FACILITY_2024_07_23
622,ZW014627,Carfex Clinic,Mashonaland West,Sanyati,-18.091248,29.678075,RDC,CLINIC,Rural Council,RURAL_DISTRICT_COUNCIL,Rural,RURAL,Primary,PRIMARY,776077599,Open,ACTIVE_OR_OPERATIONAL,3,,,,,NO,READY_WITH_COORDINATES,IMPORTED_PENDING_CONFIGURATION,MASTER_HEALTH_FACILITY_2024_07_23
623,ZW014651,Chakari Mine Clinic,Mashonaland West,Sanyati,-18.078067,29.845484,RHC,RURAL_HEALTH_CENTRE,Mine,MINE,Rural,RURAL,Primary,PRIMARY,776369238,Open,ACTIVE_OR_OPERATIONAL,8,,,,,NO,READY_WITH_COORDINATES,IMPORTED_PENDING_CONFIGURATION,MASTER_HEALTH_FACILITY_2024_07_23
624,ZW014626,Chegutu 6 Clinic,Mashonaland West,Sanyati,-17.919497,29.75624,RDC,CLINIC,Rural Council,RURAL_DISTRICT_COUNCIL,Rural,RURAL,Primary,PRIMARY,777341438,Open,ACTIVE_OR_OPERATIONAL,7,,,,,NO,READY_WITH_COORDINATES,IMPORTED_PENDING_CONFIGURATION,MASTER_HEALTH_FACILITY_2024_07_23
625,ZW014635,Chemukute Municipal Clinic,Mashonaland West,Sanyati,-18.316933,29.979526,RHC,RURAL_HEALTH_CENTRE,Town/City Council,LOCAL_AUTHORITY,Urban,URBAN,Primary,PRIMARY,771513691,Open,ACTIVE_OR_OPERATIONAL,7,,,,,NO,READY_WITH_COORDINATES,IMPORTED_PENDING_CONFIGURATION,MASTER_HEALTH_FACILITY_2024_07_23
626,ZW014621,Chirikiti RDC Clinic,Mashonaland West,Sanyati,-17.976475,29.420719,RDC,CLINIC,Rural Council,RURAL_DISTRICT_COUNCIL,Rural,RURAL,Primary,PRIMARY,773533295,Open,ACTIVE_OR_OPERATIONAL,2,,,,,NO,READY_WITH_COORDINATES,IMPORTED_PENDING_CONFIGURATION,MASTER_HEALTH_FACILITY_2024_07_23
627,ZW014677,Golden Valley Mine Clinic,Mashonaland West,Sanyati,-18.223284,29.793294,RHC,RURAL_HEALTH_CENTRE,Mine,MINE,Peri-Urban,PERI_URBAN,Primary,PRIMARY,776153329,Open,ACTIVE_OR_OPERATIONAL,7,,,,,NO,READY_WITH_COORDINATES,IMPORTED_PENDING_CONFIGURATION,MASTER_HEALTH_FACILITY_2024_07_23
628,ZW014681,Jairos Jiri Private Clinic,Mashonaland West,Sanyati,-18.348043,29.87773,RHC,RURAL_HEALTH_CENTRE,Private,PRIVATE,Urban,URBAN,Primary,PRIMARY,772720578,Open,ACTIVE_OR_OPERATIONAL,2,,,,,NO,READY_WITH_COORDINATES,IMPORTED_PENDING_CONFIGURATION,MASTER_HEALTH_FACILITY_2024_07_23
629,ZW014605,Jompani Rural Health Centre,Mashonaland West,Sanyati,-18.068976,29.448401,RHC,RURAL_HEALTH_CENTRE,Government,GOVERNMENT,Rural,RURAL,Primary,PRIMARY,773196974,Open,ACTIVE_OR_OPERATIONAL,4,,,,,NO,READY_WITH_COORDINATES,IMPORTED_PENDING_CONFIGURATION,MASTER_HEALTH_FACILITY_2024_07_23
630,ZW01460A,Kadoma General Hospital,Mashonaland West,Sanyati,-18.330646,29.911724,General Hospital,HOSPITAL_REQUIRES_LEVEL_REVIEW,Government,GOVERNMENT,Urban,URBAN,Secondary,SECONDARY,776259564,Open,ACTIVE_OR_OPERATIONAL,13,,,,,NO,READY_WITH_COORDINATES,IMPORTED_PENDING_CONFIGURATION,MASTER_HEALTH_FACILITY_2024_07_23
631,ZW014603,Kadoma ZRP Clinic,Mashonaland West,Sanyati,-17.9901104,29.240368,RHC,RURAL_HEALTH_CENTRE,ZRP,ZIMBABWE_REPUBLIC_POLICE,Urban,URBAN,Primary,PRIMARY,774171586,Open,ACTIVE_OR_OPERATIONAL,170,,,,,NO,READY_WITH_COORDINATES,IMPORTED_PENDING_CONFIGURATION,MASTER_HEALTH_FACILITY_2024_07_23
632,ZW014629,Muuyu RDC Clinic,Mashonaland West,Sanyati,-17.94722,29.4919395447,RDC,CLINIC,Rural Council,RURAL_DISTRICT_COUNCIL,Rural,RURAL,Primary,PRIMARY,772622987,Open,ACTIVE_OR_OPERATIONAL,1,,,,,NO,READY_WITH_COORDINATES,IMPORTED_PENDING_CONFIGURATION,MASTER_HEALTH_FACILITY_2024_07_23
633,ZW014604,New Geja Rural Health Centre,Mashonaland West,Sanyati,-17.896724,29.305659,RHC,RURAL_HEALTH_CENTRE,Government,GOVERNMENT,Rural,RURAL,Primary,PRIMARY,772930039,Open,ACTIVE_OR_OPERATIONAL,2,,,,,NO,READY_WITH_COORDINATES,IMPORTED_PENDING_CONFIGURATION,MASTER_HEALTH_FACILITY_2024_07_23
634,ZW014636,Ngezi Municipal_Clinic,Mashonaland West,Sanyati,-18.378614,29.859209,RHC,RURAL_HEALTH_CENTRE,Town/City Council,LOCAL_AUTHORITY,Urban,URBAN,Primary,PRIMARY,774027884,Open,ACTIVE_OR_OPERATIONAL,11,,,,,NO,READY_WITH_COORDINATES,IMPORTED_PENDING_CONFIGURATION,MASTER_HEALTH_FACILITY_2024_07_23
635,ZW014609,Nyabango Rural Health Centre,Mashonaland West,Sanyati,-17.852693,29.527009,RHC,RURAL_HEALTH_CENTRE,Government,GOVERNMENT,Rural,RURAL,Primary,PRIMARY,773290471,Open,ACTIVE_OR_OPERATIONAL,1,,,,,NO,READY_WITH_COORDINATES,IMPORTED_PENDING_CONFIGURATION,MASTER_HEALTH_FACILITY_2024_07_23
636,ZW014610,Nyamatani Rural Health Centre,Mashonaland West,Sanyati,-18.200113,29.534987,RHC,RURAL_HEALTH_CENTRE,Government,GOVERNMENT,Rural,RURAL,Primary,PRIMARY,775798103,Open,ACTIVE_OR_OPERATIONAL,3,,,,,NO,READY_WITH_COORDINATES,IMPORTED_PENDING_CONFIGURATION,MASTER_HEALTH_FACILITY_2024_07_23
637,ZW014607,Nyaonde Rural Health Centre,Mashonaland West,Sanyati,-17.73222,29.4369392395,RHC,RURAL_HEALTH_CENTRE,Government,GOVERNMENT,Rural,RURAL,Primary,PRIMARY,774536334,Open,ACTIVE_OR_OPERATIONAL,17,,,,,NO,READY_WITH_COORDINATES,IMPORTED_PENDING_CONFIGURATION,MASTER_HEALTH_FACILITY_2024_07_23
638,ZW014646,Ordoff RDC Clinic,Mashonaland West,Sanyati,-18.280755,29.847491,RDC,CLINIC,Rural Council,RURAL_DISTRICT_COUNCIL,Peri-Urban,PERI_URBAN,Primary,PRIMARY,778233278,Open,ACTIVE_OR_OPERATIONAL,9,,,,,NO,READY_WITH_COORDINATES,IMPORTED_PENDING_CONFIGURATION,MASTER_HEALTH_FACILITY_2024_07_23
639,ZW014679,Patchway RDC Clinic,Mashonaland West,Sanyati,-18.230108,29.800637,RDC,CLINIC,Rural Council,RURAL_DISTRICT_COUNCIL,Peri-Urban,PERI_URBAN,Primary,PRIMARY,774804221,Open,ACTIVE_OR_OPERATIONAL,7,,,,,NO,READY_WITH_COORDINATES,IMPORTED_PENDING_CONFIGURATION,MASTER_HEALTH_FACILITY_2024_07_23
640,ZW014608,Perseverance Army Clinic,Mashonaland West,Sanyati,-17.9701413,29.2559009,RHC,RURAL_HEALTH_CENTRE,ZNA,UNIFORMED_SERVICE,Rural,RURAL,Primary,PRIMARY,775133888,Open,ACTIVE_OR_OPERATIONAL,7,,,,,NO,READY_WITH_COORDINATES,IMPORTED_PENDING_CONFIGURATION,MASTER_HEALTH_FACILITY_2024_07_23
641,ZW014637,Rimuka MCH Municipal Clinic,Mashonaland West,Sanyati,-18.349223,29.886867,RHC,RURAL_HEALTH_CENTRE,Town/City Council,LOCAL_AUTHORITY,Urban,URBAN,Primary,PRIMARY,773209708,Open,ACTIVE_OR_OPERATIONAL,5,,,,,NO,READY_WITH_COORDINATES,IMPORTED_PENDING_CONFIGURATION,MASTER_HEALTH_FACILITY_2024_07_23
642,ZW014661,Rimuka Municipal Clinic,Mashonaland West,Sanyati,-18.345893,29.893334,RHC,RURAL_HEALTH_CENTRE,Town/City Council,LOCAL_AUTHORITY,Urban,URBAN,Primary,PRIMARY,734151563,Open,ACTIVE_OR_OPERATIONAL,,,,,,NO,READY_WITH_COORDINATES,IMPORTED_PENDING_CONFIGURATION,MASTER_HEALTH_FACILITY_2024_07_23
643,ZW01460C,Sanyati Mission Hospital,Mashonaland West,Sanyati,-17.95278,29.3091697693,Mission Hospital,MISSION_HOSPITAL,Mission,MISSION_FAITH_BASED,Rural,RURAL,Primary,PRIMARY,772547904,Open,ACTIVE_OR_OPERATIONAL,,,,,,NO,READY_WITH_COORDINATES,IMPORTED_PENDING_CONFIGURATION,MASTER_HEALTH_FACILITY_2024_07_23
644,ZW014630,Sanyati RDC Clinic,Mashonaland West,Sanyati,-17.990837,29.243369,RDC,CLINIC,Rural Council,RURAL_DISTRICT_COUNCIL,Rural,RURAL,Secondary,SECONDARY,778447327,Open,ACTIVE_OR_OPERATIONAL,115,,,,,NO,READY_WITH_COORDINATES,IMPORTED_PENDING_CONFIGURATION,MASTER_HEALTH_FACILITY_2024_07_23
645,ZW014611,Vere Rural Health Centre,Mashonaland West,Sanyati,-17.9717055,29.2558904,RHC,RURAL_HEALTH_CENTRE,Government,GOVERNMENT,Rural,RURAL,Primary,PRIMARY,775322950,Open,ACTIVE_OR_OPERATIONAL,6,,,,,NO,READY_WITH_COORDINATES,IMPORTED_PENDING_CONFIGURATION,MASTER_HEALTH_FACILITY_2024_07_23
646,ZW014662,Waverly Municipal Clinic,Mashonaland West,Sanyati,-18.348106,29.918883,RHC,RURAL_HEALTH_CENTRE,Town/City Council,LOCAL_AUTHORITY,Urban,URBAN,Primary,PRIMARY,713697819,Open,ACTIVE_OR_OPERATIONAL,6,,,,,NO,READY_WITH_COORDINATES,IMPORTED_PENDING_CONFIGURATION,MASTER_HEALTH_FACILITY_2024_07_23
647,ZW014602,ZPS Kadoma Prison Clinic,Mashonaland West,Sanyati,-18.3734517,29.841405,RHC,RURAL_HEALTH_CENTRE,ZPS,ZIMBABWE_PRISONS_AND_CORRECTIONAL_SERVICE,Urban,URBAN,Primary,PRIMARY,773006874,Open,ACTIVE_OR_OPERATIONAL,,,,,,NO,READY_WITH_COORDINATES,IMPORTED_PENDING_CONFIGURATION,MASTER_HEALTH_FACILITY_2024_07_23
648,ZW040786,Arda Sisi RDC Clinic,Mashonaland West,Zvimba,-16.884869,30.415276,RDC,CLINIC,Rural Council,RURAL_DISTRICT_COUNCIL,Peri-Urban,PERI_URBAN,Primary,PRIMARY,776969378,Open,ACTIVE_OR_OPERATIONAL,5,,,,,NO,READY_WITH_COORDINATES,IMPORTED_PENDING_CONFIGURATION,MASTER_HEALTH_FACILITY_2024_07_23
649,ZW040741,Aryshire Mine Clinic,Mashonaland West,Zvimba,-17.190851,30.378486,IDH,INFECTIOUS_DISEASE_HOSPITAL,Mine,MINE,Peri-Urban,PERI_URBAN,Primary,PRIMARY,0772524960,Open,ACTIVE_OR_OPERATIONAL,7,,,,,NO,READY_WITH_COORDINATES,IMPORTED_PENDING_CONFIGURATION,MASTER_HEALTH_FACILITY_2024_07_23
650,ZW040742,Ayshire RDC Clinic,Mashonaland West,Zvimba,-17.039634,30.438631,RDC,CLINIC,Rural Council,RURAL_DISTRICT_COUNCIL,Peri-Urban,PERI_URBAN,Primary,PRIMARY,0775369696,Open,ACTIVE_OR_OPERATIONAL,7,,,,,NO,READY_WITH_COORDINATES,IMPORTED_PENDING_CONFIGURATION,MASTER_HEALTH_FACILITY_2024_07_23
651,ZW04070B,Banket District Hospital,Mashonaland West,Zvimba,-17.383559,30.395842,District Hospital,DISTRICT_HOSPITAL,Government,GOVERNMENT,Urban,URBAN,Secondary,SECONDARY,0733298269,Open,ACTIVE_OR_OPERATIONAL,65,,,,,NO,READY_WITH_COORDINATES,IMPORTED_PENDING_CONFIGURATION,MASTER_HEALTH_FACILITY_2024_07_23
652,ZW040790,Bervking,Mashonaland West,Zvimba,-17.869409,30.776631,IDH,INFECTIOUS_DISEASE_HOSPITAL,Private,PRIVATE,Peri-Urban,PERI_URBAN,Primary,PRIMARY,0714103192,Open,ACTIVE_OR_OPERATIONAL,7,,,,,NO,READY_WITH_COORDINATES,IMPORTED_PENDING_CONFIGURATION,MASTER_HEALTH_FACILITY_2024_07_23
653,ZW040795,Chikeya RDC Clinic,Mashonaland West,Zvimba,-17.207805,30.326067,RDC,CLINIC,Rural Council,RURAL_DISTRICT_COUNCIL,Peri-Urban,PERI_URBAN,Primary,PRIMARY,0785566605,Open,ACTIVE_OR_OPERATIONAL,5,,,,,NO,READY_WITH_COORDINATES,IMPORTED_PENDING_CONFIGURATION,MASTER_HEALTH_FACILITY_2024_07_23
654,ZW040726,Chirau RDC Clinic,Mashonaland West,Zvimba,-17.681452,30.124359,RDC,CLINIC,Rural Council,RURAL_DISTRICT_COUNCIL,Rural,RURAL,Primary,PRIMARY,0777785813,Open,ACTIVE_OR_OPERATIONAL,7,,,,,NO,READY_WITH_COORDINATES,IMPORTED_PENDING_CONFIGURATION,MASTER_HEALTH_FACILITY_2024_07_23
655,ZW040701,Chivhere Rural Health Centre,Mashonaland West,Zvimba,-17.665819,30.031086,RHC,RURAL_HEALTH_CENTRE,Government,GOVERNMENT,Rural,RURAL,Primary,PRIMARY,0776804125,Open,ACTIVE_OR_OPERATIONAL,7,,,,,NO,READY_WITH_COORDINATES,IMPORTED_PENDING_CONFIGURATION,MASTER_HEALTH_FACILITY_2024_07_23
657,ZW04070C,Darwendale Rural Hospital,Mashonaland West,Zvimba,-17.720131,30.548891,Rural Hospital,RURAL_HOSPITAL,Government,GOVERNMENT,Peri-Urban,PERI_URBAN,Primary,PRIMARY,0774510484,Open,ACTIVE_OR_OPERATIONAL,40,,,,,NO,READY_WITH_COORDINATES,IMPORTED_PENDING_CONFIGURATION,MASTER_HEALTH_FACILITY_2024_07_23
658,ZW040780,Dzivaresekwa gvt Clinic,Mashonaland West,Zvimba,-17.787627,30.913845,RHC,RURAL_HEALTH_CENTRE,Government,GOVERNMENT,Urban,URBAN,Primary,PRIMARY,0773919879,Open,ACTIVE_OR_OPERATIONAL,10,,,,,NO,READY_WITH_COORDINATES,IMPORTED_PENDING_CONFIGURATION,MASTER_HEALTH_FACILITY_2024_07_23
659,ZW04070E,Father O'Hea Mission Hospital,Mashonaland West,Zvimba,-17.799822,30.386405,Mission Hospital,MISSION_HOSPITAL,Mission,MISSION_FAITH_BASED,Rural,RURAL,Secondary,SECONDARY,0773609616,Open,ACTIVE_OR_OPERATIONAL,120,,,,,NO,READY_WITH_COORDINATES,IMPORTED_PENDING_CONFIGURATION,MASTER_HEALTH_FACILITY_2024_07_23
660,ZW040702,Gwebi Rural Health Centre,Mashonaland West,Zvimba,-17.67717,30.858567,RHC,RURAL_HEALTH_CENTRE,Government,GOVERNMENT,Peri-Urban,PERI_URBAN,Primary,PRIMARY,0779447971,Open,ACTIVE_OR_OPERATIONAL,5,,,,,NO,READY_WITH_COORDINATES,IMPORTED_PENDING_CONFIGURATION,MASTER_HEALTH_FACILITY_2024_07_23
661,ZW040794,Herbert Chitepo,Mashonaland West,Zvimba,-17.82543,30.848704,RDC,CLINIC,Rural Council,RURAL_DISTRICT_COUNCIL,Peri-Urban,PERI_URBAN,Primary,PRIMARY,0772270549,Open,ACTIVE_OR_OPERATIONAL,5,,,,,NO,READY_WITH_COORDINATES,IMPORTED_PENDING_CONFIGURATION,MASTER_HEALTH_FACILITY_2024_07_23
663,ZW040781,Inkomo ARMY Mech Field Coy Clinic,Mashonaland West,Zvimba,-17.67083,30.7183303833,RHC,RURAL_HEALTH_CENTRE,Government,GOVERNMENT,Peri-Urban,PERI_URBAN,Primary,PRIMARY,0775925780,Open,ACTIVE_OR_OPERATIONAL,5,,,,,NO,READY_WITH_COORDINATES,IMPORTED_PENDING_CONFIGURATION,MASTER_HEALTH_FACILITY_2024_07_23
664,ZW040727,Jari RDC Clinic,Mashonaland West,Zvimba,-17.733145,30.032661,RDC,CLINIC,Rural Council,RURAL_DISTRICT_COUNCIL,Rural,RURAL,Primary,PRIMARY,0772738005,Open,ACTIVE_OR_OPERATIONAL,5,,,,,NO,READY_WITH_COORDINATES,IMPORTED_PENDING_CONFIGURATION,MASTER_HEALTH_FACILITY_2024_07_23
665,ZW040779,Kemurara RDC Clinic,Mashonaland West,Zvimba,-17.753956,30.115854,RDC,CLINIC,Rural Council,RURAL_DISTRICT_COUNCIL,Rural,RURAL,Primary,PRIMARY,0773305246,Open,ACTIVE_OR_OPERATIONAL,7,,,,,NO,READY_WITH_COORDINATES,IMPORTED_PENDING_CONFIGURATION,MASTER_HEALTH_FACILITY_2024_07_23
666,ZW040743,Kutama RDC Clinic,Mashonaland West,Zvimba,-17.739063,30.420066,RDC,CLINIC,Rural Council,RURAL_DISTRICT_COUNCIL,Peri-Urban,PERI_URBAN,Primary,PRIMARY,0733891887,Open,ACTIVE_OR_OPERATIONAL,7,,,,,NO,READY_WITH_COORDINATES,IMPORTED_PENDING_CONFIGURATION,MASTER_HEALTH_FACILITY_2024_07_23
667,ZW040744,Kuwadzana RDC Clinic,Mashonaland West,Zvimba,-17.376496,30.394961,RDC,CLINIC,Rural Council,RURAL_DISTRICT_COUNCIL,Urban,URBAN,Primary,PRIMARY,0772480825,Open,ACTIVE_OR_OPERATIONAL,3,,,,,NO,READY_WITH_COORDINATES,IMPORTED_PENDING_CONFIGURATION,MASTER_HEALTH_FACILITY_2024_07_23
668,ZW040735,Lospen Farming Clinic,Mashonaland West,Zvimba,-17.73249,30.885579,IDH,INFECTIOUS_DISEASE_HOSPITAL,Private,PRIVATE,Peri-Urban,PERI_URBAN,Primary,PRIMARY,0784236034,Open,ACTIVE_OR_OPERATIONAL,5,,,,,NO,READY_WITH_COORDINATES,IMPORTED_PENDING_CONFIGURATION,MASTER_HEALTH_FACILITY_2024_07_23
669,ZW040728,Madzorera RDC Clinic,Mashonaland West,Zvimba,-17.81916,30.206062,RDC,CLINIC,Rural Council,RURAL_DISTRICT_COUNCIL,Rural,RURAL,Primary,PRIMARY,0772587012,Open,ACTIVE_OR_OPERATIONAL,5,,,,,NO,READY_WITH_COORDINATES,IMPORTED_PENDING_CONFIGURATION,MASTER_HEALTH_FACILITY_2024_07_23
670,ZW040783,Mapinga RDC Clinic,Mashonaland West,Zvimba,-17.508992,30.565993,RDC,CLINIC,Rural Council,RURAL_DISTRICT_COUNCIL,Peri-Urban,PERI_URBAN,Primary,PRIMARY,0774390712,Open,ACTIVE_OR_OPERATIONAL,5,,,,,NO,READY_WITH_COORDINATES,IMPORTED_PENDING_CONFIGURATION,MASTER_HEALTH_FACILITY_2024_07_23
671,ZW040725,Masiyarwa RDC Clinic,Mashonaland West,Zvimba,-17.810624,30.329988,RDC,CLINIC,Rural Council,RURAL_DISTRICT_COUNCIL,Rural,RURAL,Primary,PRIMARY,0772118275,Open,ACTIVE_OR_OPERATIONAL,10,,,,,NO,READY_WITH_COORDINATES,IMPORTED_PENDING_CONFIGURATION,MASTER_HEALTH_FACILITY_2024_07_23
672,ZW040745,Mount Hampden RDC Clinic,Mashonaland West,Zvimba,-17.748538,30.939506,RDC,CLINIC,Rural Council,RURAL_DISTRICT_COUNCIL,Peri-Urban,PERI_URBAN,Primary,PRIMARY,0773399427,Open,ACTIVE_OR_OPERATIONAL,5,,,,,NO,READY_WITH_COORDINATES,IMPORTED_PENDING_CONFIGURATION,MASTER_HEALTH_FACILITY_2024_07_23
673,ZW040714,Mpumbu RDC Clinic,Mashonaland West,Zvimba,-17.732005,30.290805,RDC,CLINIC,Rural Council,RURAL_DISTRICT_COUNCIL,Rural,RURAL,Primary,PRIMARY,0773651264,Open,ACTIVE_OR_OPERATIONAL,5,,,,,NO,READY_WITH_COORDINATES,IMPORTED_PENDING_CONFIGURATION,MASTER_HEALTH_FACILITY_2024_07_23
674,ZW040776,Muriel Mine Clinic,Mashonaland West,Zvimba,-17.24521,30.610215,IDH,INFECTIOUS_DISEASE_HOSPITAL,MINE,MINE,Peri-Urban,PERI_URBAN,Primary,PRIMARY,0775093954,Open,ACTIVE_OR_OPERATIONAL,61,,,,,NO,READY_WITH_COORDINATES,IMPORTED_PENDING_CONFIGURATION,MASTER_HEALTH_FACILITY_2024_07_23
675,ZW04070F,Mutorashanga RDC Hospital,Mashonaland West,Zvimba,-17.146328,30.676187,RDC,CLINIC,Rural Council,RURAL_DISTRICT_COUNCIL,Peri-Urban,PERI_URBAN,Primary,PRIMARY,0772995491,Open,ACTIVE_OR_OPERATIONAL,3,,,,,NO,READY_WITH_COORDINATES,IMPORTED_PENDING_CONFIGURATION,MASTER_HEALTH_FACILITY_2024_07_23
676,ZW040789,North Middle Dyke Clinic,Mashonaland West,Zvimba,-17.147903,30.678414,IDH,INFECTIOUS_DISEASE_HOSPITAL,MINE,MINE,Peri-Urban,PERI_URBAN,Primary,PRIMARY,0772769083,Open,ACTIVE_OR_OPERATIONAL,,,,,,NO,READY_WITH_COORDINATES,IMPORTED_PENDING_CONFIGURATION,MASTER_HEALTH_FACILITY_2024_07_23
677,ZW040746,Nyabira RDC Clinic,Mashonaland West,Zvimba,-17.673759,30.811823,RDC,CLINIC,Rural Council,RURAL_DISTRICT_COUNCIL,Peri-Urban,PERI_URBAN,Primary,PRIMARY,0714707854,Open,ACTIVE_OR_OPERATIONAL,44,,,,,NO,READY_WITH_COORDINATES,IMPORTED_PENDING_CONFIGURATION,MASTER_HEALTH_FACILITY_2024_07_23
679,ZW040734,Paramedical ARMY Hospital,Mashonaland West,Zvimba,-17.7677048,30.3689924,General Hospital,HOSPITAL_REQUIRES_LEVEL_REVIEW,Government,GOVERNMENT,Peri-Urban,PERI_URBAN,Primary,PRIMARY,0712832777,Open,ACTIVE_OR_OPERATIONAL,35,,,,,NO,READY_WITH_COORDINATES,IMPORTED_PENDING_CONFIGURATION,MASTER_HEALTH_FACILITY_2024_07_23
680,ZW04070D,Raffingora Rural Hospital,Mashonaland West,Zvimba,-17.036902,30.430147,Rural Hospital,RURAL_HOSPITAL,Government,GOVERNMENT,Peri-Urban,PERI_URBAN,Primary,PRIMARY,0774044245,Open,ACTIVE_OR_OPERATIONAL,7,,,,,NO,READY_WITH_COORDINATES,IMPORTED_PENDING_CONFIGURATION,MASTER_HEALTH_FACILITY_2024_07_23
683,ZW040777,Sutton RDC Clinic,Mashonaland West,Zvimba,-17.400436,30.59486,RDC,CLINIC,Rural Council,RURAL_DISTRICT_COUNCIL,Peri-Urban,PERI_URBAN,Primary,PRIMARY,0773834430,Open,ACTIVE_OR_OPERATIONAL,7,,,,,NO,READY_WITH_COORDINATES,IMPORTED_PENDING_CONFIGURATION,MASTER_HEALTH_FACILITY_2024_07_23
684,ZW040747,TRB RDC Clinic,Mashonaland West,Zvimba,-17.584346,30.334104,RDC,CLINIC,Rural Council,RURAL_DISTRICT_COUNCIL,Peri-Urban,PERI_URBAN,Primary,PRIMARY,0773834430,Open,ACTIVE_OR_OPERATIONAL,7,,,,,NO,READY_WITH_COORDINATES,IMPORTED_PENDING_CONFIGURATION,MASTER_HEALTH_FACILITY_2024_07_23
685,ZW040748,Trelawney RDC Clinic,Mashonaland West,Zvimba,-17.541419,30.458207,RDC,CLINIC,Rural Council,RURAL_DISTRICT_COUNCIL,Peri-Urban,PERI_URBAN,Primary,PRIMARY,0772961864,Open,ACTIVE_OR_OPERATIONAL,5,,,,,NO,READY_WITH_COORDINATES,IMPORTED_PENDING_CONFIGURATION,MASTER_HEALTH_FACILITY_2024_07_23
686,ZW040778,Vanad RDC Clinic,Mashonaland West,Zvimba,-17.087313,30.718484,IDH,INFECTIOUS_DISEASE_HOSPITAL,PARASTATAL,PARASTATAL,Peri-Urban,PERI_URBAN,Primary,PRIMARY,0716365046,Open,ACTIVE_OR_OPERATIONAL,2,,,,,NO,READY_WITH_COORDINATES,IMPORTED_PENDING_CONFIGURATION,MASTER_HEALTH_FACILITY_2024_07_23
687,ZW040798,Whiteclif private clinic,Mashonaland West,Zvimba,-17.839375,30.88524,IDH,INFECTIOUS_DISEASE_HOSPITAL,Private,PRIVATE,Peri-Urban,PERI_URBAN,Primary,PRIMARY,0772272032,Open,ACTIVE_OR_OPERATIONAL,5,,,,,NO,READY_WITH_COORDINATES,IMPORTED_PENDING_CONFIGURATION,MASTER_HEALTH_FACILITY_2024_07_23
688,ZW040787,ZIPAM Priv Clinic,Mashonaland West,Zvimba,-17.84139,30.5091705322,RDC,CLINIC,Rural Council,RURAL_DISTRICT_COUNCIL,Rural,RURAL,Primary,PRIMARY,0783282943,Open,ACTIVE_OR_OPERATIONAL,60,,,,,NO,READY_WITH_COORDINATES,IMPORTED_PENDING_CONFIGURATION,MASTER_HEALTH_FACILITY_2024_07_23
689,ZW040749,Zowa RDC Clinic,Mashonaland West,Zvimba,-17.805,30.0497207642,Rural Hospital,RURAL_HOSPITAL,Government,GOVERNMENT,Rural,RURAL,Primary,PRIMARY,0773139280,Open,ACTIVE_OR_OPERATIONAL,12,,,,,NO,READY_WITH_COORDINATES,IMPORTED_PENDING_CONFIGURATION,MASTER_HEALTH_FACILITY_2024_07_23
691,ZW04070G,Zvimba Rural Hospital,Mashonaland West,Zvimba,-17.699492,30.198487,RDC,CLINIC,Rural Council,RURAL_DISTRICT_COUNCIL,Peri-Urban,PERI_URBAN,Primary,PRIMARY,0716570639,Open,ACTIVE_OR_OPERATIONAL,3,,,,,NO,READY_WITH_COORDINATES,IMPORTED_PENDING_CONFIGURATION,MASTER_HEALTH_FACILITY_2024_07_23
693,ZW05010A,Binga District Hospital,Matabeleland North,Binga,-17.6379,27.327683,District Hospital,DISTRICT_HOSPITAL,Government,GOVERNMENT,Rural,RURAL,Secondary,SECONDARY,263 812 847317,Open,ACTIVE_OR_OPERATIONAL,170,,,,,NO,READY_WITH_COORDINATES,IMPORTED_PENDING_CONFIGURATION,MASTER_HEALTH_FACILITY_2024_07_23
694,ZW050194,Binga ZRP Clinic,Matabeleland North,Binga,,,RHC,RURAL_HEALTH_CENTRE,ZRP,ZIMBABWE_REPUBLIC_POLICE,Rural,RURAL,Primary,PRIMARY,775117318,Open,ACTIVE_OR_OPERATIONAL,,,,,Latitude; Longitude,YES,INCOMPLETE_MISSING_COORDINATES,IMPORTED_PENDING_CONFIGURATION,MASTER_HEALTH_FACILITY_2024_07_23
695,ZW050199,Chibila Clinic,Matabeleland North,Binga,-18.17046,27.71811,RHC,RURAL_HEALTH_CENTRE,Government,GOVERNMENT,Rural,RURAL,Primary,PRIMARY,783854414,Open,ACTIVE_OR_OPERATIONAL,,,,,,NO,READY_WITH_COORDINATES,IMPORTED_PENDING_CONFIGURATION,MASTER_HEALTH_FACILITY_2024_07_23
696,ZW050108,Chinego Rural Health Centre,Matabeleland North,Binga,-18.263948,27.245398,RHC,RURAL_HEALTH_CENTRE,Government,GOVERNMENT,Rural,RURAL,Primary,PRIMARY,775167084,Open,ACTIVE_OR_OPERATIONAL,,,,,,NO,READY_WITH_COORDINATES,IMPORTED_PENDING_CONFIGURATION,MASTER_HEALTH_FACILITY_2024_07_23
697,ZW050197,Chipale Clinic,Matabeleland North,Binga,-18.275922,27.777121,RDC,CLINIC,Rural Council,RURAL_DISTRICT_COUNCIL,Rural,RURAL,Primary,PRIMARY,775883324,Open,ACTIVE_OR_OPERATIONAL,,,,,,NO,READY_WITH_COORDINATES,IMPORTED_PENDING_CONFIGURATION,MASTER_HEALTH_FACILITY_2024_07_23
698,ZW0501100,Chisizya Rural Health Centre,Matabeleland North,Binga,-18.176971,28.025743,RHC,RURAL_HEALTH_CENTRE,Government,GOVERNMENT,Rural,RURAL,Primary,PRIMARY,784077303,Open,ACTIVE_OR_OPERATIONAL,,,,,,NO,READY_WITH_COORDINATES,IMPORTED_PENDING_CONFIGURATION,MASTER_HEALTH_FACILITY_2024_07_23
700,ZW05010C,Kariangwe Mission Hospital,Matabeleland North,Binga,-17.970403,27.536028,Mission Hospital,MISSION_HOSPITAL,Mission,MISSION_FAITH_BASED,Rural,RURAL,Primary,PRIMARY,773720534,Open,ACTIVE_OR_OPERATIONAL,70,,,,,NO,READY_WITH_COORDINATES,IMPORTED_PENDING_CONFIGURATION,MASTER_HEALTH_FACILITY_2024_07_23
702,ZW050103,Lusulu Rural Health Centre,Matabeleland North,Binga,-18.069552,27.862511,RHC,RURAL_HEALTH_CENTRE,Government,GOVERNMENT,Rural,RURAL,Primary,PRIMARY,779601601,Open,ACTIVE_OR_OPERATIONAL,,,,,,NO,READY_WITH_COORDINATES,IMPORTED_PENDING_CONFIGURATION,MASTER_HEALTH_FACILITY_2024_07_23
704,ZW050104,Muchesu Rural Health Centre,Matabeleland North,Binga,-17.878933,27.591552,RHC,RURAL_HEALTH_CENTRE,Government,GOVERNMENT,Rural,RURAL,Primary,PRIMARY,771429108,Open,ACTIVE_OR_OPERATIONAL,,,,,,NO,READY_WITH_COORDINATES,IMPORTED_PENDING_CONFIGURATION,MASTER_HEALTH_FACILITY_2024_07_23
705,ZW050125,Pashu Clinic,Matabeleland North,Binga,-18.207735,27.402591,RDC,CLINIC,Rural Council,RURAL_DISTRICT_COUNCIL,Rural,RURAL,Primary,PRIMARY,713835600,Open,ACTIVE_OR_OPERATIONAL,,,,,,NO,READY_WITH_COORDINATES,IMPORTED_PENDING_CONFIGURATION,MASTER_HEALTH_FACILITY_2024_07_23
706,ZW05010B,Siabuwa Rural Hospital,Matabeleland North,Binga,-17.473239,28.044755,Rural Hospital,RURAL_HOSPITAL,Government,GOVERNMENT,Rural,RURAL,Primary,PRIMARY,775022728,Open,ACTIVE_OR_OPERATIONAL,10,,,,,NO,READY_WITH_COORDINATES,IMPORTED_PENDING_CONFIGURATION,MASTER_HEALTH_FACILITY_2024_07_23
707,ZW050198,Siabuzuba Rural Health Centre,Matabeleland North,Binga,-17.695465,27.433845,RHC,RURAL_HEALTH_CENTRE,Government,GOVERNMENT,Rural,RURAL,Primary,PRIMARY,773218461,Open,ACTIVE_OR_OPERATIONAL,,,,,,NO,READY_WITH_COORDINATES,IMPORTED_PENDING_CONFIGURATION,MASTER_HEALTH_FACILITY_2024_07_23
708,ZW050195,Siadindi Rural Health Centre,Matabeleland North,Binga,-18.226678,27.60995,RHC,RURAL_HEALTH_CENTRE,Government,GOVERNMENT,Rural,RURAL,Primary,PRIMARY,774317329,Open,ACTIVE_OR_OPERATIONAL,,,,,,NO,READY_WITH_COORDINATES,IMPORTED_PENDING_CONFIGURATION,MASTER_HEALTH_FACILITY_2024_07_23
709,ZW050105,Siansundu Rural Health Centre,Matabeleland North,Binga,-17.98407,27.218829,RHC,RURAL_HEALTH_CENTRE,Government,GOVERNMENT,Rural,RURAL,Primary,PRIMARY,716908546,Open,ACTIVE_OR_OPERATIONAL,,,,,,NO,READY_WITH_COORDINATES,IMPORTED_PENDING_CONFIGURATION,MASTER_HEALTH_FACILITY_2024_07_23
710,ZW050192,Simatelele Rural Health Centre,Matabeleland North,Binga,-17.789093,27.258902,RHC,RURAL_HEALTH_CENTRE,Government,GOVERNMENT,Rural,RURAL,Primary,PRIMARY,778829977,Open,ACTIVE_OR_OPERATIONAL,,,,,,NO,READY_WITH_COORDINATES,IMPORTED_PENDING_CONFIGURATION,MASTER_HEALTH_FACILITY_2024_07_23
711,ZW050191,Sinakoma Clinic,Matabeleland North,Binga,-17.690681,27.603719,RDC,CLINIC,Rural Council,RURAL_DISTRICT_COUNCIL,Rural,RURAL,Primary,PRIMARY,776081396,Open,ACTIVE_OR_OPERATIONAL,,,,,,NO,READY_WITH_COORDINATES,IMPORTED_PENDING_CONFIGURATION,MASTER_HEALTH_FACILITY_2024_07_23
713,ZW050193,Sinansengwe Clinic,Matabeleland North,Binga,-17.5689,27.8232,RDC,CLINIC,Rural Council,RURAL_DISTRICT_COUNCIL,Rural,RURAL,Primary,PRIMARY,777048491,Open,ACTIVE_OR_OPERATIONAL,,,,,,NO,READY_WITH_COORDINATES,IMPORTED_PENDING_CONFIGURATION,MASTER_HEALTH_FACILITY_2024_07_23
714,ZW050190,Tinde Clinic,Matabeleland North,Binga,-18.260972,27.181876,Mission Clinic,MISSION_CLINIC,Mission,MISSION_FAITH_BASED,Rural,RURAL,Primary,PRIMARY,777170331,Open,ACTIVE_OR_OPERATIONAL,,,,,,NO,READY_WITH_COORDINATES,IMPORTED_PENDING_CONFIGURATION,MASTER_HEALTH_FACILITY_2024_07_23
715,ZW050196,ZPS Binga Prison Clinic,Matabeleland North,Binga,,,RHC,RURAL_HEALTH_CENTRE,ZPS,ZIMBABWE_PRISONS_AND_CORRECTIONAL_SERVICE,Rural,RURAL,Primary,PRIMARY,713994551,Open,ACTIVE_OR_OPERATIONAL,,,,,Latitude; Longitude,YES,INCOMPLETE_MISSING_COORDINATES,IMPORTED_PENDING_CONFIGURATION,MASTER_HEALTH_FACILITY_2024_07_23
716,ZW050227,Balanda Clinic,Matabeleland North,Bubi,-19.452357,28.515594,RDC,CLINIC,Rural Council,RURAL_DISTRICT_COUNCIL,Rural,RURAL,Primary,PRIMARY,771468884,Open,ACTIVE_OR_OPERATIONAL,,,,,,NO,READY_WITH_COORDINATES,IMPORTED_PENDING_CONFIGURATION,MASTER_HEALTH_FACILITY_2024_07_23
717,ZW050229,Bona Clinic,Matabeleland North,Bubi,-19.273878,28.65138,RHC,RURAL_HEALTH_CENTRE,Government,GOVERNMENT,Rural,RURAL,Primary,PRIMARY,777694582,Open,ACTIVE_OR_OPERATIONAL,,,,,,NO,READY_WITH_COORDINATES,IMPORTED_PENDING_CONFIGURATION,MASTER_HEALTH_FACILITY_2024_07_23
718,ZW050232,Famona Clinic,Matabeleland North,Bubi,-19.809472,28.838758,RHC,RURAL_HEALTH_CENTRE,Government,GOVERNMENT,Rural,RURAL,Primary,PRIMARY,776223799/0713537748,Open,ACTIVE_OR_OPERATIONAL,,,,,,NO,READY_WITH_COORDINATES,IMPORTED_PENDING_CONFIGURATION,MASTER_HEALTH_FACILITY_2024_07_23
719,ZW0502OA,Inyathi District Hospital,Matabeleland North,Bubi,-19.685148,28.856576,District Hospital,DISTRICT_HOSPITAL,Government,GOVERNMENT,Rural,RURAL,Secondary,SECONDARY,788084338/0712923429,Open,ACTIVE_OR_OPERATIONAL,78,,,,,NO,READY_WITH_COORDINATES,IMPORTED_PENDING_CONFIGURATION,MASTER_HEALTH_FACILITY_2024_07_23
720,ZW050256,Isabella Mine Clinic,Matabeleland North,Bubi,-19.46132,28.549499,RHC,RURAL_HEALTH_CENTRE,Mine,MINE,Rural,RURAL,Primary,PRIMARY,774783662,Open,ACTIVE_OR_OPERATIONAL,,,,,,NO,READY_WITH_COORDINATES,IMPORTED_PENDING_CONFIGURATION,MASTER_HEALTH_FACILITY_2024_07_23
721,ZW050231,Kenilworth Clinic,Matabeleland North,Bubi,-19.312483,28.958412,RDC,CLINIC,Rural Council,RURAL_DISTRICT_COUNCIL,Rural,RURAL,Primary,PRIMARY,712336934,Open,ACTIVE_OR_OPERATIONAL,,,,,,NO,READY_WITH_COORDINATES,IMPORTED_PENDING_CONFIGURATION,MASTER_HEALTH_FACILITY_2024_07_23
722,ZW050201,Lukala Rural Health Centre,Matabeleland North,Bubi,-19.263939,28.41232,RHC,RURAL_HEALTH_CENTRE,Government,GOVERNMENT,Rural,RURAL,Primary,PRIMARY,773677231,Open,ACTIVE_OR_OPERATIONAL,,,,,,NO,READY_WITH_COORDINATES,IMPORTED_PENDING_CONFIGURATION,MASTER_HEALTH_FACILITY_2024_07_23
723,ZW050228,Majiji Clinic,Matabeleland North,Bubi,-19.377264,28.346581,RDC,CLINIC,Rural Council,RURAL_DISTRICT_COUNCIL,Rural,RURAL,Primary,PRIMARY,779167432,Open,ACTIVE_OR_OPERATIONAL,,,,,,NO,READY_WITH_COORDINATES,IMPORTED_PENDING_CONFIGURATION,MASTER_HEALTH_FACILITY_2024_07_23
724,ZW050230,Mdutshane Rural Health Centre,Matabeleland North,Bubi,-19.472194,28.631184,RHC,RURAL_HEALTH_CENTRE,Government,GOVERNMENT,Rural,RURAL,Primary,PRIMARY,779167284,Open,ACTIVE_OR_OPERATIONAL,,,,,,NO,READY_WITH_COORDINATES,IMPORTED_PENDING_CONFIGURATION,MASTER_HEALTH_FACILITY_2024_07_23
725,ZW050202,Membeswana Rural Health Centre,Matabeleland North,Bubi,-19.330282,28.402025,RHC,RURAL_HEALTH_CENTRE,Government,GOVERNMENT,Rural,RURAL,Primary,PRIMARY,786887448,Open,ACTIVE_OR_OPERATIONAL,,,,,,NO,READY_WITH_COORDINATES,IMPORTED_PENDING_CONFIGURATION,MASTER_HEALTH_FACILITY_2024_07_23
726,ZW050203,Raafs Rural Health Centre,Matabeleland North,Bubi,-19.884686,28.646443,RHC,RURAL_HEALTH_CENTRE,Government,GOVERNMENT,Rural,RURAL,Primary,PRIMARY,712923225/0773728811,Open,ACTIVE_OR_OPERATIONAL,,,,,,NO,READY_WITH_COORDINATES,IMPORTED_PENDING_CONFIGURATION,MASTER_HEALTH_FACILITY_2024_07_23
727,ZW050258,Shekinah Nurse's Polyclinic,Matabeleland North,Bubi,-19.674866,28.841963,RHC,RURAL_HEALTH_CENTRE,Private,PRIVATE,Rural,RURAL,Primary,PRIMARY,772857458,Open,ACTIVE_OR_OPERATIONAL,,,,,,NO,READY_WITH_COORDINATES,IMPORTED_PENDING_CONFIGURATION,MASTER_HEALTH_FACILITY_2024_07_23
728,ZW050226,Siganda Clinic,Matabeleland North,Bubi,-19.335489,28.474557,RDC,CLINIC,Rural Council,RURAL_DISTRICT_COUNCIL,Rural,RURAL,Primary,PRIMARY,777765620,Open,ACTIVE_OR_OPERATIONAL,,,,,,NO,READY_WITH_COORDINATES,IMPORTED_PENDING_CONFIGURATION,MASTER_HEALTH_FACILITY_2024_07_23
729,ZW050257,Turk Mine Clinic,Matabeleland North,Bubi,-19.709437,28.796326,RHC,RURAL_HEALTH_CENTRE,Mine,MINE,Rural,RURAL,Primary,PRIMARY,771496148,Open,ACTIVE_OR_OPERATIONAL,,,,,,NO,READY_WITH_COORDINATES,IMPORTED_PENDING_CONFIGURATION,MASTER_HEALTH_FACILITY_2024_07_23
730,ZW050339,CBDS ZNFPC Clinic,Matabeleland North,Hwange,,,Private Clinic,PRIVATE_CLINIC,Private,PRIVATE,Urban,URBAN,Primary,PRIMARY,,Open,ACTIVE_OR_OPERATIONAL,,,,,Latitude; Longitude,YES,INCOMPLETE_MISSING_COORDINATES,IMPORTED_PENDING_CONFIGURATION,MASTER_HEALTH_FACILITY_2024_07_23
731,ZW050313,Chinotimba Clinic,Matabeleland North,Hwange,-17.939038,25.832873,Private Clinic,PRIVATE_CLINIC,Private,PRIVATE,Urban,URBAN,Primary,PRIMARY,832843144,Open,ACTIVE_OR_OPERATIONAL,,,,,,NO,READY_WITH_COORDINATES,IMPORTED_PENDING_CONFIGURATION,MASTER_HEALTH_FACILITY_2024_07_23
732,ZW050301,Chisuma RHC,Matabeleland North,Hwange,-18.014232,25.955741,RHC,RURAL_HEALTH_CENTRE,Government,GOVERNMENT,Rural,RURAL,Primary,PRIMARY,784098657,Open,ACTIVE_OR_OPERATIONAL,,,,,,NO,READY_WITH_COORDINATES,IMPORTED_PENDING_CONFIGURATION,MASTER_HEALTH_FACILITY_2024_07_23
733,ZW050326,Dete RHC,Matabeleland North,Hwange,-18.615262,26.867985,RDC,CLINIC,Rural Council,RURAL_DISTRICT_COUNCIL,Rural,RURAL,Primary,PRIMARY,776731531,Open,ACTIVE_OR_OPERATIONAL,,,,,,NO,READY_WITH_COORDINATES,IMPORTED_PENDING_CONFIGURATION,MASTER_HEALTH_FACILITY_2024_07_23
734,ZW050327,Dinde RHC,Matabeleland North,Hwange,-18.381108,26.736991,RDC,CLINIC,Rural Council,RURAL_DISTRICT_COUNCIL,Rural,RURAL,Primary,PRIMARY,784212543,Open,ACTIVE_OR_OPERATIONAL,,,,,,NO,READY_WITH_COORDINATES,IMPORTED_PENDING_CONFIGURATION,MASTER_HEALTH_FACILITY_2024_07_23
735,ZW050358,Dr Station,Matabeleland North,Hwange,-18.3629,26.4927,Private Clinic,PRIVATE_CLINIC,Private,PRIVATE,Urban,URBAN,Primary,PRIMARY,812823601,Open,ACTIVE_OR_OPERATIONAL,,,,,,NO,READY_WITH_COORDINATES,IMPORTED_PENDING_CONFIGURATION,MASTER_HEALTH_FACILITY_2024_07_23
736,ZW050316,Elephant Hills Clinic,Matabeleland North,Hwange,-17.91214,25.82613,Private Clinic,PRIVATE_CLINIC,Private,PRIVATE,Urban,URBAN,Primary,PRIMARY,832844793,Open,ACTIVE_OR_OPERATIONAL,,,,,,NO,READY_WITH_COORDINATES,IMPORTED_PENDING_CONFIGURATION,MASTER_HEALTH_FACILITY_2024_07_23
737,ZW050361,Empumalanga Clinic,Matabeleland North,Hwange,-18.323385,26.521822,RHC,RURAL_HEALTH_CENTRE,Town/City Council,LOCAL_AUTHORITY,Urban,URBAN,Primary,PRIMARY,0773409944/08128-33532,Open,ACTIVE_OR_OPERATIONAL,,,,,,NO,READY_WITH_COORDINATES,IMPORTED_PENDING_CONFIGURATION,MASTER_HEALTH_FACILITY_2024_07_23
738,ZW050334,Greenwood Surgery,Matabeleland North,Hwange,,,Private Clinic,PRIVATE_CLINIC,Private,PRIVATE,Urban,URBAN,Primary,PRIMARY,773721606,Open,ACTIVE_OR_OPERATIONAL,,,,,Latitude; Longitude,YES,INCOMPLETE_MISSING_COORDINATES,IMPORTED_PENDING_CONFIGURATION,MASTER_HEALTH_FACILITY_2024_07_23
739,ZW05030D,Hwange Colliery,Matabeleland North,Hwange,-18.358649,26.502103,General Hospital,HOSPITAL_REQUIRES_LEVEL_REVIEW,Mine,MINE,Urban,URBAN,Secondary,SECONDARY,812822271/2  or 787320924,Open,ACTIVE_OR_OPERATIONAL,,,,,,NO,READY_WITH_COORDINATES,IMPORTED_PENDING_CONFIGURATION,MASTER_HEALTH_FACILITY_2024_07_23
740,ZW050309,Hwange Medical Centre,Matabeleland North,Hwange,-18.333585,26.508911,Private Clinic,PRIVATE_CLINIC,Private,PRIVATE,Urban,URBAN,Primary,PRIMARY,812830988,Open,ACTIVE_OR_OPERATIONAL,,,,,,NO,READY_WITH_COORDINATES,IMPORTED_PENDING_CONFIGURATION,MASTER_HEALTH_FACILITY_2024_07_23
741,ZW050353,Hwange Prison Clinic,Matabeleland North,Hwange,-18.34919,26.53142,Clinic,CLINIC,ZPS,ZIMBABWE_PRISONS_AND_CORRECTIONAL_SERVICE,Urban,URBAN,Primary,PRIMARY,773196081,Open,ACTIVE_OR_OPERATIONAL,,,,,,NO,READY_WITH_COORDINATES,IMPORTED_PENDING_CONFIGURATION,MASTER_HEALTH_FACILITY_2024_07_23
742,ZW050302,Jambezi RHC,Matabeleland North,Hwange,-18.052365,26.227104,Clinic,CLINIC,Government,GOVERNMENT,Rural,RURAL,Primary,PRIMARY,770126788,Open,ACTIVE_OR_OPERATIONAL,,,,,,NO,READY_WITH_COORDINATES,IMPORTED_PENDING_CONFIGURATION,MASTER_HEALTH_FACILITY_2024_07_23
743,ZW050337,Kamativi RHC,Matabeleland North,Hwange,-18.314864,27.060172,Mission Clinic,MISSION_CLINIC,Mission,MISSION_FAITH_BASED,Rural,RURAL,Secondary,SECONDARY,786886652,Open,ACTIVE_OR_OPERATIONAL,,,,,,NO,READY_WITH_COORDINATES,IMPORTED_PENDING_CONFIGURATION,MASTER_HEALTH_FACILITY_2024_07_23
744,ZW050303,Kanywambizi RHC,Matabeleland North,Hwange,-18.017289,26.311704,RHC,RURAL_HEALTH_CENTRE,Government,GOVERNMENT,Rural,RURAL,Primary,PRIMARY,780595244,Open,ACTIVE_OR_OPERATIONAL,,,,,,NO,READY_WITH_COORDINATES,IMPORTED_PENDING_CONFIGURATION,MASTER_HEALTH_FACILITY_2024_07_23
745,ZW050315,Leona RHC,Matabeleland North,Hwange,-18.03043,26.03298,RHC,RURAL_HEALTH_CENTRE,Private,PRIVATE,Rural,RURAL,Primary,PRIMARY,776721168,Open,ACTIVE_OR_OPERATIONAL,,,,,,NO,READY_WITH_COORDINATES,IMPORTED_PENDING_CONFIGURATION,MASTER_HEALTH_FACILITY_2024_07_23
746,ZW050399,Lesedi RHC,Matabeleland North,Hwange,-18.034962,25.850772,RHC,RURAL_HEALTH_CENTRE,Private,PRIVATE,Rural,RURAL,Primary,PRIMARY,783612229,Open,ACTIVE_OR_OPERATIONAL,,,,,,NO,READY_WITH_COORDINATES,IMPORTED_PENDING_CONFIGURATION,MASTER_HEALTH_FACILITY_2024_07_23
747,ZW05030B,Lukosi Rural Hospital,Matabeleland North,Hwange,-18.367133,26.624359,Rural Hospital,RURAL_HOSPITAL,Government,GOVERNMENT,Rural,RURAL,Primary,PRIMARY,771399228,Open,ACTIVE_OR_OPERATIONAL,,,,,,NO,READY_WITH_COORDINATES,IMPORTED_PENDING_CONFIGURATION,MASTER_HEALTH_FACILITY_2024_07_23
748,ZW050391,Lukunguni Clinic,Matabeleland North,Hwange,-18.07395,26.157459,Mission Clinic,MISSION_CLINIC,Mission,MISSION_FAITH_BASED,Rural,RURAL,Primary,PRIMARY,779617326,Open,ACTIVE_OR_OPERATIONAL,,,,,,NO,READY_WITH_COORDINATES,IMPORTED_PENDING_CONFIGURATION,MASTER_HEALTH_FACILITY_2024_07_23
749,ZW050330,Lupote Clinic,Matabeleland North,Hwange,-18.50994,26.965883,RDC,CLINIC,Rural Council,RURAL_DISTRICT_COUNCIL,Rural,RURAL,Primary,PRIMARY,774151189,Open,ACTIVE_OR_OPERATIONAL,,,,,,NO,READY_WITH_COORDINATES,IMPORTED_PENDING_CONFIGURATION,MASTER_HEALTH_FACILITY_2024_07_23
750,ZW050335,Mabale Clinic,Matabeleland North,Hwange,-18.572363,27.070975,RDC,CLINIC,Rural Council,RURAL_DISTRICT_COUNCIL,Rural,RURAL,Primary,PRIMARY,773408947,Open,ACTIVE_OR_OPERATIONAL,,,,,,NO,READY_WITH_COORDINATES,IMPORTED_PENDING_CONFIGURATION,MASTER_HEALTH_FACILITY_2024_07_23
751,ZW050331,Main Camp Clinic,Matabeleland North,Hwange,-18.73167,26.9522209167,Clinic,CLINIC,ZRP,ZIMBABWE_REPUBLIC_POLICE,Rural,RURAL,Primary,PRIMARY,773359524,Open,ACTIVE_OR_OPERATIONAL,,,,,,NO,READY_WITH_COORDINATES,IMPORTED_PENDING_CONFIGURATION,MASTER_HEALTH_FACILITY_2024_07_23
752,ZW050304,Mwakwandara,Matabeleland North,Hwange,-18.495622,26.847857,RDC,CLINIC,Rural Council,RURAL_DISTRICT_COUNCIL,Rural,RURAL,Primary,PRIMARY,776731796,Open,ACTIVE_OR_OPERATIONAL,,,,,,NO,READY_WITH_COORDINATES,IMPORTED_PENDING_CONFIGURATION,MASTER_HEALTH_FACILITY_2024_07_23
753,ZW050328,Milonga Rural Health Center,Matabeleland North,Hwange,-18.138338,26.213525,RDC,CLINIC,Rural Council,RURAL_DISTRICT_COUNCIL,Rural,RURAL,Primary,PRIMARY,774378564,Open,ACTIVE_OR_OPERATIONAL,,,,,,NO,READY_WITH_COORDINATES,IMPORTED_PENDING_CONFIGURATION,MASTER_HEALTH_FACILITY_2024_07_23
754,ZW050305,Mwemba Rural Health Centre,Matabeleland North,Hwange,-18.183826,26.561683,RDC,CLINIC,Rural Council,RURAL_DISTRICT_COUNCIL,Rural,RURAL,Primary,PRIMARY,776937471,Open,ACTIVE_OR_OPERATIONAL,,,,,,NO,READY_WITH_COORDINATES,IMPORTED_PENDING_CONFIGURATION,MASTER_HEALTH_FACILITY_2024_07_23
755,ZW050332,Ndlovu Clinic,Matabeleland North,Hwange,-18.101803,25.983972,RDC,CLINIC,Rural Council,RURAL_DISTRICT_COUNCIL,Rural,RURAL,Primary,PRIMARY,776483568/778133752,Open,ACTIVE_OR_OPERATIONAL,,,,,,NO,READY_WITH_COORDINATES,IMPORTED_PENDING_CONFIGURATION,MASTER_HEALTH_FACILITY_2024_07_23
756,ZW050392,No 1 Clinic,Matabeleland North,Hwange,-18.354302,26.492046,Clinic,CLINIC,Mine,MINE,Urban,URBAN,Primary,PRIMARY,772673742,Open,ACTIVE_OR_OPERATIONAL,,,,,,NO,READY_WITH_COORDINATES,IMPORTED_PENDING_CONFIGURATION,MASTER_HEALTH_FACILITY_2024_07_23
757,ZW050394,No 2 Clinic,Matabeleland North,Hwange,-18.364076,26.429009,Clinic,CLINIC,Mine,MINE,Urban,URBAN,Primary,PRIMARY,812822271Ext3014,Open,ACTIVE_OR_OPERATIONAL,,,,,,NO,READY_WITH_COORDINATES,IMPORTED_PENDING_CONFIGURATION,MASTER_HEALTH_FACILITY_2024_07_23
758,ZW050395,No 3 Clinic,Matabeleland North,Hwange,-18.408535,26.407029,Clinic,CLINIC,Mine,MINE,Urban,URBAN,Primary,PRIMARY,812822271,Open,ACTIVE_OR_OPERATIONAL,,,,,,NO,READY_WITH_COORDINATES,IMPORTED_PENDING_CONFIGURATION,MASTER_HEALTH_FACILITY_2024_07_23
759,ZW050396,No 5 Clinic,Matabeleland North,Hwange,-18.377366,26.44005,Clinic,CLINIC,Mine,MINE,Urban,URBAN,Primary,PRIMARY,779759515,Open,ACTIVE_OR_OPERATIONAL,,,,,,NO,READY_WITH_COORDINATES,IMPORTED_PENDING_CONFIGURATION,MASTER_HEALTH_FACILITY_2024_07_23
760,ZW050383,NRZ Hwange NRZ Surgery Clinic,Matabeleland North,Hwange,-18.37115,26.48723,Clinic,CLINIC,Private,PRIVATE,Urban,URBAN,Primary,PRIMARY,774776692,Open,ACTIVE_OR_OPERATIONAL,,,,,,NO,READY_WITH_COORDINATES,IMPORTED_PENDING_CONFIGURATION,MASTER_HEALTH_FACILITY_2024_07_23
761,ZW050381,NRZ Dete Clinic,Matabeleland North,Hwange,-18.623595,26.858198,Clinic,CLINIC,Private,PRIVATE,Urban,URBAN,Primary,PRIMARY,774776692,Open,ACTIVE_OR_OPERATIONAL,,,,,,NO,READY_WITH_COORDINATES,IMPORTED_PENDING_CONFIGURATION,MASTER_HEALTH_FACILITY_2024_07_23
762,ZW050382,NRZ Inguminja Clinic,Matabeleland North,Hwange,-18.37741,26.49616,Private Clinic,PRIVATE_CLINIC,Private,PRIVATE,Urban,URBAN,Primary,PRIMARY,774776692,Open,ACTIVE_OR_OPERATIONAL,,,,,,NO,READY_WITH_COORDINATES,IMPORTED_PENDING_CONFIGURATION,MASTER_HEALTH_FACILITY_2024_07_23
763,ZW050346,Open Cast Dr Station,Matabeleland North,Hwange,,,Clinic,CLINIC,Mine,MINE,Urban,URBAN,Primary,PRIMARY,812822271,Open,ACTIVE_OR_OPERATIONAL,,,,,Latitude; Longitude,YES,INCOMPLETE_MISSING_COORDINATES,IMPORTED_PENDING_CONFIGURATION,MASTER_HEALTH_FACILITY_2024_07_23
764,ZW050314,ParksMed Medical Centre,Matabeleland North,Hwange,-17.939563,25.820983,Clinic,CLINIC,Private,PRIVATE,Urban,URBAN,Primary,PRIMARY,775131998,Open,ACTIVE_OR_OPERATIONAL,,,,,,NO,READY_WITH_COORDINATES,IMPORTED_PENDING_CONFIGURATION,MASTER_HEALTH_FACILITY_2024_07_23
765,ZW050363,Safari Lodge Clinic,Matabeleland North,Hwange,-18.65611,26.974439621,Clinic,CLINIC,Private,PRIVATE,Rural,RURAL,Primary,PRIMARY,785502571,Open,ACTIVE_OR_OPERATIONAL,,,,,,NO,READY_WITH_COORDINATES,IMPORTED_PENDING_CONFIGURATION,MASTER_HEALTH_FACILITY_2024_07_23
766,ZW050310,Sidinda Rural Health Center,Matabeleland North,Hwange,-18.073169,26.47571,RDC,CLINIC,Rural Council,RURAL_DISTRICT_COUNCIL,Rural,RURAL,Primary,PRIMARY,773524453,Open,ACTIVE_OR_OPERATIONAL,,,,,,NO,READY_WITH_COORDINATES,IMPORTED_PENDING_CONFIGURATION,MASTER_HEALTH_FACILITY_2024_07_23
767,ZW050333,Simangane Clinic,Matabeleland North,Hwange,-18.109954,26.72457,RDC,CLINIC,Rural Council,RURAL_DISTRICT_COUNCIL,Rural,RURAL,Secondary,SECONDARY,777821488,Open,ACTIVE_OR_OPERATIONAL,,,,,,NO,READY_WITH_COORDINATES,IMPORTED_PENDING_CONFIGURATION,MASTER_HEALTH_FACILITY_2024_07_23
768,ZW050336,Songwa RHC,Matabeleland North,Hwange,-18.410837,26.948054,RDC,CLINIC,Rural Council,RURAL_DISTRICT_COUNCIL,Rural,RURAL,Primary,PRIMARY,783282962,Open,ACTIVE_OR_OPERATIONAL,,,,,,NO,READY_WITH_COORDINATES,IMPORTED_PENDING_CONFIGURATION,MASTER_HEALTH_FACILITY_2024_07_23
769,ZW05030C,St Patricks Mission Hospital,Matabeleland North,Hwange,-18.32894,26.512101,Mission Hospital,MISSION_HOSPITAL,Mission,MISSION_FAITH_BASED,Urban,URBAN,Secondary,SECONDARY,773578918,Open,ACTIVE_OR_OPERATIONAL,,,,,,NO,READY_WITH_COORDINATES,IMPORTED_PENDING_CONFIGURATION,MASTER_HEALTH_FACILITY_2024_07_23
770,ZW050311,The Health Bridge,Matabeleland North,Hwange,-17.925491,25.83411,Private Hospital,PRIVATE_HOSPITAL,Private,PRIVATE,Urban,URBAN,Primary,PRIMARY,772403076,Open,ACTIVE_OR_OPERATIONAL,,,,,,NO,READY_WITH_COORDINATES,IMPORTED_PENDING_CONFIGURATION,MASTER_HEALTH_FACILITY_2024_07_23
771,ZW05030A,Victoria Falls District Hospital,Matabeleland North,Hwange,-17.94381,25.8255,District Hospital,DISTRICT_HOSPITAL,Government,GOVERNMENT,Urban,URBAN,Secondary,SECONDARY,832844262,Open,ACTIVE_OR_OPERATIONAL,,,,,,NO,READY_WITH_COORDINATES,IMPORTED_PENDING_CONFIGURATION,MASTER_HEALTH_FACILITY_2024_07_23
772,ZW050312,Wellness Clinic,Matabeleland North,Hwange,-17.94874,25.82289,Private Clinic,PRIVATE_CLINIC,Private,PRIVATE,Urban,URBAN,Primary,PRIMARY,832840165,Open,ACTIVE_OR_OPERATIONAL,,,,,,NO,READY_WITH_COORDINATES,IMPORTED_PENDING_CONFIGURATION,MASTER_HEALTH_FACILITY_2024_07_23
773,ZW050359,Zesa Chibondo Clinic,Matabeleland North,Hwange,-18.3306,26.5141,Clinic,CLINIC,Private,PRIVATE,Urban,URBAN,Primary,PRIMARY,812833544,Open,ACTIVE_OR_OPERATIONAL,,,,,,NO,READY_WITH_COORDINATES,IMPORTED_PENDING_CONFIGURATION,MASTER_HEALTH_FACILITY_2024_07_23
774,ZW050360,ZESA Ingagula Clinic,Matabeleland North,Hwange,-18.38911,26.46145,Private Clinic,PRIVATE_CLINIC,Private,PRIVATE,Urban,URBAN,Primary,PRIMARY,812822408,Open,ACTIVE_OR_OPERATIONAL,,,,,,NO,READY_WITH_COORDINATES,IMPORTED_PENDING_CONFIGURATION,MASTER_HEALTH_FACILITY_2024_07_23
775,ZW050307,ZRP Hwange,Matabeleland North,Hwange,-18.34558,26.51302,Clinic,CLINIC,ZRP,ZIMBABWE_REPUBLIC_POLICE,Urban,URBAN,Primary,PRIMARY,712501731,Open,ACTIVE_OR_OPERATIONAL,,,,,,NO,READY_WITH_COORDINATES,IMPORTED_PENDING_CONFIGURATION,MASTER_HEALTH_FACILITY_2024_07_23
776,ZW050306,ZRP Victoria Falls,Matabeleland North,Hwange,-17.92907,25.8373,Clinic,CLINIC,ZRP,ZIMBABWE_REPUBLIC_POLICE,Urban,URBAN,Primary,PRIMARY,8328a44990,Open,ACTIVE_OR_OPERATIONAL,,,,,,NO,READY_WITH_COORDINATES,IMPORTED_PENDING_CONFIGURATION,MASTER_HEALTH_FACILITY_2024_07_23
777,ZW050308,ZPS Victoria Falls Prison Clinic,Matabeleland North,Hwange,,,Clinic,CLINIC,ZPS,ZIMBABWE_PRISONS_AND_CORRECTIONAL_SERVICE,Urban,URBAN,Secondary,SECONDARY,812843507,Open,ACTIVE_OR_OPERATIONAL,,,,,Latitude; Longitude,YES,INCOMPLETE_MISSING_COORDINATES,IMPORTED_PENDING_CONFIGURATION,MASTER_HEALTH_FACILITY_2024_07_23
778,ZW050402,Dandanda Rural Health Centre,Matabeleland North,Lupane,-18.449587,27.869244,RHC,RURAL_HEALTH_CENTRE,Government,GOVERNMENT,Rural,RURAL,Primary,PRIMARY,712021848,Open,ACTIVE_OR_OPERATIONAL,,,,,,NO,READY_WITH_COORDINATES,IMPORTED_PENDING_CONFIGURATION,MASTER_HEALTH_FACILITY_2024_07_23
779,ZW050403,Dongamuzi Rural Health Centre,Matabeleland North,Lupane,-18.403995,27.447592,RHC,RURAL_HEALTH_CENTRE,Government,GOVERNMENT,Rural,RURAL,Primary,PRIMARY,712020119,Open,ACTIVE_OR_OPERATIONAL,,,,,,NO,READY_WITH_COORDINATES,IMPORTED_PENDING_CONFIGURATION,MASTER_HEALTH_FACILITY_2024_07_23
780,ZW050491,Fatima Mission Clinic,Matabeleland North,Lupane,-18.740782,27.414369,RDC,CLINIC,Mission,MISSION_FAITH_BASED,Rural,RURAL,Primary,PRIMARY,779710475,Open,ACTIVE_OR_OPERATIONAL,,,,,,NO,READY_WITH_COORDINATES,IMPORTED_PENDING_CONFIGURATION,MASTER_HEALTH_FACILITY_2024_07_23
781,ZW050404,Gomoza Rural Health Centre,Matabeleland North,Lupane,-18.696223,28.223666,RHC,RURAL_HEALTH_CENTRE,Government,GOVERNMENT,Rural,RURAL,Primary,PRIMARY,773695758,Open,ACTIVE_OR_OPERATIONAL,,,,,,NO,READY_WITH_COORDINATES,IMPORTED_PENDING_CONFIGURATION,MASTER_HEALTH_FACILITY_2024_07_23
782,ZW050492,Gwaai Rural Health Centre,Matabeleland North,Lupane,-18.612051,27.18739,RDC,CLINIC,Rural Council,RURAL_DISTRICT_COUNCIL,Rural,RURAL,Primary,PRIMARY,783295721,Open,ACTIVE_OR_OPERATIONAL,,,,,,NO,READY_WITH_COORDINATES,IMPORTED_PENDING_CONFIGURATION,MASTER_HEALTH_FACILITY_2024_07_23
783,ZW050426,Jotsholo Clinic,Matabeleland North,Lupane,-18.730633,27.558841,RDC,CLINIC,Rural Council,RURAL_DISTRICT_COUNCIL,Rural,RURAL,Primary,PRIMARY,773677138,Open,ACTIVE_OR_OPERATIONAL,,,,,,NO,READY_WITH_COORDINATES,IMPORTED_PENDING_CONFIGURATION,MASTER_HEALTH_FACILITY_2024_07_23
784,ZW050405,Kanyandavu Rural Health Centre,Matabeleland North,Lupane,-18.304847,27.97783,RHC,RURAL_HEALTH_CENTRE,Government,GOVERNMENT,Rural,RURAL,Primary,PRIMARY,712517741,Open,ACTIVE_OR_OPERATIONAL,,,,,,NO,READY_WITH_COORDINATES,IMPORTED_PENDING_CONFIGURATION,MASTER_HEALTH_FACILITY_2024_07_23
785,ZW050428,Lake-Alice Clinic,Matabeleland North,Lupane,-19.021652,28.210818,RDC,CLINIC,Town/City Council,LOCAL_AUTHORITY,Rural,RURAL,Primary,PRIMARY,774780640,Open,ACTIVE_OR_OPERATIONAL,,,,,,NO,READY_WITH_COORDINATES,IMPORTED_PENDING_CONFIGURATION,MASTER_HEALTH_FACILITY_2024_07_23
786,ZW050407,Lupaka Clinic,Matabeleland North,Lupane,-18.783452,27.903949,RHC,RURAL_HEALTH_CENTRE,Government,GOVERNMENT,Rural,RURAL,Primary,PRIMARY,777243355,Open,ACTIVE_OR_OPERATIONAL,,,,,,NO,READY_WITH_COORDINATES,IMPORTED_PENDING_CONFIGURATION,MASTER_HEALTH_FACILITY_2024_07_23
787,ZW0504P1,Lupane Pvt Medical Centre,Matabeleland North,Lupane,-18.4489,27.8692,RHC,RURAL_HEALTH_CENTRE,Private,PRIVATE,Rural,RURAL,Primary,PRIMARY,774733136,Open,ACTIVE_OR_OPERATIONAL,,,,,,NO,READY_WITH_COORDINATES,IMPORTED_PENDING_CONFIGURATION,MASTER_HEALTH_FACILITY_2024_07_23
788,ZW050406,Lupane Rural Health Centre,Matabeleland North,Lupane,-18.935233,27.772109,RHC,RURAL_HEALTH_CENTRE,Government,GOVERNMENT,Rural,RURAL,Primary,PRIMARY,773722928,Open,ACTIVE_OR_OPERATIONAL,,,,,,NO,READY_WITH_COORDINATES,IMPORTED_PENDING_CONFIGURATION,MASTER_HEALTH_FACILITY_2024_07_23
789,ZW050427,Mdlankuzi Clinic,Matabeleland North,Lupane,-18.493698,27.752356,RDC,CLINIC,Town/City Council,LOCAL_AUTHORITY,Rural,RURAL,Primary,PRIMARY,775150043,Open,ACTIVE_OR_OPERATIONAL,,,,,,NO,READY_WITH_COORDINATES,IMPORTED_PENDING_CONFIGURATION,MASTER_HEALTH_FACILITY_2024_07_23
790,ZW05040B,St Luke's Mission Hospital,Matabeleland North,Lupane,-19.109619,27.968997,District Hospital,DISTRICT_HOSPITAL,Mission,MISSION_FAITH_BASED,Rural,RURAL,Secondary,SECONDARY,772321700,Open,ACTIVE_OR_OPERATIONAL,,,,,,NO,READY_WITH_COORDINATES,IMPORTED_PENDING_CONFIGURATION,MASTER_HEALTH_FACILITY_2024_07_23
791,ZW05040A,St Paul's Mission Hospital,Matabeleland North,Lupane,-18.841487,28.112919,RHC,RURAL_HEALTH_CENTRE,Town/City Council,LOCAL_AUTHORITY,Rural,RURAL,Primary,PRIMARY,713887219,Open,ACTIVE_OR_OPERATIONAL,,,,,,NO,READY_WITH_COORDINATES,IMPORTED_PENDING_CONFIGURATION,MASTER_HEALTH_FACILITY_2024_07_23
792,ZW05040C,Tshongogwe Mission Hospital,Matabeleland North,Lupane,-18.64569,27.593298,RHC,RURAL_HEALTH_CENTRE,Mission,MISSION_FAITH_BASED,Rural,RURAL,Primary,PRIMARY,773695758,Open,ACTIVE_OR_OPERATIONAL,,,,,,NO,READY_WITH_COORDINATES,IMPORTED_PENDING_CONFIGURATION,MASTER_HEALTH_FACILITY_2024_07_23
793,ZW0504,ZPS Lupane Prison Clinic,Matabeleland North,Lupane,,,RHC,RURAL_HEALTH_CENTRE,ZPS,ZIMBABWE_PRISONS_AND_CORRECTIONAL_SERVICE,Rural,RURAL,Primary,PRIMARY,778384888,Open,ACTIVE_OR_OPERATIONAL,,,,,Latitude; Longitude,YES,INCOMPLETE_MISSING_COORDINATES,IMPORTED_PENDING_CONFIGURATION,MASTER_HEALTH_FACILITY_2024_07_23
794,ZW05050B,Dakamela Rural Hospital,Matabeleland North,Nkayi,-18.797105,28.666446,RHC,RURAL_HEALTH_CENTRE,Government,GOVERNMENT,Rural,RURAL,Primary,PRIMARY,712912761,Open,ACTIVE_OR_OPERATIONAL,,,,,,NO,READY_WITH_COORDINATES,IMPORTED_PENDING_CONFIGURATION,MASTER_HEALTH_FACILITY_2024_07_23
795,ZW050525,Fanisoni Clinic,Matabeleland North,Nkayi,-18.915717,28.886219,RDC,CLINIC,Rural Council,RURAL_DISTRICT_COUNCIL,Rural,RURAL,Primary,PRIMARY,717630014,Open,ACTIVE_OR_OPERATIONAL,,,,,,NO,READY_WITH_COORDINATES,IMPORTED_PENDING_CONFIGURATION,MASTER_HEALTH_FACILITY_2024_07_23
796,ZW050532,Guwe Clinic,Matabeleland North,Nkayi,-19.214449,28.968071,RDC,CLINIC,Rural Council,RURAL_DISTRICT_COUNCIL,Rural,RURAL,Primary,PRIMARY,717455396,Open,ACTIVE_OR_OPERATIONAL,,,,,,NO,READY_WITH_COORDINATES,IMPORTED_PENDING_CONFIGURATION,MASTER_HEALTH_FACILITY_2024_07_23
797,ZW050533,Gwelutshena Clinic,Matabeleland North,Nkayi,-18.663045,28.708851,RHC,RURAL_HEALTH_CENTRE,Government,GOVERNMENT,Rural,RURAL,Primary,PRIMARY,783296445,Open,ACTIVE_OR_OPERATIONAL,,,,,,NO,READY_WITH_COORDINATES,IMPORTED_PENDING_CONFIGURATION,MASTER_HEALTH_FACILITY_2024_07_23
798,ZW050535,Lutsha Clinic,Matabeleland North,Nkayi,-19.026446,28.539988,RHC,RURAL_HEALTH_CENTRE,Government,GOVERNMENT,Rural,RURAL,Primary,PRIMARY,775384581,Open,ACTIVE_OR_OPERATIONAL,,,,,,NO,READY_WITH_COORDINATES,IMPORTED_PENDING_CONFIGURATION,MASTER_HEALTH_FACILITY_2024_07_23
799,ZW050502,Mateme Rural Health Centre,Matabeleland North,Nkayi,-18.670297,28.956818,RHC,RURAL_HEALTH_CENTRE,Government,GOVERNMENT,Rural,RURAL,Primary,PRIMARY,777744863,Open,ACTIVE_OR_OPERATIONAL,,,,,,NO,READY_WITH_COORDINATES,IMPORTED_PENDING_CONFIGURATION,MASTER_HEALTH_FACILITY_2024_07_23
800,ZW05050C,Mbuma Mission Hospital,Matabeleland North,Nkayi,-18.942986,28.441555,Mission Hospital,MISSION_HOSPITAL,Mission,MISSION_FAITH_BASED,Rural,RURAL,Secondary,SECONDARY,773694736,Open,ACTIVE_OR_OPERATIONAL,,,,,,NO,READY_WITH_COORDINATES,IMPORTED_PENDING_CONFIGURATION,MASTER_HEALTH_FACILITY_2024_07_23
801,ZW050526,Nesigwe Clinic,Matabeleland North,Nkayi,-18.728398,28.811774,RDC,CLINIC,Rural Council,RURAL_DISTRICT_COUNCIL,Rural,RURAL,Primary,PRIMARY,778290556,Open,ACTIVE_OR_OPERATIONAL,,,,,,NO,READY_WITH_COORDINATES,IMPORTED_PENDING_CONFIGURATION,MASTER_HEALTH_FACILITY_2024_07_23
802,ZW050503,Ngwaladi Rural Health Centre,Matabeleland North,Nkayi,-18.576984,28.379905,RHC,RURAL_HEALTH_CENTRE,Rural Council,RURAL_DISTRICT_COUNCIL,Rural,RURAL,Primary,PRIMARY,774027768,Open,ACTIVE_OR_OPERATIONAL,,,,,,NO,READY_WITH_COORDINATES,IMPORTED_PENDING_CONFIGURATION,MASTER_HEALTH_FACILITY_2024_07_23
803,ZW05050A,Nkayi District Hospital,Matabeleland North,Nkayi,-19.000368,28.890944,District Hospital,DISTRICT_HOSPITAL,Government,GOVERNMENT,Rural,RURAL,Secondary,SECONDARY,712912761,Open,ACTIVE_OR_OPERATIONAL,,,,,,NO,READY_WITH_COORDINATES,IMPORTED_PENDING_CONFIGURATION,MASTER_HEALTH_FACILITY_2024_07_23
804,ZW050527,Sebhumane Clinic,Matabeleland North,Nkayi,-18.670333,28.461342,RDC,CLINIC,Rural Council,RURAL_DISTRICT_COUNCIL,Rural,RURAL,Primary,PRIMARY,778786219,Open,ACTIVE_OR_OPERATIONAL,,,,,,NO,READY_WITH_COORDINATES,IMPORTED_PENDING_CONFIGURATION,MASTER_HEALTH_FACILITY_2024_07_23
805,ZW050534,Sesemba Clinic,Matabeleland North,Nkayi,-18.95501,28.712647,RDC,CLINIC,Rural Council,RURAL_DISTRICT_COUNCIL,Rural,RURAL,Primary,PRIMARY,775869058,Open,ACTIVE_OR_OPERATIONAL,,,,,,NO,READY_WITH_COORDINATES,IMPORTED_PENDING_CONFIGURATION,MASTER_HEALTH_FACILITY_2024_07_23
806,ZW050528,Sikhobokhobo Clinic,Matabeleland North,Nkayi,-18.782454,28.48761,RDC,CLINIC,Rural Council,RURAL_DISTRICT_COUNCIL,Rural,RURAL,Primary,PRIMARY,717597047,Open,ACTIVE_OR_OPERATIONAL,,,,,,NO,READY_WITH_COORDINATES,IMPORTED_PENDING_CONFIGURATION,MASTER_HEALTH_FACILITY_2024_07_23
807,ZW050538,Simbo RH Clinic,Matabeleland North,Nkayi,,,RHC,RURAL_HEALTH_CENTRE,Rural Council,RURAL_DISTRICT_COUNCIL,Rural,RURAL,Primary,PRIMARY,,Open,ACTIVE_OR_OPERATIONAL,,,,,Latitude; Longitude,YES,INCOMPLETE_MISSING_COORDINATES,IMPORTED_PENDING_CONFIGURATION,MASTER_HEALTH_FACILITY_2024_07_23
808,ZW050505,Sivalo Rural Health Centre,Matabeleland North,Nkayi,-18.74309,28.351523,RHC,RURAL_HEALTH_CENTRE,Government,GOVERNMENT,Rural,RURAL,Primary,PRIMARY,775707042,Open,ACTIVE_OR_OPERATIONAL,,,,,,NO,READY_WITH_COORDINATES,IMPORTED_PENDING_CONFIGURATION,MASTER_HEALTH_FACILITY_2024_07_23
809,ZW050536,Vova Rural Health Centre,Matabeleland North,Nkayi,-19.000968,28.414613,RDC,CLINIC,Rural Council,RURAL_DISTRICT_COUNCIL,Rural,RURAL,Primary,PRIMARY,774007922,Open,ACTIVE_OR_OPERATIONAL,,,,,,NO,READY_WITH_COORDINATES,IMPORTED_PENDING_CONFIGURATION,MASTER_HEALTH_FACILITY_2024_07_23
810,ZW050506,Zenka Rural Health Centre,Matabeleland North,Nkayi,-19.070271,28.7735,RHC,RURAL_HEALTH_CENTRE,Government,GOVERNMENT,Rural,RURAL,Primary,PRIMARY,713041552,Open,ACTIVE_OR_OPERATIONAL,,,,,,NO,READY_WITH_COORDINATES,IMPORTED_PENDING_CONFIGURATION,MASTER_HEALTH_FACILITY_2024_07_23
811,ZW050529,Zinyangeni Clinic,Matabeleland North,Nkayi,-19.077341,28.987985,RDC,CLINIC,Rural Council,RURAL_DISTRICT_COUNCIL,Rural,RURAL,Primary,PRIMARY,712736662,Open,ACTIVE_OR_OPERATIONAL,,,,,,NO,READY_WITH_COORDINATES,IMPORTED_PENDING_CONFIGURATION,MASTER_HEALTH_FACILITY_2024_07_23
812,ZW050537,ZPS Nkayi Prison Clinic,Matabeleland North,Nkayi,,,RHC,RURAL_HEALTH_CENTRE,ZPS,ZIMBABWE_PRISONS_AND_CORRECTIONAL_SERVICE,Urban,URBAN,Primary,PRIMARY,778054741,Open,ACTIVE_OR_OPERATIONAL,,,,,Latitude; Longitude,YES,INCOMPLETE_MISSING_COORDINATES,IMPORTED_PENDING_CONFIGURATION,MASTER_HEALTH_FACILITY_2024_07_23
813,ZW050699,Bemba Clinic,Matabeleland North,Tsholotsho,-19.452755,27.273288,RDC,CLINIC,Rural Council,RURAL_DISTRICT_COUNCIL,Rural,RURAL,Primary,PRIMARY,774033907,Open,ACTIVE_OR_OPERATIONAL,,,,,,NO,READY_WITH_COORDINATES,IMPORTED_PENDING_CONFIGURATION,MASTER_HEALTH_FACILITY_2024_07_23
814,ZW050625,Bubude Clinic,Matabeleland North,Tsholotsho,-20.008923,27.811395,RDC,CLINIC,Rural Council,RURAL_DISTRICT_COUNCIL,Rural,RURAL,Primary,PRIMARY,787925831,Open,ACTIVE_OR_OPERATIONAL,,,,,,NO,READY_WITH_COORDINATES,IMPORTED_PENDING_CONFIGURATION,MASTER_HEALTH_FACILITY_2024_07_23
815,ZW050626,Dlamini Clinic,Matabeleland North,Tsholotsho,-19.503084,27.40539,RDC,CLINIC,Rural Council,RURAL_DISTRICT_COUNCIL,Rural,RURAL,Primary,PRIMARY,777641839,Open,ACTIVE_OR_OPERATIONAL,,,,,,NO,READY_WITH_COORDINATES,IMPORTED_PENDING_CONFIGURATION,MASTER_HEALTH_FACILITY_2024_07_23
816,ZW050628,Jimila Clinic,Matabeleland North,Tsholotsho,-19.493536,27.738536,RDC,CLINIC,Rural Council,RURAL_DISTRICT_COUNCIL,Rural,RURAL,Primary,PRIMARY,715868709,Open,ACTIVE_OR_OPERATIONAL,,,,,,NO,READY_WITH_COORDINATES,IMPORTED_PENDING_CONFIGURATION,MASTER_HEALTH_FACILITY_2024_07_23
817,ZW050636,Jowa Clinic,Matabeleland North,Tsholotsho,-19.59529,27.587029,RDC,CLINIC,Rural Council,RURAL_DISTRICT_COUNCIL,Rural,RURAL,Primary,PRIMARY,773738865,Open,ACTIVE_OR_OPERATIONAL,,,,,,NO,READY_WITH_COORDINATES,IMPORTED_PENDING_CONFIGURATION,MASTER_HEALTH_FACILITY_2024_07_23
818,ZW050696,Kapane Clinic,Matabeleland North,Tsholotsho,-19.262225,27.516193,RDC,CLINIC,Rural Council,RURAL_DISTRICT_COUNCIL,Rural,RURAL,Primary,PRIMARY,774094543,Open,ACTIVE_OR_OPERATIONAL,,,,,,NO,READY_WITH_COORDINATES,IMPORTED_PENDING_CONFIGURATION,MASTER_HEALTH_FACILITY_2024_07_23
819,ZW050629,Madlangombe Clinic,Matabeleland North,Tsholotsho,-19.773679,27.507934,RDC,CLINIC,Rural Council,RURAL_DISTRICT_COUNCIL,Rural,RURAL,Primary,PRIMARY,773515785,Open,ACTIVE_OR_OPERATIONAL,,,,,,NO,READY_WITH_COORDINATES,IMPORTED_PENDING_CONFIGURATION,MASTER_HEALTH_FACILITY_2024_07_23
820,ZW050603,Makhaza Rural Health Centre,Matabeleland North,Tsholotsho,-19.935274,27.645722,RHC,RURAL_HEALTH_CENTRE,Government,GOVERNMENT,Rural,RURAL,Primary,PRIMARY,773960153,Open,ACTIVE_OR_OPERATIONAL,,,,,,NO,READY_WITH_COORDINATES,IMPORTED_PENDING_CONFIGURATION,MASTER_HEALTH_FACILITY_2024_07_23
821,ZW050604,Mlagisa Rural Health Centre,Matabeleland North,Tsholotsho,-19.150959,27.667653,RHC,RURAL_HEALTH_CENTRE,Government,GOVERNMENT,Rural,RURAL,Primary,PRIMARY,773269157,Open,ACTIVE_OR_OPERATIONAL,,,,,,NO,READY_WITH_COORDINATES,IMPORTED_PENDING_CONFIGURATION,MASTER_HEALTH_FACILITY_2024_07_23
822,ZW050697,Mpanedziba Clinic,Matabeleland North,Tsholotsho,-19.469107,27.571192,RDC,CLINIC,Rural Council,RURAL_DISTRICT_COUNCIL,Rural,RURAL,Primary,PRIMARY,771161853,Open,ACTIVE_OR_OPERATIONAL,,,,,,NO,READY_WITH_COORDINATES,IMPORTED_PENDING_CONFIGURATION,MASTER_HEALTH_FACILITY_2024_07_23
823,ZW050627,Mpilo Clinic,Matabeleland North,Tsholotsho,-19.674659,26.989975,RDC,CLINIC,Rural Council,RURAL_DISTRICT_COUNCIL,Rural,RURAL,Primary,PRIMARY,772803626,Open,ACTIVE_OR_OPERATIONAL,,,,,,NO,READY_WITH_COORDINATES,IMPORTED_PENDING_CONFIGURATION,MASTER_HEALTH_FACILITY_2024_07_23
824,ZW050605,Mtshayeli Rural Health Centre,Matabeleland North,Tsholotsho,-18.35889,27.0886096954,RHC,RURAL_HEALTH_CENTRE,Government,GOVERNMENT,Rural,RURAL,Primary,PRIMARY,773601243,Open,ACTIVE_OR_OPERATIONAL,,,,,,NO,READY_WITH_COORDINATES,IMPORTED_PENDING_CONFIGURATION,MASTER_HEALTH_FACILITY_2024_07_23
825,ZW050637,Ngamo Clinic,Matabeleland North,Tsholotsho,-19.128406,27.480825,RHC,RURAL_HEALTH_CENTRE,Rural Council,RURAL_DISTRICT_COUNCIL,Rural,RURAL,Primary,PRIMARY,777849346,Open,ACTIVE_OR_OPERATIONAL,,,,,,NO,READY_WITH_COORDINATES,IMPORTED_PENDING_CONFIGURATION,MASTER_HEALTH_FACILITY_2024_07_23
826,ZW050630,Nkunzi Clinic,Matabeleland North,Tsholotsho,-20.099715,27.888233,RHC,RURAL_HEALTH_CENTRE,Rural Council,RURAL_DISTRICT_COUNCIL,Rural,RURAL,Primary,PRIMARY,773628245,Open,ACTIVE_OR_OPERATIONAL,,,,,,NO,READY_WITH_COORDINATES,IMPORTED_PENDING_CONFIGURATION,MASTER_HEALTH_FACILITY_2024_07_23
827,ZW05060C,Phumula Mission Hospital,Matabeleland North,Tsholotsho,-19.593148,27.090933,Mission Hospital,MISSION_HOSPITAL,Mission,MISSION_FAITH_BASED,Rural,RURAL,Secondary,SECONDARY,783098724,Open,ACTIVE_OR_OPERATIONAL,,,,,,NO,READY_WITH_COORDINATES,IMPORTED_PENDING_CONFIGURATION,MASTER_HEALTH_FACILITY_2024_07_23
828,ZW050633,Samahuru Mission Clinc,Matabeleland North,Tsholotsho,-19.485661,27.18967,Mission Clinic,MISSION_CLINIC,Mission,MISSION_FAITH_BASED,Rural,RURAL,Primary,PRIMARY,715525328,Open,ACTIVE_OR_OPERATIONAL,,,,,,NO,READY_WITH_COORDINATES,IMPORTED_PENDING_CONFIGURATION,MASTER_HEALTH_FACILITY_2024_07_23
829,ZW050634,Shaba ClinIc,Matabeleland North,Tsholotsho,-20.043097,27.723933,RDC,CLINIC,Rural Council,RURAL_DISTRICT_COUNCIL,Rural,RURAL,Primary,PRIMARY,775703731,Open,ACTIVE_OR_OPERATIONAL,,,,,,NO,READY_WITH_COORDINATES,IMPORTED_PENDING_CONFIGURATION,MASTER_HEALTH_FACILITY_2024_07_23
830,ZW050698,Sikente Clinic,Matabeleland North,Tsholotsho,-19.787109,27.353874,RDC,CLINIC,Rural Council,RURAL_DISTRICT_COUNCIL,Rural,RURAL,Primary,PRIMARY,778122303,Open,ACTIVE_OR_OPERATIONAL,,,,,,NO,READY_WITH_COORDINATES,IMPORTED_PENDING_CONFIGURATION,MASTER_HEALTH_FACILITY_2024_07_23
831,ZW05060B,Siphepha Rural Hospital,Matabeleland North,Tsholotsho,-19.286877,27.654706,RHC,RURAL_HEALTH_CENTRE,Government,GOVERNMENT,Rural,RURAL,Primary,PRIMARY,784245332,Open,ACTIVE_OR_OPERATIONAL,,,,,,NO,READY_WITH_COORDINATES,IMPORTED_PENDING_CONFIGURATION,MASTER_HEALTH_FACILITY_2024_07_23
832,ZW050606,Sodaka Rural Health Centre,Matabeleland North,Tsholotsho,-19.398727,27.084528,RHC,RURAL_HEALTH_CENTRE,Government,GOVERNMENT,Rural,RURAL,Primary,PRIMARY,712925609,Open,ACTIVE_OR_OPERATIONAL,,,,,,NO,READY_WITH_COORDINATES,IMPORTED_PENDING_CONFIGURATION,MASTER_HEALTH_FACILITY_2024_07_23
833,ZW050635,Tshefunye Clinic,Matabeleland North,Tsholotsho,-20.090354,27.801903,RDC,CLINIC,Rural Council,RURAL_DISTRICT_COUNCIL,Rural,RURAL,Primary,PRIMARY,713594286,Open,ACTIVE_OR_OPERATIONAL,,,,,,NO,READY_WITH_COORDINATES,IMPORTED_PENDING_CONFIGURATION,MASTER_HEALTH_FACILITY_2024_07_23
834,ZW050624,Tshitatshawa Clinic,Matabeleland North,Tsholotsho,-19.691967,27.434641,RDC,CLINIC,Rural Council,RURAL_DISTRICT_COUNCIL,Rural,RURAL,Primary,PRIMARY,772321498,Open,ACTIVE_OR_OPERATIONAL,,,,,,NO,READY_WITH_COORDINATES,IMPORTED_PENDING_CONFIGURATION,MASTER_HEALTH_FACILITY_2024_07_23
835,ZW05060A,Tsholotsho District Hospital,Matabeleland North,Tsholotsho,-19.773151,27.755183,District Hospital,DISTRICT_HOSPITAL,Government,GOVERNMENT,Rural,RURAL,Secondary,SECONDARY,774012668,Open,ACTIVE_OR_OPERATIONAL,,,,,,NO,READY_WITH_COORDINATES,IMPORTED_PENDING_CONFIGURATION,MASTER_HEALTH_FACILITY_2024_07_23
836,ZW050631,Tsholotsho Urban Clinic,Matabeleland North,Tsholotsho,-19.766762,27.752848,RDC,CLINIC,Rural Council,RURAL_DISTRICT_COUNCIL,Urban,URBAN,Primary,PRIMARY,777270804,Open,ACTIVE_OR_OPERATIONAL,,,,,,NO,READY_WITH_COORDINATES,IMPORTED_PENDING_CONFIGURATION,MASTER_HEALTH_FACILITY_2024_07_23
837,ZW050632,ZPS Tsholotsho Prison Clinic,Matabeleland North,Tsholotsho,,,RHC,RURAL_HEALTH_CENTRE,ZPS,ZIMBABWE_PRISONS_AND_CORRECTIONAL_SERVICE,Urban,URBAN,Primary,PRIMARY,776281523,Open,ACTIVE_OR_OPERATIONAL,,,,,Latitude; Longitude,YES,INCOMPLETE_MISSING_COORDINATES,IMPORTED_PENDING_CONFIGURATION,MASTER_HEALTH_FACILITY_2024_07_23
839,ZW050730,Bhekeni Clinic,Matabeleland North,Umguza,-20.002389,28.81562,RDC,CLINIC,Rural Council,RURAL_DISTRICT_COUNCIL,Rural,RURAL,Primary,PRIMARY,776979312,Open,ACTIVE_OR_OPERATIONAL,,,,,,NO,READY_WITH_COORDINATES,IMPORTED_PENDING_CONFIGURATION,MASTER_HEALTH_FACILITY_2024_07_23
840,ZW050732,Bhumane Clinic,Matabeleland North,Umguza,-19.849215,28.0391468,RHC,RURAL_HEALTH_CENTRE,Rural Council,RURAL_DISTRICT_COUNCIL,Rural,RURAL,Primary,PRIMARY,,Open,ACTIVE_OR_OPERATIONAL,,,,,,NO,READY_WITH_COORDINATES,IMPORTED_PENDING_CONFIGURATION,MASTER_HEALTH_FACILITY_2024_07_23
841,ZW050726,Fingo Clinic,Matabeleland North,Umguza,-19.967545,28.894043,RDC,CLINIC,Rural Council,RURAL_DISTRICT_COUNCIL,Rural,RURAL,Primary,PRIMARY,785996784,Open,ACTIVE_OR_OPERATIONAL,,,,,,NO,READY_WITH_COORDINATES,IMPORTED_PENDING_CONFIGURATION,MASTER_HEALTH_FACILITY_2024_07_23
842,ZW050703,Igusi Rural Health Centre,Matabeleland North,Umguza,-19.661291,28.073797,RHC,RURAL_HEALTH_CENTRE,Government,GOVERNMENT,Rural,RURAL,Primary,PRIMARY,771451244,Open,ACTIVE_OR_OPERATIONAL,,,,,,NO,READY_WITH_COORDINATES,IMPORTED_PENDING_CONFIGURATION,MASTER_HEALTH_FACILITY_2024_07_23
843,ZW050724,Lozikeyi Clinic,Matabeleland North,Umguza,-19.682056,28.278325,RDC,CLINIC,Rural Council,RURAL_DISTRICT_COUNCIL,Rural,RURAL,Primary,PRIMARY,712777094,Open,ACTIVE_OR_OPERATIONAL,,,,,,NO,READY_WITH_COORDINATES,IMPORTED_PENDING_CONFIGURATION,MASTER_HEALTH_FACILITY_2024_07_23
845,ZW050733,Mbembesi Rural health Centre,Matabeleland North,Umguza,-19.49481,28.329423,RHC,RURAL_HEALTH_CENTRE,Government,GOVERNMENT,Rural,RURAL,Primary,PRIMARY,775721568,Open,ACTIVE_OR_OPERATIONAL,,,,,,NO,READY_WITH_COORDINATES,IMPORTED_PENDING_CONFIGURATION,MASTER_HEALTH_FACILITY_2024_07_23
847,ZW05070A,Nyamandlovu District Hospital,Matabeleland North,Umguza,-19.859924,28.265243,District Hospital,DISTRICT_HOSPITAL,Government,GOVERNMENT,Rural,RURAL,Secondary,SECONDARY,774679633,Open,ACTIVE_OR_OPERATIONAL,,,,,,NO,READY_WITH_COORDINATES,IMPORTED_PENDING_CONFIGURATION,MASTER_HEALTH_FACILITY_2024_07_23
849,ZW050791,St James Mission Clinic,Matabeleland North,Umguza,-19.918899,28.025873,RHC,RURAL_HEALTH_CENTRE,Mission,MISSION_FAITH_BASED,Rural,RURAL,Primary,PRIMARY,772610104,Open,ACTIVE_OR_OPERATIONAL,,,,,,NO,READY_WITH_COORDINATES,IMPORTED_PENDING_CONFIGURATION,MASTER_HEALTH_FACILITY_2024_07_23
850,ZW050781,TG Silundika Clinic,Matabeleland North,Umguza,-19.9487,28.1923,RHC,RURAL_HEALTH_CENTRE,Private,PRIVATE,Rural,RURAL,Primary,PRIMARY,712599693,Open,ACTIVE_OR_OPERATIONAL,,,,,,NO,READY_WITH_COORDINATES,IMPORTED_PENDING_CONFIGURATION,MASTER_HEALTH_FACILITY_2024_07_23
851,ZW050750,Umguza Council Clinic,Matabeleland North,Umguza,-20.149781,28.58437,RDC,CLINIC,Rural Council,RURAL_DISTRICT_COUNCIL,Urban,URBAN,Primary,PRIMARY,772610104,Open,ACTIVE_OR_OPERATIONAL,,,,,,NO,READY_WITH_COORDINATES,IMPORTED_PENDING_CONFIGURATION,MASTER_HEALTH_FACILITY_2024_07_23
853,ZW050765,ZNA Imbizo Camp Hospital,Matabeleland North,Umguza,,,General Hospital,HOSPITAL_REQUIRES_LEVEL_REVIEW,ZNA,UNIFORMED_SERVICE,Peri-Urban,PERI_URBAN,Secondary,SECONDARY,784177070,Open,ACTIVE_OR_OPERATIONAL,,,,,Latitude; Longitude,YES,INCOMPLETE_MISSING_COORDINATES,IMPORTED_PENDING_CONFIGURATION,MASTER_HEALTH_FACILITY_2024_07_23
854,ZW050797,ZNA Induna Clinic,Matabeleland North,Umguza,,,RHC,RURAL_HEALTH_CENTRE,ZNA,UNIFORMED_SERVICE,Rural,RURAL,Primary,PRIMARY,712564475,Open,ACTIVE_OR_OPERATIONAL,,,,,Latitude; Longitude,YES,INCOMPLETE_MISSING_COORDINATES,IMPORTED_PENDING_CONFIGURATION,MASTER_HEALTH_FACILITY_2024_07_23
855,ZW050711,ZPS Anju Rural Health Centre,Matabeleland North,Umguza,,,RHC,RURAL_HEALTH_CENTRE,ZPS,ZIMBABWE_PRISONS_AND_CORRECTIONAL_SERVICE,Rural,RURAL,Primary,PRIMARY,777020810,Open,ACTIVE_OR_OPERATIONAL,,,,,Latitude; Longitude,YES,INCOMPLETE_MISSING_COORDINATES,IMPORTED_PENDING_CONFIGURATION,MASTER_HEALTH_FACILITY_2024_07_23
856,ZW050795,ZPS Khami Max Prison Hospital,Matabeleland North,Umguza,-20.0666,28.4028,General Hospital,HOSPITAL_REQUIRES_LEVEL_REVIEW,ZPS,ZIMBABWE_PRISONS_AND_CORRECTIONAL_SERVICE,Rural,RURAL,Primary,PRIMARY,773783729,Open,ACTIVE_OR_OPERATIONAL,,,,,,NO,READY_WITH_COORDINATES,IMPORTED_PENDING_CONFIGURATION,MASTER_HEALTH_FACILITY_2024_07_23
857,ZW050794,ZPS Khami Medium Prison Clinic,Matabeleland North,Umguza,-20.0617,28.3926,RHC,RURAL_HEALTH_CENTRE,ZPS,ZIMBABWE_PRISONS_AND_CORRECTIONAL_SERVICE,Rural,RURAL,Primary,PRIMARY,779188401,Open,ACTIVE_OR_OPERATIONAL,,,,,,NO,READY_WITH_COORDINATES,IMPORTED_PENDING_CONFIGURATION,MASTER_HEALTH_FACILITY_2024_07_23
858,ZW050799,ZPS Khami Prison Staff Hospital,Matabeleland North,Umguza,-20.06883,28.4057,General Hospital,HOSPITAL_REQUIRES_LEVEL_REVIEW,ZPS,ZIMBABWE_PRISONS_AND_CORRECTIONAL_SERVICE,Rural,RURAL,Secondary,SECONDARY,774567822,Open,ACTIVE_OR_OPERATIONAL,,,,,,NO,READY_WITH_COORDINATES,IMPORTED_PENDING_CONFIGURATION,MASTER_HEALTH_FACILITY_2024_07_23
859,ZW050793,ZPS Khami Remand Prison Clinic,Matabeleland North,Umguza,-20.0662,28.3962,RHC,RURAL_HEALTH_CENTRE,ZPS,ZIMBABWE_PRISONS_AND_CORRECTIONAL_SERVICE,Rural,RURAL,Primary,PRIMARY,773381037,Open,ACTIVE_OR_OPERATIONAL,,,,,,NO,READY_WITH_COORDINATES,IMPORTED_PENDING_CONFIGURATION,MASTER_HEALTH_FACILITY_2024_07_23
860,ZW050796,ZPS Mlondolozi Prison Clinic,Matabeleland North,Umguza,-20.0638,28.3953,RHC,RURAL_HEALTH_CENTRE,ZPS,ZIMBABWE_PRISONS_AND_CORRECTIONAL_SERVICE,Rural,RURAL,Primary,PRIMARY,772911241,Open,ACTIVE_OR_OPERATIONAL,,,,,,NO,READY_WITH_COORDINATES,IMPORTED_PENDING_CONFIGURATION,MASTER_HEALTH_FACILITY_2024_07_23
861,ZW050785,ZPS Ntabazinduna Prison Clinic,Matabeleland North,Umguza,,,RHC,RURAL_HEALTH_CENTRE,ZPS,ZIMBABWE_PRISONS_AND_CORRECTIONAL_SERVICE,Rural,RURAL,Primary,PRIMARY,775232153,Open,ACTIVE_OR_OPERATIONAL,,,,,Latitude; Longitude,YES,INCOMPLETE_MISSING_COORDINATES,IMPORTED_PENDING_CONFIGURATION,MASTER_HEALTH_FACILITY_2024_07_23
862,ZW050752,ZRP Fairbridge Rural Health Centre,Matabeleland North,Umguza,-20.09917,28.7000007629,RHC,RURAL_HEALTH_CENTRE,ZRP,ZIMBABWE_REPUBLIC_POLICE,Urban,URBAN,Primary,PRIMARY,712950546,Open,ACTIVE_OR_OPERATIONAL,,,,,,NO,READY_WITH_COORDINATES,IMPORTED_PENDING_CONFIGURATION,MASTER_HEALTH_FACILITY_2024_07_23
864,ZW06010A,Beitbridge district hospital,Matabeleland South,Beitbridge,-22.204714,29.987812,District Hospital,DISTRICT_HOSPITAL,Government,GOVERNMENT,Urban,URBAN,Secondary,SECONDARY,0852322701,Open,ACTIVE_OR_OPERATIONAL,140,,,,,NO,READY_WITH_COORDINATES,IMPORTED_PENDING_CONFIGURATION,MASTER_HEALTH_FACILITY_2024_07_23
865,ZW060181,Beitbridge NRZ Clinic,Matabeleland South,Beitbridge,-22.22078,30.0078105927,RHC,RURAL_HEALTH_CENTRE,Parastatal,PARASTATAL,Urban,URBAN,Primary,PRIMARY,773431393,Open,ACTIVE_OR_OPERATIONAL,N/a,,,,,NO,READY_WITH_COORDINATES,IMPORTED_PENDING_CONFIGURATION,MASTER_HEALTH_FACILITY_2024_07_23
866,ZW060108,Beitbridge ZRP Clinic,Matabeleland South,Beitbridge,-22.21992,30.0051898956,RHC,RURAL_HEALTH_CENTRE,ZRP,ZIMBABWE_REPUBLIC_POLICE,Urban,URBAN,Primary,PRIMARY,772478931,Open,ACTIVE_OR_OPERATIONAL,N/a,,,,,NO,READY_WITH_COORDINATES,IMPORTED_PENDING_CONFIGURATION,MASTER_HEALTH_FACILITY_2024_07_23
867,ZW060177,Chamnangana Clinic,Matabeleland South,Beitbridge,-21.607093,29.602281,RDC,CLINIC,Rural Council,RURAL_DISTRICT_COUNCIL,Rural,RURAL,Primary,PRIMARY,773569943,Open,ACTIVE_OR_OPERATIONAL,N/a,,,,,NO,READY_WITH_COORDINATES,IMPORTED_PENDING_CONFIGURATION,MASTER_HEALTH_FACILITY_2024_07_23
868,ZW060125,Chaswingo Clinic,Matabeleland South,Beitbridge,-22.055736,30.49815,RDC,CLINIC,Rural Council,RURAL_DISTRICT_COUNCIL,Rural,RURAL,Primary,PRIMARY,712550962,Open,ACTIVE_OR_OPERATIONAL,N/a,,,,,NO,READY_WITH_COORDINATES,IMPORTED_PENDING_CONFIGURATION,MASTER_HEALTH_FACILITY_2024_07_23
869,ZW060101,Chikwalakwala Rural Health Centre,Matabeleland South,Beitbridge,-22.317565,31.076035,RHC,RURAL_HEALTH_CENTRE,Government,GOVERNMENT,Rural,RURAL,Primary,PRIMARY,737174697,Open,ACTIVE_OR_OPERATIONAL,N/a,,,,,NO,READY_WITH_COORDINATES,IMPORTED_PENDING_CONFIGURATION,MASTER_HEALTH_FACILITY_2024_07_23
870,ZW060102,Chitulipasi Rural Health Centre,Matabeleland South,Beitbridge,-22.199322,30.787249,RHC,RURAL_HEALTH_CENTRE,Government,GOVERNMENT,Rural,RURAL,Primary,PRIMARY,773720357,Open,ACTIVE_OR_OPERATIONAL,N/a,,,,,NO,READY_WITH_COORDINATES,IMPORTED_PENDING_CONFIGURATION,MASTER_HEALTH_FACILITY_2024_07_23
871,ZW060103,Dite Rural Health Centre,Matabeleland South,Beitbridge,-22.221937,30.390051,RHC,RURAL_HEALTH_CENTRE,Government,GOVERNMENT,Rural,RURAL,Primary,PRIMARY,773732438,Open,ACTIVE_OR_OPERATIONAL,N/a,,,,,NO,READY_WITH_COORDINATES,IMPORTED_PENDING_CONFIGURATION,MASTER_HEALTH_FACILITY_2024_07_23
872,ZW060126,Dulibadzimu Clinic,Matabeleland South,Beitbridge,-22.207554,29.98322,RDC,CLINIC,Town/City Council,LOCAL_AUTHORITY,Urban,URBAN,Primary,PRIMARY,773457436,Open,ACTIVE_OR_OPERATIONAL,N/a,,,,,NO,READY_WITH_COORDINATES,IMPORTED_PENDING_CONFIGURATION,MASTER_HEALTH_FACILITY_2024_07_23
873,ZW060104,Majini Rural Health Centre,Matabeleland South,Beitbridge,-21.497127,29.675125,RHC,RURAL_HEALTH_CENTRE,Government,GOVERNMENT,Rural,RURAL,Primary,PRIMARY,779424729,Open,ACTIVE_OR_OPERATIONAL,N/a,,,,,NO,READY_WITH_COORDINATES,IMPORTED_PENDING_CONFIGURATION,MASTER_HEALTH_FACILITY_2024_07_23
874,ZW060176,Makakabule Clinic,Matabeleland South,Beitbridge,-22.139052,29.93183,RDC,CLINIC,Rural Council,RURAL_DISTRICT_COUNCIL,Rural,RURAL,Primary,PRIMARY,778501747,Open,ACTIVE_OR_OPERATIONAL,N/a,,,,,NO,READY_WITH_COORDINATES,IMPORTED_PENDING_CONFIGURATION,MASTER_HEALTH_FACILITY_2024_07_23
875,ZW060178,Makombe Clinic,Matabeleland South,Beitbridge,-21.903956,30.549113,RDC,CLINIC,Rural Council,RURAL_DISTRICT_COUNCIL,Rural,RURAL,Primary,PRIMARY,772950172,Open,ACTIVE_OR_OPERATIONAL,N/a,,,,,NO,READY_WITH_COORDINATES,IMPORTED_PENDING_CONFIGURATION,MASTER_HEALTH_FACILITY_2024_07_23
876,ZW060183,Malabe Health Post,Matabeleland South,Beitbridge,-22.14751,30.889288,RHC,RURAL_HEALTH_CENTRE,Government,GOVERNMENT,Rural,RURAL,Primary,PRIMARY,774669798,Open,ACTIVE_OR_OPERATIONAL,N/a,,,,,NO,READY_WITH_COORDINATES,IMPORTED_PENDING_CONFIGURATION,MASTER_HEALTH_FACILITY_2024_07_23
877,ZW060127,Masera Clinic,Matabeleland South,Beitbridge,-21.934315,29.587152,RDC,CLINIC,Rural Council,RURAL_DISTRICT_COUNCIL,Rural,RURAL,Primary,PRIMARY,771697829,Open,ACTIVE_OR_OPERATIONAL,N/a,,,,,NO,READY_WITH_COORDINATES,IMPORTED_PENDING_CONFIGURATION,MASTER_HEALTH_FACILITY_2024_07_23
878,ZW060179,Mtetengwe Clinic,Matabeleland South,Beitbridge,-21.995077,29.928412,RDC,CLINIC,Rural Council,RURAL_DISTRICT_COUNCIL,Rural,RURAL,Primary,PRIMARY,775718365,Open,ACTIVE_OR_OPERATIONAL,N/a,,,,,NO,READY_WITH_COORDINATES,IMPORTED_PENDING_CONFIGURATION,MASTER_HEALTH_FACILITY_2024_07_23
879,ZW060109,Nottingham Rural Health Centre,Matabeleland South,Beitbridge,-22.111602,29.638493,RHC,RURAL_HEALTH_CENTRE,Government,GOVERNMENT,Rural,RURAL,Primary,PRIMARY,717562795,Open,ACTIVE_OR_OPERATIONAL,N/a,,,,,NO,READY_WITH_COORDINATES,IMPORTED_PENDING_CONFIGURATION,MASTER_HEALTH_FACILITY_2024_07_23
880,ZW060106,Shabwe Rural Health Centre,Matabeleland South,Beitbridge,-22.10543,30.223228,RHC,RURAL_HEALTH_CENTRE,Government,GOVERNMENT,Rural,RURAL,Primary,PRIMARY,772398788,Open,ACTIVE_OR_OPERATIONAL,N/a,,,,,NO,READY_WITH_COORDINATES,IMPORTED_PENDING_CONFIGURATION,MASTER_HEALTH_FACILITY_2024_07_23
881,ZW060129,Shashe Clinic,Matabeleland South,Beitbridge,-22.103037,29.310952,RDC,CLINIC,Rural Council,RURAL_DISTRICT_COUNCIL,Rural,RURAL,Primary,PRIMARY,777137249,Open,ACTIVE_OR_OPERATIONAL,N/a,,,,,NO,READY_WITH_COORDINATES,IMPORTED_PENDING_CONFIGURATION,MASTER_HEALTH_FACILITY_2024_07_23
882,ZW060128,Swereki Clinic,Matabeleland South,Beitbridge,-21.870573,29.405439,RDC,CLINIC,Rural Council,RURAL_DISTRICT_COUNCIL,Rural,RURAL,Primary,PRIMARY,715767670,Open,ACTIVE_OR_OPERATIONAL,N/a,,,,,NO,READY_WITH_COORDINATES,IMPORTED_PENDING_CONFIGURATION,MASTER_HEALTH_FACILITY_2024_07_23
884,ZW060180,Tshabili clinic,Matabeleland South,Beitbridge,-22.161264,30.628968,RDC,CLINIC,Rural Council,RURAL_DISTRICT_COUNCIL,Rural,RURAL,Primary,PRIMARY,772950973,Open,ACTIVE_OR_OPERATIONAL,N/a,,,,,NO,READY_WITH_COORDINATES,IMPORTED_PENDING_CONFIGURATION,MASTER_HEALTH_FACILITY_2024_07_23
885,ZW060182,Wellness Centre,Matabeleland South,Beitbridge,-17.8746496,30.7381605,RHC,RURAL_HEALTH_CENTRE,Private,PRIVATE,Urban,URBAN,Primary,PRIMARY,772414797,Open,ACTIVE_OR_OPERATIONAL,N/a,,,,,NO,READY_WITH_COORDINATES,IMPORTED_PENDING_CONFIGURATION,MASTER_HEALTH_FACILITY_2024_07_23
886,ZW060131,Zezani Clinic,Matabeleland South,Beitbridge,-21.609015,29.495332,RDC,CLINIC,Rural Council,RURAL_DISTRICT_COUNCIL,Rural,RURAL,Primary,PRIMARY,776847927,Open,ACTIVE_OR_OPERATIONAL,N/a,,,,,NO,READY_WITH_COORDINATES,IMPORTED_PENDING_CONFIGURATION,MASTER_HEALTH_FACILITY_2024_07_23
887,ZW060105,ZPS Beitbridge Prison Clinic,Matabeleland South,Beitbridge,-22.22269,29.9852790833,RHC,RURAL_HEALTH_CENTRE,ZPS,ZIMBABWE_PRISONS_AND_CORRECTIONAL_SERVICE,Urban,URBAN,Primary,PRIMARY,773373369,Open,ACTIVE_OR_OPERATIONAL,N/a,,,,,NO,READY_WITH_COORDINATES,IMPORTED_PENDING_CONFIGURATION,MASTER_HEALTH_FACILITY_2024_07_23
888,ZW060234,Bezu Clinic,Matabeleland South,Bulilima,-20.234168,27.871421,RDC,CLINIC,Rural Council,RURAL_DISTRICT_COUNCIL,Rural,RURAL,Primary,PRIMARY,776585399,Open,ACTIVE_OR_OPERATIONAL,N/a,,,,,NO,READY_WITH_COORDINATES,IMPORTED_PENDING_CONFIGURATION,MASTER_HEALTH_FACILITY_2024_07_23
889,ZW060225,Dombodema Clinic,Matabeleland South,Bulilima,-20.403737,27.62174,RDC,CLINIC,Rural Council,RURAL_DISTRICT_COUNCIL,Rural,RURAL,Primary,PRIMARY,719334017,Open,ACTIVE_OR_OPERATIONAL,N/a,,,,,NO,READY_WITH_COORDINATES,IMPORTED_PENDING_CONFIGURATION,MASTER_HEALTH_FACILITY_2024_07_23
890,ZW060237,Gambu clinic,Matabeleland South,Bulilima,-20.054152,27.653634,RDC,CLINIC,Rural Council,RURAL_DISTRICT_COUNCIL,Rural,RURAL,Primary,PRIMARY,789829161,Open,ACTIVE_OR_OPERATIONAL,N/a,,,,,NO,READY_WITH_COORDINATES,IMPORTED_PENDING_CONFIGURATION,MASTER_HEALTH_FACILITY_2024_07_23
891,ZW060220,Hingwe Rural Health Centre,Matabeleland South,Bulilima,-20.145196,27.301595,RHC,RURAL_HEALTH_CENTRE,Government,GOVERNMENT,Rural,RURAL,Primary,PRIMARY,786395552,Open,ACTIVE_OR_OPERATIONAL,N/a,,,,,NO,READY_WITH_COORDINATES,IMPORTED_PENDING_CONFIGURATION,MASTER_HEALTH_FACILITY_2024_07_23
892,ZW060202,Huwana Clinic,Matabeleland South,Bulilima,-19.897327,27.46619,RDC,CLINIC,Rural Council,RURAL_DISTRICT_COUNCIL,Rural,RURAL,Primary,PRIMARY,779911605,Open,ACTIVE_OR_OPERATIONAL,N/a,,,,,NO,READY_WITH_COORDINATES,IMPORTED_PENDING_CONFIGURATION,MASTER_HEALTH_FACILITY_2024_07_23
893,ZW06020B,Lady Barring Rural Hospital,Matabeleland South,Bulilima,-19.948396,27.328818,Rural Hospital,RURAL_HOSPITAL,Government,GOVERNMENT,Rural,RURAL,Primary,PRIMARY,776585543,Open,ACTIVE_OR_OPERATIONAL,42,,,,,NO,READY_WITH_COORDINATES,IMPORTED_PENDING_CONFIGURATION,MASTER_HEALTH_FACILITY_2024_07_23
894,ZW06020C,Lady Stanley Rural Hospital,Matabeleland South,Bulilima,-20.000703,27.587192,Rural Hospital,RURAL_HOSPITAL,Government,GOVERNMENT,Rural,RURAL,Primary,PRIMARY,776585373,Open,ACTIVE_OR_OPERATIONAL,42,,,,,NO,READY_WITH_COORDINATES,IMPORTED_PENDING_CONFIGURATION,MASTER_HEALTH_FACILITY_2024_07_23
895,ZW060228,Madlambudzi Clinic,Matabeleland South,Bulilima,-20.150129,27.444156,RDC,CLINIC,Rural Council,RURAL_DISTRICT_COUNCIL,Rural,RURAL,Primary,PRIMARY,776585481,Open,ACTIVE_OR_OPERATIONAL,N/a,,,,,NO,READY_WITH_COORDINATES,IMPORTED_PENDING_CONFIGURATION,MASTER_HEALTH_FACILITY_2024_07_23
896,ZW060204,Makhulela Rural Health Centre,Matabeleland South,Bulilima,-19.907029,27.268056,RDC,CLINIC,Rural Council,RURAL_DISTRICT_COUNCIL,Rural,RURAL,Primary,PRIMARY,776585371,Open,ACTIVE_OR_OPERATIONAL,N/a,,,,,NO,READY_WITH_COORDINATES,IMPORTED_PENDING_CONFIGURATION,MASTER_HEALTH_FACILITY_2024_07_23
897,ZW060240,Malalume Clinic,Matabeleland South,Bulilima,-20.310865,27.407941,RDC,CLINIC,Rural Council,RURAL_DISTRICT_COUNCIL,Rural,RURAL,Primary,PRIMARY,773565187,Open,ACTIVE_OR_OPERATIONAL,N/a,,,,,NO,READY_WITH_COORDINATES,IMPORTED_PENDING_CONFIGURATION,MASTER_HEALTH_FACILITY_2024_07_23
898,ZW060235,Masendu Clinic,Matabeleland South,Bulilima,-20.133477,27.533545,RDC,CLINIC,Rural Council,RURAL_DISTRICT_COUNCIL,Rural,RURAL,Primary,PRIMARY,776585577,Open,ACTIVE_OR_OPERATIONAL,N/a,,,,,NO,READY_WITH_COORDINATES,IMPORTED_PENDING_CONFIGURATION,MASTER_HEALTH_FACILITY_2024_07_23
899,ZW060206,Matjinge Rural Health Centre,Matabeleland South,Bulilima,-20.21848,27.730013,RHC,RURAL_HEALTH_CENTRE,Government,GOVERNMENT,Rural,RURAL,Primary,PRIMARY,776585624,Open,ACTIVE_OR_OPERATIONAL,N/a,,,,,NO,READY_WITH_COORDINATES,IMPORTED_PENDING_CONFIGURATION,MASTER_HEALTH_FACILITY_2024_07_23
900,ZW060239,Mbimba Clinic,Matabeleland South,Bulilima,-20.020863,27.248265,RDC,CLINIC,Rural Council,RURAL_DISTRICT_COUNCIL,Rural,RURAL,Primary,PRIMARY,772299666,Open,ACTIVE_OR_OPERATIONAL,N/a,,,,,NO,READY_WITH_COORDINATES,IMPORTED_PENDING_CONFIGURATION,MASTER_HEALTH_FACILITY_2024_07_23
901,ZW060230,Ndiweni Clinic,Matabeleland South,Bulilima,-20.366088,27.751011,RDC,CLINIC,Rural Council,RURAL_DISTRICT_COUNCIL,Rural,RURAL,Primary,PRIMARY,776737290,Open,ACTIVE_OR_OPERATIONAL,N/a,,,,,NO,READY_WITH_COORDINATES,IMPORTED_PENDING_CONFIGURATION,MASTER_HEALTH_FACILITY_2024_07_23
902,ZW060208,Nswazwi Rural Health Centre,Matabeleland South,Bulilima,-20.391872,27.351851,RHC,RURAL_HEALTH_CENTRE,Government,GOVERNMENT,Rural,RURAL,Primary,PRIMARY,786395573,Open,ACTIVE_OR_OPERATIONAL,N/a,,,,,NO,READY_WITH_COORDINATES,IMPORTED_PENDING_CONFIGURATION,MASTER_HEALTH_FACILITY_2024_07_23
903,ZW060231,Sikhathini Clinic,Matabeleland South,Bulilima,-20.353188,27.899404,RDC,CLINIC,Rural Council,RURAL_DISTRICT_COUNCIL,Rural,RURAL,Primary,PRIMARY,789130633,Open,ACTIVE_OR_OPERATIONAL,N/a,,,,,NO,READY_WITH_COORDINATES,IMPORTED_PENDING_CONFIGURATION,MASTER_HEALTH_FACILITY_2024_07_23
904,ZW060291,Solusi Mission Clinic,Matabeleland South,Bulilima,-20.193851,28.1608,Mission Clinic,MISSION_CLINIC,Mission,MISSION_FAITH_BASED,Rural,RURAL,Primary,PRIMARY,777283826,Open,ACTIVE_OR_OPERATIONAL,N/a,,,,,NO,READY_WITH_COORDINATES,IMPORTED_PENDING_CONFIGURATION,MASTER_HEALTH_FACILITY_2024_07_23
905,ZW060238,Temateme Clinic,Matabeleland South,Bulilima,-20.031751,27.42509,RDC,CLINIC,Rural Council,RURAL_DISTRICT_COUNCIL,Rural,RURAL,Primary,PRIMARY,773562675,Open,ACTIVE_OR_OPERATIONAL,N/a,,,,,NO,READY_WITH_COORDINATES,IMPORTED_PENDING_CONFIGURATION,MASTER_HEALTH_FACILITY_2024_07_23
906,ZW060236,Tokwana Clinic,Matabeleland South,Bulilima,-20.237634,27.634526,RDC,CLINIC,Rural Council,RURAL_DISTRICT_COUNCIL,Rural,RURAL,Primary,PRIMARY,776585422,Open,ACTIVE_OR_OPERATIONAL,N/a,,,,,NO,READY_WITH_COORDINATES,IMPORTED_PENDING_CONFIGURATION,MASTER_HEALTH_FACILITY_2024_07_23
907,ZW060201,Village 13 Rural Health Centre,Matabeleland South,Bulilima,-20.390588,27.523821,RHC,RURAL_HEALTH_CENTRE,Government,GOVERNMENT,Rural,RURAL,Primary,PRIMARY,72830560,Open,ACTIVE_OR_OPERATIONAL,N/a,,,,,NO,READY_WITH_COORDINATES,IMPORTED_PENDING_CONFIGURATION,MASTER_HEALTH_FACILITY_2024_07_23
908,ZW060376,Blanket Clinic,Matabeleland South,Gwanda,-20.859022,28.906126,RHC,RURAL_HEALTH_CENTRE,Mine,MINE,Peri-Urban,PERI_URBAN,Primary,PRIMARY,772129797,Open,ACTIVE_OR_OPERATIONAL,N/a,,,,,NO,READY_WITH_COORDINATES,IMPORTED_PENDING_CONFIGURATION,MASTER_HEALTH_FACILITY_2024_07_23
909,ZW060325,Buvuma Clinic,Matabeleland South,Gwanda,-21.465798,29.195414,RDC,CLINIC,Rural Council,RURAL_DISTRICT_COUNCIL,Rural,RURAL,Primary,PRIMARY,779066741,Open,ACTIVE_OR_OPERATIONAL,N/a,,,,,NO,READY_WITH_COORDINATES,IMPORTED_PENDING_CONFIGURATION,MASTER_HEALTH_FACILITY_2024_07_23
910,ZW060377,Colleen-bawn Clinic,Matabeleland South,Gwanda,-21.003619,29.211364,RHC,RURAL_HEALTH_CENTRE,Mine,MINE,Peri-Urban,PERI_URBAN,Primary,PRIMARY,772636872,Open,ACTIVE_OR_OPERATIONAL,N/a,,,,,NO,READY_WITH_COORDINATES,IMPORTED_PENDING_CONFIGURATION,MASTER_HEALTH_FACILITY_2024_07_23
911,ZW060364,Garanyemba Clinic,Matabeleland South,Gwanda,-21.16676,28.98773,RDC,CLINIC,Rural Council,RURAL_DISTRICT_COUNCIL,Rural,RURAL,Primary,PRIMARY,734715259,Open,ACTIVE_OR_OPERATIONAL,N/a,,,,,NO,READY_WITH_COORDINATES,IMPORTED_PENDING_CONFIGURATION,MASTER_HEALTH_FACILITY_2024_07_23
912,ZW060301,Gungwe RHC,Matabeleland South,Gwanda,-21.456188,28.887106,RDC,CLINIC,Government,GOVERNMENT,Rural,RURAL,Primary,PRIMARY,775202949,Open,ACTIVE_OR_OPERATIONAL,N/a,,,,,NO,READY_WITH_COORDINATES,IMPORTED_PENDING_CONFIGURATION,MASTER_HEALTH_FACILITY_2024_07_23
913,ZW06030A,Gwanda Provincial Hospital,Matabeleland South,Gwanda,-20.943981,29.001589,Provincial Hospital,PROVINCIAL_HOSPITAL,Government,GOVERNMENT,Urban,URBAN,Tertiary,TERTIARY,786313107,Open,ACTIVE_OR_OPERATIONAL,170,,,,,NO,READY_WITH_COORDINATES,IMPORTED_PENDING_CONFIGURATION,MASTER_HEALTH_FACILITY_2024_07_23
914,ZW060309,Gwanda ZNFPC Clinic,Matabeleland South,Gwanda,-20.94064,29.0184993744,RHC,RURAL_HEALTH_CENTRE,Parastatal,PARASTATAL,Urban,URBAN,Primary,PRIMARY,775577193,Open,ACTIVE_OR_OPERATIONAL,N/a,,,,,NO,READY_WITH_COORDINATES,IMPORTED_PENDING_CONFIGURATION,MASTER_HEALTH_FACILITY_2024_07_23
915,ZW060307,Gwanda ZRP Clinic,Matabeleland South,Gwanda,-20.9373,29.0124,RHC,RURAL_HEALTH_CENTRE,ZRP,ZIMBABWE_REPUBLIC_POLICE,Urban,URBAN,Primary,PRIMARY,773480329,Open,ACTIVE_OR_OPERATIONAL,N/a,,,,,NO,READY_WITH_COORDINATES,IMPORTED_PENDING_CONFIGURATION,MASTER_HEALTH_FACILITY_2024_07_23
916,ZW060379,Jessie Clinic,Matabeleland South,Gwanda,-21.055407,29.311201,RHC,RURAL_HEALTH_CENTRE,Mine,MINE,Peri-Urban,PERI_URBAN,Primary,PRIMARY,718890266,Open,ACTIVE_OR_OPERATIONAL,N/a,,,,,NO,READY_WITH_COORDINATES,IMPORTED_PENDING_CONFIGURATION,MASTER_HEALTH_FACILITY_2024_07_23
917,ZW060383,JM Polytech Clinic,Matabeleland South,Gwanda,-20.953598,29.0104694,RHC,RURAL_HEALTH_CENTRE,Government,GOVERNMENT,Urban,URBAN,Primary,PRIMARY,773616191,Open,ACTIVE_OR_OPERATIONAL,N/a,,,,,NO,READY_WITH_COORDINATES,IMPORTED_PENDING_CONFIGURATION,MASTER_HEALTH_FACILITY_2024_07_23
918,ZW060384,Jona Nana Clinic,Matabeleland South,Gwanda,-20.829216,28.740581,Rural Hospital,RURAL_HOSPITAL,Private,PRIVATE,Rural,RURAL,Primary,PRIMARY,772787148,Open,ACTIVE_OR_OPERATIONAL,N/a,,,,,NO,READY_WITH_COORDINATES,IMPORTED_PENDING_CONFIGURATION,MASTER_HEALTH_FACILITY_2024_07_23
919,ZW060326,Kafusi Clinic,Matabeleland South,Gwanda,-21.596242,28.773006,RHC,RURAL_HEALTH_CENTRE,Rural Council,RURAL_DISTRICT_COUNCIL,Rural,RURAL,Primary,PRIMARY,783562886,Open,ACTIVE_OR_OPERATIONAL,N/a,,,,,NO,READY_WITH_COORDINATES,IMPORTED_PENDING_CONFIGURATION,MASTER_HEALTH_FACILITY_2024_07_23
920,ZW060365,Lushongwe Clinic,Matabeleland South,Gwanda,-21.018225,28.779933,RDC,CLINIC,Rural Council,RURAL_DISTRICT_COUNCIL,Rural,RURAL,Primary,PRIMARY,778482117,Open,ACTIVE_OR_OPERATIONAL,N/a,,,,,NO,READY_WITH_COORDINATES,IMPORTED_PENDING_CONFIGURATION,MASTER_HEALTH_FACILITY_2024_07_23
921,ZW060302,Makwe RHC,Matabeleland South,Gwanda,-20.96936,28.74429,RDC,CLINIC,Government,GOVERNMENT,Rural,RURAL,Primary,PRIMARY,778417752,Open,ACTIVE_OR_OPERATIONAL,N/a,,,,,NO,READY_WITH_COORDINATES,IMPORTED_PENDING_CONFIGURATION,MASTER_HEALTH_FACILITY_2024_07_23
922,ZW06030B,Manama Mission Hospital,Matabeleland South,Gwanda,-21.562389,28.990577,Mission Hospital,MISSION_HOSPITAL,Mission,MISSION_FAITH_BASED,Rural,RURAL,Secondary,SECONDARY,719240017,Open,ACTIVE_OR_OPERATIONAL,96,,,,,NO,READY_WITH_COORDINATES,IMPORTED_PENDING_CONFIGURATION,MASTER_HEALTH_FACILITY_2024_07_23
923,ZW060388,Mandihongola Clinic,Matabeleland South,Gwanda,-21.295194,28.748377,RDC,CLINIC,Rural Council,RURAL_DISTRICT_COUNCIL,Rural,RURAL,Primary,PRIMARY,773408710,Open,ACTIVE_OR_OPERATIONAL,N/a,,,,,NO,READY_WITH_COORDINATES,IMPORTED_PENDING_CONFIGURATION,MASTER_HEALTH_FACILITY_2024_07_23
924,ZW060366,Mapate Clinic,Matabeleland South,Gwanda,-21.570004,28.899985,RDC,CLINIC,Rural Council,RURAL_DISTRICT_COUNCIL,Rural,RURAL,Primary,PRIMARY,773511011,Open,ACTIVE_OR_OPERATIONAL,N/a,,,,,NO,READY_WITH_COORDINATES,IMPORTED_PENDING_CONFIGURATION,MASTER_HEALTH_FACILITY_2024_07_23
925,ZW060327,Mashaba Clinic,Matabeleland South,Gwanda,-21.664451,28.951891,RDC,CLINIC,Rural Council,RURAL_DISTRICT_COUNCIL,Rural,RURAL,Primary,PRIMARY,778604283,Open,ACTIVE_OR_OPERATIONAL,N/a,,,,,NO,READY_WITH_COORDINATES,IMPORTED_PENDING_CONFIGURATION,MASTER_HEALTH_FACILITY_2024_07_23
926,ZW06030C,Mtshabezi Mission Hospital,Matabeleland South,Gwanda,-20.698734,28.894131,Mission Hospital,MISSION_HOSPITAL,Mission,MISSION_FAITH_BASED,Rural,RURAL,Secondary,SECONDARY,772465739,Open,ACTIVE_OR_OPERATIONAL,120,,,,,NO,READY_WITH_COORDINATES,IMPORTED_PENDING_CONFIGURATION,MASTER_HEALTH_FACILITY_2024_07_23
927,ZW060328,Mzimuni Clinic,Matabeleland South,Gwanda,-20.649571,29.135793,RDC,CLINIC,Rural Council,RURAL_DISTRICT_COUNCIL,Rural,RURAL,Primary,PRIMARY,775299924,Open,ACTIVE_OR_OPERATIONAL,N/a,,,,,NO,READY_WITH_COORDINATES,IMPORTED_PENDING_CONFIGURATION,MASTER_HEALTH_FACILITY_2024_07_23
928,ZW060303,Nhwali RHC,Matabeleland South,Gwanda,-21.695884,29.205363,RDC,CLINIC,Government,GOVERNMENT,Rural,RURAL,Primary,PRIMARY,718111960,Open,ACTIVE_OR_OPERATIONAL,N/a,,,,,NO,READY_WITH_COORDINATES,IMPORTED_PENDING_CONFIGURATION,MASTER_HEALTH_FACILITY_2024_07_23
929,ZW060329,Ntalale Clinic,Matabeleland South,Gwanda,-21.342628,28.886078,RDC,CLINIC,Rural Council,RURAL_DISTRICT_COUNCIL,Rural,RURAL,Primary,PRIMARY,788440505,Open,ACTIVE_OR_OPERATIONAL,N/a,,,,,NO,READY_WITH_COORDINATES,IMPORTED_PENDING_CONFIGURATION,MASTER_HEALTH_FACILITY_2024_07_23
930,ZW060362,Phakama Clinic,Matabeleland South,Gwanda,-20.941074,29.02467,RHC,RURAL_HEALTH_CENTRE,Town/City Council,LOCAL_AUTHORITY,Urban,URBAN,Primary,PRIMARY,772603789,Open,ACTIVE_OR_OPERATIONAL,N/a,,,,,NO,READY_WITH_COORDINATES,IMPORTED_PENDING_CONFIGURATION,MASTER_HEALTH_FACILITY_2024_07_23
931,ZW060363,Selonga Clinic,Matabeleland South,Gwanda,-21.381095,29.173314,RDC,CLINIC,Rural Council,RURAL_DISTRICT_COUNCIL,Rural,RURAL,Primary,PRIMARY,712021862,Open,ACTIVE_OR_OPERATIONAL,N/a,,,,,NO,READY_WITH_COORDINATES,IMPORTED_PENDING_CONFIGURATION,MASTER_HEALTH_FACILITY_2024_07_23
932,ZW060330,Sengezane Clinic,Matabeleland South,Gwanda,-21.362613,28.958991,RDC,CLINIC,Rural Council,RURAL_DISTRICT_COUNCIL,Rural,RURAL,Primary,PRIMARY,773866003,Open,ACTIVE_OR_OPERATIONAL,N/a,,,,,NO,READY_WITH_COORDINATES,IMPORTED_PENDING_CONFIGURATION,MASTER_HEALTH_FACILITY_2024_07_23
933,ZW060368,Silikwe Clinic,Matabeleland South,Gwanda,-20.818004,29.177643,RDC,CLINIC,Rural Council,RURAL_DISTRICT_COUNCIL,Rural,RURAL,Primary,PRIMARY,714423506,Open,ACTIVE_OR_OPERATIONAL,N/a,,,,,NO,READY_WITH_COORDINATES,IMPORTED_PENDING_CONFIGURATION,MASTER_HEALTH_FACILITY_2024_07_23
934,ZW060305,Simbumbumbu RHC,Matabeleland South,Gwanda,-20.747368,28.758373,RDC,CLINIC,Government,GOVERNMENT,Rural,RURAL,Primary,PRIMARY,716774746,Open,ACTIVE_OR_OPERATIONAL,N/a,,,,,NO,READY_WITH_COORDINATES,IMPORTED_PENDING_CONFIGURATION,MASTER_HEALTH_FACILITY_2024_07_23
935,ZW0630667,Sitezi Clinic,Matabeleland South,Gwanda,-20.820812,28.800392,RDC,CLINIC,Rural Council,RURAL_DISTRICT_COUNCIL,Rural,RURAL,Primary,PRIMARY,778297954,Open,ACTIVE_OR_OPERATIONAL,N/a,,,,,NO,READY_WITH_COORDINATES,IMPORTED_PENDING_CONFIGURATION,MASTER_HEALTH_FACILITY_2024_07_23
936,ZW060306,Stanmore RHC,Matabeleland South,Gwanda,-20.669844,29.030218,RDC,CLINIC,Government,GOVERNMENT,Rural,RURAL,Primary,PRIMARY,773721235,Open,ACTIVE_OR_OPERATIONAL,N/a,,,,,NO,READY_WITH_COORDINATES,IMPORTED_PENDING_CONFIGURATION,MASTER_HEALTH_FACILITY_2024_07_23
937,ZW060382,West Nicholson Clinic,Matabeleland South,Gwanda,-21.070481,29.369303,RDC,CLINIC,Government,GOVERNMENT,Peri-Urban,PERI_URBAN,Primary,PRIMARY,776482393,Open,ACTIVE_OR_OPERATIONAL,N/a,,,,,NO,READY_WITH_COORDINATES,IMPORTED_PENDING_CONFIGURATION,MASTER_HEALTH_FACILITY_2024_07_23
938,ZW060304,ZPS Gwanda Prison Clinic,Matabeleland South,Gwanda,-20.9426386,29.0037936,RHC,RURAL_HEALTH_CENTRE,ZPS,ZIMBABWE_PRISONS_AND_CORRECTIONAL_SERVICE,Urban,URBAN,Primary,PRIMARY,772778847,Open,ACTIVE_OR_OPERATIONAL,N/a,,,,,NO,READY_WITH_COORDINATES,IMPORTED_PENDING_CONFIGURATION,MASTER_HEALTH_FACILITY_2024_07_23
939,ZW060430,Amazon Clinic,Matabeleland South,Insiza,-20.466377,29.210407,RHC,RURAL_HEALTH_CENTRE,Mission,MISSION_FAITH_BASED,Rural,RURAL,Primary,PRIMARY,0785616856,Open,ACTIVE_OR_OPERATIONAL,4,,,,,NO,READY_WITH_COORDINATES,IMPORTED_PENDING_CONFIGURATION,MASTER_HEALTH_FACILITY_2024_07_23
940,ZW06040C,Avoca Rural Hospital,Matabeleland South,Insiza,-20.832062,29.505298,Rural Hospital,RURAL_HOSPITAL,Government,GOVERNMENT,Rural,RURAL,Primary,PRIMARY,0717104163,Open,ACTIVE_OR_OPERATIONAL,26,,,,,NO,READY_WITH_COORDINATES,IMPORTED_PENDING_CONFIGURATION,MASTER_HEALTH_FACILITY_2024_07_23
941,ZW06040A,Filabusi District Hospital,Matabeleland South,Insiza,-20.539804,29.281213,District Hospital,DISTRICT_HOSPITAL,Government,GOVERNMENT,Urban,URBAN,Secondary,SECONDARY,0712947930,Open,ACTIVE_OR_OPERATIONAL,104,,,,,NO,READY_WITH_COORDINATES,IMPORTED_PENDING_CONFIGURATION,MASTER_HEALTH_FACILITY_2024_07_23
942,ZW060408,GSU Clinic,Matabeleland South,Insiza,-19.7819791,29.1904056,RDC,CLINIC,Government,GOVERNMENT,Rural,RURAL,Primary,PRIMARY,0776585255,Open,ACTIVE_OR_OPERATIONAL,4,,,,,NO,READY_WITH_COORDINATES,IMPORTED_PENDING_CONFIGURATION,MASTER_HEALTH_FACILITY_2024_07_23
943,ZW060402,Gwatemba Rural Health Centre,Matabeleland South,Insiza,-20.405401,29.676647,RHC,RURAL_HEALTH_CENTRE,Government,GOVERNMENT,Rural,RURAL,Primary,PRIMARY,0779425539,Open,ACTIVE_OR_OPERATIONAL,4,,,,,NO,READY_WITH_COORDINATES,IMPORTED_PENDING_CONFIGURATION,MASTER_HEALTH_FACILITY_2024_07_23
944,ZW060403,Insiza Rural Health Centre,Matabeleland South,Insiza,-20.127644,29.180825,RHC,RURAL_HEALTH_CENTRE,Government,GOVERNMENT,Rural,RURAL,Primary,PRIMARY,0784099395,Open,ACTIVE_OR_OPERATIONAL,4,,,,,NO,READY_WITH_COORDINATES,IMPORTED_PENDING_CONFIGURATION,MASTER_HEALTH_FACILITY_2024_07_23
945,ZW060428,Kombo Health Post,Matabeleland South,Insiza,-19.854653,29.047292,RDC,CLINIC,Rural Council,RURAL_DISTRICT_COUNCIL,Rural,RURAL,Primary,PRIMARY,0775450020,Open,ACTIVE_OR_OPERATIONAL,4,,,,,NO,READY_WITH_COORDINATES,IMPORTED_PENDING_CONFIGURATION,MASTER_HEALTH_FACILITY_2024_07_23
946,ZW060404,Mabuze Rural Health Centre,Matabeleland South,Insiza,-20.927503,29.452981,RHC,RURAL_HEALTH_CENTRE,Government,GOVERNMENT,Rural,RURAL,Primary,PRIMARY,0715547536,Open,ACTIVE_OR_OPERATIONAL,4,,,,,NO,READY_WITH_COORDINATES,IMPORTED_PENDING_CONFIGURATION,MASTER_HEALTH_FACILITY_2024_07_23
947,ZW060431,Mbondo clinic,Matabeleland South,Insiza,-20.696343,29.477554,RDC,CLINIC,Rural Council,RURAL_DISTRICT_COUNCIL,Rural,RURAL,Primary,PRIMARY,0775168299,Open,ACTIVE_OR_OPERATIONAL,4,,,,,NO,READY_WITH_COORDINATES,IMPORTED_PENDING_CONFIGURATION,MASTER_HEALTH_FACILITY_2024_07_23
948,ZW060432,Montrose Clinic,Matabeleland South,Insiza,-20.33999,29.4942,RDC,CLINIC,Rural Council,RURAL_DISTRICT_COUNCIL,Rural,RURAL,Primary,PRIMARY,712957219,Open,ACTIVE_OR_OPERATIONAL,4,,,,,NO,READY_WITH_COORDINATES,IMPORTED_PENDING_CONFIGURATION,MASTER_HEALTH_FACILITY_2024_07_23
949,ZW060405,Nkankezi Rural Health Centre,Matabeleland South,Insiza,-20.487891,29.42337,RHC,RURAL_HEALTH_CENTRE,Government,GOVERNMENT,Rural,RURAL,Primary,PRIMARY,0780093125,Open,ACTIVE_OR_OPERATIONAL,4,,,,,NO,READY_WITH_COORDINATES,IMPORTED_PENDING_CONFIGURATION,MASTER_HEALTH_FACILITY_2024_07_23
950,ZW060406,Nyamime Rural Health Centre,Matabeleland South,Insiza,-20.906868,29.304539,RHC,RURAL_HEALTH_CENTRE,Government,GOVERNMENT,Rural,RURAL,Primary,PRIMARY,0716937289,Open,ACTIVE_OR_OPERATIONAL,4,,,,,NO,READY_WITH_COORDINATES,IMPORTED_PENDING_CONFIGURATION,MASTER_HEALTH_FACILITY_2024_07_23
951,ZW060407,Sanale Rural Health Centre,Matabeleland South,Insiza,-20.677802,29.555328,RHC,RURAL_HEALTH_CENTRE,Government,GOVERNMENT,Rural,RURAL,Primary,PRIMARY,0716095693,Open,ACTIVE_OR_OPERATIONAL,4,,,,,NO,READY_WITH_COORDINATES,IMPORTED_PENDING_CONFIGURATION,MASTER_HEALTH_FACILITY_2024_07_23
952,ZW060429,Saphila RDC,Matabeleland South,Insiza,-20.848281,29.385153,RHC,RURAL_HEALTH_CENTRE,Rural Council,RURAL_DISTRICT_COUNCIL,Rural,RURAL,Primary,PRIMARY,0712080066,Open,ACTIVE_OR_OPERATIONAL,4,,,,,NO,READY_WITH_COORDINATES,IMPORTED_PENDING_CONFIGURATION,MASTER_HEALTH_FACILITY_2024_07_23
953,ZW060477,Shangani Clinic,Matabeleland South,Insiza,-19.691301,29.220309,RHC,RURAL_HEALTH_CENTRE,Private,PRIVATE,Rural,RURAL,Primary,PRIMARY,0773953829,Open,ACTIVE_OR_OPERATIONAL,4,,,,,NO,READY_WITH_COORDINATES,IMPORTED_PENDING_CONFIGURATION,MASTER_HEALTH_FACILITY_2024_07_23
954,ZW06040B,Shangani Rural Hospital,Matabeleland South,Insiza,-19.782375,29.359217,Rural Hospital,RURAL_HOSPITAL,Government,GOVERNMENT,Rural,RURAL,Primary,PRIMARY,0775194178,Open,ACTIVE_OR_OPERATIONAL,35,,,,,NO,READY_WITH_COORDINATES,IMPORTED_PENDING_CONFIGURATION,MASTER_HEALTH_FACILITY_2024_07_23
955,ZW060427,Singwambizi Clinic,Matabeleland South,Insiza,-20.933314,29.547374,RHC,RURAL_HEALTH_CENTRE,Rural Council,RURAL_DISTRICT_COUNCIL,Rural,RURAL,Primary,PRIMARY,0719985346,Open,ACTIVE_OR_OPERATIONAL,4,,,,,NO,READY_WITH_COORDINATES,IMPORTED_PENDING_CONFIGURATION,MASTER_HEALTH_FACILITY_2024_07_23
956,ZW060425,Singwango Clinic,Matabeleland South,Insiza,-20.779694,29.315049,RHC,RURAL_HEALTH_CENTRE,Rural Council,RURAL_DISTRICT_COUNCIL,Rural,RURAL,Primary,PRIMARY,0718340887,Open,ACTIVE_OR_OPERATIONAL,4,,,,,NO,READY_WITH_COORDINATES,IMPORTED_PENDING_CONFIGURATION,MASTER_HEALTH_FACILITY_2024_07_23
957,ZW06040D,Wanezi Mission Hospital,Matabeleland South,Insiza,-20.559962,29.580143,Mission Hospital,MISSION_HOSPITAL,Mission,MISSION_FAITH_BASED,Rural,RURAL,Primary,PRIMARY,0778004632,Open,ACTIVE_OR_OPERATIONAL,45,,,,,NO,READY_WITH_COORDINATES,IMPORTED_PENDING_CONFIGURATION,MASTER_HEALTH_FACILITY_2024_07_23
958,ZW060426,Zhulube Clinic,Matabeleland South,Insiza,-20.640328,29.276945,RHC,RURAL_HEALTH_CENTRE,Rural Council,RURAL_DISTRICT_COUNCIL,Rural,RURAL,Primary,PRIMARY,0773485411,Open,ACTIVE_OR_OPERATIONAL,4,,,,,NO,READY_WITH_COORDINATES,IMPORTED_PENDING_CONFIGURATION,MASTER_HEALTH_FACILITY_2024_07_23
959,ZW060709,Bango Rural Health Centre,Matabeleland South,Mangwe,-21.25767,28.134776,RHC,RURAL_HEALTH_CENTRE,Government,GOVERNMENT,Rural,RURAL,Primary,PRIMARY,771148749,Open,ACTIVE_OR_OPERATIONAL,5,,,,,NO,READY_WITH_COORDINATES,IMPORTED_PENDING_CONFIGURATION,MASTER_HEALTH_FACILITY_2024_07_23
960,ZW060745,Dingumuzi Clinic,Matabeleland South,Mangwe,-20.499817,27.809106,RDC,CLINIC,Rural Council,RURAL_DISTRICT_COUNCIL,Urban,URBAN,Primary,PRIMARY,776418215,Open,ACTIVE_OR_OPERATIONAL,5,,,,,NO,READY_WITH_COORDINATES,IMPORTED_PENDING_CONFIGURATION,MASTER_HEALTH_FACILITY_2024_07_23
961,ZW06070E,Embakwe Mission Hospital,Matabeleland South,Mangwe,-20.778852,27.821418,Mission Clinic,MISSION_CLINIC,Mission,MISSION_FAITH_BASED,Rural,RURAL,Primary,PRIMARY,717492410,Open,ACTIVE_OR_OPERATIONAL,13,,,,,NO,READY_WITH_COORDINATES,IMPORTED_PENDING_CONFIGURATION,MASTER_HEALTH_FACILITY_2024_07_23
962,ZW060792,Empandeni Mission Clinic,Matabeleland South,Mangwe,-20.707972,27.903527,Mission Clinic,MISSION_CLINIC,Mission,MISSION_FAITH_BASED,Rural,RURAL,Primary,PRIMARY,772801610,Open,ACTIVE_OR_OPERATIONAL,10,,,,,NO,READY_WITH_COORDINATES,IMPORTED_PENDING_CONFIGURATION,MASTER_HEALTH_FACILITY_2024_07_23
963,ZW060703,Ingwizi Rural Health Centre,Matabeleland South,Mangwe,-21.119346,27.870921,RHC,RURAL_HEALTH_CENTRE,Government,GOVERNMENT,Rural,RURAL,Primary,PRIMARY,771323380,Open,ACTIVE_OR_OPERATIONAL,5,,,,,NO,READY_WITH_COORDINATES,IMPORTED_PENDING_CONFIGURATION,MASTER_HEALTH_FACILITY_2024_07_23
964,ZW060736,Izimnyama clinic,Matabeleland South,Mangwe,-20.618613,27.773446,RDC,CLINIC,Rural Council,RURAL_DISTRICT_COUNCIL,Rural,RURAL,Primary,PRIMARY,773628977,Open,ACTIVE_OR_OPERATIONAL,5,,,,,NO,READY_WITH_COORDINATES,IMPORTED_PENDING_CONFIGURATION,MASTER_HEALTH_FACILITY_2024_07_23
965,ZW060735,Macingwana,Matabeleland South,Mangwe,-20.599112,27.887668,Mission Clinic,MISSION_CLINIC,Mission,MISSION_FAITH_BASED,Rural,RURAL,Primary,PRIMARY,713773444,Open,ACTIVE_OR_OPERATIONAL,N/a,,,,,NO,READY_WITH_COORDINATES,IMPORTED_PENDING_CONFIGURATION,MASTER_HEALTH_FACILITY_2024_07_23
966,ZW060727,Madabe Clinic,Matabeleland South,Mangwe,-20.814119,27.753136,RDC,CLINIC,Rural Council,RURAL_DISTRICT_COUNCIL,Rural,RURAL,Primary,PRIMARY,778687789,Open,ACTIVE_OR_OPERATIONAL,2,,,,,NO,READY_WITH_COORDINATES,IMPORTED_PENDING_CONFIGURATION,MASTER_HEALTH_FACILITY_2024_07_23
967,ZW060729,Mambale Clinic,Matabeleland South,Mangwe,-21.478354,28.284747,RDC,CLINIC,Rural Council,RURAL_DISTRICT_COUNCIL,Rural,RURAL,Primary,PRIMARY,772742739,Open,ACTIVE_OR_OPERATIONAL,5,,,,,NO,READY_WITH_COORDINATES,IMPORTED_PENDING_CONFIGURATION,MASTER_HEALTH_FACILITY_2024_07_23
968,ZW060734,Maninji Clinic,Matabeleland South,Mangwe,-21.401323,28.069129,RDC,CLINIC,Rural Council,RURAL_DISTRICT_COUNCIL,Rural,RURAL,Primary,PRIMARY,778297480,Open,ACTIVE_OR_OPERATIONAL,3,,,,,NO,READY_WITH_COORDINATES,IMPORTED_PENDING_CONFIGURATION,MASTER_HEALTH_FACILITY_2024_07_23
969,ZW060705,Marula Clinic,Matabeleland South,Mangwe,-20.472222,28.093544,RDC,CLINIC,Rural Council,RURAL_DISTRICT_COUNCIL,Rural,RURAL,Primary,PRIMARY,787070050,Open,ACTIVE_OR_OPERATIONAL,5,,,,,NO,READY_WITH_COORDINATES,IMPORTED_PENDING_CONFIGURATION,MASTER_HEALTH_FACILITY_2024_07_23
970,ZW060707,Mayobodo Rural Health Centre,Matabeleland South,Mangwe,-21.363558,28.151381,RHC,RURAL_HEALTH_CENTRE,Government,GOVERNMENT,Rural,RURAL,Primary,PRIMARY,784257529,Open,ACTIVE_OR_OPERATIONAL,5,,,,,NO,READY_WITH_COORDINATES,IMPORTED_PENDING_CONFIGURATION,MASTER_HEALTH_FACILITY_2024_07_23
971,ZW060710,Plumtree Boarder Post Clinic,Matabeleland South,Mangwe,-20.5412213,27.7351523,RHC,RURAL_HEALTH_CENTRE,Government,GOVERNMENT,Urban,URBAN,Primary,PRIMARY,784049907,Open,ACTIVE_OR_OPERATIONAL,2,,,,,NO,READY_WITH_COORDINATES,IMPORTED_PENDING_CONFIGURATION,MASTER_HEALTH_FACILITY_2024_07_23
972,ZW06070A,Plumtree District Hospital,Matabeleland South,Mangwe,-20.497209,27.809213,District Hospital,DISTRICT_HOSPITAL,Government,GOVERNMENT,Urban,URBAN,Secondary,SECONDARY,772756958,Open,ACTIVE_OR_OPERATIONAL,110,,,,,NO,READY_WITH_COORDINATES,IMPORTED_PENDING_CONFIGURATION,MASTER_HEALTH_FACILITY_2024_07_23
973,ZW060733,Sanzukwi Clinic,Matabeleland South,Mangwe,-21.106589,28.002424,RDC,CLINIC,Rural Council,RURAL_DISTRICT_COUNCIL,Rural,RURAL,Primary,PRIMARY,782128220,Open,ACTIVE_OR_OPERATIONAL,9,,,,,NO,READY_WITH_COORDINATES,IMPORTED_PENDING_CONFIGURATION,MASTER_HEALTH_FACILITY_2024_07_23
974,ZW06070D,St Annes Mission Hospital (Brunapeg),Matabeleland South,Mangwe,-21.170314,28.033064,Mission Hospital,MISSION_HOSPITAL,Mission,MISSION_FAITH_BASED,Rural,RURAL,Secondary,SECONDARY,772851535,Open,ACTIVE_OR_OPERATIONAL,110,,,,,NO,READY_WITH_COORDINATES,IMPORTED_PENDING_CONFIGURATION,MASTER_HEALTH_FACILITY_2024_07_23
975,ZW060732,Tshitshi Clinic,Matabeleland South,Mangwe,-21.00352,27.748247,RDC,CLINIC,Rural Council,RURAL_DISTRICT_COUNCIL,Rural,RURAL,Primary,PRIMARY,777618071,Open,ACTIVE_OR_OPERATIONAL,5,,,,,NO,READY_WITH_COORDINATES,IMPORTED_PENDING_CONFIGURATION,MASTER_HEALTH_FACILITY_2024_07_23
976,ZW060793,ZPS Plumtree Prison Clinic,Matabeleland South,Mangwe,-20.4916,27.8103,RHC,RURAL_HEALTH_CENTRE,ZPS,ZIMBABWE_PRISONS_AND_CORRECTIONAL_SERVICE,Urban,URBAN,Primary,PRIMARY,779016769,Open,ACTIVE_OR_OPERATIONAL,N/a,,,,,NO,READY_WITH_COORDINATES,IMPORTED_PENDING_CONFIGURATION,MASTER_HEALTH_FACILITY_2024_07_23
977,ZW060794,ZRP Plumtree Clinic,Matabeleland South,Mangwe,-20.4912455,27.8044438,RHC,RURAL_HEALTH_CENTRE,ZRP,ZIMBABWE_REPUBLIC_POLICE,Urban,URBAN,Primary,PRIMARY,780920550,Open,ACTIVE_OR_OPERATIONAL,N/a,,,,,NO,READY_WITH_COORDINATES,IMPORTED_PENDING_CONFIGURATION,MASTER_HEALTH_FACILITY_2024_07_23
978,ZW060592,Bazha Mission Clinic,Matabeleland South,Matobo,-20.593596,28.331783,Mission Clinic,MISSION_CLINIC,Mission,MISSION_FAITH_BASED,Rural,RURAL,Primary,PRIMARY,775397751,Open,ACTIVE_OR_OPERATIONAL,N/a,,,,,NO,READY_WITH_COORDINATES,IMPORTED_PENDING_CONFIGURATION,MASTER_HEALTH_FACILITY_2024_07_23
979,ZW060504,Beula-seula Rural Health Centre,Matabeleland South,Matobo,-21.484808,28.394066,RHC,RURAL_HEALTH_CENTRE,Government,GOVERNMENT,Rural,RURAL,Primary,PRIMARY,786466632,Open,ACTIVE_OR_OPERATIONAL,N/a,,,,,NO,READY_WITH_COORDINATES,IMPORTED_PENDING_CONFIGURATION,MASTER_HEALTH_FACILITY_2024_07_23
980,ZW060594,Cyrene Mission Clinic,Matabeleland South,Matobo,-20.331061,28.414959,Mission Clinic,MISSION_CLINIC,Mission,MISSION_FAITH_BASED,Rural,RURAL,Primary,PRIMARY,779252978,Open,ACTIVE_OR_OPERATIONAL,N/a,,,,,NO,READY_WITH_COORDINATES,IMPORTED_PENDING_CONFIGURATION,MASTER_HEALTH_FACILITY_2024_07_23
981,ZW060505,Ekukhanyeni Clinic,Matabeleland South,Matobo,-20.403426,28.6778,RDC,CLINIC,Town/City Council,LOCAL_AUTHORITY,Rural,RURAL,Primary,PRIMARY,776423634,Open,ACTIVE_OR_OPERATIONAL,N/a,,,,,NO,READY_WITH_COORDINATES,IMPORTED_PENDING_CONFIGURATION,MASTER_HEALTH_FACILITY_2024_07_23
982,ZW060506,Fumugwe Clinic,Matabeleland South,Matobo,-20.673467,28.258956,RDC,CLINIC,Town/City Council,LOCAL_AUTHORITY,Rural,RURAL,Primary,PRIMARY,775993614,Open,ACTIVE_OR_OPERATIONAL,N/a,,,,,NO,READY_WITH_COORDINATES,IMPORTED_PENDING_CONFIGURATION,MASTER_HEALTH_FACILITY_2024_07_23
983,ZW060581,Gulati Rural Health Center,Matabeleland South,Matobo,-20.442355,28.590132,RHC,RURAL_HEALTH_CENTRE,Government,GOVERNMENT,Rural,RURAL,Primary,PRIMARY,712375708,Open,ACTIVE_OR_OPERATIONAL,N/a,,,,,NO,READY_WITH_COORDINATES,IMPORTED_PENDING_CONFIGURATION,MASTER_HEALTH_FACILITY_2024_07_23
984,ZW060503,Homestead Rural Health Centre,Matabeleland South,Matobo,-21.256217,28.54627,RHC,RURAL_HEALTH_CENTRE,Government,GOVERNMENT,Rural,RURAL,Primary,PRIMARY,777010190,Open,ACTIVE_OR_OPERATIONAL,N/a,,,,,NO,READY_WITH_COORDINATES,IMPORTED_PENDING_CONFIGURATION,MASTER_HEALTH_FACILITY_2024_07_23
985,ZW06050B,Kezi Rural Hospital,Matabeleland South,Matobo,-20.914271,28.459449,Rural Hospital,RURAL_HOSPITAL,Government,GOVERNMENT,Rural,RURAL,Primary,PRIMARY,775110869,Open,ACTIVE_OR_OPERATIONAL,42,,,,,NO,READY_WITH_COORDINATES,IMPORTED_PENDING_CONFIGURATION,MASTER_HEALTH_FACILITY_2024_07_23
986,ZW06050A,Maphisa District Hospital,Matabeleland South,Matobo,-21.059628,28.459814,District Hospital,DISTRICT_HOSPITAL,Government,GOVERNMENT,Rural,RURAL,Secondary,SECONDARY,776121684,Open,ACTIVE_OR_OPERATIONAL,94,,,,,NO,READY_WITH_COORDINATES,IMPORTED_PENDING_CONFIGURATION,MASTER_HEALTH_FACILITY_2024_07_23
987,ZW060593,Masiye Clinic,Matabeleland South,Matobo,-20.591195,28.629691,Mission Clinic,MISSION_CLINIC,Mission,MISSION_FAITH_BASED,Rural,RURAL,Primary,PRIMARY,780740294,Open,ACTIVE_OR_OPERATIONAL,N/A,,,,,NO,READY_WITH_COORDINATES,IMPORTED_PENDING_CONFIGURATION,MASTER_HEALTH_FACILITY_2024_07_23
988,ZW060591,Matopo Mission Clinic,Matabeleland South,Matobo,-20.462586,28.720158,Mission Clinic,MISSION_CLINIC,Mission,MISSION_FAITH_BASED,Rural,RURAL,Primary,PRIMARY,778740387,Open,ACTIVE_OR_OPERATIONAL,N/A,,,,,NO,READY_WITH_COORDINATES,IMPORTED_PENDING_CONFIGURATION,MASTER_HEALTH_FACILITY_2024_07_23
989,ZW06050C,Matopo Rural Hospital,Matabeleland South,Matobo,-20.41595,28.478883,Rural Hospital,RURAL_HOSPITAL,Government,GOVERNMENT,Rural,RURAL,Primary,PRIMARY,782012392,Open,ACTIVE_OR_OPERATIONAL,50,,,,,NO,READY_WITH_COORDINATES,IMPORTED_PENDING_CONFIGURATION,MASTER_HEALTH_FACILITY_2024_07_23
990,ZW060525,Mbembeswane Clinic,Matabeleland South,Matobo,-21.031063,28.252736,RDC,CLINIC,Town/City Council,LOCAL_AUTHORITY,Rural,RURAL,Primary,PRIMARY,712371027,Open,ACTIVE_OR_OPERATIONAL,N/A,,,,,NO,READY_WITH_COORDINATES,IMPORTED_PENDING_CONFIGURATION,MASTER_HEALTH_FACILITY_2024_07_23
991,ZW060509,Mlugulu Clinic,Matabeleland South,Matobo,-20.299059,28.184238,RDC,CLINIC,Rural Council,RURAL_DISTRICT_COUNCIL,Rural,RURAL,Primary,PRIMARY,776446147,Open,ACTIVE_OR_OPERATIONAL,9,,,,,NO,READY_WITH_COORDINATES,IMPORTED_PENDING_CONFIGURATION,MASTER_HEALTH_FACILITY_2024_07_23
992,ZW060501,Natisa Rural Health Centre,Matabeleland South,Matobo,-20.676125,28.494572,RHC,RURAL_HEALTH_CENTRE,Government,GOVERNMENT,Rural,RURAL,Primary,PRIMARY,774886685,Open,ACTIVE_OR_OPERATIONAL,N/a,,,,,NO,READY_WITH_COORDINATES,IMPORTED_PENDING_CONFIGURATION,MASTER_HEALTH_FACILITY_2024_07_23
993,ZW060508,Ndabankulu Clinic,Matabeleland South,Matobo,-21.098418,28.612037,RDC,CLINIC,Town/City Council,LOCAL_AUTHORITY,Rural,RURAL,Primary,PRIMARY,789031679,Open,ACTIVE_OR_OPERATIONAL,N/a,,,,,NO,READY_WITH_COORDINATES,IMPORTED_PENDING_CONFIGURATION,MASTER_HEALTH_FACILITY_2024_07_23
994,ZW060502,Sankonjane Rural Health Centre,Matabeleland South,Matobo,-21.39452,28.69969,RHC,RURAL_HEALTH_CENTRE,Government,GOVERNMENT,Rural,RURAL,Primary,PRIMARY,781480190,Open,ACTIVE_OR_OPERATIONAL,N/a,,,,,NO,READY_WITH_COORDINATES,IMPORTED_PENDING_CONFIGURATION,MASTER_HEALTH_FACILITY_2024_07_23
995,ZW060507,Silozwi Clinic,Matabeleland South,Matobo,-20.580075,28.567029,RDC,CLINIC,Town/City Council,LOCAL_AUTHORITY,Rural,RURAL,Primary,PRIMARY,788517457,Open,ACTIVE_OR_OPERATIONAL,N/a,,,,,NO,READY_WITH_COORDINATES,IMPORTED_PENDING_CONFIGURATION,MASTER_HEALTH_FACILITY_2024_07_23
996,ZW06050E,St Joseph's Mission Hospital,Matabeleland South,Matobo,-21.245775,28.275038,Mission Hospital,MISSION_HOSPITAL,Mission,MISSION_FAITH_BASED,Rural,RURAL,Secondary,SECONDARY,774152049,Open,ACTIVE_OR_OPERATIONAL,67,,,,,NO,READY_WITH_COORDINATES,IMPORTED_PENDING_CONFIGURATION,MASTER_HEALTH_FACILITY_2024_07_23
997,ZW06050D,Tshelanyemba Mission Hospital,Matabeleland South,Matobo,-21.346027,28.487212,Mission Hospital,MISSION_HOSPITAL,Mission,MISSION_FAITH_BASED,Rural,RURAL,Secondary,SECONDARY,775105665,Open,ACTIVE_OR_OPERATIONAL,95,,,,,NO,READY_WITH_COORDINATES,IMPORTED_PENDING_CONFIGURATION,MASTER_HEALTH_FACILITY_2024_07_23
998,ZW060635,Dula Clinic,Matabeleland South,Umzingwane,-20.629572,28.805257,RDC,CLINIC,Rural Council,RURAL_DISTRICT_COUNCIL,Rural,RURAL,Primary,PRIMARY,0735332198,Open,ACTIVE_OR_OPERATIONAL,N/a,,,,,NO,READY_WITH_COORDINATES,IMPORTED_PENDING_CONFIGURATION,MASTER_HEALTH_FACILITY_2024_07_23
999,ZW060625,Esibomvu Clinic,Matabeleland South,Umzingwane,-20.402842,28.895667,RDC,CLINIC,Rural Council,RURAL_DISTRICT_COUNCIL,Rural,RURAL,Primary,PRIMARY,0776655421,Open,ACTIVE_OR_OPERATIONAL,N/a,,,,,NO,READY_WITH_COORDINATES,IMPORTED_PENDING_CONFIGURATION,MASTER_HEALTH_FACILITY_2024_07_23
1000,ZW06060A,Esigodini District Hospital,Matabeleland South,Umzingwane,-20.283403,28.936416,District Hospital,DISTRICT_HOSPITAL,Government,GOVERNMENT,Rural,RURAL,Secondary,SECONDARY,0715094626,Open,ACTIVE_OR_OPERATIONAL,58,,,,,NO,READY_WITH_COORDINATES,IMPORTED_PENDING_CONFIGURATION,MASTER_HEALTH_FACILITY_2024_07_23
1001,ZW060626,Habane Clinic,Matabeleland South,Umzingwane,-20.312457,28.944412,RDC,CLINIC,Rural Council,RURAL_DISTRICT_COUNCIL,Rural,RURAL,Primary,PRIMARY,0775237313,Open,ACTIVE_OR_OPERATIONAL,N/a,,,,,NO,READY_WITH_COORDINATES,IMPORTED_PENDING_CONFIGURATION,MASTER_HEALTH_FACILITY_2024_07_23
1002,ZW060676,How Mine Clinic,Matabeleland South,Umzingwane,-20.303674,28.782465,RHC,RURAL_HEALTH_CENTRE,Mine,MINE,Rural,RURAL,Primary,PRIMARY,0775284504,Open,ACTIVE_OR_OPERATIONAL,N/a,,,,,NO,READY_WITH_COORDINATES,IMPORTED_PENDING_CONFIGURATION,MASTER_HEALTH_FACILITY_2024_07_23
1003,ZW060632,Irrisvale RHC,Matabeleland South,Umzingwane,-20.509872,29.080878,RHC,RURAL_HEALTH_CENTRE,Government,GOVERNMENT,Rural,RURAL,Primary,PRIMARY,0785519101,Open,ACTIVE_OR_OPERATIONAL,N/a,,,,,NO,READY_WITH_COORDINATES,IMPORTED_PENDING_CONFIGURATION,MASTER_HEALTH_FACILITY_2024_07_23
1004,ZW060601,Kumbudzi RHC,Matabeleland South,Umzingwane,-20.622653,28.893095,RHC,RURAL_HEALTH_CENTRE,Government,GOVERNMENT,Rural,RURAL,Primary,PRIMARY,0775203344,Open,ACTIVE_OR_OPERATIONAL,N/a,,,,,NO,READY_WITH_COORDINATES,IMPORTED_PENDING_CONFIGURATION,MASTER_HEALTH_FACILITY_2024_07_23
1005,ZW060627,Mawabeni Clinic,Matabeleland South,Umzingwane,-20.407009,28.985912,RDC,CLINIC,Rural Council,RURAL_DISTRICT_COUNCIL,Rural,RURAL,Primary,PRIMARY,0775202641,Open,ACTIVE_OR_OPERATIONAL,N/a,,,,,NO,READY_WITH_COORDINATES,IMPORTED_PENDING_CONFIGURATION,MASTER_HEALTH_FACILITY_2024_07_23
1006,ZW060602,Mbizingwe RHC,Matabeleland South,Umzingwane,-20.403826,28.814901,RHC,RURAL_HEALTH_CENTRE,Government,GOVERNMENT,Rural,RURAL,Primary,PRIMARY,0774673544,Open,ACTIVE_OR_OPERATIONAL,N/a,,,,,NO,READY_WITH_COORDINATES,IMPORTED_PENDING_CONFIGURATION,MASTER_HEALTH_FACILITY_2024_07_23
1007,ZW060628,Mhlahlandlela Clinic,Matabeleland South,Umzingwane,-20.521632,28.780723,RDC,CLINIC,Rural Council,RURAL_DISTRICT_COUNCIL,Rural,RURAL,Primary,PRIMARY,0774670778,Open,ACTIVE_OR_OPERATIONAL,N/a,,,,,NO,READY_WITH_COORDINATES,IMPORTED_PENDING_CONFIGURATION,MASTER_HEALTH_FACILITY_2024_07_23
1008,ZW060605,Mpisini RHC,Matabeleland South,Umzingwane,-20.208298,29.109677,RHC,RURAL_HEALTH_CENTRE,Government,GOVERNMENT,Rural,RURAL,Primary,PRIMARY,0782871795,Open,ACTIVE_OR_OPERATIONAL,N/a,,,,,NO,READY_WITH_COORDINATES,IMPORTED_PENDING_CONFIGURATION,MASTER_HEALTH_FACILITY_2024_07_23
1009,ZW060606,Mzingwane RHC,Matabeleland South,Umzingwane,-20.342121,28.941538,RHC,RURAL_HEALTH_CENTRE,Government,GOVERNMENT,Rural,RURAL,Primary,PRIMARY,0787517741,Open,ACTIVE_OR_OPERATIONAL,N/a,,,,,NO,READY_WITH_COORDINATES,IMPORTED_PENDING_CONFIGURATION,MASTER_HEALTH_FACILITY_2024_07_23
1010,ZW060629,Nhlangano Clinic,Matabeleland South,Umzingwane,-20.194343,28.77354,RDC,CLINIC,Rural Council,RURAL_DISTRICT_COUNCIL,Rural,RURAL,Primary,PRIMARY,0787478617,Open,ACTIVE_OR_OPERATIONAL,N/a,,,,,NO,READY_WITH_COORDINATES,IMPORTED_PENDING_CONFIGURATION,MASTER_HEALTH_FACILITY_2024_07_23
1011,ZW060630,Nswazi Clinic,Matabeleland South,Umzingwane,-20.542754,28.982143,RDC,CLINIC,Rural Council,RURAL_DISTRICT_COUNCIL,Rural,RURAL,Primary,PRIMARY,0773901141,Open,ACTIVE_OR_OPERATIONAL,N/a,,,,,NO,READY_WITH_COORDINATES,IMPORTED_PENDING_CONFIGURATION,MASTER_HEALTH_FACILITY_2024_07_23
1012,ZW060631,Ntshamathe Clinic,Matabeleland South,Umzingwane,-20.149034,28.791059,RDC,CLINIC,Rural Council,RURAL_DISTRICT_COUNCIL,Rural,RURAL,Primary,PRIMARY,0772824061,Open,ACTIVE_OR_OPERATIONAL,N/a,,,,,NO,READY_WITH_COORDINATES,IMPORTED_PENDING_CONFIGURATION,MASTER_HEALTH_FACILITY_2024_07_23
1013,ZW060636,Shale Clinic,Matabeleland South,Umzingwane,-20.470284,28.842285,RDC,CLINIC,Rural Council,RURAL_DISTRICT_COUNCIL,Rural,RURAL,Primary,PRIMARY,0782871794,Open,ACTIVE_OR_OPERATIONAL,N/a,,,,,NO,READY_WITH_COORDINATES,IMPORTED_PENDING_CONFIGURATION,MASTER_HEALTH_FACILITY_2024_07_23
1014,ZW060603,Umzingwane ZNA Clinic,Matabeleland South,Umzingwane,-20.2788406,28.2919202,RHC,RURAL_HEALTH_CENTRE,ZNA,UNIFORMED_SERVICE,Rural,RURAL,Primary,PRIMARY,0777986961,Open,ACTIVE_OR_OPERATIONAL,N/a,,,,,NO,READY_WITH_COORDINATES,IMPORTED_PENDING_CONFIGURATION,MASTER_HEALTH_FACILITY_2024_07_23
1015,ZW060677,Willie Sibanda clinic,Matabeleland South,Umzingwane,-20.2763731,28.2919051,Private Clinic,PRIVATE_CLINIC,Private,PRIVATE,Rural,RURAL,Primary,PRIMARY,786666821,Open,ACTIVE_OR_OPERATIONAL,N/a,,,,,NO,READY_WITH_COORDINATES,IMPORTED_PENDING_CONFIGURATION,MASTER_HEALTH_FACILITY_2024_07_23
1016,ZW060634,Zimbili Clinic,Matabeleland South,Umzingwane,-20.065543,28.971442,RDC,CLINIC,Rural Council,RURAL_DISTRICT_COUNCIL,Rural,RURAL,Primary,PRIMARY,0779711759,Open,ACTIVE_OR_OPERATIONAL,N/a,,,,,NO,READY_WITH_COORDINATES,IMPORTED_PENDING_CONFIGURATION,MASTER_HEALTH_FACILITY_2024_07_23
1017,ZW080176,Bikita Minerals Clinic,Masvingo,Bikita,-19.958386,31.41929,RHC,RURAL_HEALTH_CENTRE,Mine,MINE,Rural,RURAL,primary,PRIMARY,0773 899 032,Functional,ACTIVE_OR_OPERATIONAL,N/A,,,,,NO,READY_WITH_COORDINATES,IMPORTED_PENDING_CONFIGURATION,MASTER_HEALTH_FACILITY_2024_07_23
1018,ZW08010A,Bikita Rural Hospital,Masvingo,Bikita,-20.067184,31.607363,Rural Hospital,RURAL_HOSPITAL,Government,GOVERNMENT,Rural,RURAL,primary,PRIMARY,0777140257,Functional,ACTIVE_OR_OPERATIONAL,45,,,,,NO,READY_WITH_COORDINATES,IMPORTED_PENDING_CONFIGURATION,MASTER_HEALTH_FACILITY_2024_07_23
1019,ZW080138,Budzi Clinic,Masvingo,Bikita,-19.971957,31.956611,RHC,RURAL_HEALTH_CENTRE,Rural Council,RURAL_DISTRICT_COUNCIL,Rural,RURAL,primary,PRIMARY,263773607940,Functional,ACTIVE_OR_OPERATIONAL,N/A,,,,,NO,READY_WITH_COORDINATES,IMPORTED_PENDING_CONFIGURATION,MASTER_HEALTH_FACILITY_2024_07_23
1020,ZW08010B,Chikuku Rural Hospital,Masvingo,Bikita,-20.000121,31.868625,Rural Hospital,RURAL_HOSPITAL,Government,GOVERNMENT,Rural,RURAL,primary,PRIMARY,0778 846 851,Functional,ACTIVE_OR_OPERATIONAL,27,,,,,NO,READY_WITH_COORDINATES,IMPORTED_PENDING_CONFIGURATION,MASTER_HEALTH_FACILITY_2024_07_23
1021,ZW080101,Chirorwe Rural Health Centre,Masvingo,Bikita,-19.88481,31.917469,RHC,RURAL_HEALTH_CENTRE,Government,GOVERNMENT,Rural,RURAL,primary,PRIMARY,0775 737 088,Functional,ACTIVE_OR_OPERATIONAL,3,,,,,NO,READY_WITH_COORDINATES,IMPORTED_PENDING_CONFIGURATION,MASTER_HEALTH_FACILITY_2024_07_23
1022,ZW080125,Chitasa Clinic,Masvingo,Bikita,-20.191323,31.845649,RHC,RURAL_HEALTH_CENTRE,Rural Council,RURAL_DISTRICT_COUNCIL,Rural,RURAL,primary,PRIMARY,0777299602,Functional,ACTIVE_OR_OPERATIONAL,3,,,,,NO,READY_WITH_COORDINATES,IMPORTED_PENDING_CONFIGURATION,MASTER_HEALTH_FACILITY_2024_07_23
1023,ZW080102,Dewure I Rural Health Centre,Masvingo,Bikita,-19.945881,32.114363,RHC,RURAL_HEALTH_CENTRE,Government,GOVERNMENT,Rural,RURAL,primary,PRIMARY,0776 066 978,Functional,ACTIVE_OR_OPERATIONAL,3,,,,,NO,READY_WITH_COORDINATES,IMPORTED_PENDING_CONFIGURATION,MASTER_HEALTH_FACILITY_2024_07_23
1024,ZW080103,Dewure II Rural Health Centre,Masvingo,Bikita,-20.247159,31.95153,RHC,RURAL_HEALTH_CENTRE,Government,GOVERNMENT,Rural,RURAL,primary,PRIMARY,0777 818 952,Functional,ACTIVE_OR_OPERATIONAL,3,,,,,NO,READY_WITH_COORDINATES,IMPORTED_PENDING_CONFIGURATION,MASTER_HEALTH_FACILITY_2024_07_23
1025,ZW080134,Gangare Rural Health Centre,Masvingo,Bikita,-19.91534,31.816911,RHC,RURAL_HEALTH_CENTRE,Rural Council,RURAL_DISTRICT_COUNCIL,Rural,RURAL,primary,PRIMARY,0772241167,Functional,ACTIVE_OR_OPERATIONAL,3,,,,,NO,READY_WITH_COORDINATES,IMPORTED_PENDING_CONFIGURATION,MASTER_HEALTH_FACILITY_2024_07_23
1026,ZW080135,Gava Rural Health Centre,Masvingo,Bikita,-20.537572,31.809791,RHC,RURAL_HEALTH_CENTRE,Government,GOVERNMENT,Rural,RURAL,primary,PRIMARY,0773 658 543,Functional,ACTIVE_OR_OPERATIONAL,3,,,,,NO,READY_WITH_COORDINATES,IMPORTED_PENDING_CONFIGURATION,MASTER_HEALTH_FACILITY_2024_07_23
1027,ZW080126,Hozvi Clinic,Masvingo,Bikita,-20.04855,31.537167,RHC,RURAL_HEALTH_CENTRE,Rural Council,RURAL_DISTRICT_COUNCIL,Rural,RURAL,primary,PRIMARY,0779 692 857,Functional,ACTIVE_OR_OPERATIONAL,3,,,,,NO,READY_WITH_COORDINATES,IMPORTED_PENDING_CONFIGURATION,MASTER_HEALTH_FACILITY_2024_07_23
1028,ZW080127,Mandara Clinic,Masvingo,Bikita,-20.177448,31.615585,RHC,RURAL_HEALTH_CENTRE,Rural Council,RURAL_DISTRICT_COUNCIL,Rural,RURAL,primary,PRIMARY,0772247173,Functional,ACTIVE_OR_OPERATIONAL,3,,,,,NO,READY_WITH_COORDINATES,IMPORTED_PENDING_CONFIGURATION,MASTER_HEALTH_FACILITY_2024_07_23
1029,ZW080128,Marozva Clinic,Masvingo,Bikita,-19.999695,31.511858,RHC,RURAL_HEALTH_CENTRE,Rural Council,RURAL_DISTRICT_COUNCIL,Rural,RURAL,primary,PRIMARY,0772431726,Functional,ACTIVE_OR_OPERATIONAL,3,,,,,NO,READY_WITH_COORDINATES,IMPORTED_PENDING_CONFIGURATION,MASTER_HEALTH_FACILITY_2024_07_23
1030,ZW08010C,Mashoko Mission Hospital,Masvingo,Bikita,-20.494408,31.749266,Mission Hospital,MISSION_HOSPITAL,Mission,MISSION_FAITH_BASED,Rural,RURAL,secondary,SECONDARY,773118919,Functional,ACTIVE_OR_OPERATIONAL,200,,,,,NO,READY_WITH_COORDINATES,IMPORTED_PENDING_CONFIGURATION,MASTER_HEALTH_FACILITY_2024_07_23
1031,ZW080104,Mukanga Rural Health Centre,Masvingo,Bikita,-20.437046,31.713531,RHC,RURAL_HEALTH_CENTRE,Government,GOVERNMENT,Rural,RURAL,primary,PRIMARY,0772246484,Functional,ACTIVE_OR_OPERATIONAL,N/A,,,,,NO,READY_WITH_COORDINATES,IMPORTED_PENDING_CONFIGURATION,MASTER_HEALTH_FACILITY_2024_07_23
1032,ZW080105,Mukore Rural Health Centre,Masvingo,Bikita,-20.139769,31.842512,RHC,RURAL_HEALTH_CENTRE,Government,GOVERNMENT,Rural,RURAL,primary,PRIMARY,0772 247 419,Functional,ACTIVE_OR_OPERATIONAL,N/A,,,,,NO,READY_WITH_COORDINATES,IMPORTED_PENDING_CONFIGURATION,MASTER_HEALTH_FACILITY_2024_07_23
1033,ZW080132,Mungezi Rural Health Centre,Masvingo,Bikita,-19.913928,31.521165,RHC,RURAL_HEALTH_CENTRE,Rural Council,RURAL_DISTRICT_COUNCIL,Rural,RURAL,primary,PRIMARY,0717 870 379,Functional,ACTIVE_OR_OPERATIONAL,N/A,,,,,NO,READY_WITH_COORDINATES,IMPORTED_PENDING_CONFIGURATION,MASTER_HEALTH_FACILITY_2024_07_23
1034,ZW080136,Mupamaonde Clinic,Masvingo,Bikita,-19.880016,31.726437,RHC,RURAL_HEALTH_CENTRE,Rural Council,RURAL_DISTRICT_COUNCIL,Rural,RURAL,primary,PRIMARY,0773549802,Functional,ACTIVE_OR_OPERATIONAL,N/A,,,,,NO,READY_WITH_COORDINATES,IMPORTED_PENDING_CONFIGURATION,MASTER_HEALTH_FACILITY_2024_07_23
1037,ZW080108,Muvava Clinic,Masvingo,Bikita,-20.09192,31.954963,RHC,RURAL_HEALTH_CENTRE,Rural Council,RURAL_DISTRICT_COUNCIL,Rural,RURAL,primary,PRIMARY,0773906237,Functional,ACTIVE_OR_OPERATIONAL,N/A,,,,,NO,READY_WITH_COORDINATES,IMPORTED_PENDING_CONFIGURATION,MASTER_HEALTH_FACILITY_2024_07_23
1038,ZW080130,Negovani Clinic,Masvingo,Bikita,-20.129023,31.727106,RHC,RURAL_HEALTH_CENTRE,Rural Council,RURAL_DISTRICT_COUNCIL,Rural,RURAL,primary,PRIMARY,0737 823 655,Functional,ACTIVE_OR_OPERATIONAL,N/A,,,,,NO,READY_WITH_COORDINATES,IMPORTED_PENDING_CONFIGURATION,MASTER_HEALTH_FACILITY_2024_07_23
1039,ZW080107,Ngorima Rural Health Centre,Masvingo,Bikita,-20.277962,31.682369,RHC,RURAL_HEALTH_CENTRE,Government,GOVERNMENT,Rural,RURAL,primary,PRIMARY,0775 278 656,Functional,ACTIVE_OR_OPERATIONAL,N/A,,,,,NO,READY_WITH_COORDINATES,IMPORTED_PENDING_CONFIGURATION,MASTER_HEALTH_FACILITY_2024_07_23
1040,ZW080106,Nyika Rural Health Centre,Masvingo,Bikita,-19.994046,31.588799,RHC,RURAL_HEALTH_CENTRE,Government,GOVERNMENT,Rural,RURAL,primary,PRIMARY,0773 550 578,Functional,ACTIVE_OR_OPERATIONAL,N/A,,,,,NO,READY_WITH_COORDINATES,IMPORTED_PENDING_CONFIGURATION,MASTER_HEALTH_FACILITY_2024_07_23
1042,ZW080195,Ruponeso Clinic,Masvingo,Bikita,-21.963605,30.753964,RHC,RURAL_HEALTH_CENTRE,Mission,MISSION_FAITH_BASED,Rural,RURAL,primary,PRIMARY,0778 909 949,Functional,ACTIVE_OR_OPERATIONAL,N/A,,,,,NO,READY_WITH_COORDINATES,IMPORTED_PENDING_CONFIGURATION,MASTER_HEALTH_FACILITY_2024_07_23
1043,ZW080137,Shumbaimwe Clinic,Masvingo,Bikita,-20.008475,31.422752,RHC,RURAL_HEALTH_CENTRE,Rural Council,RURAL_DISTRICT_COUNCIL,Rural,RURAL,primary,PRIMARY,773361443,Functional,ACTIVE_OR_OPERATIONAL,N/A,,,,,NO,READY_WITH_COORDINATES,IMPORTED_PENDING_CONFIGURATION,MASTER_HEALTH_FACILITY_2024_07_23
1044,ZW08010D,Silveira Mission Hospital,Masvingo,Bikita,-20.023569,31.686867,Mission Hospital,MISSION_HOSPITAL,Mission,MISSION_FAITH_BASED,Rural,RURAL,secondary,SECONDARY,0783370421,Functional,ACTIVE_OR_OPERATIONAL,200,,,,,NO,READY_WITH_COORDINATES,IMPORTED_PENDING_CONFIGURATION,MASTER_HEALTH_FACILITY_2024_07_23
1045,ZW080201,Chambuta Clinic,Masvingo,Chiredzi,-21.254308,31.80124,RHC,RURAL_HEALTH_CENTRE,Government,GOVERNMENT,Rural,RURAL,primary,PRIMARY,263772950066,functional,ACTIVE_OR_OPERATIONAL,6,,,,,NO,READY_WITH_COORDINATES,IMPORTED_PENDING_CONFIGURATION,MASTER_HEALTH_FACILITY_2024_07_23
1046,ZW080225,Chibvedziva Clinic,Masvingo,Chiredzi,-21.351047,31.776153,RHC,RURAL_HEALTH_CENTRE,Rural Council,RURAL_DISTRICT_COUNCIL,Rural,RURAL,primary,PRIMARY,263775136150,functional,ACTIVE_OR_OPERATIONAL,6,,,,,NO,READY_WITH_COORDINATES,IMPORTED_PENDING_CONFIGURATION,MASTER_HEALTH_FACILITY_2024_07_23
1047,ZW08020B,Chikombedzi Mission Hospital,Masvingo,Chiredzi,-21.674289,31.327555,Mission Hospital,MISSION_HOSPITAL,Mission,MISSION_FAITH_BASED,Rural,RURAL,secondary,SECONDARY,263785065295,functional,ACTIVE_OR_OPERATIONAL,160,,,,,NO,READY_WITH_COORDINATES,IMPORTED_PENDING_CONFIGURATION,MASTER_HEALTH_FACILITY_2024_07_23
1048,ZW080342,Chikwirire RHC,Masvingo,Chiredzi,,,RHC,RURAL_HEALTH_CENTRE,Government,GOVERNMENT,Rural,RURAL,primary,PRIMARY,785640242,functional,ACTIVE_OR_OPERATIONAL,3,,,,Latitude; Longitude,YES,INCOMPLETE_MISSING_COORDINATES,IMPORTED_PENDING_CONFIGURATION,MASTER_HEALTH_FACILITY_2024_07_23
1050,ZW080292,Chingele Clinic,Masvingo,Chiredzi,-21.41737,31.61449,RHC,RURAL_HEALTH_CENTRE,Mission,MISSION_FAITH_BASED,Rural,RURAL,primary,PRIMARY,263780054474,functional,ACTIVE_OR_OPERATIONAL,5,,,,,NO,READY_WITH_COORDINATES,IMPORTED_PENDING_CONFIGURATION,MASTER_HEALTH_FACILITY_2024_07_23
1051,ZW080226,Chipiwa Clinic,Masvingo,Chiredzi,,,RHC,RURAL_HEALTH_CENTRE,Rural Council,RURAL_DISTRICT_COUNCIL,Rural,RURAL,primary,PRIMARY,263777613448,functional,ACTIVE_OR_OPERATIONAL,5,,,,Latitude; Longitude,YES,INCOMPLETE_MISSING_COORDINATES,IMPORTED_PENDING_CONFIGURATION,MASTER_HEALTH_FACILITY_2024_07_23
1052,ZW080203,Chiredzi District Hospital,Masvingo,Chiredzi,-21.036346,31.671948,General Hospital,HOSPITAL_REQUIRES_LEVEL_REVIEW,Government,GOVERNMENT,Urban,URBAN,secondary,SECONDARY,263780054746,functional,ACTIVE_OR_OPERATIONAL,180,,,,,NO,READY_WITH_COORDINATES,IMPORTED_PENDING_CONFIGURATION,MASTER_HEALTH_FACILITY_2024_07_23
1056,ZW080232,Chitsa Clinic,Masvingo,Chiredzi,-21.100684,32.148394,RHC,RURAL_HEALTH_CENTRE,Rural Council,RURAL_DISTRICT_COUNCIL,Rural,RURAL,primary,PRIMARY,263773006389,functional,ACTIVE_OR_OPERATIONAL,6,,,,,NO,READY_WITH_COORDINATES,IMPORTED_PENDING_CONFIGURATION,MASTER_HEALTH_FACILITY_2024_07_23
1057,ZW080204,Chizvirizvi Rural Health Centre,Masvingo,Chiredzi,-20.982723,32.019231,RHC,RURAL_HEALTH_CENTRE,Government,GOVERNMENT,Rural,RURAL,primary,PRIMARY,263771047407,functional,ACTIVE_OR_OPERATIONAL,5,,,,,NO,READY_WITH_COORDINATES,IMPORTED_PENDING_CONFIGURATION,MASTER_HEALTH_FACILITY_2024_07_23
1058,ZW080235,Chompani Clinic,Masvingo,Chiredzi,-21.532944,31.276597,RHC,RURAL_HEALTH_CENTRE,Rural Council,RURAL_DISTRICT_COUNCIL,Rural,RURAL,primary,PRIMARY,263774104533,functional,ACTIVE_OR_OPERATIONAL,5,,,,,NO,READY_WITH_COORDINATES,IMPORTED_PENDING_CONFIGURATION,MASTER_HEALTH_FACILITY_2024_07_23
1059,ZW080341,Crown Range RHC,Masvingo,Chiredzi,-20.902804,31.52092,RHC,RURAL_HEALTH_CENTRE,Government,GOVERNMENT,Rural,RURAL,primary,PRIMARY,263773896503,functional,ACTIVE_OR_OPERATIONAL,3,,,,,NO,READY_WITH_COORDINATES,IMPORTED_PENDING_CONFIGURATION,MASTER_HEALTH_FACILITY_2024_07_23
1062,ZW080228,Dumisa Clinic,Masvingo,Chiredzi,-22.216155,31.403192,RHC,RURAL_HEALTH_CENTRE,Rural Council,RURAL_DISTRICT_COUNCIL,Rural,RURAL,primary,PRIMARY,263772413281,functional,ACTIVE_OR_OPERATIONAL,5,,,,,NO,READY_WITH_COORDINATES,IMPORTED_PENDING_CONFIGURATION,MASTER_HEALTH_FACILITY_2024_07_23
1063,ZW080211,Faversham Clinic,Masvingo,Chiredzi,-20.686463,31.351032,RHC,RURAL_HEALTH_CENTRE,Government,GOVERNMENT,Rural,RURAL,primary,PRIMARY,263773234276,functional,ACTIVE_OR_OPERATIONAL,3,,,,,NO,READY_WITH_COORDINATES,IMPORTED_PENDING_CONFIGURATION,MASTER_HEALTH_FACILITY_2024_07_23
1065,ZW080336,Gudo RHC,Masvingo,Chiredzi,-20.748089,32.203184,RHC,RURAL_HEALTH_CENTRE,Government,GOVERNMENT,Rural,RURAL,primary,PRIMARY,263772550284,functional,ACTIVE_OR_OPERATIONAL,6,,,,,NO,READY_WITH_COORDINATES,IMPORTED_PENDING_CONFIGURATION,MASTER_HEALTH_FACILITY_2024_07_23
1066,ZW080338,Gwaseche Clinic,Masvingo,Chiredzi,-21.275695,31.561717,RHC,RURAL_HEALTH_CENTRE,Government,GOVERNMENT,Rural,RURAL,primary,PRIMARY,263773561295,functional,ACTIVE_OR_OPERATIONAL,3,,,,,NO,READY_WITH_COORDINATES,IMPORTED_PENDING_CONFIGURATION,MASTER_HEALTH_FACILITY_2024_07_23
1068,ZW080234,Makambe Clinic,Masvingo,Chiredzi,-21.453638,31.340462,RHC,RURAL_HEALTH_CENTRE,Mission,MISSION_FAITH_BASED,Rural,RURAL,primary,PRIMARY,263786165197,functional,ACTIVE_OR_OPERATIONAL,5,,,,,NO,READY_WITH_COORDINATES,IMPORTED_PENDING_CONFIGURATION,MASTER_HEALTH_FACILITY_2024_07_23
1069,ZW080207,Malipati Rural Health Centre,Masvingo,Chiredzi,-22.07142,31.4201908112,RHC,RURAL_HEALTH_CENTRE,Government,GOVERNMENT,Rural,RURAL,primary,PRIMARY,263772720845,functional,ACTIVE_OR_OPERATIONAL,7,,,,,NO,READY_WITH_COORDINATES,IMPORTED_PENDING_CONFIGURATION,MASTER_HEALTH_FACILITY_2024_07_23
1074,ZW080209,Muteyo Rural Health Centre,Masvingo,Chiredzi,-20.930514,32.112634,RHC,RURAL_HEALTH_CENTRE,Government,GOVERNMENT,Rural,RURAL,primary,PRIMARY,263717134661,functional,ACTIVE_OR_OPERATIONAL,5,,,,,NO,READY_WITH_COORDINATES,IMPORTED_PENDING_CONFIGURATION,MASTER_HEALTH_FACILITY_2024_07_23
1076,ZW08.03.36,Bwanya Clinic,Masvingo,Chivi,-20.025971,30.395155,RHC,RURAL_HEALTH_CENTRE,Rural Council,RURAL_DISTRICT_COUNCIL,Rural,RURAL,Primary,PRIMARY,39280576,Functioning,ACTIVE_OR_OPERATIONAL,3,,,,,NO,READY_WITH_COORDINATES,IMPORTED_PENDING_CONFIGURATION,MASTER_HEALTH_FACILITY_2024_07_23
1077,ZW08.03.17,Chasiyatende Clinic,Masvingo,Chivi,-20.757702,30.694753,RHC,RURAL_HEALTH_CENTRE,Rural Council,RURAL_DISTRICT_COUNCIL,Rural,RURAL,Primary,PRIMARY,773901254,Functioning,ACTIVE_OR_OPERATIONAL,3,,,,,NO,READY_WITH_COORDINATES,IMPORTED_PENDING_CONFIGURATION,MASTER_HEALTH_FACILITY_2024_07_23
1078,ZW08.03.35,Chidyamakono Clinic,Masvingo,Chivi,-20.250252,30.314438,RHC,RURAL_HEALTH_CENTRE,Rural Council,RURAL_DISTRICT_COUNCIL,Rural,RURAL,Primary,PRIMARY,773877246,Functioning,ACTIVE_OR_OPERATIONAL,3,,,,,NO,READY_WITH_COORDINATES,IMPORTED_PENDING_CONFIGURATION,MASTER_HEALTH_FACILITY_2024_07_23
1079,ZW08.03.25,Chifedza Clinic,Masvingo,Chivi,-20.448964,30.542539,RHC,RURAL_HEALTH_CENTRE,Rural Council,RURAL_DISTRICT_COUNCIL,Rural,RURAL,Primary,PRIMARY,776132200,Functioning,ACTIVE_OR_OPERATIONAL,3,,,,,NO,READY_WITH_COORDINATES,IMPORTED_PENDING_CONFIGURATION,MASTER_HEALTH_FACILITY_2024_07_23
1080,ZW08.03.02,Chigwikwi Rural Health Centre,Masvingo,Chivi,-20.145372,30.20043,RHC,RURAL_HEALTH_CENTRE,Government,GOVERNMENT,Rural,RURAL,Primary,PRIMARY,773550702,Functioning,ACTIVE_OR_OPERATIONAL,3,,,,,NO,READY_WITH_COORDINATES,IMPORTED_PENDING_CONFIGURATION,MASTER_HEALTH_FACILITY_2024_07_23
1081,ZW08.03.22,Chirogwe Clinic,Masvingo,Chivi,-20.512193,30.576135,RHC,RURAL_HEALTH_CENTRE,Rural Council,RURAL_DISTRICT_COUNCIL,Rural,RURAL,Primary,PRIMARY,773249102,Functioning,ACTIVE_OR_OPERATIONAL,3,,,,,NO,READY_WITH_COORDINATES,IMPORTED_PENDING_CONFIGURATION,MASTER_HEALTH_FACILITY_2024_07_23
1082,ZW08.03.0A,Chivi District Hospital,Masvingo,Chivi,-20.314522,30.507585,District Hospital,DISTRICT_HOSPITAL,Government,GOVERNMENT,Rural,RURAL,Secondary,SECONDARY,777451097,Functioning,ACTIVE_OR_OPERATIONAL,104,,,,,NO,READY_WITH_COORDINATES,IMPORTED_PENDING_CONFIGURATION,MASTER_HEALTH_FACILITY_2024_07_23
1083,ZW08.03.91,Chivi Mission Clinic,Masvingo,Chivi,-20.344644,30.556736,RHC,RURAL_HEALTH_CENTRE,Mission,MISSION_FAITH_BASED,Rural,RURAL,Primary,PRIMARY,779592989,Functioning,ACTIVE_OR_OPERATIONAL,3,,,,,NO,READY_WITH_COORDINATES,IMPORTED_PENDING_CONFIGURATION,MASTER_HEALTH_FACILITY_2024_07_23
1084,ZW08.03.0B,Chivi Rural Hospital,Masvingo,Chivi,-20.392355,30.677484,Rural Hospital,RURAL_HOSPITAL,Government,GOVERNMENT,Rural,RURAL,Primary,PRIMARY,787839974,Functioning,ACTIVE_OR_OPERATIONAL,3,,,,,NO,READY_WITH_COORDINATES,IMPORTED_PENDING_CONFIGURATION,MASTER_HEALTH_FACILITY_2024_07_23
1085,ZW08.03.26,Davira Clinic,Masvingo,Chivi,-20.461151,30.431297,RHC,RURAL_HEALTH_CENTRE,Rural Council,RURAL_DISTRICT_COUNCIL,Rural,RURAL,Primary,PRIMARY,783152578,Functioning,ACTIVE_OR_OPERATIONAL,3,,,,,NO,READY_WITH_COORDINATES,IMPORTED_PENDING_CONFIGURATION,MASTER_HEALTH_FACILITY_2024_07_23
1088,ZW08.03.19,Madzivadondo Clinic,Masvingo,Chivi,-20.190927,30.259283,RHC,RURAL_HEALTH_CENTRE,Government,GOVERNMENT,Rural,RURAL,Primary,PRIMARY,773903259,Functioning,ACTIVE_OR_OPERATIONAL,3,,,,,NO,READY_WITH_COORDINATES,IMPORTED_PENDING_CONFIGURATION,MASTER_HEALTH_FACILITY_2024_07_23
1089,ZW08.03.03,Mandamabwe Rural Health Centre,Masvingo,Chivi,-20.115775,30.371621,RHC,RURAL_HEALTH_CENTRE,Government,GOVERNMENT,Rural,RURAL,Primary,PRIMARY,712976898,Functioning,ACTIVE_OR_OPERATIONAL,3,,,,,NO,READY_WITH_COORDINATES,IMPORTED_PENDING_CONFIGURATION,MASTER_HEALTH_FACILITY_2024_07_23
1090,ZW08.03.21,Masinire Clinic,Masvingo,Chivi,-20.399502,30.371423,RHC,RURAL_HEALTH_CENTRE,Rural Council,RURAL_DISTRICT_COUNCIL,Rural,RURAL,Primary,PRIMARY,773740910,Functioning,ACTIVE_OR_OPERATIONAL,3,,,,,NO,READY_WITH_COORDINATES,IMPORTED_PENDING_CONFIGURATION,MASTER_HEALTH_FACILITY_2024_07_23
1091,ZW08.03.04,Ngundu Rural Health Centre,Masvingo,Chivi,-20.802455,30.796919,RHC,RURAL_HEALTH_CENTRE,Government,GOVERNMENT,Rural,RURAL,Primary,PRIMARY,773164680,Functioning,ACTIVE_OR_OPERATIONAL,3,,,,,NO,READY_WITH_COORDINATES,IMPORTED_PENDING_CONFIGURATION,MASTER_HEALTH_FACILITY_2024_07_23
1093,ZW08.03.05,Razi Rural Health Centre,Masvingo,Chivi,-20.713593,30.653966,RHC,RURAL_HEALTH_CENTRE,Government,GOVERNMENT,Rural,RURAL,Primary,PRIMARY,,Functioning,ACTIVE_OR_OPERATIONAL,5,,,,,NO,READY_WITH_COORDINATES,IMPORTED_PENDING_CONFIGURATION,MASTER_HEALTH_FACILITY_2024_07_23
1094,ZW08.03.28,Shindi Satellite Clinic,Masvingo,Chivi,-20.861456,30.850122,RHC,RURAL_HEALTH_CENTRE,Rural Council,RURAL_DISTRICT_COUNCIL,Rural,RURAL,Primary,PRIMARY,772937556,Functioning,ACTIVE_OR_OPERATIONAL,3,,,,,NO,READY_WITH_COORDINATES,IMPORTED_PENDING_CONFIGURATION,MASTER_HEALTH_FACILITY_2024_07_23
1095,ZW08.03.07,Takavarasha Rural Health Centre,Masvingo,Chivi,-20.332946,30.306868,RHC,RURAL_HEALTH_CENTRE,Government,GOVERNMENT,Rural,RURAL,Primary,PRIMARY,772773061,Functioning,ACTIVE_OR_OPERATIONAL,3,,,,,NO,READY_WITH_COORDINATES,IMPORTED_PENDING_CONFIGURATION,MASTER_HEALTH_FACILITY_2024_07_23
1096,ZW08.03.29,Vuranda Clinic,Masvingo,Chivi,-20.049016,30.256637,RHC,RURAL_HEALTH_CENTRE,Rural Council,RURAL_DISTRICT_COUNCIL,Rural,RURAL,Primary,PRIMARY,776058158,Functioning,ACTIVE_OR_OPERATIONAL,3,,,,,NO,READY_WITH_COORDINATES,IMPORTED_PENDING_CONFIGURATION,MASTER_HEALTH_FACILITY_2024_07_23
1097,ZW08.03.33,Vutete Health Centre,Masvingo,Chivi,-20.039007,30.193769,RHC,RURAL_HEALTH_CENTRE,Rural Council,RURAL_DISTRICT_COUNCIL,Rural,RURAL,Primary,PRIMARY,773490541,Functioning,ACTIVE_OR_OPERATIONAL,3,,,,,NO,READY_WITH_COORDINATES,IMPORTED_PENDING_CONFIGURATION,MASTER_HEALTH_FACILITY_2024_07_23
1098,ZW08.03.24,Zivuku Clinic,Masvingo,Chivi,-20.676073,30.742128,RHC,RURAL_HEALTH_CENTRE,Rural Council,RURAL_DISTRICT_COUNCIL,Rural,RURAL,Primary,PRIMARY,773277890,Functioning,ACTIVE_OR_OPERATIONAL,4,,,,,NO,READY_WITH_COORDINATES,IMPORTED_PENDING_CONFIGURATION,MASTER_HEALTH_FACILITY_2024_07_23
1100,ZW08.04.36,Chepiri Clinic,Masvingo,Gutu,-19.793817,31.885164,RHC,RURAL_HEALTH_CENTRE,Rural Council,RURAL_DISTRICT_COUNCIL,Rural,RURAL,primary,PRIMARY,773251509,Operational,ACTIVE_OR_OPERATIONAL,3,,,,,NO,READY_WITH_COORDINATES,IMPORTED_PENDING_CONFIGURATION,MASTER_HEALTH_FACILITY_2024_07_23
1101,ZW08.04.25,Cheshuro Clinic,Masvingo,Gutu,-19.844082,31.036049,RHC,RURAL_HEALTH_CENTRE,Rural Council,RURAL_DISTRICT_COUNCIL,Rural,RURAL,primary,PRIMARY,779826315,Operational,ACTIVE_OR_OPERATIONAL,3,,,,,NO,READY_WITH_COORDINATES,IMPORTED_PENDING_CONFIGURATION,MASTER_HEALTH_FACILITY_2024_07_23
1102,ZW08.04.0B,Chimombe Rural Hospital,Masvingo,Gutu,-19.672167,31.593972,Rural Hospital,RURAL_HOSPITAL,Government,GOVERNMENT,Rural,RURAL,primary,PRIMARY,771246888,Operational,ACTIVE_OR_OPERATIONAL,18,,,,,NO,READY_WITH_COORDINATES,IMPORTED_PENDING_CONFIGURATION,MASTER_HEALTH_FACILITY_2024_07_23
1103,ZW08.04.0D,Chinyika Rural Hospital,Masvingo,Gutu,-19.505736,31.481032,Rural Hospital,RURAL_HOSPITAL,Government,GOVERNMENT,Rural,RURAL,primary,PRIMARY,776275974,Operational,ACTIVE_OR_OPERATIONAL,167,,,,,NO,READY_WITH_COORDINATES,IMPORTED_PENDING_CONFIGURATION,MASTER_HEALTH_FACILITY_2024_07_23
1104,ZW08.04.08,Chitando Rural Health Centre,Masvingo,Gutu,-19.906687,31.202306,Rural Hospital,RURAL_HOSPITAL,Government,GOVERNMENT,Rural,RURAL,primary,PRIMARY,777904168,Operational,ACTIVE_OR_OPERATIONAL,2,,,,,NO,READY_WITH_COORDINATES,IMPORTED_PENDING_CONFIGURATION,MASTER_HEALTH_FACILITY_2024_07_23
1105,ZW08.04.34,Chiwore Rural Health Centre,Masvingo,Gutu,,,RHC,RURAL_HEALTH_CENTRE,Rural Council,RURAL_DISTRICT_COUNCIL,Rural,RURAL,primary,PRIMARY,789626886,Operational,ACTIVE_OR_OPERATIONAL,2,,,,Latitude; Longitude,YES,INCOMPLETE_MISSING_COORDINATES,IMPORTED_PENDING_CONFIGURATION,MASTER_HEALTH_FACILITY_2024_07_23
1106,ZW08.04.37,Dambara Clinic,Masvingo,Gutu,-19.374803,31.280462,RHC,RURAL_HEALTH_CENTRE,Rural Council,RURAL_DISTRICT_COUNCIL,Rural,RURAL,primary,PRIMARY,783941375,Operational,ACTIVE_OR_OPERATIONAL,2,,,,,NO,READY_WITH_COORDINATES,IMPORTED_PENDING_CONFIGURATION,MASTER_HEALTH_FACILITY_2024_07_23
1108,ZW08.04.27,Dewure Clinic,Masvingo,Gutu,-19.66601,31.380199,RHC,RURAL_HEALTH_CENTRE,Rural Council,RURAL_DISTRICT_COUNCIL,Rural,RURAL,primary,PRIMARY,776852501,Operational,ACTIVE_OR_OPERATIONAL,2,,,,,NO,READY_WITH_COORDINATES,IMPORTED_PENDING_CONFIGURATION,MASTER_HEALTH_FACILITY_2024_07_23
1109,ZW08.04.0F,Guni Clinic,Masvingo,Gutu,-19.992488,31.125577,RHC,RURAL_HEALTH_CENTRE,Private,PRIVATE,Rural,RURAL,primary,PRIMARY,772786932,Operational,ACTIVE_OR_OPERATIONAL,89,,,,,NO,READY_WITH_COORDINATES,IMPORTED_PENDING_CONFIGURATION,MASTER_HEALTH_FACILITY_2024_07_23
1110,ZW08.04.0E,Gutu Mission Hospital,Masvingo,Gutu,-19.644044,31.218414,Mission Hospital,MISSION_HOSPITAL,Mission,MISSION_FAITH_BASED,Rural,RURAL,secondary,SECONDARY,773898352,Operational,ACTIVE_OR_OPERATIONAL,26,,,,,NO,READY_WITH_COORDINATES,IMPORTED_PENDING_CONFIGURATION,MASTER_HEALTH_FACILITY_2024_07_23
1111,ZW08.04.0A,Gutu Rural Hospital,Masvingo,Gutu,-19.643719,31.15028,Rural Hospital,RURAL_HOSPITAL,Government,GOVERNMENT,Rural,RURAL,primary,PRIMARY,774965131,Operational,ACTIVE_OR_OPERATIONAL,3,,,,,NO,READY_WITH_COORDINATES,IMPORTED_PENDING_CONFIGURATION,MASTER_HEALTH_FACILITY_2024_07_23
1112,ZW08.04.35,Magombedze Chitsa Clinic,Masvingo,Gutu,-19.502015,31.616048,RHC,RURAL_HEALTH_CENTRE,Rural Council,RURAL_DISTRICT_COUNCIL,Rural,RURAL,primary,PRIMARY,781441255,Operational,ACTIVE_OR_OPERATIONAL,30,,,,,NO,READY_WITH_COORDINATES,IMPORTED_PENDING_CONFIGURATION,MASTER_HEALTH_FACILITY_2024_07_23
1113,ZW08.04.28,Magombedze Clinic,Masvingo,Gutu,-19.741727,31.350178,RHC,RURAL_HEALTH_CENTRE,Rural Council,RURAL_DISTRICT_COUNCIL,Rural,RURAL,primary,PRIMARY,716629653,Operational,ACTIVE_OR_OPERATIONAL,2,,,,,NO,READY_WITH_COORDINATES,IMPORTED_PENDING_CONFIGURATION,MASTER_HEALTH_FACILITY_2024_07_23
1114,ZW08.04.02,Majada Rural Health Centre,Masvingo,Gutu,-19.839102,31.38447,RHC,RURAL_HEALTH_CENTRE,Government,GOVERNMENT,Rural,RURAL,primary,PRIMARY,782276131,Operational,ACTIVE_OR_OPERATIONAL,3,,,,,NO,READY_WITH_COORDINATES,IMPORTED_PENDING_CONFIGURATION,MASTER_HEALTH_FACILITY_2024_07_23
1115,ZW08.04.38,Mataruse Clinic,Masvingo,Gutu,-19.615602,31.760262,RHC,RURAL_HEALTH_CENTRE,Rural Council,RURAL_DISTRICT_COUNCIL,Rural,RURAL,primary,PRIMARY,780821672,Operational,ACTIVE_OR_OPERATIONAL,2,,,,,NO,READY_WITH_COORDINATES,IMPORTED_PENDING_CONFIGURATION,MASTER_HEALTH_FACILITY_2024_07_23
1116,ZW08.04.03,Matizha Rural Health Centre,Masvingo,Gutu,-19.458904,30.970245,RHC,RURAL_HEALTH_CENTRE,Government,GOVERNMENT,Rural,RURAL,primary,PRIMARY,779918387,Operational,ACTIVE_OR_OPERATIONAL,3,,,,,NO,READY_WITH_COORDINATES,IMPORTED_PENDING_CONFIGURATION,MASTER_HEALTH_FACILITY_2024_07_23
1117,ZW08.04.29,Mazuru Clinic,Masvingo,Gutu,-19.595397,31.641239,RHC,RURAL_HEALTH_CENTRE,Rural Council,RURAL_DISTRICT_COUNCIL,Rural,RURAL,primary,PRIMARY,787945016,Operational,ACTIVE_OR_OPERATIONAL,2,,,,,NO,READY_WITH_COORDINATES,IMPORTED_PENDING_CONFIGURATION,MASTER_HEALTH_FACILITY_2024_07_23
1119,ZW08.04.93,Mukaro Mission Hospital,Masvingo,Gutu,-19.743283,31.157658,Mission Hospital,MISSION_HOSPITAL,Mission,MISSION_FAITH_BASED,Rural,RURAL,primary,PRIMARY,777806219,Operational,ACTIVE_OR_OPERATIONAL,2,,,,,NO,READY_WITH_COORDINATES,IMPORTED_PENDING_CONFIGURATION,MASTER_HEALTH_FACILITY_2024_07_23
1120,ZW08.04.30,Munyikwa Clinic,Masvingo,Gutu,-19.722452,31.794573,RHC,RURAL_HEALTH_CENTRE,Rural Council,RURAL_DISTRICT_COUNCIL,Rural,RURAL,primary,PRIMARY,712573906,Operational,ACTIVE_OR_OPERATIONAL,2,,,,,NO,READY_WITH_COORDINATES,IMPORTED_PENDING_CONFIGURATION,MASTER_HEALTH_FACILITY_2024_07_23
1121,ZW08.04.01,Mushaviri Rural Health Centre,Masvingo,Gutu,-19.709614,31.103421,RHC,RURAL_HEALTH_CENTRE,Government,GOVERNMENT,Rural,RURAL,primary,PRIMARY,777721724,Operational,ACTIVE_OR_OPERATIONAL,2,,,,,NO,READY_WITH_COORDINATES,IMPORTED_PENDING_CONFIGURATION,MASTER_HEALTH_FACILITY_2024_07_23
1122,ZW08.04.04,Mutema Rural Health Centre,Masvingo,Gutu,-19.878363,30.98807,RHC,RURAL_HEALTH_CENTRE,Government,GOVERNMENT,Rural,RURAL,primary,PRIMARY,771358202,Operational,ACTIVE_OR_OPERATIONAL,2,,,,,NO,READY_WITH_COORDINATES,IMPORTED_PENDING_CONFIGURATION,MASTER_HEALTH_FACILITY_2024_07_23
1123,ZW08.04.92,Mutero Mission Hospital,Masvingo,Gutu,-19.634293,31.428442,Mission Hospital,MISSION_HOSPITAL,Mission,MISSION_FAITH_BASED,Rural,RURAL,primary,PRIMARY,777507961,Operational,ACTIVE_OR_OPERATIONAL,50,,,,,NO,READY_WITH_COORDINATES,IMPORTED_PENDING_CONFIGURATION,MASTER_HEALTH_FACILITY_2024_07_23
1124,ZW08.04.05,Nemashakwe Rural Health Centre,Masvingo,Gutu,-19.834625,31.684348,RHC,RURAL_HEALTH_CENTRE,Government,GOVERNMENT,Rural,RURAL,primary,PRIMARY,776845984,Operational,ACTIVE_OR_OPERATIONAL,2,,,,,NO,READY_WITH_COORDINATES,IMPORTED_PENDING_CONFIGURATION,MASTER_HEALTH_FACILITY_2024_07_23
1125,ZW08.04.31,Nyazvidzi Clinic,Masvingo,Gutu,-19.404789,31.366351,RHC,RURAL_HEALTH_CENTRE,Rural Council,RURAL_DISTRICT_COUNCIL,Rural,RURAL,primary,PRIMARY,779126739,Operational,ACTIVE_OR_OPERATIONAL,2,,,,,NO,READY_WITH_COORDINATES,IMPORTED_PENDING_CONFIGURATION,MASTER_HEALTH_FACILITY_2024_07_23
1126,ZW08.04.91,Serima Mission Hospital,Masvingo,Gutu,-19.518475,30.883827,Mission Hospital,MISSION_HOSPITAL,Mission,MISSION_FAITH_BASED,Rural,RURAL,primary,PRIMARY,782836023,Operational,ACTIVE_OR_OPERATIONAL,,,,,,NO,READY_WITH_COORDINATES,IMPORTED_PENDING_CONFIGURATION,MASTER_HEALTH_FACILITY_2024_07_23
1127,ZW08.04.06,Soti Source Rural Health Centre,Masvingo,Gutu,-19.450646,31.207988,RHC,RURAL_HEALTH_CENTRE,Government,GOVERNMENT,Rural,RURAL,primary,PRIMARY,715481294,Operational,ACTIVE_OR_OPERATIONAL,3,,,,,NO,READY_WITH_COORDINATES,IMPORTED_PENDING_CONFIGURATION,MASTER_HEALTH_FACILITY_2024_07_23
1128,ZW08.04.33,Tirizi Satellite Clinic,Masvingo,Gutu,-19.753648,31.450263,RHC,RURAL_HEALTH_CENTRE,Rural Council,RURAL_DISTRICT_COUNCIL,Rural,RURAL,primary,PRIMARY,777233896,Operational,ACTIVE_OR_OPERATIONAL,2,,,,,NO,READY_WITH_COORDINATES,IMPORTED_PENDING_CONFIGURATION,MASTER_HEALTH_FACILITY_2024_07_23
1129,ZW08.04.32,Zinhata Clinic,Masvingo,Gutu,-19.818067,31.579566,RHC,RURAL_HEALTH_CENTRE,Rural Council,RURAL_DISTRICT_COUNCIL,Rural,RURAL,primary,PRIMARY,779237221,Operational,ACTIVE_OR_OPERATIONAL,2,,,,,NO,READY_WITH_COORDINATES,IMPORTED_PENDING_CONFIGURATION,MASTER_HEALTH_FACILITY_2024_07_23
1130,ZW080509,41st Brigade Clinic,Masvingo,Masvingo,-20.043276,30.871195,Clinic,CLINIC,Army,UNIFORMED_SERVICE,Urban,URBAN,Primary,PRIMARY,263780053785,Functional,ACTIVE_OR_OPERATIONAL,,,,,,NO,READY_WITH_COORDINATES,IMPORTED_PENDING_CONFIGURATION,MASTER_HEALTH_FACILITY_2024_07_23
1131,ZW080501,Alvord Rural Health Centre,Masvingo,Masvingo,-19.832329,30.770828,Clinic,CLINIC,Public Service,PUBLIC_SERVICE,Rural,RURAL,Primary,PRIMARY,+263773243363  (Incharge),Functional,ACTIVE_OR_OPERATIONAL,,,,,,NO,READY_WITH_COORDINATES,IMPORTED_PENDING_CONFIGURATION,MASTER_HEALTH_FACILITY_2024_07_23
1132,ZW080530,Bere Clinic,Masvingo,Masvingo,-20.033862,30.47162,Clinic,CLINIC,RDC,RURAL_DISTRICT_COUNCIL,Rural,RURAL,Primary,PRIMARY,263783207571,Functional,ACTIVE_OR_OPERATIONAL,,,,,,NO,READY_WITH_COORDINATES,IMPORTED_PENDING_CONFIGURATION,MASTER_HEALTH_FACILITY_2024_07_23
1133,ZW080591,Bondolfi Clinic,Masvingo,Masvingo,-20.282402,30.750707,Clinic,CLINIC,Mission,MISSION_FAITH_BASED,Rural,RURAL,Primary,PRIMARY,263783189880,Functional,ACTIVE_OR_OPERATIONAL,,,,,,NO,READY_WITH_COORDINATES,IMPORTED_PENDING_CONFIGURATION,MASTER_HEALTH_FACILITY_2024_07_23
1134,ZW080525,Charumbira Clinic,Masvingo,Masvingo,-20.27635,30.856244,Clinic,CLINIC,RDC,RURAL_DISTRICT_COUNCIL,Rural,RURAL,Primary,PRIMARY,263787832550,Functional,ACTIVE_OR_OPERATIONAL,,,,,,NO,READY_WITH_COORDINATES,IMPORTED_PENDING_CONFIGURATION,MASTER_HEALTH_FACILITY_2024_07_23
1135,ZW080526,Chatikobo Clinic,Masvingo,Masvingo,-20.434752,31.153955,Clinic,CLINIC,RDC,RURAL_DISTRICT_COUNCIL,Rural,RURAL,Primary,PRIMARY,263786723523,Functional,ACTIVE_OR_OPERATIONAL,,,,,,NO,READY_WITH_COORDINATES,IMPORTED_PENDING_CONFIGURATION,MASTER_HEALTH_FACILITY_2024_07_23
1136,ZW080537,Chisase Clinic,Masvingo,Masvingo,-20.855375,31.114957,Clinic,CLINIC,RDC,RURAL_DISTRICT_COUNCIL,Rural,RURAL,Primary,PRIMARY,263786723523,Functional,ACTIVE_OR_OPERATIONAL,,,,,,NO,READY_WITH_COORDINATES,IMPORTED_PENDING_CONFIGURATION,MASTER_HEALTH_FACILITY_2024_07_23
1137,ZW08050F,Gaths Mine Hospital,Masvingo,Masvingo,-20.0234893,30.5124805,Hospital,HOSPITAL_REQUIRES_LEVEL_REVIEW,Mine,MINE,Rural,RURAL,Primary,PRIMARY,263787838521,Functional,ACTIVE_OR_OPERATIONAL,,,,,,NO,READY_WITH_COORDINATES,IMPORTED_PENDING_CONFIGURATION,MASTER_HEALTH_FACILITY_2024_07_23
1138,ZW08050E,Gokomere Mission Clinic,Masvingo,Masvingo,-19.954572,30.774503,Clinic,CLINIC,Mission,MISSION_FAITH_BASED,Rural,RURAL,Primary,PRIMARY,+263783285130 or +263775128248,Functional,ACTIVE_OR_OPERATIONAL,,,,,,NO,READY_WITH_COORDINATES,IMPORTED_PENDING_CONFIGURATION,MASTER_HEALTH_FACILITY_2024_07_23
1139,ZW080514,Great Zimbabwe University Clinic,Masvingo,Masvingo,-20.075958,30.830188,Clinic,CLINIC,Government,GOVERNMENT,Urban,URBAN,Primary,PRIMARY,263774381966,Functional,ACTIVE_OR_OPERATIONAL,,,,,,NO,READY_WITH_COORDINATES,IMPORTED_PENDING_CONFIGURATION,MASTER_HEALTH_FACILITY_2024_07_23
1140,ZW080516,Great Zimbabwe University Mashava Campus Clinic,Masvingo,Masvingo,-20.013111,30.50882,Clinic,CLINIC,Government,GOVERNMENT,Rural,RURAL,Primary,PRIMARY,263783189849,Functional,ACTIVE_OR_OPERATIONAL,,,,,,NO,READY_WITH_COORDINATES,IMPORTED_PENDING_CONFIGURATION,MASTER_HEALTH_FACILITY_2024_07_23
1142,ZW080541,Gurajena Rural Health Centre,Masvingo,Masvingo,-19.762811,30.903077,Clinic,CLINIC,Government,GOVERNMENT,Rural,RURAL,Primary,PRIMARY,263786723711,Functional,ACTIVE_OR_OPERATIONAL,,,,,,NO,READY_WITH_COORDINATES,IMPORTED_PENDING_CONFIGURATION,MASTER_HEALTH_FACILITY_2024_07_23
1143,ZW080540,Guwa Rural Health Centre,Masvingo,Masvingo,-20.625834,31.053824,Clinic,CLINIC,Government,GOVERNMENT,Rural,RURAL,Primary,PRIMARY,263785296663,Functional,ACTIVE_OR_OPERATIONAL,,,,,,NO,READY_WITH_COORDINATES,IMPORTED_PENDING_CONFIGURATION,MASTER_HEALTH_FACILITY_2024_07_23
1145,ZW080511,Masvingo Polytechnic College Clinic,Masvingo,Masvingo,-20.088289,30.831741,Clinic,CLINIC,Government,GOVERNMENT,Urban,URBAN,Primary,PRIMARY,263783285125,Functional,ACTIVE_OR_OPERATIONAL,,,,,,NO,READY_WITH_COORDINATES,IMPORTED_PENDING_CONFIGURATION,MASTER_HEALTH_FACILITY_2024_07_23
1146,ZW080529,Masvingo Prison Clinic,Masvingo,Masvingo,-20.064309,30.831909,Clinic,CLINIC,ZPS,ZIMBABWE_PRISONS_AND_CORRECTIONAL_SERVICE,Urban,URBAN,Primary,PRIMARY,263783285131,Functional,ACTIVE_OR_OPERATIONAL,,,,,,NO,READY_WITH_COORDINATES,IMPORTED_PENDING_CONFIGURATION,MASTER_HEALTH_FACILITY_2024_07_23
1147,ZW08050A,Masvingo Provincial Hospital,Masvingo,Masvingo,-20.060326,30.828417,Hospital,HOSPITAL_REQUIRES_LEVEL_REVIEW,Government,GOVERNMENT,Urban,URBAN,Tertiary,TERTIARY,263773549650,Functional,ACTIVE_OR_OPERATIONAL,,,,,,NO,READY_WITH_COORDINATES,IMPORTED_PENDING_CONFIGURATION,MASTER_HEALTH_FACILITY_2024_07_23
1148,ZW080578,Masvingo Royal Women's Clinic,Masvingo,Masvingo,-20.06929,30.832096,Clinic,CLINIC,Pvt,PRIVATE,Urban,URBAN,Primary,PRIMARY,+263773487761 (Incharge),Functional,ACTIVE_OR_OPERATIONAL,,,,,,NO,READY_WITH_COORDINATES,IMPORTED_PENDING_CONFIGURATION,MASTER_HEALTH_FACILITY_2024_07_23
1149,ZW080520,Masvingo Rural District Council Mobile,Masvingo,Masvingo,-20271794.0,30.915299,Clinic,CLINIC,RDC,RURAL_DISTRICT_COUNCIL,Rural,RURAL,Primary,PRIMARY,263783285132,Functional,ACTIVE_OR_OPERATIONAL,,,,,,NO,READY_WITH_COORDINATES,IMPORTED_PENDING_CONFIGURATION,MASTER_HEALTH_FACILITY_2024_07_23
1150,ZW080510,Masvingo Teachers' College Clinic,Masvingo,Masvingo,-20.104769,30.861728,Clinic,CLINIC,Government,GOVERNMENT,Urban,URBAN,Primary,PRIMARY,+263774994323 (Incharge),Functional,ACTIVE_OR_OPERATIONAL,,,,,,NO,READY_WITH_COORDINATES,IMPORTED_PENDING_CONFIGURATION,MASTER_HEALTH_FACILITY_2024_07_23
1151,ZW080579,Masvingo ZNFPC Clinic,Masvingo,Masvingo,-20.074579,30.827695,Clinic,CLINIC,Private,PRIVATE,Urban,URBAN,Primary,PRIMARY,263783285133,Functional,ACTIVE_OR_OPERATIONAL,,,,,,NO,READY_WITH_COORDINATES,IMPORTED_PENDING_CONFIGURATION,MASTER_HEALTH_FACILITY_2024_07_23
1152,ZW080508,Masvingo ZRP Clinic,Masvingo,Masvingo,-20.065333,30.845751,Clinic,CLINIC,ZRP,ZIMBABWE_REPUBLIC_POLICE,Urban,URBAN,Primary,PRIMARY,263776991713,Functional,ACTIVE_OR_OPERATIONAL,,,,,,NO,READY_WITH_COORDINATES,IMPORTED_PENDING_CONFIGURATION,MASTER_HEALTH_FACILITY_2024_07_23
1153,ZW080521,Mavizhu Clinic,Masvingo,Masvingo,-20.536779,31.067292,Clinic,CLINIC,RDC,RURAL_DISTRICT_COUNCIL,Rural,RURAL,Primary,PRIMARY,+263776878628  (OI) or +263777413700 (Facility),Functional,ACTIVE_OR_OPERATIONAL,,,,,,NO,READY_WITH_COORDINATES,IMPORTED_PENDING_CONFIGURATION,MASTER_HEALTH_FACILITY_2024_07_23
1154,ZW08050D,Morgenster Mission Hospital,Masvingo,Masvingo,-20.309613,30.931458,Hospital,HOSPITAL_REQUIRES_LEVEL_REVIEW,Mission,MISSION_FAITH_BASED,Rural,RURAL,secondary,SECONDARY,263783285128,Functional,ACTIVE_OR_OPERATIONAL,,,,,,NO,READY_WITH_COORDINATES,IMPORTED_PENDING_CONFIGURATION,MASTER_HEALTH_FACILITY_2024_07_23
1155,ZW080535,Mucheke Clinic,Masvingo,Masvingo,-20.083554,30.819735,Clinic,CLINIC,City Council,LOCAL_AUTHORITY,Urban,URBAN,Primary,PRIMARY,263779882557,Functional,ACTIVE_OR_OPERATIONAL,,,,,,NO,READY_WITH_COORDINATES,IMPORTED_PENDING_CONFIGURATION,MASTER_HEALTH_FACILITY_2024_07_23
1156,ZW080502,Mukosi Rural Health Centre,Masvingo,Masvingo,-20.538891,30.890153,Clinic,CLINIC,Government,GOVERNMENT,Rural,RURAL,Primary,PRIMARY,263787832576,Functional,ACTIVE_OR_OPERATIONAL,,,,,,NO,READY_WITH_COORDINATES,IMPORTED_PENDING_CONFIGURATION,MASTER_HEALTH_FACILITY_2024_07_23
1157,ZW080531,Murinye Clinic,Masvingo,Masvingo,-20.373362,31.047549,Clinic,CLINIC,RDC,RURAL_DISTRICT_COUNCIL,Rural,RURAL,Primary,PRIMARY,263786723699,Functional,ACTIVE_OR_OPERATIONAL,,,,,,NO,READY_WITH_COORDINATES,IMPORTED_PENDING_CONFIGURATION,MASTER_HEALTH_FACILITY_2024_07_23
1158,ZW080503,Mushandike Rural Health Centre,Masvingo,Masvingo,-20.206158,30.714775,Clinic,CLINIC,Government,GOVERNMENT,Rural,RURAL,Primary,PRIMARY,263787835379,Functional,ACTIVE_OR_OPERATIONAL,,,,,,NO,READY_WITH_COORDINATES,IMPORTED_PENDING_CONFIGURATION,MASTER_HEALTH_FACILITY_2024_07_23
1159,ZW080504,Musvovi Rural Health Centre,Masvingo,Masvingo,-20.705023,31.069758,Clinic,CLINIC,Government,GOVERNMENT,Rural,RURAL,Primary,PRIMARY,+26339 2263696,Functional,ACTIVE_OR_OPERATIONAL,,,,,,NO,READY_WITH_COORDINATES,IMPORTED_PENDING_CONFIGURATION,MASTER_HEALTH_FACILITY_2024_07_23
1160,ZW080505,Mutimurefu Rural Health Centre,Masvingo,Masvingo,-20.105036,31.035995,Clinic,CLINIC,ZPS,ZIMBABWE_PRISONS_AND_CORRECTIONAL_SERVICE,Rural,RURAL,Primary,PRIMARY,263787832547,Functional,ACTIVE_OR_OPERATIONAL,,,,,,NO,READY_WITH_COORDINATES,IMPORTED_PENDING_CONFIGURATION,MASTER_HEALTH_FACILITY_2024_07_23
1161,ZW080506,Nemamwa Rural Health Centre,Masvingo,Masvingo,-20.274017,30.91322,Clinic,CLINIC,Government,GOVERNMENT,Rural,RURAL,Primary,PRIMARY,263772177478,Functional,ACTIVE_OR_OPERATIONAL,,,,,,NO,READY_WITH_COORDINATES,IMPORTED_PENDING_CONFIGURATION,MASTER_HEALTH_FACILITY_2024_07_23
1162,ZW08050B,Ngomahuru Psychiatric Hospital,Masvingo,Masvingo,-20.437101,30.721946,Clinic,CLINIC,Government,GOVERNMENT,Rural,RURAL,Special,SPECIAL,263785296666,Functional,ACTIVE_OR_OPERATIONAL,,,,,,NO,READY_WITH_COORDINATES,IMPORTED_PENDING_CONFIGURATION,MASTER_HEALTH_FACILITY_2024_07_23
1163,ZW080544,Ngomahuru Rural Health Centre,Masvingo,Masvingo,-20.43697,30.723942,Clinic,CLINIC,Government,GOVERNMENT,Rural,RURAL,Primary,PRIMARY,263787833030,Functional,ACTIVE_OR_OPERATIONAL,,,,,,NO,READY_WITH_COORDINATES,IMPORTED_PENDING_CONFIGURATION,MASTER_HEALTH_FACILITY_2024_07_23
1164,ZW08050C,Nyajena Rural Hospital,Masvingo,Masvingo,-20.598258,31.165795,Hospital,HOSPITAL_REQUIRES_LEVEL_REVIEW,Government,GOVERNMENT,Rural,RURAL,Primary,PRIMARY,263787940153,Functional,ACTIVE_OR_OPERATIONAL,,,,,,NO,READY_WITH_COORDINATES,IMPORTED_PENDING_CONFIGURATION,MASTER_HEALTH_FACILITY_2024_07_23
1166,ZW080507,Nyikavanhu Rural Health Centre,Masvingo,Masvingo,-20.846377,31.220571,Clinic,CLINIC,Government,GOVERNMENT,Rural,RURAL,Primary,PRIMARY,+2632262577 or +2632262928,Functional,ACTIVE_OR_OPERATIONAL,,,,,,NO,READY_WITH_COORDINATES,IMPORTED_PENDING_CONFIGURATION,MASTER_HEALTH_FACILITY_2024_07_23
1167,ZW080577,PSI Masvingo New Start Centre,Masvingo,Masvingo,-20.074462,30.831376,Clinic,CLINIC,Private,PRIVATE,Urban,URBAN,Primary,PRIMARY,+263773155335 (Incharge),Functional,ACTIVE_OR_OPERATIONAL,,,,,,NO,READY_WITH_COORDINATES,IMPORTED_PENDING_CONFIGURATION,MASTER_HEALTH_FACILITY_2024_07_23
1168,ZW080576,Renco Mine Clinic,Masvingo,Masvingo,-20.638233,31.163057,Clinic,CLINIC,Mine,MINE,Rural,RURAL,Primary,PRIMARY,0263787836962,Functional,ACTIVE_OR_OPERATIONAL,3,,,,,NO,READY_WITH_COORDINATES,IMPORTED_PENDING_CONFIGURATION,MASTER_HEALTH_FACILITY_2024_07_23
1169,ZW08050G,Rucors Talitha Cumi Mission Hospital,Masvingo,Masvingo,-20.023328,31.28344,Clinic,CLINIC,Mission,MISSION_FAITH_BASED,Rural,RURAL,Primary,PRIMARY,263787832577,Functional,ACTIVE_OR_OPERATIONAL,,,,,,NO,READY_WITH_COORDINATES,IMPORTED_PENDING_CONFIGURATION,MASTER_HEALTH_FACILITY_2024_07_23
1170,ZW080631,Boterere Clinic,Masvingo,Mwenezi,-21.230492,30.263884,RHC,RURAL_HEALTH_CENTRE,Rural Council,RURAL_DISTRICT_COUNCIL,Rural,RURAL,primary,PRIMARY,0716727831,Functional,ACTIVE_OR_OPERATIONAL,,,,,,NO,READY_WITH_COORDINATES,IMPORTED_PENDING_CONFIGURATION,MASTER_HEALTH_FACILITY_2024_07_23
1171,ZW080633,Bubye River Ranch Clinic,Masvingo,Mwenezi,-21.490421,30.382108,RHC,RURAL_HEALTH_CENTRE,Council,LOCAL_AUTHORITY,Rural,RURAL,primary,PRIMARY,,Functional,ACTIVE_OR_OPERATIONAL,,,,,,NO,READY_WITH_COORDINATES,IMPORTED_PENDING_CONFIGURATION,MASTER_HEALTH_FACILITY_2024_07_23
1172,ZW080601,Chimbudzi Rural Health Centre,Masvingo,Mwenezi,-20.943241,30.506227,RHC,RURAL_HEALTH_CENTRE,Government,GOVERNMENT,Rural,RURAL,primary,PRIMARY,0784633048,Functional,ACTIVE_OR_OPERATIONAL,3,,,,,NO,READY_WITH_COORDINATES,IMPORTED_PENDING_CONFIGURATION,MASTER_HEALTH_FACILITY_2024_07_23
1173,ZW080608,Chingwizi Clinic,Masvingo,Mwenezi,-21.23676,31.192994,RHC,RURAL_HEALTH_CENTRE,Government,GOVERNMENT,Rural,RURAL,primary,PRIMARY,0784633198,Functional,ACTIVE_OR_OPERATIONAL,21,,,,,NO,READY_WITH_COORDINATES,IMPORTED_PENDING_CONFIGURATION,MASTER_HEALTH_FACILITY_2024_07_23
1174,ZW080602,Chirindi Rural Health Centre,Masvingo,Mwenezi,-21.116502,30.179861,RHC,RURAL_HEALTH_CENTRE,Government,GOVERNMENT,Rural,RURAL,primary,PRIMARY,0780916632,Functional,ACTIVE_OR_OPERATIONAL,14,,,,,NO,READY_WITH_COORDINATES,IMPORTED_PENDING_CONFIGURATION,MASTER_HEALTH_FACILITY_2024_07_23
1175,ZW080603,Chizumba Rural Health Centre,Masvingo,Mwenezi,-20.140545,30.574201,RHC,RURAL_HEALTH_CENTRE,Government,GOVERNMENT,Rural,RURAL,primary,PRIMARY,0784633272,Functional,ACTIVE_OR_OPERATIONAL,13,,,,,NO,READY_WITH_COORDINATES,IMPORTED_PENDING_CONFIGURATION,MASTER_HEALTH_FACILITY_2024_07_23
1177,ZW080692,Lundi Clinic,Masvingo,Mwenezi,-20.897354,30.78207,RHC,RURAL_HEALTH_CENTRE,Mission,MISSION_FAITH_BASED,Rural,RURAL,primary,PRIMARY,0784633302,Functional,ACTIVE_OR_OPERATIONAL,23,,,,,NO,READY_WITH_COORDINATES,IMPORTED_PENDING_CONFIGURATION,MASTER_HEALTH_FACILITY_2024_07_23
1178,ZW080691,Maranda Clinic,Masvingo,Mwenezi,-21.190767,30.539104,RHC,RURAL_HEALTH_CENTRE,Mission,MISSION_FAITH_BASED,Rural,RURAL,primary,PRIMARY,0780415818,Functional,ACTIVE_OR_OPERATIONAL,3,,,,,NO,READY_WITH_COORDINATES,IMPORTED_PENDING_CONFIGURATION,MASTER_HEALTH_FACILITY_2024_07_23
1179,ZW080604,Maranda Sub Rural Health Centre,Masvingo,Mwenezi,-21.146076,30.31601,RHC,RURAL_HEALTH_CENTRE,Government,GOVERNMENT,Rural,RURAL,primary,PRIMARY,0784633092,Functional,ACTIVE_OR_OPERATIONAL,4,,,,,NO,READY_WITH_COORDINATES,IMPORTED_PENDING_CONFIGURATION,MASTER_HEALTH_FACILITY_2024_07_23
1180,ZW080632,Marinda Clinic,Masvingo,Mwenezi,-21.206842,30.397274,RHC,RURAL_HEALTH_CENTRE,Rural Council,RURAL_DISTRICT_COUNCIL,Rural,RURAL,primary,PRIMARY,0784633338,Functional,ACTIVE_OR_OPERATIONAL,7,,,,,NO,READY_WITH_COORDINATES,IMPORTED_PENDING_CONFIGURATION,MASTER_HEALTH_FACILITY_2024_07_23
1181,ZW08060B,Matibi Mission Hospital,Masvingo,Mwenezi,-20.750592,30.486582,Mission Hospital,MISSION_HOSPITAL,Mission,MISSION_FAITH_BASED,Rural,RURAL,secondary,SECONDARY,0784633072,Functional,ACTIVE_OR_OPERATIONAL,125,,,,,NO,READY_WITH_COORDINATES,IMPORTED_PENDING_CONFIGURATION,MASTER_HEALTH_FACILITY_2024_07_23
1182,ZW080625,Mazetese Clinic,Masvingo,Mwenezi,,,RHC,RURAL_HEALTH_CENTRE,Rural Council,RURAL_DISTRICT_COUNCIL,Rural,RURAL,primary,PRIMARY,0784633045,Functional,ACTIVE_OR_OPERATIONAL,23,,,,Latitude; Longitude,YES,INCOMPLETE_MISSING_COORDINATES,IMPORTED_PENDING_CONFIGURATION,MASTER_HEALTH_FACILITY_2024_07_23
1184,ZW080607,Munyamani Rural Health Centre,Masvingo,Mwenezi,-21.301552,30.524552,RHC,RURAL_HEALTH_CENTRE,Government,GOVERNMENT,Rural,RURAL,primary,PRIMARY,0780844448,Functional,ACTIVE_OR_OPERATIONAL,2,,,,,NO,READY_WITH_COORDINATES,IMPORTED_PENDING_CONFIGURATION,MASTER_HEALTH_FACILITY_2024_07_23
1185,ZW080629,Murove Clinic,Masvingo,Mwenezi,-21.057826,30.426544,RHC,RURAL_HEALTH_CENTRE,Rural Council,RURAL_DISTRICT_COUNCIL,Rural,RURAL,primary,PRIMARY,0784633290,Functional,ACTIVE_OR_OPERATIONAL,3,,,,,NO,READY_WITH_COORDINATES,IMPORTED_PENDING_CONFIGURATION,MASTER_HEALTH_FACILITY_2024_07_23
1186,ZW080627,Mushava Clinic,Masvingo,Mwenezi,-20.940744,30.646843,RHC,RURAL_HEALTH_CENTRE,Rural Council,RURAL_DISTRICT_COUNCIL,Rural,RURAL,primary,PRIMARY,0780844447,Functional,ACTIVE_OR_OPERATIONAL,,,,,,NO,READY_WITH_COORDINATES,IMPORTED_PENDING_CONFIGURATION,MASTER_HEALTH_FACILITY_2024_07_23
1187,ZW080682,Mwenezana Clinic,Masvingo,Mwenezi,-21.36225,30.62488,RHC,RURAL_HEALTH_CENTRE,Private,PRIVATE,Rural,RURAL,primary,PRIMARY,0780746422,Functional,ACTIVE_OR_OPERATIONAL,10,,,,,NO,READY_WITH_COORDINATES,IMPORTED_PENDING_CONFIGURATION,MASTER_HEALTH_FACILITY_2024_07_23
1188,ZW080628,Mwenezi Clinic,Masvingo,Mwenezi,-21.41419,30.700408,RHC,RURAL_HEALTH_CENTRE,Rural Council,RURAL_DISTRICT_COUNCIL,Rural,RURAL,primary,PRIMARY,0780844444,Functional,ACTIVE_OR_OPERATIONAL,5,,,,,NO,READY_WITH_COORDINATES,IMPORTED_PENDING_CONFIGURATION,MASTER_HEALTH_FACILITY_2024_07_23
1189,ZW080305,Nehanda Rural Health Centre,Masvingo,Mwenezi,-20.828123,30.603778,RHC,RURAL_HEALTH_CENTRE,Government,GOVERNMENT,Rural,RURAL,primary,PRIMARY,0784633084,Functional,ACTIVE_OR_OPERATIONAL,9,,,,,NO,READY_WITH_COORDINATES,IMPORTED_PENDING_CONFIGURATION,MASTER_HEALTH_FACILITY_2024_07_23
1190,ZW80744,Benzi Clinic,Masvingo,Zaka,-20.61974,31.72029,RHC,RURAL_HEALTH_CENTRE,Rural Council,RURAL_DISTRICT_COUNCIL,Rural,RURAL,Primary,PRIMARY,0784 633 267,Functional,ACTIVE_OR_OPERATIONAL,9,,,,,NO,READY_WITH_COORDINATES,IMPORTED_PENDING_CONFIGURATION,MASTER_HEALTH_FACILITY_2024_07_23
1191,ZW080725,Bota Clinic,Masvingo,Zaka,-20.610615,31.393093,Rural Hospital,RURAL_HOSPITAL,Mission,MISSION_FAITH_BASED,Rural,RURAL,Primary,PRIMARY,0784 633 370,Functional,ACTIVE_OR_OPERATIONAL,4,,,,,NO,READY_WITH_COORDINATES,IMPORTED_PENDING_CONFIGURATION,MASTER_HEALTH_FACILITY_2024_07_23
1192,ZW080726,Bvukururu Clinic,Masvingo,Zaka,-20.105716,31.427173,RHC,RURAL_HEALTH_CENTRE,Government,GOVERNMENT,Rural,RURAL,Primary,PRIMARY,0784 633 384,Functional,ACTIVE_OR_OPERATIONAL,12,,,,,NO,READY_WITH_COORDINATES,IMPORTED_PENDING_CONFIGURATION,MASTER_HEALTH_FACILITY_2024_07_23
1193,ZW080727,Chinyabako Clinic,Masvingo,Zaka,-20.306643,31.544094,RHC,RURAL_HEALTH_CENTRE,Rural Council,RURAL_DISTRICT_COUNCIL,Rural,RURAL,Primary,PRIMARY,0784 633 410,Functional,ACTIVE_OR_OPERATIONAL,5,,,,,NO,READY_WITH_COORDINATES,IMPORTED_PENDING_CONFIGURATION,MASTER_HEALTH_FACILITY_2024_07_23
1194,ZW080701,Chipinda Rural Health Centre,Masvingo,Zaka,-20.069121,31.326617,RHC,RURAL_HEALTH_CENTRE,Rural Council,RURAL_DISTRICT_COUNCIL,Rural,RURAL,Primary,PRIMARY,0784 633 421,Functional,ACTIVE_OR_OPERATIONAL,4,,,,,NO,READY_WITH_COORDINATES,IMPORTED_PENDING_CONFIGURATION,MASTER_HEALTH_FACILITY_2024_07_23
1195,ZW080729,Chiredzana Clinic,Masvingo,Zaka,-20.564625,31.662283,RHC,RURAL_HEALTH_CENTRE,Rural Council,RURAL_DISTRICT_COUNCIL,Rural,RURAL,Primary,PRIMARY,0784 633 640,Functional,ACTIVE_OR_OPERATIONAL,8,,,,,NO,READY_WITH_COORDINATES,IMPORTED_PENDING_CONFIGURATION,MASTER_HEALTH_FACILITY_2024_07_23
1196,ZW080730,Fube Clinic,Masvingo,Zaka,-20.349169,31.617502,RHC,RURAL_HEALTH_CENTRE,Government,GOVERNMENT,Rural,RURAL,Primary,PRIMARY,0784 636 266,Functional,ACTIVE_OR_OPERATIONAL,4,,,,,NO,READY_WITH_COORDINATES,IMPORTED_PENDING_CONFIGURATION,MASTER_HEALTH_FACILITY_2024_07_23
1197,ZW080702,Harava Rural Health Centre,Masvingo,Zaka,-20.400518,31.259637,RHC,RURAL_HEALTH_CENTRE,Government,GOVERNMENT,Rural,RURAL,Primary,PRIMARY,0784 633 207,Functional,ACTIVE_OR_OPERATIONAL,4,,,,,NO,READY_WITH_COORDINATES,IMPORTED_PENDING_CONFIGURATION,MASTER_HEALTH_FACILITY_2024_07_23
1198,ZW080739,Jerera Satellite Clinic,Masvingo,Zaka,-20.408413,31.451537,RHC,RURAL_HEALTH_CENTRE,Rural Council,RURAL_DISTRICT_COUNCIL,Rural,RURAL,Primary,PRIMARY,0784 636 163,Functional,ACTIVE_OR_OPERATIONAL,4,,,,,NO,READY_WITH_COORDINATES,IMPORTED_PENDING_CONFIGURATION,MASTER_HEALTH_FACILITY_2024_07_23
1199,ZW080732,Jichidza Council Clinic,Masvingo,Zaka,-20.29448,31.268913,RHC,RURAL_HEALTH_CENTRE,Rural Council,RURAL_DISTRICT_COUNCIL,Rural,RURAL,Primary,PRIMARY,0784 636 147,Functional,ACTIVE_OR_OPERATIONAL,4,,,,,NO,READY_WITH_COORDINATES,IMPORTED_PENDING_CONFIGURATION,MASTER_HEALTH_FACILITY_2024_07_23
1200,ZW080791,Jichidza Mission Clinic,Masvingo,Zaka,-20.263547,31.22231,RHC,RURAL_HEALTH_CENTRE,Rural Council,RURAL_DISTRICT_COUNCIL,Rural,RURAL,Primary,PRIMARY,0784 633 798,Functional,ACTIVE_OR_OPERATIONAL,4,,,,,NO,READY_WITH_COORDINATES,IMPORTED_PENDING_CONFIGURATION,MASTER_HEALTH_FACILITY_2024_07_23
1201,ZW080742,Machiva Clinic,Masvingo,Zaka,-20.645214,31.508716,RHC,RURAL_HEALTH_CENTRE,Rural Council,RURAL_DISTRICT_COUNCIL,Rural,RURAL,Primary,PRIMARY,0784 633 435,Functional,ACTIVE_OR_OPERATIONAL,4,,,,,NO,READY_WITH_COORDINATES,IMPORTED_PENDING_CONFIGURATION,MASTER_HEALTH_FACILITY_2024_07_23
1202,ZW080741,Mageza Clinic,Masvingo,Zaka,-20.327444,31.168002,RHC,RURAL_HEALTH_CENTRE,Rural Council,RURAL_DISTRICT_COUNCIL,Rural,RURAL,Primary,PRIMARY,0784 633 106,Functional,ACTIVE_OR_OPERATIONAL,7,,,,,NO,READY_WITH_COORDINATES,IMPORTED_PENDING_CONFIGURATION,MASTER_HEALTH_FACILITY_2024_07_23
1203,ZW080740,Mandhloro Clinic,Masvingo,Zaka,-20.196051,31.525536,RHC,RURAL_HEALTH_CENTRE,Rural Council,RURAL_DISTRICT_COUNCIL,Rural,RURAL,Primary,PRIMARY,0784 633 493,Functional,ACTIVE_OR_OPERATIONAL,7,,,,,NO,READY_WITH_COORDINATES,IMPORTED_PENDING_CONFIGURATION,MASTER_HEALTH_FACILITY_2024_07_23
1204,ZW080733,Mushaya Clinic,Masvingo,Zaka,-20.598073,31.285552,RHC,RURAL_HEALTH_CENTRE,Rural Council,RURAL_DISTRICT_COUNCIL,Rural,RURAL,Primary,PRIMARY,0784 633 512,Functional,ACTIVE_OR_OPERATIONAL,4,,,,,NO,READY_WITH_COORDINATES,IMPORTED_PENDING_CONFIGURATION,MASTER_HEALTH_FACILITY_2024_07_23
1205,ZW08070C,Musiso Mission Hospital,Masvingo,Zaka,-20.392963,31.439649,Mission Hospital,MISSION_HOSPITAL,Rural Council,RURAL_DISTRICT_COUNCIL,Rural,RURAL,Secondary,SECONDARY,0784 633 225,Functional,ACTIVE_OR_OPERATIONAL,4,,,,,NO,READY_WITH_COORDINATES,IMPORTED_PENDING_CONFIGURATION,MASTER_HEALTH_FACILITY_2024_07_23
1206,ZW080734,Ndanga Clinic,Masvingo,Zaka,-20.228297,31.406351,RHC,RURAL_HEALTH_CENTRE,Rural Council,RURAL_DISTRICT_COUNCIL,Rural,RURAL,Primary,PRIMARY,0784 633 552,Functional,ACTIVE_OR_OPERATIONAL,200,,,,,NO,READY_WITH_COORDINATES,IMPORTED_PENDING_CONFIGURATION,MASTER_HEALTH_FACILITY_2024_07_23
1207,ZW08070A,Ndanga District Hospital,Masvingo,Zaka,-20.180984,31.322096,District Hospital,DISTRICT_HOSPITAL,Government,GOVERNMENT,Rural,RURAL,Secondary,SECONDARY,0784 633 563,Functional,ACTIVE_OR_OPERATIONAL,11,,,,,NO,READY_WITH_COORDINATES,IMPORTED_PENDING_CONFIGURATION,MASTER_HEALTH_FACILITY_2024_07_23
1208,ZW080703,Nemauku Rural Health Centre,Masvingo,Zaka,-20.281815,31.366821,RHC,RURAL_HEALTH_CENTRE,Rural Council,RURAL_DISTRICT_COUNCIL,Rural,RURAL,Primary,PRIMARY,0784 633 361,Functional,ACTIVE_OR_OPERATIONAL,140,,,,,NO,READY_WITH_COORDINATES,IMPORTED_PENDING_CONFIGURATION,MASTER_HEALTH_FACILITY_2024_07_23
1210,ZW080743,Njiva Clinic,Masvingo,Zaka,-20.68487,31.245515,RHC,RURAL_HEALTH_CENTRE,Rural Council,RURAL_DISTRICT_COUNCIL,Rural,RURAL,Primary,PRIMARY,0784 633 008,Functional,ACTIVE_OR_OPERATIONAL,6,,,,,NO,READY_WITH_COORDINATES,IMPORTED_PENDING_CONFIGURATION,MASTER_HEALTH_FACILITY_2024_07_23
1211,ZW080736,Nyakunhuwa Clinic,Masvingo,Zaka,-20.45845,31.359017,RHC,RURAL_HEALTH_CENTRE,Rural Council,RURAL_DISTRICT_COUNCIL,Rural,RURAL,Primary,PRIMARY,0784 633 584,Functional,ACTIVE_OR_OPERATIONAL,4,,,,,NO,READY_WITH_COORDINATES,IMPORTED_PENDING_CONFIGURATION,MASTER_HEALTH_FACILITY_2024_07_23
1212,ZW080737,Siyawareva Clinic,Masvingo,Zaka,-20.439841,31.486633,RHC,RURAL_HEALTH_CENTRE,Rural Council,RURAL_DISTRICT_COUNCIL,Rural,RURAL,Primary,PRIMARY,0784 633 590,Functional,ACTIVE_OR_OPERATIONAL,4,,,,,NO,READY_WITH_COORDINATES,IMPORTED_PENDING_CONFIGURATION,MASTER_HEALTH_FACILITY_2024_07_23
1213,ZW080704,Svuure Rural Health Centre,Masvingo,Zaka,-20.556227,31.54279,RHC,RURAL_HEALTH_CENTRE,Government,GOVERNMENT,Rural,RURAL,Primary,PRIMARY,0784 633 001,Functional,ACTIVE_OR_OPERATIONAL,7,,,,,NO,READY_WITH_COORDINATES,IMPORTED_PENDING_CONFIGURATION,MASTER_HEALTH_FACILITY_2024_07_23
1214,ZW080582,Rujeko Clinic,Masvingo,Masvingo,-20.084247,30.837625,Clinic,CLINIC,City Council,LOCAL_AUTHORITY,Urban,URBAN,Primary,PRIMARY,263786723697,Functional,ACTIVE_OR_OPERATIONAL,,,,,,NO,READY_WITH_COORDINATES,IMPORTED_PENDING_CONFIGURATION,MASTER_HEALTH_FACILITY_2024_07_23
1215,ZW08060A,Neshuro District Hospital,Masvingo,Mwenezi,-20.940744,30.646843,District Hospital,DISTRICT_HOSPITAL,Government,GOVERNMENT,Rural,RURAL,secondary,SECONDARY,0787467704,Functional,ACTIVE_OR_OPERATIONAL,104,,,,,NO,READY_WITH_COORDINATES,IMPORTED_PENDING_CONFIGURATION,MASTER_HEALTH_FACILITY_2024_07_23
1216,ZW080239,Neromwe clinic,Masvingo,Chiredzi,-20.785677,31.428129,,,Government,GOVERNMENT,Rural,RURAL,primary,PRIMARY,263780054729,functional,ACTIVE_OR_OPERATIONAL,7,,,,Facility Type,YES,READY_WITH_COORDINATES,IMPORTED_PENDING_CONFIGURATION,MASTER_HEALTH_FACILITY_2024_07_23
1217,ZW080210,Nyangambe Rural Health Centre,Masvingo,Chiredzi,-20.683126,31.753086,RHC,RURAL_HEALTH_CENTRE,Government,GOVERNMENT,Rural,RURAL,primary,PRIMARY,263780054730,functional,ACTIVE_OR_OPERATIONAL,6,,,,,NO,READY_WITH_COORDINATES,IMPORTED_PENDING_CONFIGURATION,MASTER_HEALTH_FACILITY_2024_07_23
1218,ZW080212,Old Boli Rural Health Centre,Masvingo,Chiredzi,-21.42189,31.4508895874,RHC,RURAL_HEALTH_CENTRE,Government,GOVERNMENT,Rural,RURAL,primary,PRIMARY,263776000476,functional,ACTIVE_OR_OPERATIONAL,6,,,,,NO,READY_WITH_COORDINATES,IMPORTED_PENDING_CONFIGURATION,MASTER_HEALTH_FACILITY_2024_07_23
1219,ZW080214,Pahlela Clinic,Masvingo,Chiredzi,-21.94103,31.3577194214,RHC,RURAL_HEALTH_CENTRE,Rural Council,RURAL_DISTRICT_COUNCIL,Rural,RURAL,primary,PRIMARY,263780054740,functional,ACTIVE_OR_OPERATIONAL,6,,,,,NO,READY_WITH_COORDINATES,IMPORTED_PENDING_CONFIGURATION,MASTER_HEALTH_FACILITY_2024_07_23
1221,ZW080229,Porepore Clinic,Masvingo,Chiredzi,-20.77921,31.894449,RHC,RURAL_HEALTH_CENTRE,Rural Council,RURAL_DISTRICT_COUNCIL,Rural,RURAL,primary,PRIMARY,263776564066,functional,ACTIVE_OR_OPERATIONAL,3,,,,,NO,READY_WITH_COORDINATES,IMPORTED_PENDING_CONFIGURATION,MASTER_HEALTH_FACILITY_2024_07_23
1222,ZW080230,Rupangwana Clinic,Masvingo,Chiredzi,-21.000533,32.149614,RHC,RURAL_HEALTH_CENTRE,Rural Council,RURAL_DISTRICT_COUNCIL,Rural,RURAL,primary,PRIMARY,263780054755,functional,ACTIVE_OR_OPERATIONAL,5,,,,,NO,READY_WITH_COORDINATES,IMPORTED_PENDING_CONFIGURATION,MASTER_HEALTH_FACILITY_2024_07_23
1223,ZW080606,Rutenga Clinic,Masvingo,Mwenezi,-21.237381,30.729406,RHC,RURAL_HEALTH_CENTRE,Government,GOVERNMENT,Rural,RURAL,primary,PRIMARY,0780952906,Functional,ACTIVE_OR_OPERATIONAL,15,,,,,NO,READY_WITH_COORDINATES,IMPORTED_PENDING_CONFIGURATION,MASTER_HEALTH_FACILITY_2024_07_23
1224,ZW080532,Rukovo Clinic,Masvingo,Masvingo,-20.268123,31.068098,Clinic,CLINIC,RDC,RURAL_DISTRICT_COUNCIL,Rural,RURAL,Primary,PRIMARY,263775138799,Functional,ACTIVE_OR_OPERATIONAL,,,,,,NO,READY_WITH_COORDINATES,IMPORTED_PENDING_CONFIGURATION,MASTER_HEALTH_FACILITY_2024_07_23
1225,ZW080583,Runyararo Clinic,Masvingo,Masvingo,-20.097427,30.809776,Clinic,CLINIC,City Council,LOCAL_AUTHORITY,Urban,URBAN,Primary,PRIMARY,263773468164,Functional,ACTIVE_OR_OPERATIONAL,,,,,,NO,READY_WITH_COORDINATES,IMPORTED_PENDING_CONFIGURATION,MASTER_HEALTH_FACILITY_2024_07_23
1226,ZW080584,Runyararo South West Clinic,Masvingo,Masvingo,-20.083939,30.797628,Clinic,CLINIC,City Council,LOCAL_AUTHORITY,Urban,URBAN,Primary,PRIMARY,263786723704,Functional,ACTIVE_OR_OPERATIONAL,,,,,,NO,READY_WITH_COORDINATES,IMPORTED_PENDING_CONFIGURATION,MASTER_HEALTH_FACILITY_2024_07_23
1229,ZW080738,Veza Clinic,Masvingo,Zaka,-20.381512,31.317206,RHC,RURAL_HEALTH_CENTRE,Government,GOVERNMENT,Rural,RURAL,Primary,PRIMARY,0784 633 233,Functional,ACTIVE_OR_OPERATIONAL,6,,,,,NO,READY_WITH_COORDINATES,IMPORTED_PENDING_CONFIGURATION,MASTER_HEALTH_FACILITY_2024_07_23
1232,ZW080592,Shonganiso Clinic,Masvingo,Masvingo,-20.43688,31.081057,Clinic,CLINIC,Mission,MISSION_FAITH_BASED,Rural,RURAL,Primary,PRIMARY,263787836940,Functional,ACTIVE_OR_OPERATIONAL,,,,,,NO,READY_WITH_COORDINATES,IMPORTED_PENDING_CONFIGURATION,MASTER_HEALTH_FACILITY_2024_07_23
1234,ZW080512,Summerton Rural Health Centre,Masvingo,Masvingo,-19.962645,30.696794,Clinic,CLINIC,Government,GOVERNMENT,Rural,RURAL,Primary,PRIMARY,263783285129,Functional,ACTIVE_OR_OPERATIONAL,,,,,,NO,READY_WITH_COORDINATES,IMPORTED_PENDING_CONFIGURATION,MASTER_HEALTH_FACILITY_2024_07_23
1235,ZW080515,Victoria High School Clinic,Masvingo,Masvingo,,,Clinic,CLINIC,Government,GOVERNMENT,Urban,URBAN,Primary,PRIMARY,263787838564,Functional,ACTIVE_OR_OPERATIONAL,,,,,Latitude; Longitude,YES,INCOMPLETE_MISSING_COORDINATES,IMPORTED_PENDING_CONFIGURATION,MASTER_HEALTH_FACILITY_2024_07_23
1236,ZW080513,Wendedzo Clinic,Masvingo,Masvingo,-20.048263,31.008886,Clinic,CLINIC,Government,GOVERNMENT,Rural,RURAL,Primary,PRIMARY,263779860838,Functional,ACTIVE_OR_OPERATIONAL,,,,,,NO,READY_WITH_COORDINATES,IMPORTED_PENDING_CONFIGURATION,MASTER_HEALTH_FACILITY_2024_07_23
1237,ZW080536,Zano Clinic,Masvingo,Masvingo,-20.195978,31.121871,Clinic,CLINIC,RDC,RURAL_DISTRICT_COUNCIL,Rural,RURAL,Primary,PRIMARY,263787835382,Functional,ACTIVE_OR_OPERATIONAL,,,,,,NO,READY_WITH_COORDINATES,IMPORTED_PENDING_CONFIGURATION,MASTER_HEALTH_FACILITY_2024_07_23
1238,ZW080534,Zimuto BC Clinic,Masvingo,Masvingo,-19.856348,30.864507,Clinic,CLINIC,RDC,RURAL_DISTRICT_COUNCIL,Rural,RURAL,Primary,PRIMARY,263787835382,Functional,ACTIVE_OR_OPERATIONAL,,,,,,NO,READY_WITH_COORDINATES,IMPORTED_PENDING_CONFIGURATION,MASTER_HEALTH_FACILITY_2024_07_23
1239,ZW050681,Rutenga NRZ Clinic,Masvingo,Mwenezi,-21.253568,30.743124,RHC,RURAL_HEALTH_CENTRE,Private,PRIVATE,Rural,RURAL,primary,PRIMARY,0719516013,Functional,ACTIVE_OR_OPERATIONAL,3,,,,,NO,READY_WITH_COORDINATES,IMPORTED_PENDING_CONFIGURATION,MASTER_HEALTH_FACILITY_2024_07_23
1240,ZW080705,Zibwowa Rural Health Centre,Masvingo,Zaka,-20.448586,31.54636,RHC,RURAL_HEALTH_CENTRE,Mission,MISSION_FAITH_BASED,Rural,RURAL,Primary,PRIMARY,263772304669,Functional,ACTIVE_OR_OPERATIONAL,2,,,,,NO,READY_WITH_COORDINATES,IMPORTED_PENDING_CONFIGURATION,MASTER_HEALTH_FACILITY_2024_07_23
1241,ZW080227,St Joseph Clinic,Masvingo,Chiredzi,-20.822686,32.179247,RHC,RURAL_HEALTH_CENTRE,Rural Council,RURAL_DISTRICT_COUNCIL,Rural,RURAL,primary,PRIMARY,263712996114,functional,ACTIVE_OR_OPERATIONAL,5,,,,,NO,READY_WITH_COORDINATES,IMPORTED_PENDING_CONFIGURATION,MASTER_HEALTH_FACILITY_2024_07_23
1242,ZW08020D,Triangle Private Hospital,Masvingo,Chiredzi,-21.04056,31.4748592377,General Hospital,HOSPITAL_REQUIRES_LEVEL_REVIEW,Private,PRIVATE,Urban,URBAN,secondary,SECONDARY,263772251098,functional,ACTIVE_OR_OPERATIONAL,54,,,,,NO,READY_WITH_COORDINATES,IMPORTED_PENDING_CONFIGURATION,MASTER_HEALTH_FACILITY_2024_07_23
1243,ZW080593,Zimuto Mission Clinic,Masvingo,Masvingo,-19.9468,30.844873,Clinic,CLINIC,Mission,MISSION_FAITH_BASED,Rural,RURAL,Primary,PRIMARY,263787935496,Functional,ACTIVE_OR_OPERATIONAL,,,,,,NO,READY_WITH_COORDINATES,IMPORTED_PENDING_CONFIGURATION,MASTER_HEALTH_FACILITY_2024_07_23
1244,ZW080233,Tshovani Clinic,Masvingo,Chiredzi,-21.027048,31.68844,RHC,RURAL_HEALTH_CENTRE,Town/City Council,LOCAL_AUTHORITY,Urban,URBAN,primary,PRIMARY,263784611678,functional,ACTIVE_OR_OPERATIONAL,10,,,,,NO,READY_WITH_COORDINATES,IMPORTED_PENDING_CONFIGURATION,MASTER_HEALTH_FACILITY_2024_07_23
1245,ZW080340,Turkey heart RHC,Masvingo,Chiredzi,-20.918463,31.35464,RHC,RURAL_HEALTH_CENTRE,Government,GOVERNMENT,Rural,RURAL,primary,PRIMARY,263773240691,functional,ACTIVE_OR_OPERATIONAL,3,,,,,NO,READY_WITH_COORDINATES,IMPORTED_PENDING_CONFIGURATION,MASTER_HEALTH_FACILITY_2024_07_23
1246,ZW080543,Zvamahande Clinic,Masvingo,Masvingo,-19.972999,30.55959,RDC,CLINIC,Rural,RURAL,Rural,RURAL,Primary,PRIMARY,0783683553,Functional,ACTIVE_OR_OPERATIONAL,,,,,,NO,READY_WITH_COORDINATES,IMPORTED_PENDING_CONFIGURATION,MASTER_HEALTH_FACILITY_2024_07_23
1247,ZW080684,Zimbabwe Bio Energy pvt clinic,Masvingo,Mwenezi,,,RHC,RURAL_HEALTH_CENTRE,Private,PRIVATE,Rural,RURAL,primary,PRIMARY,,Functional,ACTIVE_OR_OPERATIONAL,,,,,Latitude; Longitude,YES,INCOMPLETE_MISSING_COORDINATES,IMPORTED_PENDING_CONFIGURATION,MASTER_HEALTH_FACILITY_2024_07_23
1248,ZW080217,ZPS Chiredzi Prison Clinic,Masvingo,Chiredzi,-21.03806,31.6169395447,RHC,RURAL_HEALTH_CENTRE,ZPS,ZIMBABWE_PRISONS_AND_CORRECTIONAL_SERVICE,Rural,RURAL,primary,PRIMARY,263780054750,functional,ACTIVE_OR_OPERATIONAL,5,,,,,NO,READY_WITH_COORDINATES,IMPORTED_PENDING_CONFIGURATION,MASTER_HEALTH_FACILITY_2024_07_23
1249,ZW080115,ZRP Bikita Clinic,Masvingo,Bikita,,,RHC,RURAL_HEALTH_CENTRE,ZRP,ZIMBABWE_REPUBLIC_POLICE,Rural,RURAL,primary,PRIMARY,0774 332 304,Functional,ACTIVE_OR_OPERATIONAL,N/A,,,,Latitude; Longitude,YES,INCOMPLETE_MISSING_COORDINATES,IMPORTED_PENDING_CONFIGURATION,MASTER_HEALTH_FACILITY_2024_07_23
1250,ZW02010A,Bindura Provincial Hospital,Mashonaland Central,Bindura,-17.289824,31.329039,Government Hospital,HOSPITAL_REQUIRES_LEVEL_REVIEW,government,GOVERNMENT,urban,URBAN,Secondary,SECONDARY,7861,Open,ACTIVE_OR_OPERATIONAL,123,,,,,NO,READY_WITH_COORDINATES,IMPORTED_PENDING_CONFIGURATION,MASTER_HEALTH_FACILITY_2024_07_23
1251,ZW20179,Bindura University,Mashonaland Central,Bindura,,,University,UNIVERSITY,School Dispensary,SCHOOL,urban,URBAN,Primary,PRIMARY,7309,Open,ACTIVE_OR_OPERATIONAL,N/A,,,,Latitude; Longitude,YES,INCOMPLETE_MISSING_COORDINATES,IMPORTED_PENDING_CONFIGURATION,MASTER_HEALTH_FACILITY_2024_07_23
1252,ZW20162,Chipadze Clinic,Mashonaland Central,Bindura,-17.317742,31.345219,Municipality,MUNICIPALITY,Municipality,LOCAL_AUTHORITY,urban,URBAN,Primary,PRIMARY,783282916,Open,ACTIVE_OR_OPERATIONAL,N/A,,,,,NO,READY_WITH_COORDINATES,IMPORTED_PENDING_CONFIGURATION,MASTER_HEALTH_FACILITY_2024_07_23
1253,ZW20188,Chipindura High Clinic,Mashonaland Central,Bindura,,,School Dispensary,SCHOOL_DISPENSARY,School Dispensary,SCHOOL,urban,URBAN,Primary,PRIMARY,772599495,Open,ACTIVE_OR_OPERATIONAL,N/A,,,,Latitude; Longitude,YES,INCOMPLETE_MISSING_COORDINATES,IMPORTED_PENDING_CONFIGURATION,MASTER_HEALTH_FACILITY_2024_07_23
1254,ZW20145,Chiriseri Clinic,Mashonaland Central,Bindura,-17.454228,31.161414,RHC,RURAL_HEALTH_CENTRE,Council,LOCAL_AUTHORITY,Rural,RURAL,Primary,PRIMARY,781654628,Open,ACTIVE_OR_OPERATIONAL,N/A,,,,,NO,READY_WITH_COORDINATES,IMPORTED_PENDING_CONFIGURATION,MASTER_HEALTH_FACILITY_2024_07_23
1256,ZW20163,Chiwaridzo Clinic,Mashonaland Central,Bindura,-17.32252,31.35938,Municipality,MUNICIPALITY,Municipality,LOCAL_AUTHORITY,urban,URBAN,Primary,PRIMARY,778126777,Open,ACTIVE_OR_OPERATIONAL,N/A,,,,,NO,READY_WITH_COORDINATES,IMPORTED_PENDING_CONFIGURATION,MASTER_HEALTH_FACILITY_2024_07_23
1257,ZW20178,Foothills Clinic,Mashonaland Central,Bindura,-17.213277,31.277887,RHC,RURAL_HEALTH_CENTRE,Government,GOVERNMENT,Rural,RURAL,Primary,PRIMARY,719741442,Open,ACTIVE_OR_OPERATIONAL,N/A,,,,,NO,READY_WITH_COORDINATES,IMPORTED_PENDING_CONFIGURATION,MASTER_HEALTH_FACILITY_2024_07_23
1258,ZW20175,Freda Rebecca Clinic,Mashonaland Central,Bindura,-17.301063,31.312438,Mine,MINE,Mine,MINE,urban,URBAN,Primary,PRIMARY,772411258,Open,ACTIVE_OR_OPERATIONAL,N/A,,,,,NO,READY_WITH_COORDINATES,IMPORTED_PENDING_CONFIGURATION,MASTER_HEALTH_FACILITY_2024_07_23
1259,ZW20187,Glamorgan Clinic,Mashonaland Central,Bindura,-17.438882,31.422984,RHC,RURAL_HEALTH_CENTRE,Council,LOCAL_AUTHORITY,Rural,RURAL,Primary,PRIMARY,778916873,Open,ACTIVE_OR_OPERATIONAL,N/A,,,,,NO,READY_WITH_COORDINATES,IMPORTED_PENDING_CONFIGURATION,MASTER_HEALTH_FACILITY_2024_07_23
1260,ZW20125,Katanya Clinic,Mashonaland Central,Bindura,-16.869447,31.379824,RHC,RURAL_HEALTH_CENTRE,Council,LOCAL_AUTHORITY,Rural,RURAL,Primary,PRIMARY,771005033,Open,ACTIVE_OR_OPERATIONAL,N/A,,,,,NO,READY_WITH_COORDINATES,IMPORTED_PENDING_CONFIGURATION,MASTER_HEALTH_FACILITY_2024_07_23
1261,ZW20183,Manga Rural Health Centre,Mashonaland Central,Bindura,-16.888934,31.255727,RHC,RURAL_HEALTH_CENTRE,Council,LOCAL_AUTHORITY,Rural,RURAL,Primary,PRIMARY,713505025,Open,ACTIVE_OR_OPERATIONAL,N/A,,,,,NO,READY_WITH_COORDINATES,IMPORTED_PENDING_CONFIGURATION,MASTER_HEALTH_FACILITY_2024_07_23
1262,ZW20146,Manhenga Clinic,Mashonaland Central,Bindura,-17.395017,31.312575,RHC,RURAL_HEALTH_CENTRE,Council,LOCAL_AUTHORITY,Rural,RURAL,Primary,PRIMARY,0778126L774,Open,ACTIVE_OR_OPERATIONAL,N/A,,,,,NO,READY_WITH_COORDINATES,IMPORTED_PENDING_CONFIGURATION,MASTER_HEALTH_FACILITY_2024_07_23
1263,ZW20102,Muonwe Rural Health Centre,Mashonaland Central,Bindura,-17.423273,31.243458,RHC,RURAL_HEALTH_CENTRE,Government,GOVERNMENT,Rural,RURAL,Primary,PRIMARY,715136369,Open,ACTIVE_OR_OPERATIONAL,N/A,,,,,NO,READY_WITH_COORDINATES,IMPORTED_PENDING_CONFIGURATION,MASTER_HEALTH_FACILITY_2024_07_23
1264,ZW20180,Mupandira Rural Health Centre,Mashonaland Central,Bindura,-17.598431,31.307164,RHC,RURAL_HEALTH_CENTRE,Council,LOCAL_AUTHORITY,Rural,RURAL,Primary,PRIMARY,713377221,Open,ACTIVE_OR_OPERATIONAL,N/A,,,,,NO,READY_WITH_COORDINATES,IMPORTED_PENDING_CONFIGURATION,MASTER_HEALTH_FACILITY_2024_07_23
1265,ZW20126,Nyava Clinic,Mashonaland Central,Bindura,-17.550733,31.369758,RHC,RURAL_HEALTH_CENTRE,Council,LOCAL_AUTHORITY,Rural,RURAL,Primary,PRIMARY,719258177,Open,ACTIVE_OR_OPERATIONAL,N/A,,,,,NO,READY_WITH_COORDINATES,IMPORTED_PENDING_CONFIGURATION,MASTER_HEALTH_FACILITY_2024_07_23
1266,ZW20186,Ponai Private Clinic,Mashonaland Central,Bindura,-17.308919,31.335224,Private,PRIVATE,Private,PRIVATE,urban,URBAN,Primary,PRIMARY,778098177,Open,ACTIVE_OR_OPERATIONAL,N/A,,,,,NO,READY_WITH_COORDINATES,IMPORTED_PENDING_CONFIGURATION,MASTER_HEALTH_FACILITY_2024_07_23
1268,ZW20182,Rutope Clinic,Mashonaland Central,Bindura,-17.545029,31.465637,RHC,RURAL_HEALTH_CENTRE,Council,LOCAL_AUTHORITY,Rural,RURAL,Primary,PRIMARY,713926895,Open,ACTIVE_OR_OPERATIONAL,N/A,,,,,NO,READY_WITH_COORDINATES,IMPORTED_PENDING_CONFIGURATION,MASTER_HEALTH_FACILITY_2024_07_23
1269,ZW20185,Shashi Private Hospital,Mashonaland Central,Bindura,-17.302247,31.321775,Private,PRIVATE,Private,PRIVATE,urban,URBAN,Primary,PRIMARY,773589429,Open,ACTIVE_OR_OPERATIONAL,N/A,,,,,NO,READY_WITH_COORDINATES,IMPORTED_PENDING_CONFIGURATION,MASTER_HEALTH_FACILITY_2024_07_23
1270,ZW20191,Shashi View Medical Centre,Mashonaland Central,Bindura,,,Private,PRIVATE,Private,PRIVATE,urban,URBAN,Primary,PRIMARY,66210633,Open,ACTIVE_OR_OPERATIONAL,N/A,,,,Latitude; Longitude,YES,INCOMPLETE_MISSING_COORDINATES,IMPORTED_PENDING_CONFIGURATION,MASTER_HEALTH_FACILITY_2024_07_23
1271,ZW20184,Takunda Rural Health Centre,Mashonaland Central,Bindura,-17.231503,31.15209,RHC,RURAL_HEALTH_CENTRE,Council,LOCAL_AUTHORITY,Rural,RURAL,Primary,PRIMARY,789619928,Open,ACTIVE_OR_OPERATIONAL,N/A,,,,,NO,READY_WITH_COORDINATES,IMPORTED_PENDING_CONFIGURATION,MASTER_HEALTH_FACILITY_2024_07_23
1272,ZW20190,Tarlington Clinic,Mashonaland Central,Bindura,-17.089197,31.354903,RHC,RURAL_HEALTH_CENTRE,Council,LOCAL_AUTHORITY,Rural,RURAL,Primary,PRIMARY,773622083,Open,ACTIVE_OR_OPERATIONAL,N/A,,,,,NO,READY_WITH_COORDINATES,IMPORTED_PENDING_CONFIGURATION,MASTER_HEALTH_FACILITY_2024_07_23
1273,ZW20176,Trojan Nickel Clinic,Mashonaland Central,Bindura,-17.331492,31.285251,Mine,MINE,Mine,MINE,urban,URBAN,Primary,PRIMARY,778731135,Open,ACTIVE_OR_OPERATIONAL,N/A,,,,,NO,READY_WITH_COORDINATES,IMPORTED_PENDING_CONFIGURATION,MASTER_HEALTH_FACILITY_2024_07_23
1274,ZW20103,ZPS Bindura Prison Clinic,Mashonaland Central,Bindura,,,Uniformed,UNIFORMED,Government,GOVERNMENT,urban,URBAN,Primary,PRIMARY,785941943,Open,ACTIVE_OR_OPERATIONAL,N/A,,,,Latitude; Longitude,YES,INCOMPLETE_MISSING_COORDINATES,IMPORTED_PENDING_CONFIGURATION,MASTER_HEALTH_FACILITY_2024_07_23
1276,ZW20209,Always Clinic,Mashonaland Central,Centenary,-16.673135,31.002302,Clinic,CLINIC,Council,LOCAL_AUTHORITY,Rural,RURAL,Primary,PRIMARY,0783671670 Kanyamura L  S.I.C,Open,ACTIVE_OR_OPERATIONAL,N/A,,,,,NO,READY_WITH_COORDINATES,IMPORTED_PENDING_CONFIGURATION,MASTER_HEALTH_FACILITY_2024_07_23
1277,ZW20285,Chadereka Rural Health Centre,Mashonaland Central,Centenary,-16.166986,31.20184,Clinic,CLINIC,Government,GOVERNMENT,Rural,RURAL,Primary,PRIMARY,0774462120 Matemera A  S.I.C,Open,ACTIVE_OR_OPERATIONAL,N/A,,,,,NO,READY_WITH_COORDINATES,IMPORTED_PENDING_CONFIGURATION,MASTER_HEALTH_FACILITY_2024_07_23
1278,ZW20201,Chawarura Rural Health Centre,Mashonaland Central,Centenary,-16.518236,31.112028,Clinic,CLINIC,Government,GOVERNMENT,Rural,RURAL,Primary,PRIMARY,0715380394 Homire E  S.I.C,Open,ACTIVE_OR_OPERATIONAL,N/A,,,,,NO,READY_WITH_COORDINATES,IMPORTED_PENDING_CONFIGURATION,MASTER_HEALTH_FACILITY_2024_07_23
1279,ZW20207,Chidikamwedzi Clinic,Mashonaland Central,Centenary,-16.80073,30.961926,Clinic,CLINIC,Council,LOCAL_AUTHORITY,Rural,RURAL,Primary,PRIMARY,0773096819 Tigere E  S.I.C,Open,ACTIVE_OR_OPERATIONAL,N/A,,,,,NO,READY_WITH_COORDINATES,IMPORTED_PENDING_CONFIGURATION,MASTER_HEALTH_FACILITY_2024_07_23
1280,ZW20208,Chinyani Clinic,Mashonaland Central,Centenary,-16.582612,31.205876,Clinic,CLINIC,Council,LOCAL_AUTHORITY,Rural,RURAL,Primary,PRIMARY,0773620869 Kuyeri L  S.I.C,Open,ACTIVE_OR_OPERATIONAL,N/A,,,,,NO,READY_WITH_COORDINATES,IMPORTED_PENDING_CONFIGURATION,MASTER_HEALTH_FACILITY_2024_07_23
1282,ZW20226,Dambakurima Clinic,Mashonaland Central,Centenary,-16.146154,31.088416,Clinic,CLINIC,Council,LOCAL_AUTHORITY,Rural,RURAL,Primary,PRIMARY,0777647212 James L  S.I.C,Open,ACTIVE_OR_OPERATIONAL,N/A,,,,,NO,READY_WITH_COORDINATES,IMPORTED_PENDING_CONFIGURATION,MASTER_HEALTH_FACILITY_2024_07_23
1283,ZW20245,David Nelson Clinic,Mashonaland Central,Centenary,-16.729417,31.118029,Clinic,CLINIC,Council,LOCAL_AUTHORITY,urban,URBAN,Primary,PRIMARY,0779551603 Maguvaza B  S.I.C,Open,ACTIVE_OR_OPERATIONAL,N/A,,,,,NO,READY_WITH_COORDINATES,IMPORTED_PENDING_CONFIGURATION,MASTER_HEALTH_FACILITY_2024_07_23
1284,ZW20202,Hoya Rural Health Centre,Mashonaland Central,Centenary,-16.347057,31.302773,Clinic,CLINIC,Council,LOCAL_AUTHORITY,Rural,RURAL,Primary,PRIMARY,0777481675 Chimate A  S.I.C,Open,ACTIVE_OR_OPERATIONAL,N/A,,,,,NO,READY_WITH_COORDINATES,IMPORTED_PENDING_CONFIGURATION,MASTER_HEALTH_FACILITY_2024_07_23
1286,ZW20203,Machaya Rural Health Centre,Mashonaland Central,Centenary,-16.35677,31.162291,Clinic,CLINIC,Government,GOVERNMENT,Rural,RURAL,Primary,PRIMARY,0773520145 Chinyani E  S.I.C,Open,ACTIVE_OR_OPERATIONAL,N/A,,,,,NO,READY_WITH_COORDINATES,IMPORTED_PENDING_CONFIGURATION,MASTER_HEALTH_FACILITY_2024_07_23
1287,ZW20204,Muzarabani Rural Health Centre,Mashonaland Central,Centenary,-16.393095,30.992224,Clinic,CLINIC,Government,GOVERNMENT,Rural,RURAL,Primary,PRIMARY,0778997539 Mumiriki R  S.I.C,Open,ACTIVE_OR_OPERATIONAL,N/A,,,,,NO,READY_WITH_COORDINATES,IMPORTED_PENDING_CONFIGURATION,MASTER_HEALTH_FACILITY_2024_07_23
1288,ZW20211,Range Clinic,Mashonaland Central,Centenary,-16.506105,31.275378,Clinic,CLINIC,Council,LOCAL_AUTHORITY,Rural,RURAL,Primary,PRIMARY,0713786906 Ndirire T  S.I.C,Open,ACTIVE_OR_OPERATIONAL,N/A,,,,,NO,READY_WITH_COORDINATES,IMPORTED_PENDING_CONFIGURATION,MASTER_HEALTH_FACILITY_2024_07_23
1289,ZW02020A,St Albert's Mission Hospital,Mashonaland Central,Centenary,-16.476205,31.282398,Hospital,HOSPITAL_REQUIRES_LEVEL_REVIEW,Mission,MISSION_FAITH_BASED,Rural,RURAL,Secondary,SECONDARY,0778559402 / 0714005670,Open,ACTIVE_OR_OPERATIONAL,150,,,,,NO,READY_WITH_COORDINATES,IMPORTED_PENDING_CONFIGURATION,MASTER_HEALTH_FACILITY_2024_07_23
1290,ZW20326,mc Bakasa Clinic,Mashonaland Central,Guruve,-16.426265,30.692781,Clinic,CLINIC,council,LOCAL_AUTHORITY,Rural,RURAL,Primary,PRIMARY,786887476,Open,ACTIVE_OR_OPERATIONAL,non admiting clinic,,,,,NO,READY_WITH_COORDINATES,IMPORTED_PENDING_CONFIGURATION,MASTER_HEALTH_FACILITY_2024_07_23
1291,ZW20321,mc Bepura Clinic,Mashonaland Central,Guruve,-16.85659,30.672215,Clinic,CLINIC,council,LOCAL_AUTHORITY,Rural,RURAL,Primary,PRIMARY,779167479,Open,ACTIVE_OR_OPERATIONAL,non admiting clinic,,,,,NO,READY_WITH_COORDINATES,IMPORTED_PENDING_CONFIGURATION,MASTER_HEALTH_FACILITY_2024_07_23
1292,ZW20344,mc Birkdale Clinic,Mashonaland Central,Guruve,-16.968547,30.71891,Clinic,CLINIC,council,LOCAL_AUTHORITY,Rural,RURAL,Primary,PRIMARY,786887477,Open,ACTIVE_OR_OPERATIONAL,non admiting clinic,,,,,NO,READY_WITH_COORDINATES,IMPORTED_PENDING_CONFIGURATION,MASTER_HEALTH_FACILITY_2024_07_23
1293,ZW20348,mc Brandon Clinic,Mashonaland Central,Guruve,-16.970375,30.584196,Clinic,CLINIC,council,LOCAL_AUTHORITY,Rural,RURAL,Primary,PRIMARY,779167498,Open,ACTIVE_OR_OPERATIONAL,non admiting clinic,,,,,NO,READY_WITH_COORDINATES,IMPORTED_PENDING_CONFIGURATION,MASTER_HEALTH_FACILITY_2024_07_23
1294,ZW20301,mc Bvochora Rural Health Centre,Mashonaland Central,Guruve,-16.57846,30.48556,Rural Health Centre,RURAL_HEALTH_CENTRE,Government,GOVERNMENT,Rural,RURAL,Primary,PRIMARY,786887479,Open,ACTIVE_OR_OPERATIONAL,non admiting clinic,,,,,NO,READY_WITH_COORDINATES,IMPORTED_PENDING_CONFIGURATION,MASTER_HEALTH_FACILITY_2024_07_23
1295,ZW20347,mc Camsasa Clinic,Mashonaland Central,Guruve,-16.667637,30.872148,Clinic,CLINIC,council,LOCAL_AUTHORITY,Rural,RURAL,Primary,PRIMARY,787887475 / 774259753,Open,ACTIVE_OR_OPERATIONAL,non admiting clinic,,,,,NO,READY_WITH_COORDINATES,IMPORTED_PENDING_CONFIGURATION,MASTER_HEALTH_FACILITY_2024_07_23
1296,ZW20329,mc Chipuriro Clinic,Mashonaland Central,Guruve,-16.779742,30.724569,Clinic,CLINIC,council,LOCAL_AUTHORITY,Rural,RURAL,Primary,PRIMARY,786908602,Open,ACTIVE_OR_OPERATIONAL,non admiting clinic,,,,,NO,READY_WITH_COORDINATES,IMPORTED_PENDING_CONFIGURATION,MASTER_HEALTH_FACILITY_2024_07_23
1297,ZW20334,mc Gota Clinic,Mashonaland Central,Guruve,-16.48658,30.658568,Clinic,CLINIC,council,LOCAL_AUTHORITY,Rural,RURAL,Primary,PRIMARY,786908559 / 771513986,Open,ACTIVE_OR_OPERATIONAL,non admiting clinic,,,,,NO,READY_WITH_COORDINATES,IMPORTED_PENDING_CONFIGURATION,MASTER_HEALTH_FACILITY_2024_07_23
1298,ZW20308,mc Guruve Centre Rural Health Clinic,Mashonaland Central,Guruve,-16.659993,30.700761,Rural Health Centre,RURAL_HEALTH_CENTRE,Government,GOVERNMENT,Rural,RURAL,Primary,PRIMARY,786905632 / 779569938,Open,ACTIVE_OR_OPERATIONAL,non admiting clinic,,,,,NO,READY_WITH_COORDINATES,IMPORTED_PENDING_CONFIGURATION,MASTER_HEALTH_FACILITY_2024_07_23
1299,ZW02030B,mc Guruve District Hospital,Mashonaland Central,Guruve,-16.670717,30.701848,District Hospital,DISTRICT_HOSPITAL,Government,GOVERNMENT,Rural,RURAL,Secondary,SECONDARY,779167723,Open,ACTIVE_OR_OPERATIONAL,78,,,,,NO,READY_WITH_COORDINATES,IMPORTED_PENDING_CONFIGURATION,MASTER_HEALTH_FACILITY_2024_07_23
1302,ZW20331,mc Kachuta Clinic,Mashonaland Central,Guruve,-16.523257,30.502251,Clinic,CLINIC,council,LOCAL_AUTHORITY,Rural,RURAL,Primary,PRIMARY,779167723 / 771496259,Open,ACTIVE_OR_OPERATIONAL,non admiting clinic,,,,,NO,READY_WITH_COORDINATES,IMPORTED_PENDING_CONFIGURATION,MASTER_HEALTH_FACILITY_2024_07_23
1303,ZW20346,mc Kemutamba Clinic,Mashonaland Central,Guruve,-16.636603,30.442184,Clinic,CLINIC,council,LOCAL_AUTHORITY,Rural,RURAL,Primary,PRIMARY,786887474,Open,ACTIVE_OR_OPERATIONAL,non admiting clinic,,,,,NO,READY_WITH_COORDINATES,IMPORTED_PENDING_CONFIGURATION,MASTER_HEALTH_FACILITY_2024_07_23
1304,ZW20333,mc Matsvitsi Clinic,Mashonaland Central,Guruve,-16.67294,30.610725,Clinic,CLINIC,council,LOCAL_AUTHORITY,Rural,RURAL,Primary,PRIMARY,786887486,Open,ACTIVE_OR_OPERATIONAL,non admiting clinic,,,,,NO,READY_WITH_COORDINATES,IMPORTED_PENDING_CONFIGURATION,MASTER_HEALTH_FACILITY_2024_07_23
1305,ZW20345,mc Mugarakamwe Clinic,Mashonaland Central,Guruve,-16.864389,30.579642,Clinic,CLINIC,council,LOCAL_AUTHORITY,Rural,RURAL,Primary,PRIMARY,786887480,Open,ACTIVE_OR_OPERATIONAL,non admiting clinic,,,,,NO,READY_WITH_COORDINATES,IMPORTED_PENDING_CONFIGURATION,MASTER_HEALTH_FACILITY_2024_07_23
1306,ZW20305,mc Negomo Rural Health Centre,Mashonaland Central,Guruve,-16.51047,30.759054,Clinic,CLINIC,council,LOCAL_AUTHORITY,Rural,RURAL,Primary,PRIMARY,786908769,Open,ACTIVE_OR_OPERATIONAL,non admiting clinic,,,,,NO,READY_WITH_COORDINATES,IMPORTED_PENDING_CONFIGURATION,MASTER_HEALTH_FACILITY_2024_07_23
1307,ZW20339,mc Nyakapupu Clinic,Mashonaland Central,Guruve,-16.751393,30.627817,Clinic,CLINIC,council,LOCAL_AUTHORITY,Rural,RURAL,Primary,PRIMARY,786887482,Open,ACTIVE_OR_OPERATIONAL,non admiting clinic,,,,,NO,READY_WITH_COORDINATES,IMPORTED_PENDING_CONFIGURATION,MASTER_HEALTH_FACILITY_2024_07_23
1308,ZW20306,mc Nyamhondoro Rural Health Centre,Mashonaland Central,Guruve,-16.842025,30.751607,Rural Health Centre,RURAL_HEALTH_CENTRE,Government,GOVERNMENT,Rural,RURAL,Primary,PRIMARY,786887481,Open,ACTIVE_OR_OPERATIONAL,non admiting clinic,,,,,NO,READY_WITH_COORDINATES,IMPORTED_PENDING_CONFIGURATION,MASTER_HEALTH_FACILITY_2024_07_23
1309,ZW20350,mc Nyamupfuta Clinic,Mashonaland Central,Guruve,-16.557998,30.657055,Clinic,CLINIC,council,LOCAL_AUTHORITY,Rural,RURAL,Primary,PRIMARY,779167473,Open,ACTIVE_OR_OPERATIONAL,non admiting clinic,,,,,NO,READY_WITH_COORDINATES,IMPORTED_PENDING_CONFIGURATION,MASTER_HEALTH_FACILITY_2024_07_23
1310,ZW20343,mc Ruyamuro Clinic,Mashonaland Central,Guruve,-16.718873,30.794274,Clinic,CLINIC,council,LOCAL_AUTHORITY,Rural,RURAL,Primary,PRIMARY,779167493,Open,ACTIVE_OR_OPERATIONAL,non admiting clinic,,,,,NO,READY_WITH_COORDINATES,IMPORTED_PENDING_CONFIGURATION,MASTER_HEALTH_FACILITY_2024_07_23
1311,ZW20307,mc Shinje Rural Health Centre,Mashonaland Central,Guruve,-16.706655,30.723728,Rural Health Centre,RURAL_HEALTH_CENTRE,Government,GOVERNMENT,Rural,RURAL,Primary,PRIMARY,786887476,Open,ACTIVE_OR_OPERATIONAL,non admiting clinic,,,,,NO,READY_WITH_COORDINATES,IMPORTED_PENDING_CONFIGURATION,MASTER_HEALTH_FACILITY_2024_07_23
1312,ZW20408,ARDURA Clinic,Mashonaland Central,Mazowe,-17.301539,31.001041,RHC,RURAL_HEALTH_CENTRE,Council,LOCAL_AUTHORITY,Farming,FARMING,Primary,PRIMARY,783279324,Open,ACTIVE_OR_OPERATIONAL,N/A,,,,,NO,READY_WITH_COORDINATES,IMPORTED_PENDING_CONFIGURATION,MASTER_HEALTH_FACILITY_2024_07_23
1313,ZW20425,BARE Clinic,Mashonaland Central,Mazowe,-16.877653,31.12589,RHC,RURAL_HEALTH_CENTRE,Council,LOCAL_AUTHORITY,Rural,RURAL,Primary,PRIMARY,772868384,Open,ACTIVE_OR_OPERATIONAL,N/A,,,,,NO,READY_WITH_COORDINATES,IMPORTED_PENDING_CONFIGURATION,MASTER_HEALTH_FACILITY_2024_07_23
1314,ZW20445,BELGOWNIE Clinic,Mashonaland Central,Mazowe,-17.524846,30.871836,RHC,RURAL_HEALTH_CENTRE,Council,LOCAL_AUTHORITY,Farming,FARMING,Primary,PRIMARY,778126769,Open,ACTIVE_OR_OPERATIONAL,N/A,,,,,NO,READY_WITH_COORDINATES,IMPORTED_PENDING_CONFIGURATION,MASTER_HEALTH_FACILITY_2024_07_23
1315,ZW20401,CHINEHASHA Rural Health Centre,Mashonaland Central,Mazowe,-16.929106,31.190127,RHC,RURAL_HEALTH_CENTRE,Government,GOVERNMENT,Rural,RURAL,Primary,PRIMARY,779307908,Open,ACTIVE_OR_OPERATIONAL,N/A,,,,,NO,READY_WITH_COORDINATES,IMPORTED_PENDING_CONFIGURATION,MASTER_HEALTH_FACILITY_2024_07_23
1316,ZW20430,Christon Bank Clinic,Mashonaland Central,Mazowe,-17.6099,31.000381,RHC,RURAL_HEALTH_CENTRE,Council,LOCAL_AUTHORITY,Farming,FARMING,Primary,PRIMARY,786908853,Open,ACTIVE_OR_OPERATIONAL,N/A,,,,,NO,READY_WITH_COORDINATES,IMPORTED_PENDING_CONFIGURATION,MASTER_HEALTH_FACILITY_2024_07_23
1317,ZW02040A,CONCESSION District Hospital,Mashonaland Central,Mazowe,-17.386995,30.943934,District Hospital,DISTRICT_HOSPITAL,Government,GOVERNMENT,Urban,URBAN,Secondary,SECONDARY,775779883,Open,ACTIVE_OR_OPERATIONAL,68,,,,,NO,READY_WITH_COORDINATES,IMPORTED_PENDING_CONFIGURATION,MASTER_HEALTH_FACILITY_2024_07_23
1318,ZW20407,CRANHAM Clinic,Mashonaland Central,Mazowe,-17.394866,30.825918,RHC,RURAL_HEALTH_CENTRE,Council,LOCAL_AUTHORITY,Farming,FARMING,Primary,PRIMARY,771513896,Open,ACTIVE_OR_OPERATIONAL,N/A,,,,,NO,READY_WITH_COORDINATES,IMPORTED_PENDING_CONFIGURATION,MASTER_HEALTH_FACILITY_2024_07_23
1319,ZW20484,DAMBO Clinic,Mashonaland Central,Mazowe,-17.195494,31.080969,RHC,RURAL_HEALTH_CENTRE,Council,LOCAL_AUTHORITY,Rural,RURAL,Primary,PRIMARY,772592818,Open,ACTIVE_OR_OPERATIONAL,N/A,,,,,NO,READY_WITH_COORDINATES,IMPORTED_PENDING_CONFIGURATION,MASTER_HEALTH_FACILITY_2024_07_23
1320,ZW20492,DANDAMERA Clinic,Mashonaland Central,Mazowe,-17.369403,30.943147,RHC,RURAL_HEALTH_CENTRE,Council,LOCAL_AUTHORITY,Urban,URBAN,Primary,PRIMARY,786909154,Open,ACTIVE_OR_OPERATIONAL,N/A,,,,,NO,READY_WITH_COORDINATES,IMPORTED_PENDING_CONFIGURATION,MASTER_HEALTH_FACILITY_2024_07_23
1321,ZW20410,DAVAAR Clinic,Mashonaland Central,Mazowe,-17.27481,31.133739,RHC,RURAL_HEALTH_CENTRE,Council,LOCAL_AUTHORITY,Farming,FARMING,Primary,PRIMARY,774946794,Open,ACTIVE_OR_OPERATIONAL,N/A,,,,,NO,READY_WITH_COORDINATES,IMPORTED_PENDING_CONFIGURATION,MASTER_HEALTH_FACILITY_2024_07_23
1322,ZW20406,DONJE Clinic,Mashonaland Central,Mazowe,-16.948839,30.956731,RHC,RURAL_HEALTH_CENTRE,Council,LOCAL_AUTHORITY,Farming,FARMING,Primary,PRIMARY,782103004,Open,ACTIVE_OR_OPERATIONAL,N/A,,,,,NO,READY_WITH_COORDINATES,IMPORTED_PENDING_CONFIGURATION,MASTER_HEALTH_FACILITY_2024_07_23
1323,ZW20485,FORRESTER Clinic,Mashonaland Central,Mazowe,-17.048891,30.954792,RHC,RURAL_HEALTH_CENTRE,Pvt,PRIVATE,Farming,FARMING,Primary,PRIMARY,771513908,Open,ACTIVE_OR_OPERATIONAL,N/A,,,,,NO,READY_WITH_COORDINATES,IMPORTED_PENDING_CONFIGURATION,MASTER_HEALTH_FACILITY_2024_07_23
1324,ZW20494,HENDERSON Clinic,Mashonaland Central,Mazowe,-17.592883,30.973005,RHC,RURAL_HEALTH_CENTRE,Council,LOCAL_AUTHORITY,Farming,FARMING,Primary,PRIMARY,772979700,Open,ACTIVE_OR_OPERATIONAL,N/A,,,,,NO,READY_WITH_COORDINATES,IMPORTED_PENDING_CONFIGURATION,MASTER_HEALTH_FACILITY_2024_07_23
1325,ZW20475,HOLME EDEN Clinic,Mashonaland Central,Mazowe,-17.295729,30.693159,RHC,RURAL_HEALTH_CENTRE,Council,LOCAL_AUTHORITY,Farming,FARMING,Primary,PRIMARY,783283126,Open,ACTIVE_OR_OPERATIONAL,N/A,,,,,NO,READY_WITH_COORDINATES,IMPORTED_PENDING_CONFIGURATION,MASTER_HEALTH_FACILITY_2024_07_23
1326,ZW20446,HORTA Clinic,Mashonaland Central,Mazowe,-17.208426,30.757705,RHC,RURAL_HEALTH_CENTRE,Council,LOCAL_AUTHORITY,Farming,FARMING,Primary,PRIMARY,786908421,Open,ACTIVE_OR_OPERATIONAL,N/A,,,,,NO,READY_WITH_COORDINATES,IMPORTED_PENDING_CONFIGURATION,MASTER_HEALTH_FACILITY_2024_07_23
1327,ZW20490,HOWARD Mission Hospital,Mashonaland Central,Mazowe,-17.233825,30.997953,Hospital,HOSPITAL_REQUIRES_LEVEL_REVIEW,Mission,MISSION_FAITH_BASED,Rural,RURAL,Primary,PRIMARY,772132194,Open,ACTIVE_OR_OPERATIONAL,N/A,,,,,NO,READY_WITH_COORDINATES,IMPORTED_PENDING_CONFIGURATION,MASTER_HEALTH_FACILITY_2024_07_23
1328,ZW02040C,Iron Duke Clinic,Mashonaland Central,Mazowe,-17.441522,31.066029,RHC,RURAL_HEALTH_CENTRE,Government,GOVERNMENT,Mining,MINING,Secondary,SECONDARY,773164889,Open,ACTIVE_OR_OPERATIONAL,155,,,,,NO,READY_WITH_COORDINATES,IMPORTED_PENDING_CONFIGURATION,MASTER_HEALTH_FACILITY_2024_07_23
1329,ZW20476,JINGAMVURA Clinic,Mashonaland Central,Mazowe,-16.830539,31.201683,RHC,RURAL_HEALTH_CENTRE,Government,GOVERNMENT,Rural,RURAL,Primary,PRIMARY,779167794,Open,ACTIVE_OR_OPERATIONAL,N/A,,,,,NO,READY_WITH_COORDINATES,IMPORTED_PENDING_CONFIGURATION,MASTER_HEALTH_FACILITY_2024_07_23
1330,ZW20427,MAKOPE Clinic,Mashonaland Central,Mazowe,-17.029119,31.060075,RHC,RURAL_HEALTH_CENTRE,Council,LOCAL_AUTHORITY,Rural,RURAL,Primary,PRIMARY,773499553,Open,ACTIVE_OR_OPERATIONAL,N/A,,,,,NO,READY_WITH_COORDINATES,IMPORTED_PENDING_CONFIGURATION,MASTER_HEALTH_FACILITY_2024_07_23
1331,ZW20428,MARIA THERESA clinic,Mashonaland Central,Mazowe,-17.11249,31.084394,RHC,RURAL_HEALTH_CENTRE,Government,GOVERNMENT,Rural,RURAL,Primary,PRIMARY,773499553,Open,ACTIVE_OR_OPERATIONAL,N/A,,,,,NO,READY_WITH_COORDINATES,IMPORTED_PENDING_CONFIGURATION,MASTER_HEALTH_FACILITY_2024_07_23
1332,ZW20493,MAZowe CITRUS Clinic,Mashonaland Central,Mazowe,-17.454509,31.009714,RHC,RURAL_HEALTH_CENTRE,Pvt,PRIVATE,Farming,FARMING,Primary,PRIMARY,774646175,Open,ACTIVE_OR_OPERATIONAL,N/A,,,,,NO,READY_WITH_COORDINATES,IMPORTED_PENDING_CONFIGURATION,MASTER_HEALTH_FACILITY_2024_07_23
1333,ZW02040D,MAZowe Mine Clinic,Mashonaland Central,Mazowe,-17.470583,30.925997,RHC,RURAL_HEALTH_CENTRE,Pvt,PRIVATE,Mining,MINING,Primary,PRIMARY,786908496,Open,ACTIVE_OR_OPERATIONAL,N/A,,,,,NO,READY_WITH_COORDINATES,IMPORTED_PENDING_CONFIGURATION,MASTER_HEALTH_FACILITY_2024_07_23
1334,ZW20477,Mazowe Secondary Clinic,Mashonaland Central,Mazowe,,,RHC,RURAL_HEALTH_CENTRE,Mission,MISSION_FAITH_BASED,Farming,FARMING,Primary,PRIMARY,786908419,Open,ACTIVE_OR_OPERATIONAL,N/A,,,,Latitude; Longitude,YES,INCOMPLETE_MISSING_COORDINATES,IMPORTED_PENDING_CONFIGURATION,MASTER_HEALTH_FACILITY_2024_07_23
1337,ZW20483,Mvurwi Hospital,Mashonaland Central,Mazowe,-17.030807,30.854817,Hospital,HOSPITAL_REQUIRES_LEVEL_REVIEW,Government,GOVERNMENT,Urban,URBAN,Primary,PRIMARY,776250352,Open,ACTIVE_OR_OPERATIONAL,N/A,,,,,NO,READY_WITH_COORDINATES,IMPORTED_PENDING_CONFIGURATION,MASTER_HEALTH_FACILITY_2024_07_23
1339,ZW02040E,Nyakudya Rural Health Centre,Mashonaland Central,Mazowe,-17.020175,31.136899,RHC,RURAL_HEALTH_CENTRE,Government,GOVERNMENT,Rural,RURAL,Secondary,SECONDARY,778126773,Open,ACTIVE_OR_OPERATIONAL,80,,,,,NO,READY_WITH_COORDINATES,IMPORTED_PENDING_CONFIGURATION,MASTER_HEALTH_FACILITY_2024_07_23
1340,ZW20482,Nzvimbo Clinic,Mashonaland Central,Mazowe,-17.080806,31.052726,RHC,RURAL_HEALTH_CENTRE,Council,LOCAL_AUTHORITY,Rural,RURAL,Primary,PRIMARY,786908417,Open,ACTIVE_OR_OPERATIONAL,N/A,,,,,NO,READY_WITH_COORDINATES,IMPORTED_PENDING_CONFIGURATION,MASTER_HEALTH_FACILITY_2024_07_23
1341,ZW20402,Rosa Rural Hospital,Mashonaland Central,Mazowe,-17.133971,31.047256,Rural Hospital,RURAL_HOSPITAL,Government,GOVERNMENT,Rural,RURAL,Primary,PRIMARY,778185741,Open,ACTIVE_OR_OPERATIONAL,N/A,,,,,NO,READY_WITH_COORDINATES,IMPORTED_PENDING_CONFIGURATION,MASTER_HEALTH_FACILITY_2024_07_23
1343,ZW02040B,Shopo Clinic,Mashonaland Central,Mazowe,,,RHC,RURAL_HEALTH_CENTRE,Government,GOVERNMENT,Rural,RURAL,Primary,PRIMARY,775952304,Open,ACTIVE_OR_OPERATIONAL,51,,,,Latitude; Longitude,YES,INCOMPLETE_MISSING_COORDINATES,IMPORTED_PENDING_CONFIGURATION,MASTER_HEALTH_FACILITY_2024_07_23
1344,ZW20489,Shutu Rural Health Centre,Mashonaland Central,Mazowe,-17.074322,31.13888,RHC,RURAL_HEALTH_CENTRE,Government,GOVERNMENT,Rural,RURAL,Primary,PRIMARY,774946605,Open,ACTIVE_OR_OPERATIONAL,N/A,,,,,NO,READY_WITH_COORDINATES,IMPORTED_PENDING_CONFIGURATION,MASTER_HEALTH_FACILITY_2024_07_23
1346,ZW20403,Suoguru Clinic,Mashonaland Central,Mazowe,-17.022814,30.843311,RHC,RURAL_HEALTH_CENTRE,Council,LOCAL_AUTHORITY,Urban,URBAN,Primary,PRIMARY,773327477,Open,ACTIVE_OR_OPERATIONAL,N/A,,,,,NO,READY_WITH_COORDINATES,IMPORTED_PENDING_CONFIGURATION,MASTER_HEALTH_FACILITY_2024_07_23
1347,ZW20478,Tsungubvi Clinic,Mashonaland Central,Mazowe,-17.366075,31.055491,RHC,RURAL_HEALTH_CENTRE,Council,LOCAL_AUTHORITY,Urban,URBAN,Primary,PRIMARY,779167783,Open,ACTIVE_OR_OPERATIONAL,N/A,,,,,NO,READY_WITH_COORDINATES,IMPORTED_PENDING_CONFIGURATION,MASTER_HEALTH_FACILITY_2024_07_23
1348,ZW20488,Von Abo Clinic,Mashonaland Central,Mazowe,-17.372857,31.121497,RHC,RURAL_HEALTH_CENTRE,Council,LOCAL_AUTHORITY,Farming,FARMING,Primary,PRIMARY,785677039,Open,ACTIVE_OR_OPERATIONAL,N/A,,,,,NO,READY_WITH_COORDINATES,IMPORTED_PENDING_CONFIGURATION,MASTER_HEALTH_FACILITY_2024_07_23
1349,ZW20447,ZPS Mazowe Prison Clinic,Mashonaland Central,Mazowe,,,RHC,RURAL_HEALTH_CENTRE,Pvt,PRIVATE,Farming,FARMING,Primary,PRIMARY,771513864,Open,ACTIVE_OR_OPERATIONAL,N/A,,,,Latitude; Longitude,YES,INCOMPLETE_MISSING_COORDINATES,IMPORTED_PENDING_CONFIGURATION,MASTER_HEALTH_FACILITY_2024_07_23
1350,ZW20411,Angwa Clinic,Mashonaland Central,Mbire,-16.104373,30.307952,RHC,RURAL_HEALTH_CENTRE,Rural Council,RURAL_DISTRICT_COUNCIL,Rural,RURAL,Primary,PRIMARY,733863313,Open,ACTIVE_OR_OPERATIONAL,N/A,,,,,NO,READY_WITH_COORDINATES,IMPORTED_PENDING_CONFIGURATION,MASTER_HEALTH_FACILITY_2024_07_23
1351,ZW20479,Chapoto Clinic,Mashonaland Central,Mbire,-15.70037,30.397473,RHC,RURAL_HEALTH_CENTRE,Rural Council,RURAL_DISTRICT_COUNCIL,Rural,RURAL,Primary,PRIMARY,773520181,Open,ACTIVE_OR_OPERATIONAL,N/A,,,,,NO,READY_WITH_COORDINATES,IMPORTED_PENDING_CONFIGURATION,MASTER_HEALTH_FACILITY_2024_07_23
1352,ZW20841,Chidodo Clinic,Mashonaland Central,Mbire,-16.023863,31.056549,RHC,RURAL_HEALTH_CENTRE,Rural Council,RURAL_DISTRICT_COUNCIL,Rural,RURAL,Primary,PRIMARY,772933041,Open,ACTIVE_OR_OPERATIONAL,N/A,,,,,NO,READY_WITH_COORDINATES,IMPORTED_PENDING_CONFIGURATION,MASTER_HEALTH_FACILITY_2024_07_23
1353,ZW20830,Chikafa Clinic,Mashonaland Central,Mbire,-16.007918,30.56076,RHC,RURAL_HEALTH_CENTRE,Rural Council,RURAL_DISTRICT_COUNCIL,Rural,RURAL,Primary,PRIMARY,776781293,Open,ACTIVE_OR_OPERATIONAL,N/A,,,,,NO,READY_WITH_COORDINATES,IMPORTED_PENDING_CONFIGURATION,MASTER_HEALTH_FACILITY_2024_07_23
1354,ZW20834,Chirunya Clinic,Mashonaland Central,Mbire,-16.348706,30.618838,RHC,RURAL_HEALTH_CENTRE,Rural Council,RURAL_DISTRICT_COUNCIL,Rural,RURAL,Primary,PRIMARY,773091141,Open,ACTIVE_OR_OPERATIONAL,N/A,,,,,NO,READY_WITH_COORDINATES,IMPORTED_PENDING_CONFIGURATION,MASTER_HEALTH_FACILITY_2024_07_23
1355,ZW02080B,Chitsungo Mission Hospital,Mashonaland Central,Mbire,-16.276708,30.445139,Mission Hospital,MISSION_HOSPITAL,Mission,MISSION_FAITH_BASED,Rural,RURAL,Secondary,SECONDARY,719211510,Open,ACTIVE_OR_OPERATIONAL,65,,,,,NO,READY_WITH_COORDINATES,IMPORTED_PENDING_CONFIGURATION,MASTER_HEALTH_FACILITY_2024_07_23
1356,ZW20831,Gonono Clinic,Mashonaland Central,Mbire,-16.087878,30.834213,RHC,RURAL_HEALTH_CENTRE,Rural Council,RURAL_DISTRICT_COUNCIL,Rural,RURAL,Primary,PRIMARY,715484974,Open,ACTIVE_OR_OPERATIONAL,N/A,,,,,NO,READY_WITH_COORDINATES,IMPORTED_PENDING_CONFIGURATION,MASTER_HEALTH_FACILITY_2024_07_23
1357,ZW20833,Mahuwe Clinic,Mashonaland Central,Mbire,-16.383566,30.735257,RHC,RURAL_HEALTH_CENTRE,Rural Council,RURAL_DISTRICT_COUNCIL,Rural,RURAL,Primary,PRIMARY,785289652,Open,ACTIVE_OR_OPERATIONAL,N/A,,,,,NO,READY_WITH_COORDINATES,IMPORTED_PENDING_CONFIGURATION,MASTER_HEALTH_FACILITY_2024_07_23
1358,ZW20801,Masoka Clinic,Mashonaland Central,Mbire,-16.161255,30.164987,RHC,RURAL_HEALTH_CENTRE,Rural Council,RURAL_DISTRICT_COUNCIL,Rural,RURAL,Primary,PRIMARY,778011033,Open,ACTIVE_OR_OPERATIONAL,N/A,,,,,NO,READY_WITH_COORDINATES,IMPORTED_PENDING_CONFIGURATION,MASTER_HEALTH_FACILITY_2024_07_23
1359,ZW20802,Masomo Clinic,Mashonaland Central,Mbire,-16.31321,30.883362,RHC,RURAL_HEALTH_CENTRE,Rural Council,RURAL_DISTRICT_COUNCIL,Rural,RURAL,Primary,PRIMARY,771694515,Open,ACTIVE_OR_OPERATIONAL,N/A,,,,,NO,READY_WITH_COORDINATES,IMPORTED_PENDING_CONFIGURATION,MASTER_HEALTH_FACILITY_2024_07_23
1360,ZW20832,Musengezi Clinic,Mashonaland Central,Mbire,-16.110968,31.118312,RHC,RURAL_HEALTH_CENTRE,Rural Council,RURAL_DISTRICT_COUNCIL,Rural,RURAL,Primary,PRIMARY,776054365,Open,ACTIVE_OR_OPERATIONAL,N/A,,,,,NO,READY_WITH_COORDINATES,IMPORTED_PENDING_CONFIGURATION,MASTER_HEALTH_FACILITY_2024_07_23
1361,ZW20803,Mushumbi RHC,Mashonaland Central,Mbire,-16.174599,30.556561,RHC,RURAL_HEALTH_CENTRE,Government,GOVERNMENT,Rural,RURAL,Primary,PRIMARY,783752845,Open,ACTIVE_OR_OPERATIONAL,N/A,,,,,NO,READY_WITH_COORDINATES,IMPORTED_PENDING_CONFIGURATION,MASTER_HEALTH_FACILITY_2024_07_23
1362,ZW20835,Nyambudzi Clinic,Mashonaland Central,Mbire,-16.086647,30.590627,RHC,RURAL_HEALTH_CENTRE,Rural Council,RURAL_DISTRICT_COUNCIL,Rural,RURAL,Primary,PRIMARY,774870644,Open,ACTIVE_OR_OPERATIONAL,N/A,,,,,NO,READY_WITH_COORDINATES,IMPORTED_PENDING_CONFIGURATION,MASTER_HEALTH_FACILITY_2024_07_23
1363,ZW20533,Bandimba Clinic,Mashonaland Central,Mt Darwin,-16.369197,31.860083,COUNCIL CLINIC,CLINIC,COUNCIL,LOCAL_AUTHORITY,Rural,RURAL,Primary,PRIMARY,0786 887 490,Open,ACTIVE_OR_OPERATIONAL,N/A,,,,,NO,READY_WITH_COORDINATES,IMPORTED_PENDING_CONFIGURATION,MASTER_HEALTH_FACILITY_2024_07_23
1364,ZW20529,Bveke Clinic,Mashonaland Central,Mt Darwin,-16.569036,31.788083,COUNCIL CLINIC,CLINIC,COUNCIL,LOCAL_AUTHORITY,Rural,RURAL,Primary,PRIMARY,0786 887 452,Open,ACTIVE_OR_OPERATIONAL,N/A,,,,,NO,READY_WITH_COORDINATES,IMPORTED_PENDING_CONFIGURATION,MASTER_HEALTH_FACILITY_2024_07_23
1365,ZW20525,Chawanda Clinic,Mashonaland Central,Mt Darwin,-16.615138,31.670815,COUNCIL CLINIC,CLINIC,COUNCIL,LOCAL_AUTHORITY,Rural,RURAL,Primary,PRIMARY,0777 495 256,Open,ACTIVE_OR_OPERATIONAL,N/A,,,,,NO,READY_WITH_COORDINATES,IMPORTED_PENDING_CONFIGURATION,MASTER_HEALTH_FACILITY_2024_07_23
1366,ZW20509,Chibuli Clinic,Mashonaland Central,Mt Darwin,-16.703465,31.338466,COUNCIL CLINIC,CLINIC,COUNCIL,LOCAL_AUTHORITY,Rural,RURAL,Primary,PRIMARY,0779 168 053,Open,ACTIVE_OR_OPERATIONAL,N/A,,,,,NO,READY_WITH_COORDINATES,IMPORTED_PENDING_CONFIGURATION,MASTER_HEALTH_FACILITY_2024_07_23
1367,ZW20535,Chitepo Clinic,Mashonaland Central,Mt Darwin,-16.795918,31.297076,COUNCIL CLINIC,CLINIC,COUNCIL,LOCAL_AUTHORITY,Rural,RURAL,Primary,PRIMARY,0786 887 489,Open,ACTIVE_OR_OPERATIONAL,N/A,,,,,NO,READY_WITH_COORDINATES,IMPORTED_PENDING_CONFIGURATION,MASTER_HEALTH_FACILITY_2024_07_23
1368,ZW20534,Chitse Clinic,Mashonaland Central,Mt Darwin,-16.656299,31.567561,COUNCIL CLINIC,CLINIC,COUNCIL,LOCAL_AUTHORITY,Rural,RURAL,Primary,PRIMARY,0773 578 440,Open,ACTIVE_OR_OPERATIONAL,N/A,,,,,NO,READY_WITH_COORDINATES,IMPORTED_PENDING_CONFIGURATION,MASTER_HEALTH_FACILITY_2024_07_23
1369,ZW20501,Dotito Rural Health Centre,Mashonaland Central,Mt Darwin,-16.568385,31.576363,GOVERNMENT CLINIC,CLINIC,government,GOVERNMENT,Rural,RURAL,Primary,PRIMARY,0779 167 811,Open,ACTIVE_OR_OPERATIONAL,N/A,,,,,NO,READY_WITH_COORDINATES,IMPORTED_PENDING_CONFIGURATION,MASTER_HEALTH_FACILITY_2024_07_23
1370,ZW20526,Kaitano Clinic,Mashonaland Central,Mt Darwin,-16.318555,31.54738,COUNCIL CLINIC,CLINIC,COUNCIL,LOCAL_AUTHORITY,Rural,RURAL,Primary,PRIMARY,0775 928 826,Open,ACTIVE_OR_OPERATIONAL,N/A,,,,,NO,READY_WITH_COORDINATES,IMPORTED_PENDING_CONFIGURATION,MASTER_HEALTH_FACILITY_2024_07_23
1371,ZW20502,Kamutsenzere Rural Health Centre,Mashonaland Central,Mt Darwin,-16.383103,31.785354,GOVERNMENT CLINIC,CLINIC,government,GOVERNMENT,Rural,RURAL,Primary,PRIMARY,0779 167 835,Open,ACTIVE_OR_OPERATIONAL,N/A,,,,,NO,READY_WITH_COORDINATES,IMPORTED_PENDING_CONFIGURATION,MASTER_HEALTH_FACILITY_2024_07_23
1372,ZW20538,Kandeya clinic,Mashonaland Central,Mt Darwin,-16.732478,31.525925,COUNCIL CLINIC,CLINIC,COUNCIL,LOCAL_AUTHORITY,Rural,RURAL,Primary,PRIMARY,0786 887 488,Open,ACTIVE_OR_OPERATIONAL,N/A,,,,,NO,READY_WITH_COORDINATES,IMPORTED_PENDING_CONFIGURATION,MASTER_HEALTH_FACILITY_2024_07_23
1373,ZW02050B,Karanda Mission Hospital,Mashonaland Central,Mt Darwin,-16.654834,31.827586,MISSION HOSPITAL,MISSION_HOSPITAL,MISSION,MISSION_FAITH_BASED,Rural,RURAL,Secondary,SECONDARY,0774 082 211,Open,ACTIVE_OR_OPERATIONAL,152,,,,,NO,READY_WITH_COORDINATES,IMPORTED_PENDING_CONFIGURATION,MASTER_HEALTH_FACILITY_2024_07_23
1374,ZW20532,Matope Clinic,Mashonaland Central,Mt Darwin,-16.759585,31.666045,COUNCIL CLINIC,CLINIC,COUNCIL,LOCAL_AUTHORITY,Rural,RURAL,Primary,PRIMARY,0771 251 972,Open,ACTIVE_OR_OPERATIONAL,N/A,,,,,NO,READY_WITH_COORDINATES,IMPORTED_PENDING_CONFIGURATION,MASTER_HEALTH_FACILITY_2024_07_23
1375,ZW02050A,Mount Darwin District Hospital,Mashonaland Central,Mt Darwin,-16.774954,31.588341,Government Hospital,HOSPITAL_REQUIRES_LEVEL_REVIEW,government,GOVERNMENT,Urban,URBAN,Secondary,SECONDARY,0773 602 984,Open,ACTIVE_OR_OPERATIONAL,140,,,,,NO,READY_WITH_COORDINATES,IMPORTED_PENDING_CONFIGURATION,MASTER_HEALTH_FACILITY_2024_07_23
1376,ZW20503,Mukumbura Clinic,Mashonaland Central,Mt Darwin,-16.200117,31.68442,GOVERNMENT CLINIC,CLINIC,government,GOVERNMENT,Rural,RURAL,Primary,PRIMARY,0773 637 912,Open,ACTIVE_OR_OPERATIONAL,N/A,,,,,NO,READY_WITH_COORDINATES,IMPORTED_PENDING_CONFIGURATION,MASTER_HEALTH_FACILITY_2024_07_23
1377,ZW20536,Murongwe Clinic,Mashonaland Central,Mt Darwin,-16.306079,31.611908,COUNCIL CLINIC,CLINIC,COUNCIL,LOCAL_AUTHORITY,Rural,RURAL,Primary,PRIMARY,0786 887 485,Open,ACTIVE_OR_OPERATIONAL,N/A,,,,,NO,READY_WITH_COORDINATES,IMPORTED_PENDING_CONFIGURATION,MASTER_HEALTH_FACILITY_2024_07_23
1379,ZW20507,Mutungagore Clinic,Mashonaland Central,Mt Darwin,-16.605943,31.412045,GOVERNMENT CLINIC,CLINIC,government,GOVERNMENT,Rural,RURAL,Primary,PRIMARY,0786 887 484,Open,ACTIVE_OR_OPERATIONAL,N/A,,,,,NO,READY_WITH_COORDINATES,IMPORTED_PENDING_CONFIGURATION,MASTER_HEALTH_FACILITY_2024_07_23
1380,ZW20527,Nembire Rural Health Centre,Mashonaland Central,Mt Darwin,-16.477287,31.399727,COUNCIL CLINIC,CLINIC,COUNCIL,LOCAL_AUTHORITY,Rural,RURAL,Primary,PRIMARY,0779 167 816,Open,ACTIVE_OR_OPERATIONAL,N/A,,,,,NO,READY_WITH_COORDINATES,IMPORTED_PENDING_CONFIGURATION,MASTER_HEALTH_FACILITY_2024_07_23
1381,ZW20504,Nyamahobogo Rural Health Centre,Mashonaland Central,Mt Darwin,-16.704312,31.883095,GOVERNMENT CLINIC,CLINIC,government,GOVERNMENT,Rural,RURAL,Primary,PRIMARY,0786 908 650,Open,ACTIVE_OR_OPERATIONAL,N/A,,,,,NO,READY_WITH_COORDINATES,IMPORTED_PENDING_CONFIGURATION,MASTER_HEALTH_FACILITY_2024_07_23
1382,ZW20528,Pachanza Clinic,Mashonaland Central,Mt Darwin,-16.466816,31.771642,COUNCIL CLINIC,CLINIC,COUNCIL,LOCAL_AUTHORITY,Rural,RURAL,Primary,PRIMARY,0771 513 858,Open,ACTIVE_OR_OPERATIONAL,N/A,,,,,NO,READY_WITH_COORDINATES,IMPORTED_PENDING_CONFIGURATION,MASTER_HEALTH_FACILITY_2024_07_23
1383,ZW20505,Pfunyanguwo Rural Health Centre,Mashonaland Central,Mt Darwin,-16.47352,31.89891,GOVERNMENT CLINIC,CLINIC,government,GOVERNMENT,Rural,RURAL,Primary,PRIMARY,0786 887 492,Open,ACTIVE_OR_OPERATIONAL,N/A,,,,,NO,READY_WITH_COORDINATES,IMPORTED_PENDING_CONFIGURATION,MASTER_HEALTH_FACILITY_2024_07_23
1384,ZW20506,Tsakare Rural Health Centre,Mashonaland Central,Mt Darwin,-16.809798,31.456237,GOVERNMENT CLINIC,CLINIC,government,GOVERNMENT,Rural,RURAL,Primary,PRIMARY,0786 887 491,Open,ACTIVE_OR_OPERATIONAL,N/A,,,,,NO,READY_WITH_COORDINATES,IMPORTED_PENDING_CONFIGURATION,MASTER_HEALTH_FACILITY_2024_07_23
1385,ZW20531,ZPCS,Mashonaland Central,Mt Darwin,,,ZPCS,ZPCS,PRIVATE,PRIVATE,Rural,RURAL,Primary,PRIMARY,0712  096 198,Open,ACTIVE_OR_OPERATIONAL,N/A,,,,Latitude; Longitude,YES,INCOMPLETE_MISSING_COORDINATES,IMPORTED_PENDING_CONFIGURATION,MASTER_HEALTH_FACILITY_2024_07_23
1387,ZW20630,Bopoma Clinic,Mashonaland Central,Rushinga,-16.653227,32.419013,Clinic-Rural,CLINIC,Council,LOCAL_AUTHORITY,Rural,RURAL,Primary,PRIMARY,773689074,Open,ACTIVE_OR_OPERATIONAL,N/A,,,,,NO,READY_WITH_COORDINATES,IMPORTED_PENDING_CONFIGURATION,MASTER_HEALTH_FACILITY_2024_07_23
1388,ZW20625,Bungwe Clinic,Mashonaland Central,Rushinga,-16.56672,32.067624,Clinic-Rural,CLINIC,Council,LOCAL_AUTHORITY,Rural,RURAL,Primary,PRIMARY,773690951,Open,ACTIVE_OR_OPERATIONAL,N/A,,,,,NO,READY_WITH_COORDINATES,IMPORTED_PENDING_CONFIGURATION,MASTER_HEALTH_FACILITY_2024_07_23
1390,ZW20627,Chimhanda Clinic,Mashonaland Central,Rushinga,-16.638455,32.128386,Clinic-Rural,CLINIC,Council,LOCAL_AUTHORITY,Rural,RURAL,Primary,PRIMARY,772943514,Open,ACTIVE_OR_OPERATIONAL,N/A,,,,,NO,READY_WITH_COORDINATES,IMPORTED_PENDING_CONFIGURATION,MASTER_HEALTH_FACILITY_2024_07_23
1391,ZW02060A,Chimhanda District Hospital,Mashonaland Central,Rushinga,-16.63157,32.128926,District Hospital,DISTRICT_HOSPITAL,Government,GOVERNMENT,Rural,RURAL,Secondary,SECONDARY,785489456,Open,ACTIVE_OR_OPERATIONAL,78,,,,,NO,READY_WITH_COORDINATES,IMPORTED_PENDING_CONFIGURATION,MASTER_HEALTH_FACILITY_2024_07_23
1392,ZW20629,Chomutukutu Clinic,Mashonaland Central,Rushinga,-16.538251,32.202629,Clinic-Rural,CLINIC,Council,LOCAL_AUTHORITY,Rural,RURAL,Primary,PRIMARY,772655409,Open,ACTIVE_OR_OPERATIONAL,N/A,,,,,NO,READY_WITH_COORDINATES,IMPORTED_PENDING_CONFIGURATION,MASTER_HEALTH_FACILITY_2024_07_23
1393,ZW02060B,Mary Mount Mission Hospital,Mashonaland Central,Rushinga,-16.447049,32.117136,Mission Hospital,MISSION_HOSPITAL,Mission,MISSION_FAITH_BASED,Rural,RURAL,Secondary,SECONDARY,773514951,Open,ACTIVE_OR_OPERATIONAL,115,,,,,NO,READY_WITH_COORDINATES,IMPORTED_PENDING_CONFIGURATION,MASTER_HEALTH_FACILITY_2024_07_23
1394,ZW20605,Mazowe Bridge Rural Health Centre,Mashonaland Central,Rushinga,-16.666919,32.429224,Clinic-Rural,CLINIC,Government,GOVERNMENT,Rural,RURAL,Primary,PRIMARY,785866270,Open,ACTIVE_OR_OPERATIONAL,N/A,,,,,NO,READY_WITH_COORDINATES,IMPORTED_PENDING_CONFIGURATION,MASTER_HEALTH_FACILITY_2024_07_23
1396,ZW20603,Mukonde Rural Health Centre,Mashonaland Central,Rushinga,-16.609654,32.299237,Clinic-Rural,CLINIC,Government,GOVERNMENT,Rural,RURAL,Primary,PRIMARY,771712630,Open,ACTIVE_OR_OPERATIONAL,N/A,,,,,NO,READY_WITH_COORDINATES,IMPORTED_PENDING_CONFIGURATION,MASTER_HEALTH_FACILITY_2024_07_23
1397,ZW20601,Mukosa Rural Health Centre,Mashonaland Central,Rushinga,-16.647688,32.647016,Clinic-Rural,CLINIC,Government,GOVERNMENT,Rural,RURAL,Primary,PRIMARY,712037451,Open,ACTIVE_OR_OPERATIONAL,N/A,,,,,NO,READY_WITH_COORDINATES,IMPORTED_PENDING_CONFIGURATION,MASTER_HEALTH_FACILITY_2024_07_23
1398,ZW20602,Nhawa Rural Health Center,Mashonaland Central,Rushinga,-16.578814,32.164605,Clinic-Rural,CLINIC,Government,GOVERNMENT,Rural,RURAL,Primary,PRIMARY,778097120,Open,ACTIVE_OR_OPERATIONAL,N/A,,,,,NO,READY_WITH_COORDINATES,IMPORTED_PENDING_CONFIGURATION,MASTER_HEALTH_FACILITY_2024_07_23
1399,ZW20606,Nyamatikiti Rural Health Centre,Mashonaland Central,Rushinga,-16.739129,32.109564,Clinic-Rural,CLINIC,Government,GOVERNMENT,Rural,RURAL,Primary,PRIMARY,774692783,Open,ACTIVE_OR_OPERATIONAL,N/A,,,,,NO,READY_WITH_COORDINATES,IMPORTED_PENDING_CONFIGURATION,MASTER_HEALTH_FACILITY_2024_07_23
1400,ZW20628,Nyatsato Clinic,Mashonaland Central,Rushinga,-16.570286,32.37161,Clinic-Rural,CLINIC,Council,LOCAL_AUTHORITY,Rural,RURAL,Primary,PRIMARY,776281143,Open,ACTIVE_OR_OPERATIONAL,N/A,,,,,NO,READY_WITH_COORDINATES,IMPORTED_PENDING_CONFIGURATION,MASTER_HEALTH_FACILITY_2024_07_23
1401,ZW20626,Rusambo Clinic,Mashonaland Central,Rushinga,-16.629735,32.182112,Clinic-Rural,CLINIC,Council,LOCAL_AUTHORITY,Rural,RURAL,Primary,PRIMARY,774059905,Open,ACTIVE_OR_OPERATIONAL,N/A,,,,,NO,READY_WITH_COORDINATES,IMPORTED_PENDING_CONFIGURATION,MASTER_HEALTH_FACILITY_2024_07_23
1402,ZW20604,Rushinga Rural Health Centre,Mashonaland Central,Rushinga,-16.632003,32.021737,Clinic-Rural,CLINIC,Government,GOVERNMENT,Rural,RURAL,Primary,PRIMARY,787407459,Open,ACTIVE_OR_OPERATIONAL,N/A,,,,,NO,READY_WITH_COORDINATES,IMPORTED_PENDING_CONFIGURATION,MASTER_HEALTH_FACILITY_2024_07_23
1403,ZW20725,Bushu Clinic,Mashonaland Central,Shamva,-17.154011,31.595727,Clinic,CLINIC,Council,LOCAL_AUTHORITY,Rural,RURAL,Primary,PRIMARY,716244747,Open,ACTIVE_OR_OPERATIONAL,N/A,,,,,NO,READY_WITH_COORDINATES,IMPORTED_PENDING_CONFIGURATION,MASTER_HEALTH_FACILITY_2024_07_23
1404,ZW20773,Chevakadzi Clinic,Mashonaland Central,Shamva,-17.157657,31.484434,Clinic,CLINIC,Council,LOCAL_AUTHORITY,Rural,RURAL,Primary,PRIMARY,773461248,Open,ACTIVE_OR_OPERATIONAL,N/A,,,,,NO,READY_WITH_COORDINATES,IMPORTED_PENDING_CONFIGURATION,MASTER_HEALTH_FACILITY_2024_07_23
1405,ZW20726,Chidembo Clinic,Mashonaland Central,Shamva,-17.08465,31.46,Clinic,CLINIC,Council,LOCAL_AUTHORITY,Rural,RURAL,Primary,PRIMARY,775525989,Open,ACTIVE_OR_OPERATIONAL,N/A,,,,,NO,READY_WITH_COORDINATES,IMPORTED_PENDING_CONFIGURATION,MASTER_HEALTH_FACILITY_2024_07_23
1406,ZW20727,Chihuri Clinic,Mashonaland Central,Shamva,-16.914852,31.445244,Clinic,CLINIC,Council,LOCAL_AUTHORITY,Rural,RURAL,Primary,PRIMARY,774159454,Open,ACTIVE_OR_OPERATIONAL,N/A,,,,,NO,READY_WITH_COORDINATES,IMPORTED_PENDING_CONFIGURATION,MASTER_HEALTH_FACILITY_2024_07_23
1407,ZW20737,Chipoli Clinic,Mashonaland Central,Shamva,-17.242741,31.685075,Clinic,CLINIC,Council,LOCAL_AUTHORITY,Rural,RURAL,Primary,PRIMARY,782820914,Open,ACTIVE_OR_OPERATIONAL,N/A,,,,,NO,READY_WITH_COORDINATES,IMPORTED_PENDING_CONFIGURATION,MASTER_HEALTH_FACILITY_2024_07_23
1408,ZW20703,Chishapa Clinic,Mashonaland Central,Shamva,-17.209409,31.60101,Clinic,CLINIC,Government,GOVERNMENT,Rural,RURAL,Primary,PRIMARY,774745783,Open,ACTIVE_OR_OPERATIONAL,N/A,,,,,NO,READY_WITH_COORDINATES,IMPORTED_PENDING_CONFIGURATION,MASTER_HEALTH_FACILITY_2024_07_23
1409,ZW20799,CZA Clinic,Mashonaland Central,Shamva,,,Clinic,CLINIC,Private,PRIVATE,Rural,RURAL,Primary,PRIMARY,773559663,Open,ACTIVE_OR_OPERATIONAL,,,,,Latitude; Longitude,YES,INCOMPLETE_MISSING_COORDINATES,IMPORTED_PENDING_CONFIGURATION,MASTER_HEALTH_FACILITY_2024_07_23
1410,ZW20704,Goora Rural Health Centre,Mashonaland Central,Shamva,-16.927176,31.542346,Clinic,CLINIC,Government,GOVERNMENT,Rural,RURAL,Primary,PRIMARY,774159432,Open,ACTIVE_OR_OPERATIONAL,N/A,,,,,NO,READY_WITH_COORDINATES,IMPORTED_PENDING_CONFIGURATION,MASTER_HEALTH_FACILITY_2024_07_23
1411,ZW0207OB,Madziwa Rural Hospital,Mashonaland Central,Shamva,-16.982603,31.492743,Rural Hospital,RURAL_HOSPITAL,Rural Hospital,RURAL_HOSPITAL,Rural,RURAL,Primary,PRIMARY,772702289,Open,ACTIVE_OR_OPERATIONAL,30,,,,,NO,READY_WITH_COORDINATES,IMPORTED_PENDING_CONFIGURATION,MASTER_HEALTH_FACILITY_2024_07_23
1412,ZW20775,Madziwa Teachers' College,Mashonaland Central,Shamva,,,Clinic,CLINIC,Council,LOCAL_AUTHORITY,Rural,RURAL,Primary,PRIMARY,774159490,Open,ACTIVE_OR_OPERATIONAL,N/A,,,,Latitude; Longitude,YES,INCOMPLETE_MISSING_COORDINATES,IMPORTED_PENDING_CONFIGURATION,MASTER_HEALTH_FACILITY_2024_07_23
1413,ZW20779,Mhokore clinic,Mashonaland Central,Shamva,-17.407639,31.613731,Clinic,CLINIC,Council,LOCAL_AUTHORITY,Rural,RURAL,Primary,PRIMARY,774357836,Open,ACTIVE_OR_OPERATIONAL,N/A,,,,,NO,READY_WITH_COORDINATES,IMPORTED_PENDING_CONFIGURATION,MASTER_HEALTH_FACILITY_2024_07_23
1414,ZW20735,Mliti clinic,Mashonaland Central,Shamva,-17.37413,31.490655,Clinic,CLINIC,Council,LOCAL_AUTHORITY,Rural,RURAL,Primary,PRIMARY,774159480,Open,ACTIVE_OR_OPERATIONAL,N/A,,,,,NO,READY_WITH_COORDINATES,IMPORTED_PENDING_CONFIGURATION,MASTER_HEALTH_FACILITY_2024_07_23
1416,ZW20705,Mupfurudzi Rural Health Centre,Mashonaland Central,Shamva,-16.934408,31.657856,Clinic,CLINIC,Government,GOVERNMENT,Rural,RURAL,Primary,PRIMARY,774159431,Open,ACTIVE_OR_OPERATIONAL,N/A,,,,,NO,READY_WITH_COORDINATES,IMPORTED_PENDING_CONFIGURATION,MASTER_HEALTH_FACILITY_2024_07_23
1417,ZW20777,Nyamaropa Rural Health Centre,Mashonaland Central,Shamva,-17.049388,31.513408,Clinic,CLINIC,Government,GOVERNMENT,Rural,RURAL,Primary,PRIMARY,774159484,Open,ACTIVE_OR_OPERATIONAL,N/A,,,,,NO,READY_WITH_COORDINATES,IMPORTED_PENDING_CONFIGURATION,MASTER_HEALTH_FACILITY_2024_07_23
1418,ZW20701,Nyamaruro Rural Health Centre,Mashonaland Central,Shamva,-16.951652,31.414225,Clinic,CLINIC,Government,GOVERNMENT,Rural,RURAL,Primary,PRIMARY,774159455,Open,ACTIVE_OR_OPERATIONAL,N/A,,,,,NO,READY_WITH_COORDINATES,IMPORTED_PENDING_CONFIGURATION,MASTER_HEALTH_FACILITY_2024_07_23
1419,ZW0207OA,Shamva District Hospital,Mashonaland Central,Shamva,-17.298438,31.56301,District Hospital,DISTRICT_HOSPITAL,Government,GOVERNMENT,Urban,URBAN,Secondary,SECONDARY,782003776,Open,ACTIVE_OR_OPERATIONAL,66,,,,,NO,READY_WITH_COORDINATES,IMPORTED_PENDING_CONFIGURATION,MASTER_HEALTH_FACILITY_2024_07_23
1420,ZW20776,Shamva Gold Mine Clinic,Mashonaland Central,Shamva,-17.313163,31.577268,Clinic-Urban,CLINIC,PVT,PRIVATE,Rural,RURAL,Primary,PRIMARY,772584648,Open,ACTIVE_OR_OPERATIONAL,N/A,,,,,NO,READY_WITH_COORDINATES,IMPORTED_PENDING_CONFIGURATION,MASTER_HEALTH_FACILITY_2024_07_23
1421,ZW20728,Takawira Clinic,Mashonaland Central,Shamva,-17.025216,31.616143,Clinic,CLINIC,Government,GOVERNMENT,Rural,RURAL,Primary,PRIMARY,774159459,Open,ACTIVE_OR_OPERATIONAL,N/A,,,,,NO,READY_WITH_COORDINATES,IMPORTED_PENDING_CONFIGURATION,MASTER_HEALTH_FACILITY_2024_07_23
1422,ZW20712,Wadazana Clinic,Mashonaland Central,Shamva,-17.297144,31.570281,Clinic-Urban,CLINIC,Council,LOCAL_AUTHORITY,Urban,URBAN,Primary,PRIMARY,773260691,Open,ACTIVE_OR_OPERATIONAL,N/A,,,,,NO,READY_WITH_COORDINATES,IMPORTED_PENDING_CONFIGURATION,MASTER_HEALTH_FACILITY_2024_07_23
1423,ZW30125,Bvumbura Clinic,Mashonaland East,Chikomba,-19.131126,31.270691,RDC,CLINIC,Rural Council,RURAL_DISTRICT_COUNCIL,Rural,RURAL,Primary,PRIMARY,0774 159 973,Active,ACTIVE_OR_OPERATIONAL,,,,,,NO,READY_WITH_COORDINATES,IMPORTED_PENDING_CONFIGURATION,MASTER_HEALTH_FACILITY_2024_07_23
1424,ZW30145,Chivhu Clinic,Mashonaland East,Chikomba,-19.005367,30.893642,RDC,CLINIC,Town/City Council,LOCAL_AUTHORITY,Urban,URBAN,Primary,PRIMARY,0779 159 982,Active,ACTIVE_OR_OPERATIONAL,,,,,,NO,READY_WITH_COORDINATES,IMPORTED_PENDING_CONFIGURATION,MASTER_HEALTH_FACILITY_2024_07_23
1425,ZW03010A,Chivhu General Hospital,Mashonaland East,Chikomba,-19.021761,30.899529,General Hospital,HOSPITAL_REQUIRES_LEVEL_REVIEW,Town/City Council,LOCAL_AUTHORITY,Urban,URBAN,Secondary,SECONDARY,0778 887 734,Active,ACTIVE_OR_OPERATIONAL,,,,,,NO,READY_WITH_COORDINATES,IMPORTED_PENDING_CONFIGURATION,MASTER_HEALTH_FACILITY_2024_07_23
1426,ZW030107,Chivhu ZRP Clinic,Mashonaland East,Chikomba,-19.02226,30.88971,RHC,RURAL_HEALTH_CENTRE,ZRP,ZIMBABWE_REPUBLIC_POLICE,Urban,URBAN,Primary,PRIMARY,,Active,ACTIVE_OR_OPERATIONAL,,,,,,NO,READY_WITH_COORDINATES,IMPORTED_PENDING_CONFIGURATION,MASTER_HEALTH_FACILITY_2024_07_23
1427,ZW30191,Daramombe Clinic,Mashonaland East,Chikomba,-19.0931,31.310009,Mission Clinic,MISSION_CLINIC,Mission,MISSION_FAITH_BASED,Rural,RURAL,Primary,PRIMARY,,Active,ACTIVE_OR_OPERATIONAL,,,,,,NO,READY_WITH_COORDINATES,IMPORTED_PENDING_CONFIGURATION,MASTER_HEALTH_FACILITY_2024_07_23
1429,ZW03010E,Gandachibvuva Mission Hospital,Mashonaland East,Chikomba,-19.103972,31.430663,Mission Hospital,MISSION_HOSPITAL,Rural Council,RURAL_DISTRICT_COUNCIL,Rural,RURAL,Secondary,SECONDARY,0774 159 993,Active,ACTIVE_OR_OPERATIONAL,,,,,,NO,READY_WITH_COORDINATES,IMPORTED_PENDING_CONFIGURATION,MASTER_HEALTH_FACILITY_2024_07_23
1430,ZW30146,Gandami Clinic,Mashonaland East,Chikomba,-18.710846,31.268208,RDC,CLINIC,Rural Council,RURAL_DISTRICT_COUNCIL,Rural,RURAL,Primary,PRIMARY,0773 646 537,Active,ACTIVE_OR_OPERATIONAL,,,,,,NO,READY_WITH_COORDINATES,IMPORTED_PENDING_CONFIGURATION,MASTER_HEALTH_FACILITY_2024_07_23
1431,ZW30126,Gokomere Clinic,Mashonaland East,Chikomba,-19.046764,31.354924,RDC,CLINIC,Rural Council,RURAL_DISTRICT_COUNCIL,Rural,RURAL,Primary,PRIMARY,0774 159 995,Active,ACTIVE_OR_OPERATIONAL,,,,,,NO,READY_WITH_COORDINATES,IMPORTED_PENDING_CONFIGURATION,MASTER_HEALTH_FACILITY_2024_07_23
1432,ZW030152,Kadungure Clinic,Mashonaland East,Chikomba,-19.188877,30.768799,,,,,Rural,RURAL,Primary,PRIMARY,,Active,ACTIVE_OR_OPERATIONAL,,,,,Facility Type; Ownership,YES,READY_WITH_COORDINATES,IMPORTED_PENDING_CONFIGURATION,MASTER_HEALTH_FACILITY_2024_07_23
1433,ZW30147,Lancashire Clinic,Mashonaland East,Chikomba,-19.176887,31.153259,RDC,CLINIC,Rural Council,RURAL_DISTRICT_COUNCIL,Rural,RURAL,Primary,PRIMARY,0774 160 003,Active,ACTIVE_OR_OPERATIONAL,,,,,,NO,READY_WITH_COORDINATES,IMPORTED_PENDING_CONFIGURATION,MASTER_HEALTH_FACILITY_2024_07_23
1435,ZW30128,Manyene Clinic,Mashonaland East,Chikomba,-18.864977,30.996074,RDC,CLINIC,Rural Council,RURAL_DISTRICT_COUNCIL,Peri-Urban,PERI_URBAN,Primary,PRIMARY,0774 160 062,Active,ACTIVE_OR_OPERATIONAL,,,,,,NO,READY_WITH_COORDINATES,IMPORTED_PENDING_CONFIGURATION,MASTER_HEALTH_FACILITY_2024_07_23
1436,ZW30129,Masasa Clinic,Mashonaland East,Chikomba,-18.892096,31.24581,RDC,CLINIC,Rural Council,RURAL_DISTRICT_COUNCIL,Rural,RURAL,Primary,PRIMARY,0782 194 314,Active,ACTIVE_OR_OPERATIONAL,,,,,,NO,READY_WITH_COORDINATES,IMPORTED_PENDING_CONFIGURATION,MASTER_HEALTH_FACILITY_2024_07_23
1437,ZW030153,Mashayamvura Clinic,Mashonaland East,Chikomba,-19.188877,30.768799,,,,,Rural,RURAL,Primary,PRIMARY,,Active,ACTIVE_OR_OPERATIONAL,,,,,Facility Type; Ownership,YES,READY_WITH_COORDINATES,IMPORTED_PENDING_CONFIGURATION,MASTER_HEALTH_FACILITY_2024_07_23
1438,ZW030154,Matanga,Mashonaland East,Chikomba,-19.048443,31.578658,,,,,Rural,RURAL,Primary,PRIMARY,,Active,ACTIVE_OR_OPERATIONAL,,,,,Facility Type; Ownership,YES,READY_WITH_COORDINATES,IMPORTED_PENDING_CONFIGURATION,MASTER_HEALTH_FACILITY_2024_07_23
1439,ZW30130,Mbiru Clinic,Mashonaland East,Chikomba,-18.958236,31.198586,RDC,CLINIC,Rural Council,RURAL_DISTRICT_COUNCIL,Rural,RURAL,Primary,PRIMARY,0774 160 065,Active,ACTIVE_OR_OPERATIONAL,,,,,,NO,READY_WITH_COORDINATES,IMPORTED_PENDING_CONFIGURATION,MASTER_HEALTH_FACILITY_2024_07_23
1440,ZW030194,Mpatsi Clinic,Mashonaland East,Chikomba,-19.035468,31.466505,,,,,Rural,RURAL,Primary,PRIMARY,,Active,ACTIVE_OR_OPERATIONAL,,,,,Facility Type; Ownership,YES,READY_WITH_COORDINATES,IMPORTED_PENDING_CONFIGURATION,MASTER_HEALTH_FACILITY_2024_07_23
1441,ZW30101,Mufudziwakanaka Rural Health Centre,Mashonaland East,Chikomba,-18.841776,31.604373,RHC,RURAL_HEALTH_CENTRE,Government,GOVERNMENT,Rural,RURAL,Primary,PRIMARY,0774 160 079,Active,ACTIVE_OR_OPERATIONAL,,,,,,NO,READY_WITH_COORDINATES,IMPORTED_PENDING_CONFIGURATION,MASTER_HEALTH_FACILITY_2024_07_23
1442,ZW30102,Murezi Rural Health Centre,Mashonaland East,Chikomba,-19.201195,31.05391,RDC,CLINIC,Rural Council,RURAL_DISTRICT_COUNCIL,Rural,RURAL,Primary,PRIMARY,0774 160 092,Active,ACTIVE_OR_OPERATIONAL,,,,,,NO,READY_WITH_COORDINATES,IMPORTED_PENDING_CONFIGURATION,MASTER_HEALTH_FACILITY_2024_07_23
1443,ZW030131,Mushipe Clinic,Mashonaland East,Chikomba,-19.012583,31.683549,RDC,CLINIC,Rural Council,RURAL_DISTRICT_COUNCIL,Rural,RURAL,Primary,PRIMARY,0774 152 408,Active,ACTIVE_OR_OPERATIONAL,,,,,,NO,READY_WITH_COORDINATES,IMPORTED_PENDING_CONFIGURATION,MASTER_HEALTH_FACILITY_2024_07_23
1444,ZW030108,Musumha Rural Health Centre,Mashonaland East,Chikomba,-19.152968,31.519773,RHC,RURAL_HEALTH_CENTRE,Government,GOVERNMENT,Rural,RURAL,Primary,PRIMARY,0777 086 399,Active,ACTIVE_OR_OPERATIONAL,,,,,,NO,READY_WITH_COORDINATES,IMPORTED_PENDING_CONFIGURATION,MASTER_HEALTH_FACILITY_2024_07_23
1445,ZW30148,Mutoro Clinic,Mashonaland East,Chikomba,-18.844078,31.083714,RDC,CLINIC,Rural Council,RURAL_DISTRICT_COUNCIL,Rural,RURAL,Primary,PRIMARY,0774 160 098,Active,ACTIVE_OR_OPERATIONAL,,,,,,NO,READY_WITH_COORDINATES,IMPORTED_PENDING_CONFIGURATION,MASTER_HEALTH_FACILITY_2024_07_23
1446,ZW30192,Mwerahari Clinic,Mashonaland East,Chikomba,-19.055431,31.229968,Mission Clinic,MISSION_CLINIC,Rural Council,RURAL_DISTRICT_COUNCIL,Rural,RURAL,Primary,PRIMARY,0773 366 997,Active,ACTIVE_OR_OPERATIONAL,,,,,,NO,READY_WITH_COORDINATES,IMPORTED_PENDING_CONFIGURATION,MASTER_HEALTH_FACILITY_2024_07_23
1447,ZW30132,Nhangabwe Clinic,Mashonaland East,Chikomba,-18.851289,31.505065,RDC,CLINIC,Rural Council,RURAL_DISTRICT_COUNCIL,Rural,RURAL,Primary,PRIMARY,0774 160 105,Active,ACTIVE_OR_OPERATIONAL,,,,,,NO,READY_WITH_COORDINATES,IMPORTED_PENDING_CONFIGURATION,MASTER_HEALTH_FACILITY_2024_07_23
1448,ZW03010B,Nharira Rural Hospital,Mashonaland East,Chikomba,-19.07388,31.162442,Rural Hospital,RURAL_HOSPITAL,Government,GOVERNMENT,Rural,RURAL,Primary,PRIMARY,0774 160 124,Active,ACTIVE_OR_OPERATIONAL,,,,,,NO,READY_WITH_COORDINATES,IMPORTED_PENDING_CONFIGURATION,MASTER_HEALTH_FACILITY_2024_07_23
1449,ZW30103,Nyamhere Rural Health Centre,Mashonaland East,Chikomba,-18.819101,31.00406,RHC,RURAL_HEALTH_CENTRE,Government,GOVERNMENT,Rural,RURAL,Primary,PRIMARY,0774 160 134,Active,ACTIVE_OR_OPERATIONAL,,,,,,NO,READY_WITH_COORDINATES,IMPORTED_PENDING_CONFIGURATION,MASTER_HEALTH_FACILITY_2024_07_23
1450,ZW030151,Philipsdale Clinic,Mashonaland East,Chikomba,-18.625095,30.898656,RDC,CLINIC,Rural Council,RURAL_DISTRICT_COUNCIL,Rural,RURAL,Primary,PRIMARY,0774 160 139,Active,ACTIVE_OR_OPERATIONAL,,,,,,NO,READY_WITH_COORDINATES,IMPORTED_PENDING_CONFIGURATION,MASTER_HEALTH_FACILITY_2024_07_23
1451,ZW30133,Pokoteke Clinic,Mashonaland East,Chikomba,-19.008326,31.454724,RDC,CLINIC,Rural Council,RURAL_DISTRICT_COUNCIL,Rural,RURAL,Primary,PRIMARY,0774 160 003,Active,ACTIVE_OR_OPERATIONAL,,,,,,NO,READY_WITH_COORDINATES,IMPORTED_PENDING_CONFIGURATION,MASTER_HEALTH_FACILITY_2024_07_23
1452,ZW03010C,Range Rural Health Centre,Mashonaland East,Chikomba,-19.020818,30.999093,RHC,RURAL_HEALTH_CENTRE,Government,GOVERNMENT,Rural,RURAL,Primary,PRIMARY,0771 124 356,Active,ACTIVE_OR_OPERATIONAL,,,,,,NO,READY_WITH_COORDINATES,IMPORTED_PENDING_CONFIGURATION,MASTER_HEALTH_FACILITY_2024_07_23
1453,ZW30134,Rutanhira Clinic,Mashonaland East,Chikomba,-18.749762,31.413739,RDC,CLINIC,Rural Council,RURAL_DISTRICT_COUNCIL,Rural,RURAL,Primary,PRIMARY,0773 856 716,Active,ACTIVE_OR_OPERATIONAL,,,,,,NO,READY_WITH_COORDINATES,IMPORTED_PENDING_CONFIGURATION,MASTER_HEALTH_FACILITY_2024_07_23
1454,ZW03010D,Sadza District Hospital,Mashonaland East,Chikomba,-18.896946,31.450585,District Hospital,DISTRICT_HOSPITAL,Government,GOVERNMENT,Rural,RURAL,Secondary,SECONDARY,0774 313 569,Active,ACTIVE_OR_OPERATIONAL,,,,,,NO,READY_WITH_COORDINATES,IMPORTED_PENDING_CONFIGURATION,MASTER_HEALTH_FACILITY_2024_07_23
1456,ZW030193,St Francis of Assisi Mission Clinic,Mashonaland East,Chikomba,-19.10157,31.11675,,,,,unknown,,Primary,PRIMARY,,,,,,,,Facility Type; Ownership; Status,YES,READY_WITH_COORDINATES,IMPORTED_PENDING_CONFIGURATION,MASTER_HEALTH_FACILITY_2024_07_23
1457,ZW030150,Tavara Clinic,Mashonaland East,Chikomba,-18.80078,30.71913,RDC,CLINIC,Rural Council,RURAL_DISTRICT_COUNCIL,Rural,RURAL,Primary,PRIMARY,776037131,Active,ACTIVE_OR_OPERATIONAL,,,,,,NO,READY_WITH_COORDINATES,IMPORTED_PENDING_CONFIGURATION,MASTER_HEALTH_FACILITY_2024_07_23
1458,ZW30136,Unyetu Clinic,Mashonaland East,Chikomba,-18.959777,31.299248,RDC,CLINIC,Rural Council,RURAL_DISTRICT_COUNCIL,Rural,RURAL,Primary,PRIMARY,775597117,Active,ACTIVE_OR_OPERATIONAL,,,,,,NO,READY_WITH_COORDINATES,IMPORTED_PENDING_CONFIGURATION,MASTER_HEALTH_FACILITY_2024_07_23
1459,ZW30137,Wazvaramhaka Clinic,Mashonaland East,Chikomba,-19.00211,31.237726,RDC,CLINIC,Rural Council,RURAL_DISTRICT_COUNCIL,Rural,RURAL,Primary,PRIMARY,774109168,Active,ACTIVE_OR_OPERATIONAL,,,,,,NO,READY_WITH_COORDINATES,IMPORTED_PENDING_CONFIGURATION,MASTER_HEALTH_FACILITY_2024_07_23
1460,ZW30149,Wiltshire Clinic,Mashonaland East,Chikomba,-18.860503,31.170914,RDC,CLINIC,Rural Council,RURAL_DISTRICT_COUNCIL,Rural,RURAL,Primary,PRIMARY,781644415,Active,ACTIVE_OR_OPERATIONAL,,,,,,NO,READY_WITH_COORDINATES,IMPORTED_PENDING_CONFIGURATION,MASTER_HEALTH_FACILITY_2024_07_23
1461,ZW030106,ZPS Chivhu Prison Clinic,Mashonaland East,Chikomba,-19.01863,30.89779,RHC,RURAL_HEALTH_CENTRE,ZPS,ZIMBABWE_PRISONS_AND_CORRECTIONAL_SERVICE,Urban,URBAN,Primary,PRIMARY,779554962,Active,ACTIVE_OR_OPERATIONAL,,,,,,NO,READY_WITH_COORDINATES,IMPORTED_PENDING_CONFIGURATION,MASTER_HEALTH_FACILITY_2024_07_23
1462,ZW30104,Zvamatobwe Rural Health Centre,Mashonaland East,Chikomba,-18.836902,31.392006,RHC,RURAL_HEALTH_CENTRE,Government,GOVERNMENT,Rural,RURAL,Primary,PRIMARY,774947202,Active,ACTIVE_OR_OPERATIONAL,,,,,,NO,READY_WITH_COORDINATES,IMPORTED_PENDING_CONFIGURATION,MASTER_HEALTH_FACILITY_2024_07_23
1463,ZW30201,Bosha Rural Health Centre,Mashonaland East,Goromonzi,-17.501126,31.547069,RHC,RURAL_HEALTH_CENTRE,Government,GOVERNMENT,Rural,RURAL,Primary,PRIMARY,772717097,Active,ACTIVE_OR_OPERATIONAL,,,,,,NO,READY_WITH_COORDINATES,IMPORTED_PENDING_CONFIGURATION,MASTER_HEALTH_FACILITY_2024_07_23
1464,ZW30245,Bromley Clinic,Mashonaland East,Goromonzi,-18.139522,31.300007,RDC,CLINIC,Rural Council,RURAL_DISTRICT_COUNCIL,Rural,RURAL,Primary,PRIMARY,774266474,Active,ACTIVE_OR_OPERATIONAL,,,,,,NO,READY_WITH_COORDINATES,IMPORTED_PENDING_CONFIGURATION,MASTER_HEALTH_FACILITY_2024_07_23
1465,ZW030257,Caledonia Clinic,Mashonaland East,Goromonzi,-17.845294,31.235193,RDC,CLINIC,Rural Council,RURAL_DISTRICT_COUNCIL,Peri-Urban,PERI_URBAN,Primary,PRIMARY,779607433,Active,ACTIVE_OR_OPERATIONAL,,,,,,NO,READY_WITH_COORDINATES,IMPORTED_PENDING_CONFIGURATION,MASTER_HEALTH_FACILITY_2024_07_23
1467,ZW03020D,Chikwaka Rural Hospital,Mashonaland East,Goromonzi,-17.552109,31.485917,Rural Hospital,RURAL_HOSPITAL,Government,GOVERNMENT,Rural,RURAL,Primary,PRIMARY,786908864,Active,ACTIVE_OR_OPERATIONAL,,,,,,NO,READY_WITH_COORDINATES,IMPORTED_PENDING_CONFIGURATION,MASTER_HEALTH_FACILITY_2024_07_23
1468,ZW30225,Chinamhora Clinic,Mashonaland East,Goromonzi,-17.571351,31.184875,RDC,CLINIC,Rural Council,RURAL_DISTRICT_COUNCIL,Peri-Urban,PERI_URBAN,Primary,PRIMARY,8688002579,Active,ACTIVE_OR_OPERATIONAL,,,,,,NO,READY_WITH_COORDINATES,IMPORTED_PENDING_CONFIGURATION,MASTER_HEALTH_FACILITY_2024_07_23
1469,ZW30226,Chinyika Clinic,Mashonaland East,Goromonzi,-17.834891,31.35645,RDC,CLINIC,Rural Council,RURAL_DISTRICT_COUNCIL,Rural,RURAL,Primary,PRIMARY,65221903,Active,ACTIVE_OR_OPERATIONAL,,,,,,NO,READY_WITH_COORDINATES,IMPORTED_PENDING_CONFIGURATION,MASTER_HEALTH_FACILITY_2024_07_23
1470,ZW030278,Chishawasha Mission Primary Clinic,Mashonaland East,Goromonzi,-17.788996,31.224725,Mission Clinic,MISSION_CLINIC,Mission,MISSION_FAITH_BASED,Rural,RURAL,Primary,PRIMARY,773822031,Active,ACTIVE_OR_OPERATIONAL,,,,,,NO,READY_WITH_COORDINATES,IMPORTED_PENDING_CONFIGURATION,MASTER_HEALTH_FACILITY_2024_07_23
1471,ZW30246,Cranborne Clinic,Mashonaland East,Goromonzi,-17.954762,31.192928,RDC,CLINIC,Rural Council,RURAL_DISTRICT_COUNCIL,Rural,RURAL,Primary,PRIMARY,783170175,Active,ACTIVE_OR_OPERATIONAL,,,,,,NO,READY_WITH_COORDINATES,IMPORTED_PENDING_CONFIGURATION,MASTER_HEALTH_FACILITY_2024_07_23
1472,ZW30202,Domboshava Rural Health Centre,Mashonaland East,Goromonzi,-17.602183,31.138522,RDC,CLINIC,Government,GOVERNMENT,Peri-Urban,PERI_URBAN,Primary,PRIMARY,774197769,Active,ACTIVE_OR_OPERATIONAL,,,,,,NO,READY_WITH_COORDINATES,IMPORTED_PENDING_CONFIGURATION,MASTER_HEALTH_FACILITY_2024_07_23
1473,ZW030205,Goromonzi High School Clinic,Mashonaland East,Goromonzi,-17.867241,31.359591,RHC,RURAL_HEALTH_CENTRE,Government,GOVERNMENT,Peri-Urban,PERI_URBAN,Primary,PRIMARY,778677299,Active,ACTIVE_OR_OPERATIONAL,,,,,,NO,READY_WITH_COORDINATES,IMPORTED_PENDING_CONFIGURATION,MASTER_HEALTH_FACILITY_2024_07_23
1474,ZW30247,Henry John Reimer Clinic,Mashonaland East,Goromonzi,-17.722206,31.384871,RDC,CLINIC,Rural Council,RURAL_DISTRICT_COUNCIL,Rural,RURAL,Primary,PRIMARY,774568660,Active,ACTIVE_OR_OPERATIONAL,,,,,,NO,READY_WITH_COORDINATES,IMPORTED_PENDING_CONFIGURATION,MASTER_HEALTH_FACILITY_2024_07_23
1475,ZW30251,Joan Rankine Clinic,Mashonaland East,Goromonzi,-17.642399,31.121812,RDC,CLINIC,Rural Council,RURAL_DISTRICT_COUNCIL,Peri-Urban,PERI_URBAN,Primary,PRIMARY,712372001,Active,ACTIVE_OR_OPERATIONAL,,,,,,NO,READY_WITH_COORDINATES,IMPORTED_PENDING_CONFIGURATION,MASTER_HEALTH_FACILITY_2024_07_23
1476,ZW30227,Kowoyo Clinic,Mashonaland East,Goromonzi,-17.671839,31.489228,RDC,CLINIC,Rural Council,RURAL_DISTRICT_COUNCIL,Rural,RURAL,Primary,PRIMARY,775265344,Active,ACTIVE_OR_OPERATIONAL,,,,,,NO,READY_WITH_COORDINATES,IMPORTED_PENDING_CONFIGURATION,MASTER_HEALTH_FACILITY_2024_07_23
1477,ZW30248,Kubatsirana Clinic,Mashonaland East,Goromonzi,-17.812095,31.368616,RDC,CLINIC,Rural Council,RURAL_DISTRICT_COUNCIL,Rural,RURAL,Primary,PRIMARY,775642310,Active,ACTIVE_OR_OPERATIONAL,,,,,,NO,READY_WITH_COORDINATES,IMPORTED_PENDING_CONFIGURATION,MASTER_HEALTH_FACILITY_2024_07_23
1478,ZW03020A,Makumbe District Hospital,Mashonaland East,Goromonzi,-17.526087,31.259632,District Hospital,DISTRICT_HOSPITAL,Government,GOVERNMENT,Rural,RURAL,Secondary,SECONDARY,786909027,Active,ACTIVE_OR_OPERATIONAL,,,,,,NO,READY_WITH_COORDINATES,IMPORTED_PENDING_CONFIGURATION,MASTER_HEALTH_FACILITY_2024_07_23
1479,ZW30228,Masikandoro Clinic,Mashonaland East,Goromonzi,-17.535956,31.153564,RDC,CLINIC,Rural Council,RURAL_DISTRICT_COUNCIL,Rural,RURAL,Primary,PRIMARY,786908863,Active,ACTIVE_OR_OPERATIONAL,,,,,,NO,READY_WITH_COORDINATES,IMPORTED_PENDING_CONFIGURATION,MASTER_HEALTH_FACILITY_2024_07_23
1480,ZW030274,Melfort Clinic,Mashonaland East,Goromonzi,-18.000504,31.323761,RDC,CLINIC,Rural Council,RURAL_DISTRICT_COUNCIL,Rural,RURAL,Primary,PRIMARY,774080544,Active,ACTIVE_OR_OPERATIONAL,,,,,,NO,READY_WITH_COORDINATES,IMPORTED_PENDING_CONFIGURATION,MASTER_HEALTH_FACILITY_2024_07_23
1481,ZW30203,Mwanza Rural Health Centre,Mashonaland East,Goromonzi,-17.764225,31.486984,RHC,RURAL_HEALTH_CENTRE,Government,GOVERNMENT,Rural,RURAL,Primary,PRIMARY,776691439,Active,ACTIVE_OR_OPERATIONAL,,,,,,NO,READY_WITH_COORDINATES,IMPORTED_PENDING_CONFIGURATION,MASTER_HEALTH_FACILITY_2024_07_23
1482,ZW30229,Nyaure Clinic,Mashonaland East,Goromonzi,-17.611339,31.262676,RDC,CLINIC,Rural Council,RURAL_DISTRICT_COUNCIL,Rural,RURAL,Primary,PRIMARY,65232428,Active,ACTIVE_OR_OPERATIONAL,,,,,,NO,READY_WITH_COORDINATES,IMPORTED_PENDING_CONFIGURATION,MASTER_HEALTH_FACILITY_2024_07_23
1483,ZW030276,Pagejo RaRuby Clinic,Mashonaland East,Goromonzi,-17.74046,31.323925,RDC,CLINIC,Rural Council,RURAL_DISTRICT_COUNCIL,Rural,RURAL,Primary,PRIMARY,777068032,Active,ACTIVE_OR_OPERATIONAL,,,,,,NO,READY_WITH_COORDINATES,IMPORTED_PENDING_CONFIGURATION,MASTER_HEALTH_FACILITY_2024_07_23
1484,ZW30230,Pote Clinic,Mashonaland East,Goromonzi,-17.561166,31.111965,RDC,CLINIC,Rural Council,RURAL_DISTRICT_COUNCIL,Rural,RURAL,Primary,PRIMARY,719088540,Active,ACTIVE_OR_OPERATIONAL,,,,,,NO,READY_WITH_COORDINATES,IMPORTED_PENDING_CONFIGURATION,MASTER_HEALTH_FACILITY_2024_07_23
1485,ZW30249,Rusike Clinic,Mashonaland East,Goromonzi,-17.872597,31.518012,RDC,CLINIC,Rural Council,RURAL_DISTRICT_COUNCIL,Rural,RURAL,Primary,PRIMARY,771495761,Active,ACTIVE_OR_OPERATIONAL,,,,,,NO,READY_WITH_COORDINATES,IMPORTED_PENDING_CONFIGURATION,MASTER_HEALTH_FACILITY_2024_07_23
1487,ZW30250,Ruwa Clinic,Harare,Ruwa,-17.890129,31.237745,RDC,CLINIC,Rural Council,RURAL_DISTRICT_COUNCIL,Peri-Urban,PERI_URBAN,Primary,PRIMARY,717733177,Active,ACTIVE_OR_OPERATIONAL,,,,,,NO,READY_WITH_COORDINATES,IMPORTED_PENDING_CONFIGURATION,MASTER_HEALTH_FACILITY_2024_07_23
1490,ZW030279,St Dominics Chishawasha School Clinic,Mashonaland East,Goromonzi,-17.7927604,31.2264364,Mission Clinic,MISSION_CLINIC,Mission,MISSION_FAITH_BASED,Rural,RURAL,Primary,PRIMARY,773909915,Active,ACTIVE_OR_OPERATIONAL,,,,,,NO,READY_WITH_COORDINATES,IMPORTED_PENDING_CONFIGURATION,MASTER_HEALTH_FACILITY_2024_07_23
1491,ZW30252,St Joseph's Clinic,Mashonaland East,Goromonzi,-17.751503,31.19631,Mission Clinic,MISSION_CLINIC,Mission,MISSION_FAITH_BASED,Peri-Urban,PERI_URBAN,Primary,PRIMARY,773819277,Active,ACTIVE_OR_OPERATIONAL,,,,,,NO,READY_WITH_COORDINATES,IMPORTED_PENDING_CONFIGURATION,MASTER_HEALTH_FACILITY_2024_07_23
1492,ZW030280,Xanadu Clinic,Mashonaland East,Goromonzi,-18.066144,31.250542,RDC,CLINIC,Rural Council,RURAL_DISTRICT_COUNCIL,Rural,RURAL,Primary,PRIMARY,774947193,Active,ACTIVE_OR_OPERATIONAL,,,,,,NO,READY_WITH_COORDINATES,IMPORTED_PENDING_CONFIGURATION,MASTER_HEALTH_FACILITY_2024_07_23
1493,ZW030277,ZPS Goromonzi Clinic,Mashonaland East,Goromonzi,-17.8326065,30.7255552,RHC,RURAL_HEALTH_CENTRE,ZPS,ZIMBABWE_PRISONS_AND_CORRECTIONAL_SERVICE,Peri-Urban,PERI_URBAN,Primary,PRIMARY,772698136,Active,ACTIVE_OR_OPERATIONAL,,,,,,NO,READY_WITH_COORDINATES,IMPORTED_PENDING_CONFIGURATION,MASTER_HEALTH_FACILITY_2024_07_23
1494,ZW030591,Arcadia Rural Council Clinic,Mashonaland East,Marondera,-18.256973,31.607815,RHC,RURAL_HEALTH_CENTRE,Rural Council,RURAL_DISTRICT_COUNCIL,Rural,RURAL,Primary,PRIMARY,0775 014 806,Active,ACTIVE_OR_OPERATIONAL,,,,,,NO,READY_WITH_COORDINATES,IMPORTED_PENDING_CONFIGURATION,MASTER_HEALTH_FACILITY_2024_07_23
1495,ZW030589,Benjimed Private Clinic,Mashonaland East,Marondera,-18.18104,31.560499,RHC,RURAL_HEALTH_CENTRE,Private,PRIVATE,Urban,URBAN,Primary,PRIMARY,775099147,Active,ACTIVE_OR_OPERATIONAL,,,,,,NO,READY_WITH_COORDINATES,IMPORTED_PENDING_CONFIGURATION,MASTER_HEALTH_FACILITY_2024_07_23
1496,ZW30501,Border Church Rural Health Centre,Mashonaland East,Marondera,-18.231876,31.328878,Rural Hospital,RURAL_HOSPITAL,Rural Council,RURAL_DISTRICT_COUNCIL,Rural,RURAL,Primary,PRIMARY,772765952,Active,ACTIVE_OR_OPERATIONAL,,,,,,NO,READY_WITH_COORDINATES,IMPORTED_PENDING_CONFIGURATION,MASTER_HEALTH_FACILITY_2024_07_23
1497,ZW03050D,Borradaile Pvt Hospital,Mashonaland East,Marondera,-18.184906,31.527158,General Hospital,HOSPITAL_REQUIRES_LEVEL_REVIEW,Private,PRIVATE,Urban,URBAN,Primary,PRIMARY,717843143,Active,ACTIVE_OR_OPERATIONAL,,,,,,NO,READY_WITH_COORDINATES,IMPORTED_PENDING_CONFIGURATION,MASTER_HEALTH_FACILITY_2024_07_23
1498,ZW030592,Chakadini Clinic,Mashonaland East,Marondera,-18.364625,31.235648,,,,,Rural,RURAL,Primary,PRIMARY,,,,,,,,Facility Type; Ownership; Status,YES,READY_WITH_COORDINATES,IMPORTED_PENDING_CONFIGURATION,MASTER_HEALTH_FACILITY_2024_07_23
1499,ZW30502,Chimbwanda Rural Health Centre,Mashonaland East,Marondera,-18.398565,31.14967,RHC,RURAL_HEALTH_CENTRE,Rural Council,RURAL_DISTRICT_COUNCIL,Rural,RURAL,Primary,PRIMARY,773456051,Active,ACTIVE_OR_OPERATIONAL,,,,,,NO,READY_WITH_COORDINATES,IMPORTED_PENDING_CONFIGURATION,MASTER_HEALTH_FACILITY_2024_07_23
1500,ZW03050B,Chiota Rural Hospital,Mashonaland East,Marondera,-18.312295,31.240474,RHC,RURAL_HEALTH_CENTRE,Government,GOVERNMENT,Rural,RURAL,Primary,PRIMARY,774193046,Active,ACTIVE_OR_OPERATIONAL,,,,,,NO,READY_WITH_COORDINATES,IMPORTED_PENDING_CONFIGURATION,MASTER_HEALTH_FACILITY_2024_07_23
1501,ZW30529,Chipararwe Council Clinic,Mashonaland East,Marondera,-18.006182,31.639809,District Hospital,DISTRICT_HOSPITAL,Government,GOVERNMENT,Rural,RURAL,Primary,PRIMARY,782509338,Active,ACTIVE_OR_OPERATIONAL,,,,,,NO,READY_WITH_COORDINATES,IMPORTED_PENDING_CONFIGURATION,MASTER_HEALTH_FACILITY_2024_07_23
1502,ZW30503,Dimbiti Rural Health Centre,Mashonaland East,Marondera,-18.381409,31.777321,RDC,CLINIC,Rural Council,RURAL_DISTRICT_COUNCIL,Rural,RURAL,Primary,PRIMARY,774341636,Active,ACTIVE_OR_OPERATIONAL,,,,,,NO,READY_WITH_COORDINATES,IMPORTED_PENDING_CONFIGURATION,MASTER_HEALTH_FACILITY_2024_07_23
1503,ZW30561,Dombotombo Council Clinic,Mashonaland East,Marondera,-18.179078,31.566013,RHC,RURAL_HEALTH_CENTRE,Town/City Council,LOCAL_AUTHORITY,Rural,RURAL,Primary,PRIMARY,774068000,Active,ACTIVE_OR_OPERATIONAL,,,,,,NO,READY_WITH_COORDINATES,IMPORTED_PENDING_CONFIGURATION,MASTER_HEALTH_FACILITY_2024_07_23
1504,ZW30545,Igava Council Clinic,Mashonaland East,Marondera,-18.465788,31.623978,RHC,RURAL_HEALTH_CENTRE,Town/City Council,LOCAL_AUTHORITY,Rural,RURAL,Primary,PRIMARY,778591841,Active,ACTIVE_OR_OPERATIONAL,,,,,,NO,READY_WITH_COORDINATES,IMPORTED_PENDING_CONFIGURATION,MASTER_HEALTH_FACILITY_2024_07_23
1505,ZW30504,Kushinga Phikhelela Rural Health Centre,Mashonaland East,Marondera,-18.154404,31.670081,RDC,CLINIC,Government,GOVERNMENT,Rural,RURAL,Primary,PRIMARY,774568635,Active,ACTIVE_OR_OPERATIONAL,,,,,,NO,READY_WITH_COORDINATES,IMPORTED_PENDING_CONFIGURATION,MASTER_HEALTH_FACILITY_2024_07_23
1507,ZW03050C,Mahusekwa District Hospital,Mashonaland East,Marondera,-18.30463,31.197312,RHC,RURAL_HEALTH_CENTRE,Government,GOVERNMENT,Rural,RURAL,Secondary,SECONDARY,773869948,Active,ACTIVE_OR_OPERATIONAL,,,,,,NO,READY_WITH_COORDINATES,IMPORTED_PENDING_CONFIGURATION,MASTER_HEALTH_FACILITY_2024_07_23
1508,ZW03050A,Marondera Provincial Hospital,Mashonaland East,Marondera,-18.193597,31.533584,RDC,CLINIC,Government,GOVERNMENT,Urban,URBAN,Tertiary,TERTIARY,777803128,Active,ACTIVE_OR_OPERATIONAL,,,,,,NO,READY_WITH_COORDINATES,IMPORTED_PENDING_CONFIGURATION,MASTER_HEALTH_FACILITY_2024_07_23
1509,ZW30528,Marondera Rural Council Clinic,Mashonaland East,Marondera,-18.156561,31.590976,RHC,RURAL_HEALTH_CENTRE,Rural Council,RURAL_DISTRICT_COUNCIL,Urban,URBAN,Primary,PRIMARY,775469859,Active,ACTIVE_OR_OPERATIONAL,,,,,,NO,READY_WITH_COORDINATES,IMPORTED_PENDING_CONFIGURATION,MASTER_HEALTH_FACILITY_2024_07_23
1511,ZW30512,Marondera ZRP Clinic,Mashonaland East,Marondera,-17.8334378,31.0140652,RHC,RURAL_HEALTH_CENTRE,ZRP,ZIMBABWE_REPUBLIC_POLICE,Rural,RURAL,Primary,PRIMARY,774641363,Active,ACTIVE_OR_OPERATIONAL,,,,,,NO,READY_WITH_COORDINATES,IMPORTED_PENDING_CONFIGURATION,MASTER_HEALTH_FACILITY_2024_07_23
1512,ZW30525,Masikana Council Clinic,Mashonaland East,Marondera,-18.354344,31.686846,RHC,RURAL_HEALTH_CENTRE,Rural Council,RURAL_DISTRICT_COUNCIL,Rural,RURAL,Primary,PRIMARY,773421003,Active,ACTIVE_OR_OPERATIONAL,,,,,,NO,READY_WITH_COORDINATES,IMPORTED_PENDING_CONFIGURATION,MASTER_HEALTH_FACILITY_2024_07_23
1514,ZW30505,Mudzimurema Rural Health Centre,Mashonaland East,Marondera,-18.282535,31.089852,RHC,RURAL_HEALTH_CENTRE,Rural Council,RURAL_DISTRICT_COUNCIL,Rural,RURAL,Primary,PRIMARY,774886768,Active,ACTIVE_OR_OPERATIONAL,,,,,,NO,READY_WITH_COORDINATES,IMPORTED_PENDING_CONFIGURATION,MASTER_HEALTH_FACILITY_2024_07_23
1515,ZW30562,Nyameni Council Clinic,Mashonaland East,Marondera,-18.205975,31.541275,RHC,RURAL_HEALTH_CENTRE,Town/City Council,LOCAL_AUTHORITY,Urban,URBAN,Primary,PRIMARY,774127820,Active,ACTIVE_OR_OPERATIONAL,,,,,,NO,READY_WITH_COORDINATES,IMPORTED_PENDING_CONFIGURATION,MASTER_HEALTH_FACILITY_2024_07_23
1516,ZW30563,Nyembanzvere Council Clinic,Mashonaland East,Marondera,-18.215824,31.130416,RHC,RURAL_HEALTH_CENTRE,Rural Council,RURAL_DISTRICT_COUNCIL,Rural,RURAL,Primary,PRIMARY,0773 705 640,Active,ACTIVE_OR_OPERATIONAL,,,,,,NO,READY_WITH_COORDINATES,IMPORTED_PENDING_CONFIGURATION,MASTER_HEALTH_FACILITY_2024_07_23
1517,ZW30588,Rakodzi Pvt Clinic,Mashonaland East,Marondera,-18.182406,31.6062,RHC,RURAL_HEALTH_CENTRE,Private,PRIVATE,Rural,RURAL,Primary,PRIMARY,0776 425 659,Active,ACTIVE_OR_OPERATIONAL,,,,,,NO,READY_WITH_COORDINATES,IMPORTED_PENDING_CONFIGURATION,MASTER_HEALTH_FACILITY_2024_07_23
1519,ZW30586,Waddilove Clinic,Mashonaland East,Marondera,-18.256234,31.384625,RHC,RURAL_HEALTH_CENTRE,Government,GOVERNMENT,Urban,URBAN,Primary,PRIMARY,0788 249 299,Active,ACTIVE_OR_OPERATIONAL,,,,,,NO,READY_WITH_COORDINATES,IMPORTED_PENDING_CONFIGURATION,MASTER_HEALTH_FACILITY_2024_07_23
1520,ZW30506,Wenimbi Rural Health Centre,Mashonaland East,Marondera,-18.23624,31.790693,RHC,RURAL_HEALTH_CENTRE,Rural Council,RURAL_DISTRICT_COUNCIL,Rural,RURAL,Primary,PRIMARY,0713 819 679,Active,ACTIVE_OR_OPERATIONAL,,,,,,NO,READY_WITH_COORDINATES,IMPORTED_PENDING_CONFIGURATION,MASTER_HEALTH_FACILITY_2024_07_23
1521,ZW30511,ZPS Marondera Prison Clinic,Mashonaland East,Marondera,-18.2043571,31.5343271,Provincial Hospital,PROVINCIAL_HOSPITAL,ZPS,ZIMBABWE_PRISONS_AND_CORRECTIONAL_SERVICE,Urban,URBAN,Primary,PRIMARY,0773 447 470,Active,ACTIVE_OR_OPERATIONAL,,,,,,NO,READY_WITH_COORDINATES,IMPORTED_PENDING_CONFIGURATION,MASTER_HEALTH_FACILITY_2024_07_23
1522,ZW30691,Chikwizo Clinic,Mashonaland East,Mudzi,-17.206288,32.789538,Mission Clinic,MISSION_CLINIC,Mission,MISSION_FAITH_BASED,Rural,RURAL,Primary,PRIMARY,0773 770 172,Active,ACTIVE_OR_OPERATIONAL,,,,,,NO,READY_WITH_COORDINATES,IMPORTED_PENDING_CONFIGURATION,MASTER_HEALTH_FACILITY_2024_07_23
1524,ZW30601,Chimukoko Rural Health Centre,Mashonaland East,Mudzi,-16.967276,32.50724,RHC,RURAL_HEALTH_CENTRE,Government,GOVERNMENT,Rural,RURAL,Primary,PRIMARY,0773 144 709,Active,ACTIVE_OR_OPERATIONAL,,,,,,NO,READY_WITH_COORDINATES,IMPORTED_PENDING_CONFIGURATION,MASTER_HEALTH_FACILITY_2024_07_23
1527,ZW30634,Chisvo Clinic,Mashonaland East,Mudzi,-16.957798,32.357968,RDC,CLINIC,Rural Council,RURAL_DISTRICT_COUNCIL,Rural,RURAL,Primary,PRIMARY,0773 837 811,Active,ACTIVE_OR_OPERATIONAL,,,,,,NO,READY_WITH_COORDINATES,IMPORTED_PENDING_CONFIGURATION,MASTER_HEALTH_FACILITY_2024_07_23
1528,ZW30602,Chiunye Rural Health Centre,Mashonaland East,Mudzi,-16.995445,32.279357,RHC,RURAL_HEALTH_CENTRE,Government,GOVERNMENT,Rural,RURAL,Primary,PRIMARY,0777 619 408,Active,ACTIVE_OR_OPERATIONAL,,,,,,NO,READY_WITH_COORDINATES,IMPORTED_PENDING_CONFIGURATION,MASTER_HEALTH_FACILITY_2024_07_23
1529,ZW30692,Dendera Clinic,Mashonaland East,Mudzi,-16.942375,32.721229,Mission Clinic,MISSION_CLINIC,Mission,MISSION_FAITH_BASED,Rural,RURAL,Primary,PRIMARY,0775 858 592,Active,ACTIVE_OR_OPERATIONAL,,,,,,NO,READY_WITH_COORDINATES,IMPORTED_PENDING_CONFIGURATION,MASTER_HEALTH_FACILITY_2024_07_23
1531,ZW60303,Gozi Rural Health Centre,Mashonaland East,Mudzi,-17.180439,32.866108,RHC,RURAL_HEALTH_CENTRE,Government,GOVERNMENT,Rural,RURAL,Primary,PRIMARY,0712 706 236,Active,ACTIVE_OR_OPERATIONAL,,,,,,NO,READY_WITH_COORDINATES,IMPORTED_PENDING_CONFIGURATION,MASTER_HEALTH_FACILITY_2024_07_23
1532,ZW30626,Kapotesa Clinic,Mashonaland East,Mudzi,-17.019551,32.747894,RDC,CLINIC,Rural Council,RURAL_DISTRICT_COUNCIL,Rural,RURAL,Primary,PRIMARY,0773 616 626,Active,ACTIVE_OR_OPERATIONAL,,,,,,NO,READY_WITH_COORDINATES,IMPORTED_PENDING_CONFIGURATION,MASTER_HEALTH_FACILITY_2024_07_23
1533,ZW30604,Kondo Rural Health Centre,Mashonaland East,Mudzi,-16.899034,32.64346,RHC,RURAL_HEALTH_CENTRE,Government,GOVERNMENT,Rural,RURAL,Primary,PRIMARY,0717 942 704,Active,ACTIVE_OR_OPERATIONAL,,,,,,NO,READY_WITH_COORDINATES,IMPORTED_PENDING_CONFIGURATION,MASTER_HEALTH_FACILITY_2024_07_23
1534,ZW30627,Kotwa Clinic,Mashonaland East,Mudzi,-16.991794,32.673571,RDC,CLINIC,Rural Council,RURAL_DISTRICT_COUNCIL,Peri-Urban,PERI_URBAN,Primary,PRIMARY,0713 023 726,Active,ACTIVE_OR_OPERATIONAL,,,,,,NO,READY_WITH_COORDINATES,IMPORTED_PENDING_CONFIGURATION,MASTER_HEALTH_FACILITY_2024_07_23
1535,ZW03060A,Kotwa District Hospital,Mashonaland East,Mudzi,-16.9892,32.664098,District Hospital,DISTRICT_HOSPITAL,Government,GOVERNMENT,Peri-Urban,PERI_URBAN,Secondary,SECONDARY,0776 122 894,Active,ACTIVE_OR_OPERATIONAL,,,,,,NO,READY_WITH_COORDINATES,IMPORTED_PENDING_CONFIGURATION,MASTER_HEALTH_FACILITY_2024_07_23
1536,ZW30605,Makaha Rural Health Centre,Mashonaland East,Mudzi,-17.273562,32.604102,RHC,RURAL_HEALTH_CENTRE,Government,GOVERNMENT,Rural,RURAL,Primary,PRIMARY,0773 447 471,Active,ACTIVE_OR_OPERATIONAL,,,,,,NO,READY_WITH_COORDINATES,IMPORTED_PENDING_CONFIGURATION,MASTER_HEALTH_FACILITY_2024_07_23
1537,ZW30606,Masarakufa Rural Health Centre,Mashonaland East,Mudzi,-17.039558,32.562923,RHC,RURAL_HEALTH_CENTRE,Government,GOVERNMENT,Rural,RURAL,Primary,PRIMARY,0772 689 085,Active,ACTIVE_OR_OPERATIONAL,,,,,,NO,READY_WITH_COORDINATES,IMPORTED_PENDING_CONFIGURATION,MASTER_HEALTH_FACILITY_2024_07_23
1538,ZW30628,Masenda Clinic,Mashonaland East,Mudzi,-17.108043,32.245472,RDC,CLINIC,Rural Council,RURAL_DISTRICT_COUNCIL,Rural,RURAL,Primary,PRIMARY,0717 121 153,Active,ACTIVE_OR_OPERATIONAL,,,,,,NO,READY_WITH_COORDINATES,IMPORTED_PENDING_CONFIGURATION,MASTER_HEALTH_FACILITY_2024_07_23
1542,ZW30693,Nyahuku Clinic,Mashonaland East,Mudzi,-16.817743,32.888003,Mission Clinic,MISSION_CLINIC,Mission,MISSION_FAITH_BASED,Rural,RURAL,Primary,PRIMARY,0772 841 376,Active,ACTIVE_OR_OPERATIONAL,,,,,,NO,READY_WITH_COORDINATES,IMPORTED_PENDING_CONFIGURATION,MASTER_HEALTH_FACILITY_2024_07_23
1544,ZW30607,Nyamanyora Rural Health Centre,Mashonaland East,Mudzi,-16.860856,32.49524,RHC,RURAL_HEALTH_CENTRE,Government,GOVERNMENT,Rural,RURAL,Primary,PRIMARY,773022096,Active,ACTIVE_OR_OPERATIONAL,,,,,,NO,READY_WITH_COORDINATES,IMPORTED_PENDING_CONFIGURATION,MASTER_HEALTH_FACILITY_2024_07_23
1545,ZW30629,Nyamapanda Clinic,Mashonaland East,Mudzi,-16.964494,32.857626,RDC,CLINIC,Rural Council,RURAL_DISTRICT_COUNCIL,Rural,RURAL,Primary,PRIMARY,773226002,Active,ACTIVE_OR_OPERATIONAL,,,,,,NO,READY_WITH_COORDINATES,IMPORTED_PENDING_CONFIGURATION,MASTER_HEALTH_FACILITY_2024_07_23
1546,ZW30630,Nyamatawa Clinic,Mashonaland East,Mudzi,-17.196585,32.655444,RDC,CLINIC,Rural Council,RURAL_DISTRICT_COUNCIL,Rural,RURAL,Primary,PRIMARY,775390116,Active,ACTIVE_OR_OPERATIONAL,,,,,,NO,READY_WITH_COORDINATES,IMPORTED_PENDING_CONFIGURATION,MASTER_HEALTH_FACILITY_2024_07_23
1547,ZW30631,Nyamukoho Clinic,Mashonaland East,Mudzi,-17.07357,32.31401,RDC,CLINIC,Rural Council,RURAL_DISTRICT_COUNCIL,Rural,RURAL,Primary,PRIMARY,773329190,Active,ACTIVE_OR_OPERATIONAL,,,,,,NO,READY_WITH_COORDINATES,IMPORTED_PENDING_CONFIGURATION,MASTER_HEALTH_FACILITY_2024_07_23
1550,ZW30632,Shinga Clinic,Mashonaland East,Mudzi,-17.00819,32.427165,RDC,CLINIC,Rural Council,RURAL_DISTRICT_COUNCIL,Rural,RURAL,Primary,PRIMARY,771584763,Active,ACTIVE_OR_OPERATIONAL,,,,,,NO,READY_WITH_COORDINATES,IMPORTED_PENDING_CONFIGURATION,MASTER_HEALTH_FACILITY_2024_07_23
1551,ZW30625,St Pius Clinic,Mashonaland East,Mudzi,-16.742799,32.805813,RDC,CLINIC,Rural Council,RURAL_DISTRICT_COUNCIL,Rural,RURAL,Primary,PRIMARY,775810304,Active,ACTIVE_OR_OPERATIONAL,,,,,,NO,READY_WITH_COORDINATES,IMPORTED_PENDING_CONFIGURATION,MASTER_HEALTH_FACILITY_2024_07_23
1552,ZW30633,Suswe Clinic,Mashonaland East,Mudzi,-17.159429,32.394954,RDC,CLINIC,Rural Council,RURAL_DISTRICT_COUNCIL,Rural,RURAL,Primary,PRIMARY,775808764,Active,ACTIVE_OR_OPERATIONAL,,,,,,NO,READY_WITH_COORDINATES,IMPORTED_PENDING_CONFIGURATION,MASTER_HEALTH_FACILITY_2024_07_23
1555,ZW30701,Chitate Rural Health Centre,Mashonaland East,Murewa,-17.674869,31.886285,RHC,RURAL_HEALTH_CENTRE,Government,GOVERNMENT,Rural,RURAL,Primary,PRIMARY,772499197,Active,ACTIVE_OR_OPERATIONAL,,,,,,NO,READY_WITH_COORDINATES,IMPORTED_PENDING_CONFIGURATION,MASTER_HEALTH_FACILITY_2024_07_23
1556,ZW30723,Chitowa 1 Clinic,Mashonaland East,Murewa,-17.52337,31.866033,RHC,RURAL_HEALTH_CENTRE,Rural Council,RURAL_DISTRICT_COUNCIL,Rural,RURAL,Primary,PRIMARY,778264442,Active,ACTIVE_OR_OPERATIONAL,,,,,,NO,READY_WITH_COORDINATES,IMPORTED_PENDING_CONFIGURATION,MASTER_HEALTH_FACILITY_2024_07_23
1557,ZW30724,Chitowa 2 Clinic,Mashonaland East,Murewa,-17.598874,31.911646,RHC,RURAL_HEALTH_CENTRE,Rural Council,RURAL_DISTRICT_COUNCIL,Rural,RURAL,Primary,PRIMARY,779897780,Active,ACTIVE_OR_OPERATIONAL,,,,,,NO,READY_WITH_COORDINATES,IMPORTED_PENDING_CONFIGURATION,MASTER_HEALTH_FACILITY_2024_07_23
1558,ZW30730,Craiglea Clinic,Mashonaland East,Murewa,-17.966399,31.828127,RHC,RURAL_HEALTH_CENTRE,Rural Council,RURAL_DISTRICT_COUNCIL,Rural,RURAL,Primary,PRIMARY,778261866,Active,ACTIVE_OR_OPERATIONAL,,,,,,NO,READY_WITH_COORDINATES,IMPORTED_PENDING_CONFIGURATION,MASTER_HEALTH_FACILITY_2024_07_23
1559,ZW30725,Dandara Rural Health Centre,Mashonaland East,Murewa,-17.507736,31.68601,RHC,RURAL_HEALTH_CENTRE,Rural Council,RURAL_DISTRICT_COUNCIL,Rural,RURAL,Primary,PRIMARY,777445306,Active,ACTIVE_OR_OPERATIONAL,,,,,,NO,READY_WITH_COORDINATES,IMPORTED_PENDING_CONFIGURATION,MASTER_HEALTH_FACILITY_2024_07_23
1560,ZW30726,Dombwe Rural Health Centre,Mashonaland East,Murewa,-17.76968,31.972172,RHC,RURAL_HEALTH_CENTRE,Rural Council,RURAL_DISTRICT_COUNCIL,Rural,RURAL,Primary,PRIMARY,773079172,Active,ACTIVE_OR_OPERATIONAL,,,,,,NO,READY_WITH_COORDINATES,IMPORTED_PENDING_CONFIGURATION,MASTER_HEALTH_FACILITY_2024_07_23
1561,ZW30772,Goso Rural Health Centre,Mashonaland East,Murewa,-17.579723,31.790681,Mission Clinic,MISSION_CLINIC,Mission,MISSION_FAITH_BASED,Rural,RURAL,Primary,PRIMARY,773192581,Active,ACTIVE_OR_OPERATIONAL,,,,,,NO,READY_WITH_COORDINATES,IMPORTED_PENDING_CONFIGURATION,MASTER_HEALTH_FACILITY_2024_07_23
1562,ZW30703,Jekwa Rural Health Centre,Mashonaland East,Murewa,-17.742044,32.077199,RHC,RURAL_HEALTH_CENTRE,Government,GOVERNMENT,Rural,RURAL,Primary,PRIMARY,773580544,Active,ACTIVE_OR_OPERATIONAL,,,,,,NO,READY_WITH_COORDINATES,IMPORTED_PENDING_CONFIGURATION,MASTER_HEALTH_FACILITY_2024_07_23
1563,ZW30704,Kadenge Rural Health Centre,Mashonaland East,Murewa,-17.883651,31.779739,RHC,RURAL_HEALTH_CENTRE,Government,GOVERNMENT,Rural,RURAL,Primary,PRIMARY,783737434,Active,ACTIVE_OR_OPERATIONAL,,,,,,NO,READY_WITH_COORDINATES,IMPORTED_PENDING_CONFIGURATION,MASTER_HEALTH_FACILITY_2024_07_23
1564,ZW30727,Kadzere Rural Health Centre,Mashonaland East,Murewa,-17.788157,31.737228,RHC,RURAL_HEALTH_CENTRE,Rural Council,RURAL_DISTRICT_COUNCIL,Rural,RURAL,Primary,PRIMARY,776874352,Active,ACTIVE_OR_OPERATIONAL,,,,,,NO,READY_WITH_COORDINATES,IMPORTED_PENDING_CONFIGURATION,MASTER_HEALTH_FACILITY_2024_07_23
1565,ZW30749,Kambarami Rural Health Centre,Mashonaland East,Murewa,-17.626839,31.732564,RHC,RURAL_HEALTH_CENTRE,Rural Council,RURAL_DISTRICT_COUNCIL,Rural,RURAL,Primary,PRIMARY,772717477,Active,ACTIVE_OR_OPERATIONAL,,,,,,NO,READY_WITH_COORDINATES,IMPORTED_PENDING_CONFIGURATION,MASTER_HEALTH_FACILITY_2024_07_23
1566,ZW30745,Macheke Clinic,Mashonaland East,Murewa,-18.147003,31.85584,RHC,RURAL_HEALTH_CENTRE,Rural Council,RURAL_DISTRICT_COUNCIL,Rural,RURAL,Primary,PRIMARY,773448035,Active,ACTIVE_OR_OPERATIONAL,,,,,,NO,READY_WITH_COORDINATES,IMPORTED_PENDING_CONFIGURATION,MASTER_HEALTH_FACILITY_2024_07_23
1567,ZW30705,Madamombe Rural Health Centre,Mashonaland East,Murewa,-17.459341,31.646046,RHC,RURAL_HEALTH_CENTRE,Government,GOVERNMENT,Rural,RURAL,Primary,PRIMARY,778328024,Active,ACTIVE_OR_OPERATIONAL,,,,,,NO,READY_WITH_COORDINATES,IMPORTED_PENDING_CONFIGURATION,MASTER_HEALTH_FACILITY_2024_07_23
1568,ZW30731,Matututu Clinic,Mashonaland East,Murewa,-17.480575,31.736557,RHC,RURAL_HEALTH_CENTRE,Rural Council,RURAL_DISTRICT_COUNCIL,Rural,RURAL,Primary,PRIMARY,773514963,Active,ACTIVE_OR_OPERATIONAL,,,,,,NO,READY_WITH_COORDINATES,IMPORTED_PENDING_CONFIGURATION,MASTER_HEALTH_FACILITY_2024_07_23
1569,ZW30750,Muchinjike Rural Health Centre,Mashonaland East,Murewa,-17.540648,31.734614,RHC,RURAL_HEALTH_CENTRE,Rural Council,RURAL_DISTRICT_COUNCIL,Rural,RURAL,Primary,PRIMARY,780892348,Active,ACTIVE_OR_OPERATIONAL,,,,,,NO,READY_WITH_COORDINATES,IMPORTED_PENDING_CONFIGURATION,MASTER_HEALTH_FACILITY_2024_07_23
1570,ZW30706,Munamba Rural Health Centre,Mashonaland East,Murewa,-17.891199,31.576001,RHC,RURAL_HEALTH_CENTRE,Government,GOVERNMENT,Rural,RURAL,Primary,PRIMARY,783502698,Active,ACTIVE_OR_OPERATIONAL,,,,,,NO,READY_WITH_COORDINATES,IMPORTED_PENDING_CONFIGURATION,MASTER_HEALTH_FACILITY_2024_07_23
1571,ZW30708,Murehwa ZRP Clinic,Mashonaland East,Murewa,-17.6546,31.789,RHC,RURAL_HEALTH_CENTRE,Private,PRIVATE,Rural,RURAL,Primary,PRIMARY,788259554,Active,ACTIVE_OR_OPERATIONAL,,,,,,NO,READY_WITH_COORDINATES,IMPORTED_PENDING_CONFIGURATION,MASTER_HEALTH_FACILITY_2024_07_23
1572,ZW03070A,Murewa Gvt District Hospital,Mashonaland East,Murewa,-17.658879,31.778852,District Hospital,DISTRICT_HOSPITAL,Government,GOVERNMENT,Rural,RURAL,Secondary,SECONDARY,774643728,Active,ACTIVE_OR_OPERATIONAL,,,,,,NO,READY_WITH_COORDINATES,IMPORTED_PENDING_CONFIGURATION,MASTER_HEALTH_FACILITY_2024_07_23
1573,ZW30722,Murewa Polyclinic,Mashonaland East,Murewa,-17.641419,31.780035,RHC,RURAL_HEALTH_CENTRE,Rural Council,RURAL_DISTRICT_COUNCIL,Rural,RURAL,Primary,PRIMARY,772959208,Active,ACTIVE_OR_OPERATIONAL,,,,,,NO,READY_WITH_COORDINATES,IMPORTED_PENDING_CONFIGURATION,MASTER_HEALTH_FACILITY_2024_07_23
1574,ZW30771,Nehoreka Pvt Clinic,Mashonaland East,Murewa,-17.7611,31.58967,RHC,RURAL_HEALTH_CENTRE,Private,PRIVATE,Rural,RURAL,Primary,PRIMARY,734629747,Active,ACTIVE_OR_OPERATIONAL,,,,,,NO,READY_WITH_COORDINATES,IMPORTED_PENDING_CONFIGURATION,MASTER_HEALTH_FACILITY_2024_07_23
1575,ZW30732,Ngwerume Rural Health Centre,Mashonaland East,Murewa,-17.585149,31.698593,RHC,RURAL_HEALTH_CENTRE,Rural Council,RURAL_DISTRICT_COUNCIL,Rural,RURAL,Primary,PRIMARY,775414417,Active,ACTIVE_OR_OPERATIONAL,,,,,,NO,READY_WITH_COORDINATES,IMPORTED_PENDING_CONFIGURATION,MASTER_HEALTH_FACILITY_2024_07_23
1576,ZW03070C,Nhowe Mission Hospital,Mashonaland East,Murewa,-17.852614,31.940639,Mission Hospital,MISSION_HOSPITAL,Mission,MISSION_FAITH_BASED,Rural,RURAL,Secondary,SECONDARY,772396431,Active,ACTIVE_OR_OPERATIONAL,,,,,,NO,READY_WITH_COORDINATES,IMPORTED_PENDING_CONFIGURATION,MASTER_HEALTH_FACILITY_2024_07_23
1577,ZW30728,Nyamutumbu Rural Health Centre,Mashonaland East,Murewa,-17.620944,31.615873,RHC,RURAL_HEALTH_CENTRE,Rural Council,RURAL_DISTRICT_COUNCIL,Rural,RURAL,Primary,PRIMARY,774852256,Active,ACTIVE_OR_OPERATIONAL,,,,,,NO,READY_WITH_COORDINATES,IMPORTED_PENDING_CONFIGURATION,MASTER_HEALTH_FACILITY_2024_07_23
1578,ZW30729,Shambamuto Rural Health Centre,Mashonaland East,Murewa,-17.87231,31.639098,RHC,RURAL_HEALTH_CENTRE,Rural Council,RURAL_DISTRICT_COUNCIL,Rural,RURAL,Primary,PRIMARY,773514252,Active,ACTIVE_OR_OPERATIONAL,,,,,,NO,READY_WITH_COORDINATES,IMPORTED_PENDING_CONFIGURATION,MASTER_HEALTH_FACILITY_2024_07_23
1580,ZW03070B,St Paul's Musami Mission Hospital,Mashonaland East,Murewa,-17.752588,31.581019,Mission Hospital,MISSION_HOSPITAL,Mission,MISSION_FAITH_BASED,Rural,RURAL,Secondary,SECONDARY,785029636,Active,ACTIVE_OR_OPERATIONAL,,,,,,NO,READY_WITH_COORDINATES,IMPORTED_PENDING_CONFIGURATION,MASTER_HEALTH_FACILITY_2024_07_23
1581,ZW30746,Virginia Clinic,Mashonaland East,Murewa,-17.853418,32.092344,RHC,RURAL_HEALTH_CENTRE,Rural Council,RURAL_DISTRICT_COUNCIL,Rural,RURAL,Primary,PRIMARY,776313889,Active,ACTIVE_OR_OPERATIONAL,,,,,,NO,READY_WITH_COORDINATES,IMPORTED_PENDING_CONFIGURATION,MASTER_HEALTH_FACILITY_2024_07_23
1582,ZW30747,Waterloo Clinic,Mashonaland East,Murewa,-17.878409,31.93497,RHC,RURAL_HEALTH_CENTRE,Rural Council,RURAL_DISTRICT_COUNCIL,Rural,RURAL,Primary,PRIMARY,775807451,Active,ACTIVE_OR_OPERATIONAL,,,,,,NO,READY_WITH_COORDINATES,IMPORTED_PENDING_CONFIGURATION,MASTER_HEALTH_FACILITY_2024_07_23
1583,ZW30748,Welcome Home Rural Health Centre,Mashonaland East,Murewa,-18.102925,31.800925,RHC,RURAL_HEALTH_CENTRE,Rural Council,RURAL_DISTRICT_COUNCIL,Rural,RURAL,Primary,PRIMARY,775255166,Active,ACTIVE_OR_OPERATIONAL,,,,,,NO,READY_WITH_COORDINATES,IMPORTED_PENDING_CONFIGURATION,MASTER_HEALTH_FACILITY_2024_07_23
1584,ZW30707,ZPS Murewa Prison Clinic,Mashonaland East,Murewa,-17.6559,31.7877,RHC,RURAL_HEALTH_CENTRE,Rural Council,RURAL_DISTRICT_COUNCIL,Rural,RURAL,Primary,PRIMARY,774809648,Active,ACTIVE_OR_OPERATIONAL,,,,,,NO,READY_WITH_COORDINATES,IMPORTED_PENDING_CONFIGURATION,MASTER_HEALTH_FACILITY_2024_07_23
1587,ZW30825,Charehwa Clinic,Mashonaland East,Mutoko,-17.173606,32.153677,RHC,RURAL_HEALTH_CENTRE,Rural Council,RURAL_DISTRICT_COUNCIL,Rural,RURAL,Primary,PRIMARY,,Active,ACTIVE_OR_OPERATIONAL,,,,,,NO,READY_WITH_COORDINATES,IMPORTED_PENDING_CONFIGURATION,MASTER_HEALTH_FACILITY_2024_07_23
1590,ZW30891,Chindenga Clinic,Mashonaland East,Mutoko,-17.230431,32.104718,Mission Clinic,MISSION_CLINIC,Mission,MISSION_FAITH_BASED,Rural,RURAL,Primary,PRIMARY,773909763,Active,ACTIVE_OR_OPERATIONAL,,,,,,NO,READY_WITH_COORDINATES,IMPORTED_PENDING_CONFIGURATION,MASTER_HEALTH_FACILITY_2024_07_23
1591,ZW30801,Hoyuyu I Rural Health Centre,Mashonaland East,Mutoko,-17.568402,32.144837,RHC,RURAL_HEALTH_CENTRE,Government,GOVERNMENT,Rural,RURAL,Primary,PRIMARY,773186897,Active,ACTIVE_OR_OPERATIONAL,,,,,,NO,READY_WITH_COORDINATES,IMPORTED_PENDING_CONFIGURATION,MASTER_HEALTH_FACILITY_2024_07_23
1592,ZW30802,Hoyuyu II Rural Health Centre,Mashonaland East,Mutoko,-17.768683,32.251759,RHC,RURAL_HEALTH_CENTRE,Government,GOVERNMENT,Rural,RURAL,Primary,PRIMARY,774159758,Active,ACTIVE_OR_OPERATIONAL,,,,,,NO,READY_WITH_COORDINATES,IMPORTED_PENDING_CONFIGURATION,MASTER_HEALTH_FACILITY_2024_07_23
1593,ZW30803,Kapondoro Rural Health Centre,Mashonaland East,Mutoko,-17.373603,32.480054,RHC,RURAL_HEALTH_CENTRE,Government,GOVERNMENT,Rural,RURAL,Primary,PRIMARY,774159769,Active,ACTIVE_OR_OPERATIONAL,,,,,,NO,READY_WITH_COORDINATES,IMPORTED_PENDING_CONFIGURATION,MASTER_HEALTH_FACILITY_2024_07_23
1594,ZW30804,Katsukunya Rural Health Centre,Mashonaland East,Mutoko,-17.392411,32.14501,RHC,RURAL_HEALTH_CENTRE,Government,GOVERNMENT,Rural,RURAL,Primary,PRIMARY,774159709,Active,ACTIVE_OR_OPERATIONAL,,,,,,NO,READY_WITH_COORDINATES,IMPORTED_PENDING_CONFIGURATION,MASTER_HEALTH_FACILITY_2024_07_23
1595,ZW30899,Kawazva Clinic,Mashonaland East,Mutoko,-17.041341,32.267236,RHC,RURAL_HEALTH_CENTRE,Rural Council,RURAL_DISTRICT_COUNCIL,Rural,RURAL,Primary,PRIMARY,783280022,Active,ACTIVE_OR_OPERATIONAL,,,,,,NO,READY_WITH_COORDINATES,IMPORTED_PENDING_CONFIGURATION,MASTER_HEALTH_FACILITY_2024_07_23
1596,ZW30805,Kawere Rural Health Centre,Mashonaland East,Mutoko,-17.219217,32.352661,RHC,RURAL_HEALTH_CENTRE,Rural Council,RURAL_DISTRICT_COUNCIL,Rural,RURAL,Primary,PRIMARY,774159794,Active,ACTIVE_OR_OPERATIONAL,,,,,,NO,READY_WITH_COORDINATES,IMPORTED_PENDING_CONFIGURATION,MASTER_HEALTH_FACILITY_2024_07_23
1597,ZW30898,Kowo Clinic,Mashonaland East,Mutoko,-17.254546,32.309645,RHC,RURAL_HEALTH_CENTRE,Rural Council,RURAL_DISTRICT_COUNCIL,Rural,RURAL,Primary,PRIMARY,783280013,Active,ACTIVE_OR_OPERATIONAL,,,,,,NO,READY_WITH_COORDINATES,IMPORTED_PENDING_CONFIGURATION,MASTER_HEALTH_FACILITY_2024_07_23
1598,ZW30809,Kushinga Rural Health Centre,Mashonaland East,Mutoko,-17.612352,32.012953,RHC,RURAL_HEALTH_CENTRE,Government,GOVERNMENT,Rural,RURAL,Primary,PRIMARY,774159748,Active,ACTIVE_OR_OPERATIONAL,,,,,,NO,READY_WITH_COORDINATES,IMPORTED_PENDING_CONFIGURATION,MASTER_HEALTH_FACILITY_2024_07_23
1599,ZW03080E,Luisa Guidotti Mission Hospital,Mashonaland East,Mutoko,-17.355612,32.390053,Mission Hospital,MISSION_HOSPITAL,Mission,MISSION_FAITH_BASED,Rural,RURAL,Secondary,SECONDARY,774159803,Active,ACTIVE_OR_OPERATIONAL,,,,,,NO,READY_WITH_COORDINATES,IMPORTED_PENDING_CONFIGURATION,MASTER_HEALTH_FACILITY_2024_07_23
1601,ZW03080C,Makosa Rural Hospital,Mashonaland East,Mutoko,-17.268782,32.470863,Rural Hospital,RURAL_HOSPITAL,Government,GOVERNMENT,Rural,RURAL,Primary,PRIMARY,774159771,Active,ACTIVE_OR_OPERATIONAL,,,,,,NO,READY_WITH_COORDINATES,IMPORTED_PENDING_CONFIGURATION,MASTER_HEALTH_FACILITY_2024_07_23
1602,ZW30826,Matedza Clinic,Mashonaland East,Mutoko,-17.550069,32.429696,RHC,RURAL_HEALTH_CENTRE,Rural Council,RURAL_DISTRICT_COUNCIL,Rural,RURAL,Primary,PRIMARY,774159807,Active,ACTIVE_OR_OPERATIONAL,,,,,,NO,READY_WITH_COORDINATES,IMPORTED_PENDING_CONFIGURATION,MASTER_HEALTH_FACILITY_2024_07_23
1603,ZW30827,Mother of Peace Clinic,Mashonaland East,Mutoko,-17.411466,32.269707,RHC,RURAL_HEALTH_CENTRE,Private,PRIVATE,Rural,RURAL,Primary,PRIMARY,774159773,Active,ACTIVE_OR_OPERATIONAL,,,,,,NO,READY_WITH_COORDINATES,IMPORTED_PENDING_CONFIGURATION,MASTER_HEALTH_FACILITY_2024_07_23
1604,ZW30806,Mushimbo Rural Health Centre,Mashonaland East,Mutoko,-17.428365,32.394592,RHC,RURAL_HEALTH_CENTRE,Government,GOVERNMENT,Rural,RURAL,Primary,PRIMARY,774159855,Active,ACTIVE_OR_OPERATIONAL,,,,,,NO,READY_WITH_COORDINATES,IMPORTED_PENDING_CONFIGURATION,MASTER_HEALTH_FACILITY_2024_07_23
1605,ZW30861,Mutemwa Leprosy Settlement Clinic,Mashonaland East,Mutoko,-17.4198,32.25356,RHC,RURAL_HEALTH_CENTRE,Private,PRIVATE,Rural,RURAL,Primary,PRIMARY,779167446,Active,ACTIVE_OR_OPERATIONAL,,,,,,NO,READY_WITH_COORDINATES,IMPORTED_PENDING_CONFIGURATION,MASTER_HEALTH_FACILITY_2024_07_23
1606,ZW03080A,Mutoko District Hospital,Mashonaland East,Mutoko,-17.410784,32.238855,District Hospital,DISTRICT_HOSPITAL,Government,GOVERNMENT,Rural,RURAL,Secondary,SECONDARY,774159774,Active,ACTIVE_OR_OPERATIONAL,,,,,,NO,READY_WITH_COORDINATES,IMPORTED_PENDING_CONFIGURATION,MASTER_HEALTH_FACILITY_2024_07_23
1607,ZW03080D,Nyadire Mission Hospital,Mashonaland East,Mutoko,-17.422388,32.024839,Mission Hospital,MISSION_HOSPITAL,Mission,MISSION_FAITH_BASED,Rural,RURAL,Secondary,SECONDARY,774159870,Active,ACTIVE_OR_OPERATIONAL,,,,,,NO,READY_WITH_COORDINATES,IMPORTED_PENDING_CONFIGURATION,MASTER_HEALTH_FACILITY_2024_07_23
1608,ZW30808,Nyadire Rural Health Centre,Mashonaland East,Mutoko,-17.492124,31.962683,RHC,RURAL_HEALTH_CENTRE,Government,GOVERNMENT,Rural,RURAL,Primary,PRIMARY,774159780,Active,ACTIVE_OR_OPERATIONAL,,,,,,NO,READY_WITH_COORDINATES,IMPORTED_PENDING_CONFIGURATION,MASTER_HEALTH_FACILITY_2024_07_23
1609,ZW30807,Nyamuzizi Rural Health Centre,Mashonaland East,Mutoko,-17.628734,32.356251,RHC,RURAL_HEALTH_CENTRE,Government,GOVERNMENT,Rural,RURAL,Primary,PRIMARY,774159810,Active,ACTIVE_OR_OPERATIONAL,,,,,,NO,READY_WITH_COORDINATES,IMPORTED_PENDING_CONFIGURATION,MASTER_HEALTH_FACILITY_2024_07_23
1610,ZW03080B,Nyamuzuwe Rural Hospital,Mashonaland East,Mutoko,-17.254123,32.246127,Rural Hospital,RURAL_HOSPITAL,Government,GOVERNMENT,Rural,RURAL,Primary,PRIMARY,774159745,Active,ACTIVE_OR_OPERATIONAL,,,,,,NO,READY_WITH_COORDINATES,IMPORTED_PENDING_CONFIGURATION,MASTER_HEALTH_FACILITY_2024_07_23
1611,ZW30810,Nzira Rural Health Centre,Mashonaland East,Mutoko,-17.668424,32.129291,RHC,RURAL_HEALTH_CENTRE,Government,GOVERNMENT,Rural,RURAL,Primary,PRIMARY,774159827,Active,ACTIVE_OR_OPERATIONAL,,,,,,NO,READY_WITH_COORDINATES,IMPORTED_PENDING_CONFIGURATION,MASTER_HEALTH_FACILITY_2024_07_23
1613,ZW308113,ZPS Mutoko Prison Clinic,Mashonaland East,Mutoko,-17.4088,32.2192,RHC,RURAL_HEALTH_CENTRE,Government,GOVERNMENT,Rural,RURAL,Primary,PRIMARY,774159854,Active,ACTIVE_OR_OPERATIONAL,,,,,,NO,READY_WITH_COORDINATES,IMPORTED_PENDING_CONFIGURATION,MASTER_HEALTH_FACILITY_2024_07_23
1614,ZW30901,Acton Reynolds Rural Health Centre,Mashonaland East,Seke,-18.346926,31.028248,RHC,RURAL_HEALTH_CENTRE,Government,GOVERNMENT,Rural,RURAL,Primary,PRIMARY,783280022,Active,ACTIVE_OR_OPERATIONAL,,,,,,NO,READY_WITH_COORDINATES,IMPORTED_PENDING_CONFIGURATION,MASTER_HEALTH_FACILITY_2024_07_23
1615,ZW03090A,Beatrice Rural Hospital,Mashonaland East,Seke,-18.256627,30.855725,Rural Hospital,RURAL_HOSPITAL,Government,GOVERNMENT,Rural,RURAL,Primary,PRIMARY,774159844,Active,ACTIVE_OR_OPERATIONAL,,,,,,NO,READY_WITH_COORDINATES,IMPORTED_PENDING_CONFIGURATION,MASTER_HEALTH_FACILITY_2024_07_23
1616,ZW30921,Charakupa Clinic,Mashonaland East,Seke,-18.170728,31.33642,RHC,RURAL_HEALTH_CENTRE,Rural Council,RURAL_DISTRICT_COUNCIL,Rural,RURAL,Primary,PRIMARY,773558210,Active,ACTIVE_OR_OPERATIONAL,,,,,,NO,READY_WITH_COORDINATES,IMPORTED_PENDING_CONFIGURATION,MASTER_HEALTH_FACILITY_2024_07_23
1617,ZW30983,Derbyshire Clinic,Mashonaland East,Seke,-17.942697,31.032104,RHC,RURAL_HEALTH_CENTRE,Private,PRIVATE,Rural,RURAL,Primary,PRIMARY,783280012,Active,ACTIVE_OR_OPERATIONAL,,,,,,NO,READY_WITH_COORDINATES,IMPORTED_PENDING_CONFIGURATION,MASTER_HEALTH_FACILITY_2024_07_23
1618,ZW30990,Epworth Mission Clinic,Harare,Epworth,-17.879468,31.126987,Mission Clinic,MISSION_CLINIC,Mission,MISSION_FAITH_BASED,Urban,URBAN,Primary,PRIMARY,782300504,Active,ACTIVE_OR_OPERATIONAL,,,,,,NO,READY_WITH_COORDINATES,IMPORTED_PENDING_CONFIGURATION,MASTER_HEALTH_FACILITY_2024_07_23
1619,ZW30926,Epworth Polyclinic,Harare,Epworth,-17.899326,31.139638,RHC,RURAL_HEALTH_CENTRE,Town/City Council,LOCAL_AUTHORITY,Urban,URBAN,Primary,PRIMARY,772734833,Active,ACTIVE_OR_OPERATIONAL,,,,,,NO,READY_WITH_COORDINATES,IMPORTED_PENDING_CONFIGURATION,MASTER_HEALTH_FACILITY_2024_07_23
1620,ZW30922,Jonasi Clinic,Mashonaland East,Seke,-18.046165,31.131831,RHC,RURAL_HEALTH_CENTRE,Rural Council,RURAL_DISTRICT_COUNCIL,Rural,RURAL,Primary,PRIMARY,773848417,Active,ACTIVE_OR_OPERATIONAL,,,,,,NO,READY_WITH_COORDINATES,IMPORTED_PENDING_CONFIGURATION,MASTER_HEALTH_FACILITY_2024_07_23
1621,ZW03090B,Kunaka Hospital,Mashonaland East,Seke,-18.072282,31.211606,Rural Hospital,RURAL_HOSPITAL,Rural Council,RURAL_DISTRICT_COUNCIL,Rural,RURAL,Primary,PRIMARY,773826224,Active,ACTIVE_OR_OPERATIONAL,,,,,,NO,READY_WITH_COORDINATES,IMPORTED_PENDING_CONFIGURATION,MASTER_HEALTH_FACILITY_2024_07_23
1623,ZW30923,Makanyazingwa Clinic,Mashonaland East,Seke,-18.198503,31.402301,RHC,RURAL_HEALTH_CENTRE,Rural Council,RURAL_DISTRICT_COUNCIL,Rural,RURAL,Primary,PRIMARY,783815369,Active,ACTIVE_OR_OPERATIONAL,,,,,,NO,READY_WITH_COORDINATES,IMPORTED_PENDING_CONFIGURATION,MASTER_HEALTH_FACILITY_2024_07_23
1624,ZW30924,Marirangwe Clinic,Mashonaland East,Seke,-18.072449,30.803842,RHC,RURAL_HEALTH_CENTRE,Rural Council,RURAL_DISTRICT_COUNCIL,Rural,RURAL,Primary,PRIMARY,77395612,Active,ACTIVE_OR_OPERATIONAL,,,,,,NO,READY_WITH_COORDINATES,IMPORTED_PENDING_CONFIGURATION,MASTER_HEALTH_FACILITY_2024_07_23
1625,ZW30905,Masasa Rural Health Centre,Mashonaland East,Seke,-18.415059,31.103149,RHC,RURAL_HEALTH_CENTRE,Government,GOVERNMENT,Rural,RURAL,Primary,PRIMARY,777664551,Active,ACTIVE_OR_OPERATIONAL,,,,,,NO,READY_WITH_COORDINATES,IMPORTED_PENDING_CONFIGURATION,MASTER_HEALTH_FACILITY_2024_07_23
1628,ZW30925,Muda Clinic,Mashonaland East,Seke,-18.276981,31.014321,RHC,RURAL_HEALTH_CENTRE,Rural Council,RURAL_DISTRICT_COUNCIL,Rural,RURAL,Primary,PRIMARY,779085790,Active,ACTIVE_OR_OPERATIONAL,,,,,,NO,READY_WITH_COORDINATES,IMPORTED_PENDING_CONFIGURATION,MASTER_HEALTH_FACILITY_2024_07_23
1630,ZW30904,Ringa Rural Health Centre,Mashonaland East,Seke,-18.48811,30.949599,RHC,RURAL_HEALTH_CENTRE,Government,GOVERNMENT,Rural,RURAL,Primary,PRIMARY,783909800,Active,ACTIVE_OR_OPERATIONAL,,,,,,NO,READY_WITH_COORDINATES,IMPORTED_PENDING_CONFIGURATION,MASTER_HEALTH_FACILITY_2024_07_23
1633,ZW30902,Zhakata Rural Health Centre,Mashonaland East,Seke,-18.145547,31.209883,RHC,RURAL_HEALTH_CENTRE,Government,GOVERNMENT,Rural,RURAL,Primary,PRIMARY,775353465,Active,ACTIVE_OR_OPERATIONAL,,,,,,NO,READY_WITH_COORDINATES,IMPORTED_PENDING_CONFIGURATION,MASTER_HEALTH_FACILITY_2024_07_23
1634,ZW30325,Borera Clinic,Mashonaland East,Uzumba Maramba Pfungwe,-17.021343,31.976545,RDC,CLINIC,Rural Council,RURAL_DISTRICT_COUNCIL,Rural,RURAL,Primary,PRIMARY,777538356,Active,ACTIVE_OR_OPERATIONAL,,,,,,NO,READY_WITH_COORDINATES,IMPORTED_PENDING_CONFIGURATION,MASTER_HEALTH_FACILITY_2024_07_23
1635,ZW30326,Chikuhwa Clinic,Mashonaland East,Uzumba Maramba Pfungwe,-17.222796,31.840521,RDC,CLINIC,Rural Council,RURAL_DISTRICT_COUNCIL,Rural,RURAL,Primary,PRIMARY,773256980,Active,ACTIVE_OR_OPERATIONAL,,,,,,NO,READY_WITH_COORDINATES,IMPORTED_PENDING_CONFIGURATION,MASTER_HEALTH_FACILITY_2024_07_23
1636,ZW30327,Chipfunde Clinic,Mashonaland East,Uzumba Maramba Pfungwe,-17.224611,31.934084,RDC,CLINIC,Rural Council,RURAL_DISTRICT_COUNCIL,Rural,RURAL,Primary,PRIMARY,773217825,Active,ACTIVE_OR_OPERATIONAL,,,,,,NO,READY_WITH_COORDINATES,IMPORTED_PENDING_CONFIGURATION,MASTER_HEALTH_FACILITY_2024_07_23
1637,ZW30328,Chitimbe Clinic,Mashonaland East,Uzumba Maramba Pfungwe,-17.45142,31.78402,RDC,CLINIC,Rural Council,RURAL_DISTRICT_COUNCIL,Rural,RURAL,Primary,PRIMARY,773611682,Active,ACTIVE_OR_OPERATIONAL,,,,,,NO,READY_WITH_COORDINATES,IMPORTED_PENDING_CONFIGURATION,MASTER_HEALTH_FACILITY_2024_07_23
1638,ZW30329,Chitsungo Clinic,Mashonaland East,Uzumba Maramba Pfungwe,-16.944481,32.075076,RDC,CLINIC,Rural Council,RURAL_DISTRICT_COUNCIL,Rural,RURAL,Primary,PRIMARY,772687603,Active,ACTIVE_OR_OPERATIONAL,,,,,,NO,READY_WITH_COORDINATES,IMPORTED_PENDING_CONFIGURATION,MASTER_HEALTH_FACILITY_2024_07_23
1640,ZW30391,Dindi Clinic,Mashonaland East,Uzumba Maramba Pfungwe,-16.881155,32.096686,RDC,CLINIC,Mission,MISSION_FAITH_BASED,Rural,RURAL,Primary,PRIMARY,774105854,Active,ACTIVE_OR_OPERATIONAL,,,,,,NO,READY_WITH_COORDINATES,IMPORTED_PENDING_CONFIGURATION,MASTER_HEALTH_FACILITY_2024_07_23
1642,ZW30301,Kafura Rural Health Centre,Mashonaland East,Uzumba Maramba Pfungwe,-16.843889,32.252761,RHC,RURAL_HEALTH_CENTRE,Government,GOVERNMENT,Rural,RURAL,Primary,PRIMARY,773611741,Active,ACTIVE_OR_OPERATIONAL,,,,,,NO,READY_WITH_COORDINATES,IMPORTED_PENDING_CONFIGURATION,MASTER_HEALTH_FACILITY_2024_07_23
1643,ZW30302,Karimbika Rural Health Centre,Mashonaland East,Uzumba Maramba Pfungwe,-17.31378,32.014092,RHC,RURAL_HEALTH_CENTRE,Government,GOVERNMENT,Rural,RURAL,Primary,PRIMARY,788769856,Active,ACTIVE_OR_OPERATIONAL,,,,,,NO,READY_WITH_COORDINATES,IMPORTED_PENDING_CONFIGURATION,MASTER_HEALTH_FACILITY_2024_07_23
1644,ZW30330,Manyika Clinic,Mashonaland East,Uzumba Maramba Pfungwe,-17.360293,31.897114,RDC,CLINIC,Rural Council,RURAL_DISTRICT_COUNCIL,Rural,RURAL,Primary,PRIMARY,775210957,Active,ACTIVE_OR_OPERATIONAL,,,,,,NO,READY_WITH_COORDINATES,IMPORTED_PENDING_CONFIGURATION,MASTER_HEALTH_FACILITY_2024_07_23
1645,ZW30331,Maramba Clinic,Mashonaland East,Uzumba Maramba Pfungwe,-17.119685,31.984583,RDC,CLINIC,Rural Council,RURAL_DISTRICT_COUNCIL,Rural,RURAL,Primary,PRIMARY,776318944,Active,ACTIVE_OR_OPERATIONAL,,,,,,NO,READY_WITH_COORDINATES,IMPORTED_PENDING_CONFIGURATION,MASTER_HEALTH_FACILITY_2024_07_23
1646,ZW30304,Marembera Rural Health Centre,Mashonaland East,Uzumba Maramba Pfungwe,-17.390834,31.706715,RHC,RURAL_HEALTH_CENTRE,Government,GOVERNMENT,Rural,RURAL,Primary,PRIMARY,773382619,Active,ACTIVE_OR_OPERATIONAL,,,,,,NO,READY_WITH_COORDINATES,IMPORTED_PENDING_CONFIGURATION,MASTER_HEALTH_FACILITY_2024_07_23
1647,ZW30332,Mashambanhaka Clinic,Mashonaland East,Uzumba Maramba Pfungwe,-17.275015,31.822544,RDC,CLINIC,Mission,MISSION_FAITH_BASED,Rural,RURAL,Primary,PRIMARY,774184617,Active,ACTIVE_OR_OPERATIONAL,,,,,,NO,READY_WITH_COORDINATES,IMPORTED_PENDING_CONFIGURATION,MASTER_HEALTH_FACILITY_2024_07_23
1648,ZW30337,Muskwe Clinic,Mashonaland East,Uzumba Maramba Pfungwe,-17.40303,31.976747,RDC,CLINIC,Rural Council,RURAL_DISTRICT_COUNCIL,Rural,RURAL,Primary,PRIMARY,773243469,Active,ACTIVE_OR_OPERATIONAL,,,,,,NO,READY_WITH_COORDINATES,IMPORTED_PENDING_CONFIGURATION,MASTER_HEALTH_FACILITY_2024_07_23
1649,ZW03030A,Mutawatawa District Hospital,Mashonaland East,Uzumba Maramba Pfungwe,-17.117484,31.970736,District Hospital,DISTRICT_HOSPITAL,Government,GOVERNMENT,Rural,RURAL,Secondary,SECONDARY,773611799,Active,ACTIVE_OR_OPERATIONAL,,,,,,NO,READY_WITH_COORDINATES,IMPORTED_PENDING_CONFIGURATION,MASTER_HEALTH_FACILITY_2024_07_23
1650,ZW30333,Nhakiwa Clinic,Mashonaland East,Uzumba Maramba Pfungwe,-17.371686,31.801406,RDC,CLINIC,Rural Council,RURAL_DISTRICT_COUNCIL,Rural,RURAL,Primary,PRIMARY,773464396,Active,ACTIVE_OR_OPERATIONAL,,,,,,NO,READY_WITH_COORDINATES,IMPORTED_PENDING_CONFIGURATION,MASTER_HEALTH_FACILITY_2024_07_23
1651,ZW30334,Nyakasoro Clinic,Mashonaland East,Uzumba Maramba Pfungwe,-16.912603,32.193319,RDC,CLINIC,Rural Council,RURAL_DISTRICT_COUNCIL,Rural,RURAL,Primary,PRIMARY,542123454,Active,ACTIVE_OR_OPERATIONAL,,,,,,NO,READY_WITH_COORDINATES,IMPORTED_PENDING_CONFIGURATION,MASTER_HEALTH_FACILITY_2024_07_23
1652,ZW30336,Nyanzou Clinic,Mashonaland East,Uzumba Maramba Pfungwe,-16.780545,32.305116,RDC,CLINIC,Rural Council,RURAL_DISTRICT_COUNCIL,Rural,RURAL,Primary,PRIMARY,773611799,Active,ACTIVE_OR_OPERATIONAL,,,,,,NO,READY_WITH_COORDINATES,IMPORTED_PENDING_CONFIGURATION,MASTER_HEALTH_FACILITY_2024_07_23
1653,ZW30303,Sowa Rural Health Centre,Mashonaland East,Uzumba Maramba Pfungwe,-16.995993,32.099035,RHC,RURAL_HEALTH_CENTRE,Government,GOVERNMENT,Rural,RURAL,Primary,PRIMARY,778216904,Active,ACTIVE_OR_OPERATIONAL,,,,,,NO,READY_WITH_COORDINATES,IMPORTED_PENDING_CONFIGURATION,MASTER_HEALTH_FACILITY_2024_07_23
1655,ZW30425,Chigondo Clinic,Mashonaland East,Wedza,-18.859635,31.713511,Rural Hospital,RURAL_HOSPITAL,Town/City Council,LOCAL_AUTHORITY,Rural,RURAL,Primary,PRIMARY,774153670,Active,ACTIVE_OR_OPERATIONAL,,,,,,NO,READY_WITH_COORDINATES,IMPORTED_PENDING_CONFIGURATION,MASTER_HEALTH_FACILITY_2024_07_23
1656,ZW30445,Chikurumadziva Clinic,Mashonaland East,Wedza,-19.048768,31.915793,RHC,RURAL_HEALTH_CENTRE,Town/City Council,LOCAL_AUTHORITY,Rural,RURAL,Primary,PRIMARY,773300109,Active,ACTIVE_OR_OPERATIONAL,,,,,,NO,READY_WITH_COORDINATES,IMPORTED_PENDING_CONFIGURATION,MASTER_HEALTH_FACILITY_2024_07_23
1657,ZW30451,Chirume Clinic,Mashonaland East,Wedza,-18.538652,31.327598,RHC,RURAL_HEALTH_CENTRE,Rural Council,RURAL_DISTRICT_COUNCIL,Rural,RURAL,Primary,PRIMARY,773278821,Active,ACTIVE_OR_OPERATIONAL,,,,,,NO,READY_WITH_COORDINATES,IMPORTED_PENDING_CONFIGURATION,MASTER_HEALTH_FACILITY_2024_07_23
1658,ZW30401,Garaba Rural Health Centre,Mashonaland East,Wedza,-18.603929,31.493197,RHC,RURAL_HEALTH_CENTRE,Government,GOVERNMENT,Rural,RURAL,Primary,PRIMARY,786908921,Active,ACTIVE_OR_OPERATIONAL,,,,,,NO,READY_WITH_COORDINATES,IMPORTED_PENDING_CONFIGURATION,MASTER_HEALTH_FACILITY_2024_07_23
1659,ZW30402,Goneso Rural Health Centre,Mashonaland East,Wedza,-18.90391,31.898044,RHC,RURAL_HEALTH_CENTRE,Government,GOVERNMENT,Rural,RURAL,Primary,PRIMARY,786908893,Active,ACTIVE_OR_OPERATIONAL,,,,,,NO,READY_WITH_COORDINATES,IMPORTED_PENDING_CONFIGURATION,MASTER_HEALTH_FACILITY_2024_07_23
1660,ZW30403,Goto Clinic,Mashonaland East,Wedza,-18.738497,31.806524,RHC,RURAL_HEALTH_CENTRE,Government,GOVERNMENT,Rural,RURAL,Primary,PRIMARY,778604254,Active,ACTIVE_OR_OPERATIONAL,,,,,,NO,READY_WITH_COORDINATES,IMPORTED_PENDING_CONFIGURATION,MASTER_HEALTH_FACILITY_2024_07_23
1661,ZW30406,Gotora/Skimpton Clinic,Mashonaland East,Wedza,-18.651712,31.45536,RHC,RURAL_HEALTH_CENTRE,Town/City Council,LOCAL_AUTHORITY,Rural,RURAL,Primary,PRIMARY,652122915,Active,ACTIVE_OR_OPERATIONAL,,,,,,NO,READY_WITH_COORDINATES,IMPORTED_PENDING_CONFIGURATION,MASTER_HEALTH_FACILITY_2024_07_23
1662,ZW03040A,Hwedza Rural Hospital,Mashonaland East,Wedza,-18.616038,31.562335,RHC,RURAL_HEALTH_CENTRE,Government,GOVERNMENT,Rural,RURAL,Primary,PRIMARY,714169463,Active,ACTIVE_OR_OPERATIONAL,,,,,,NO,READY_WITH_COORDINATES,IMPORTED_PENDING_CONFIGURATION,MASTER_HEALTH_FACILITY_2024_07_23
1663,ZW30407,Idube Clinic,Mashonaland East,Wedza,-18.501786,31.521478,RHC,RURAL_HEALTH_CENTRE,Town/City Council,LOCAL_AUTHORITY,Rural,RURAL,Primary,PRIMARY,774114267,Active,ACTIVE_OR_OPERATIONAL,,,,,,NO,READY_WITH_COORDINATES,IMPORTED_PENDING_CONFIGURATION,MASTER_HEALTH_FACILITY_2024_07_23
1665,ZW30446,Makarara Clinic,Mashonaland East,Wedza,-19.027314,31.834574,RHC,RURAL_HEALTH_CENTRE,Town/City Council,LOCAL_AUTHORITY,Rural,RURAL,Primary,PRIMARY,771513923,Active,ACTIVE_OR_OPERATIONAL,,,,,,NO,READY_WITH_COORDINATES,IMPORTED_PENDING_CONFIGURATION,MASTER_HEALTH_FACILITY_2024_07_23
1666,ZW03040B,Mt St Mary's Mission Hospital,Mashonaland East,Wedza,-18.725106,31.683417,RHC,RURAL_HEALTH_CENTRE,Mission,MISSION_FAITH_BASED,Rural,RURAL,Secondary,SECONDARY,788805104,Active,ACTIVE_OR_OPERATIONAL,,,,,,NO,READY_WITH_COORDINATES,IMPORTED_PENDING_CONFIGURATION,MASTER_HEALTH_FACILITY_2024_07_23
1668,ZW30408,Sango Clinic,Mashonaland East,Wedza,-18.782666,31.750726,RHC,RURAL_HEALTH_CENTRE,Town/City Council,LOCAL_AUTHORITY,Rural,RURAL,Primary,PRIMARY,779167911,Active,ACTIVE_OR_OPERATIONAL,,,,,,NO,READY_WITH_COORDINATES,IMPORTED_PENDING_CONFIGURATION,MASTER_HEALTH_FACILITY_2024_07_23
1669,ZW30405,Sengezi Rural Health Centre,Mashonaland East,Wedza,-18.743994,31.479567,RHC,RURAL_HEALTH_CENTRE,Government,GOVERNMENT,Rural,RURAL,Primary,PRIMARY,786908910,Active,ACTIVE_OR_OPERATIONAL,,,,,,NO,READY_WITH_COORDINATES,IMPORTED_PENDING_CONFIGURATION,MASTER_HEALTH_FACILITY_2024_07_23
1671,ZW30447,Zviduri Clinic,Mashonaland East,Wedza,-18.961309,31.710436,Mission Hospital,MISSION_HOSPITAL,Town/City Council,LOCAL_AUTHORITY,Rural,RURAL,Primary,PRIMARY,773358973,Active,ACTIVE_OR_OPERATIONAL,,,,,,NO,READY_WITH_COORDINATES,IMPORTED_PENDING_CONFIGURATION,MASTER_HEALTH_FACILITY_2024_07_23
1672,ZW070186,Central Estates Clinic,Midlands,Chirumhanzu,,,,,,,,,,,,,,,,,,Latitude; Longitude; Facility Type; Ownership; Status,YES,INCOMPLETE_MISSING_COORDINATES,IMPORTED_PENDING_CONFIGURATION,MASTER_HEALTH_FACILITY_2024_07_23
1674,ZW070125,Chengwena Clinic,Midlands,Chirumhanzu,-19.80483,30.55322007489,RDC,CLINIC,Rural Council,RURAL_DISTRICT_COUNCIL,Rural,RURAL,Primary,PRIMARY,0776 162 371,,,,,,,Status,YES,READY_WITH_COORDINATES,IMPORTED_PENDING_CONFIGURATION,MASTER_HEALTH_FACILITY_2024_07_23
1675,ZW0701B,Chilimanzi Rural Hospital,Midlands,Chirumhanzu,-19.530304,30.677489,Rural Hospital,RURAL_HOSPITAL,Rural Council,RURAL_DISTRICT_COUNCIL,Rural,RURAL,Secondary,SECONDARY,0777 370 038,,,,,,,Status,YES,READY_WITH_COORDINATES,IMPORTED_PENDING_CONFIGURATION,MASTER_HEALTH_FACILITY_2024_07_23
1676,ZW070101,Chizhou Clinic,Midlands,Chirumhanzu,-19.551946,30.504229,RDC,CLINIC,Rural Council,RURAL_DISTRICT_COUNCIL,Rural,RURAL,Primary,PRIMARY,0773 581 640,,,,,,,Status,YES,READY_WITH_COORDINATES,IMPORTED_PENDING_CONFIGURATION,MASTER_HEALTH_FACILITY_2024_07_23
1679,ZW0701C,Driefontein Mission TB Hospital,Midlands,Chirumhanzu,-19.418611,30.707472,Mission Hospital,MISSION_HOSPITAL,Mission,MISSION_FAITH_BASED,Rural,RURAL,Secondary,SECONDARY,0777 505 266,,,,,,,Status,YES,READY_WITH_COORDINATES,IMPORTED_PENDING_CONFIGURATION,MASTER_HEALTH_FACILITY_2024_07_23
1681,ZW70126,Hama Clinic,Midlands,Chirumhanzu,-19.845399,30.608954,RDC,CLINIC,Rural Council,RURAL_DISTRICT_COUNCIL,Rural,RURAL,Primary,PRIMARY,0773 634 708,,,,,,,Status,YES,READY_WITH_COORDINATES,IMPORTED_PENDING_CONFIGURATION,MASTER_HEALTH_FACILITY_2024_07_23
1682,ZW0701D,Holy Cross Mission Hospital,Midlands,Chirumhanzu,-19.567594,30.576196,Mission Hospital,MISSION_HOSPITAL,Mission,MISSION_FAITH_BASED,Rural,RURAL,Secondary,SECONDARY,0777 087 073,,,,,,,Status,YES,READY_WITH_COORDINATES,IMPORTED_PENDING_CONFIGURATION,MASTER_HEALTH_FACILITY_2024_07_23
1684,ZW070145,Lalapanzi Clinic,Midlands,Chirumhanzu,-19.334947,30.181175,RHC,RURAL_HEALTH_CENTRE,Mine,MINE,Rural,RURAL,Primary,PRIMARY,0775 427 717,,,,,,,Status,YES,READY_WITH_COORDINATES,IMPORTED_PENDING_CONFIGURATION,MASTER_HEALTH_FACILITY_2024_07_23
1685,ZW070103,Lynwood Clinic,Midlands,Chirumhanzu,-19.394597,30.508605,RDC,CLINIC,Rural Council,RURAL_DISTRICT_COUNCIL,Rural,RURAL,Primary,PRIMARY,0778 121 494,,,,,,,Status,YES,READY_WITH_COORDINATES,IMPORTED_PENDING_CONFIGURATION,MASTER_HEALTH_FACILITY_2024_07_23
1687,ZW070149,Mudzengi Clinic,Midlands,Chirumhanzu,,,,,,,,,Primary,PRIMARY,,,,,,,,Latitude; Longitude; Facility Type; Ownership; Status,YES,INCOMPLETE_MISSING_COORDINATES,IMPORTED_PENDING_CONFIGURATION,MASTER_HEALTH_FACILITY_2024_07_23
1689,ZW0701E,Muvonde Mission Hospital,Midlands,Chirumhanzu,-19.422564,30.698049,Mission Hospital,MISSION_HOSPITAL,Mission,MISSION_FAITH_BASED,Rural,RURAL,Secondary,SECONDARY,0773 197 022,,,,,,,Status,YES,READY_WITH_COORDINATES,IMPORTED_PENDING_CONFIGURATION,MASTER_HEALTH_FACILITY_2024_07_23
1690,ZW0701A,Mvuma District Hospital,Midlands,Chirumhanzu,-19.275809,30.520862,District Hospital,DISTRICT_HOSPITAL,Government,GOVERNMENT,Rural,RURAL,Secondary,SECONDARY,0777 414 719,,,,,,,Status,YES,READY_WITH_COORDINATES,IMPORTED_PENDING_CONFIGURATION,MASTER_HEALTH_FACILITY_2024_07_23
1691,ZW070104,Nyautonge Rural Health Centre,Midlands,Chirumhanzu,-19.644983,30.683077,RHC,RURAL_HEALTH_CENTRE,Government,GOVERNMENT,Rural,RURAL,Primary,PRIMARY,0772 836 044,,,,,,,Status,YES,READY_WITH_COORDINATES,IMPORTED_PENDING_CONFIGURATION,MASTER_HEALTH_FACILITY_2024_07_23
1692,ZW070105,Nyikavanhu Clinic,Midlands,Chirumhanzu,-18.962748,30.648822,RDC,CLINIC,Rural Council,RURAL_DISTRICT_COUNCIL,Rural,RURAL,Primary,PRIMARY,0719 316 402,,,,,,,Status,YES,READY_WITH_COORDINATES,IMPORTED_PENDING_CONFIGURATION,MASTER_HEALTH_FACILITY_2024_07_23
1693,ZW070127,Siyahokwe Clinic,Midlands,Chirumhanzu,-19.68994,30.504310679,RDC,CLINIC,Rural Council,RURAL_DISTRICT_COUNCIL,Rural,RURAL,Primary,PRIMARY,0774 337 034,,,,,,,Status,YES,READY_WITH_COORDINATES,IMPORTED_PENDING_CONFIGURATION,MASTER_HEALTH_FACILITY_2024_07_23
1694,ZW0701F,St Theresa Mission Hospital,Midlands,Chirumhanzu,-19.714631,30.632044,Mission Hospital,MISSION_HOSPITAL,Mission,MISSION_FAITH_BASED,Rural,RURAL,Secondary,SECONDARY,0712 860 869,,,,,,,Status,YES,READY_WITH_COORDINATES,IMPORTED_PENDING_CONFIGURATION,MASTER_HEALTH_FACILITY_2024_07_23
1698,ZW070240,Chirisa clinic,Midlands,Gokwe North,,,SDA,SDA,SDA,SDA,Rural,RURAL,Primary,PRIMARY,782385978,Fuctioning,ACTIVE_OR_OPERATIONAL,2,2023,,,Latitude; Longitude,YES,INCOMPLETE_MISSING_COORDINATES,IMPORTED_PENDING_CONFIGURATION,MASTER_HEALTH_FACILITY_2024_07_23
1700,ZW074291,Denda Clinic,Midlands,Gokwe North,-17.7896,28.82084,Mission Clinic,MISSION_CLINIC,Mission,MISSION_FAITH_BASED,Rural,RURAL,Primary,PRIMARY,772579473,Fuctioning,ACTIVE_OR_OPERATIONAL,6,1981,,,,NO,READY_WITH_COORDINATES,IMPORTED_PENDING_CONFIGURATION,MASTER_HEALTH_FACILITY_2024_07_23
1702,ZW0702A,Gokwe North District Hospital,Midlands,Gokwe North,-17.7226,29.01041,District Hospital,DISTRICT_HOSPITAL,Government,GOVERNMENT,Rural,RURAL,Secondary,SECONDARY,713029192,Fuctioning,ACTIVE_OR_OPERATIONAL,,2012,,,,NO,READY_WITH_COORDINATES,IMPORTED_PENDING_CONFIGURATION,MASTER_HEALTH_FACILITY_2024_07_23
1703,ZW074392,Goredema Clinic,Midlands,Gokwe North,-17.851,28.89776,Mission Clinic,MISSION_CLINIC,Mission,MISSION_FAITH_BASED,Rural,RURAL,Primary,PRIMARY,782455758,Fuctioning,ACTIVE_OR_OPERATIONAL,6,1986,,,,NO,READY_WITH_COORDINATES,IMPORTED_PENDING_CONFIGURATION,MASTER_HEALTH_FACILITY_2024_07_23
1704,ZW072727,Gumunyu Clinic,Midlands,Gokwe North,-17.4099,28.90527,RDC,CLINIC,Rural Council,RURAL_DISTRICT_COUNCIL,Rural,RURAL,Primary,PRIMARY,778033039,Fuctioning,ACTIVE_OR_OPERATIONAL,4,1983,,,,NO,READY_WITH_COORDINATES,IMPORTED_PENDING_CONFIGURATION,MASTER_HEALTH_FACILITY_2024_07_23
1706,ZW072929,Kahobo Clinic,Midlands,Gokwe North,-17.7378,28.76349,RDC,CLINIC,Rural Council,RURAL_DISTRICT_COUNCIL,Rural,RURAL,Primary,PRIMARY,776477252,Fuctioning,ACTIVE_OR_OPERATIONAL,4,1982,,,,NO,READY_WITH_COORDINATES,IMPORTED_PENDING_CONFIGURATION,MASTER_HEALTH_FACILITY_2024_07_23
1707,ZW073131,Kuwirirana Clinic,Midlands,Gokwe North,-17.9074,29.03004,RDC,CLINIC,Rural Council,RURAL_DISTRICT_COUNCIL,Rural,RURAL,Primary,PRIMARY,773524817,Fuctioning,ACTIVE_OR_OPERATIONAL,4,1981,,,,NO,READY_WITH_COORDINATES,IMPORTED_PENDING_CONFIGURATION,MASTER_HEALTH_FACILITY_2024_07_23
1709,ZW070206,Murunguziva clinic,Midlands,Gokwe North,,,RDC,CLINIC,Government,GOVERNMENT,Rural,RURAL,Primary,PRIMARY,776253729,Fuctioning,ACTIVE_OR_OPERATIONAL,0,2023,,,Latitude; Longitude,YES,INCOMPLETE_MISSING_COORDINATES,IMPORTED_PENDING_CONFIGURATION,MASTER_HEALTH_FACILITY_2024_07_23
1710,ZW071005,Mashame Rural Health Centre,Midlands,Gokwe North,-17.2721,28.79765,RDC,CLINIC,Rural Council,RURAL_DISTRICT_COUNCIL,Rural,RURAL,Primary,PRIMARY,774456204,Fuctioning,ACTIVE_OR_OPERATIONAL,4,1986,,,,NO,READY_WITH_COORDINATES,IMPORTED_PENDING_CONFIGURATION,MASTER_HEALTH_FACILITY_2024_07_23
1711,ZW070904,Musadzi Rural Health Centre,Midlands,Gokwe North,-17.4798,29.053,RHC,RURAL_HEALTH_CENTRE,Government,GOVERNMENT,Rural,RURAL,Primary,PRIMARY,783556099,Fuctioning,ACTIVE_OR_OPERATIONAL,4,1994,,,,NO,READY_WITH_COORDINATES,IMPORTED_PENDING_CONFIGURATION,MASTER_HEALTH_FACILITY_2024_07_23
1712,ZW0705D,Mutora Mission Clinic,Midlands,Gokwe North,-17.7209,29.00739,Mission Clinic,MISSION_CLINIC,Mission,MISSION_FAITH_BASED,Rural,RURAL,Primary,PRIMARY,779705797,Fuctioning,ACTIVE_OR_OPERATIONAL,20,1972,,,,NO,READY_WITH_COORDINATES,IMPORTED_PENDING_CONFIGURATION,MASTER_HEALTH_FACILITY_2024_07_23
1713,ZW074695,Nenyunga Clinic,Midlands,Gokwe North,-17.4424,28.29561,Mission Clinic,MISSION_CLINIC,Mission,MISSION_FAITH_BASED,Rural,RURAL,Primary,PRIMARY,775927039,Fuctioning,ACTIVE_OR_OPERATIONAL,4,1986,,,,NO,READY_WITH_COORDINATES,IMPORTED_PENDING_CONFIGURATION,MASTER_HEALTH_FACILITY_2024_07_23
1714,ZW071207,Norah Rural Health Centre,Midlands,Gokwe North,-17.5129,29.16761,RHC,RURAL_HEALTH_CENTRE,Government,GOVERNMENT,Rural,RURAL,Primary,PRIMARY,771101708,Fuctioning,ACTIVE_OR_OPERATIONAL,3,1984,,,,NO,READY_WITH_COORDINATES,IMPORTED_PENDING_CONFIGURATION,MASTER_HEALTH_FACILITY_2024_07_23
1715,ZW070228,Nyamatsito clinic,Midlands,Gokwe North,,,RDC,CLINIC,Government,GOVERNMENT,Rural,RURAL,Primary,PRIMARY,775074217,Fuctioning,ACTIVE_OR_OPERATIONAL,0,2023,,,Latitude; Longitude,YES,INCOMPLETE_MISSING_COORDINATES,IMPORTED_PENDING_CONFIGURATION,MASTER_HEALTH_FACILITY_2024_07_23
1716,ZW070211,Nyaurungwe clinic,Midlands,Gokwe North,,,RDC,CLINIC,Government,GOVERNMENT,Rural,RURAL,Primary,PRIMARY,779293436,Fuctioning,ACTIVE_OR_OPERATIONAL,0,2023,,,Latitude; Longitude,YES,INCOMPLETE_MISSING_COORDINATES,IMPORTED_PENDING_CONFIGURATION,MASTER_HEALTH_FACILITY_2024_07_23
1717,ZW074998,Rubatsiro Clinic,Midlands,Gokwe North,-17.7748,29.09387,RDC,CLINIC,Rural Council,RURAL_DISTRICT_COUNCIL,Rural,RURAL,Primary,PRIMARY,771786712,Fuctioning,ACTIVE_OR_OPERATIONAL,4,1989,,,,NO,READY_WITH_COORDINATES,IMPORTED_PENDING_CONFIGURATION,MASTER_HEALTH_FACILITY_2024_07_23
1718,ZW071611,Simchembu Rural Health Centre,Midlands,Gokwe North,-17.6844,28.2396,RHC,RURAL_HEALTH_CENTRE,Government,GOVERNMENT,Rural,RURAL,Primary,PRIMARY,775821793,Fuctioning,ACTIVE_OR_OPERATIONAL,8,1988,,,,NO,READY_WITH_COORDINATES,IMPORTED_PENDING_CONFIGURATION,MASTER_HEALTH_FACILITY_2024_07_23
1719,ZW071510,Tsungai Rural Health Centre,Midlands,Gokwe North,-17.6133,29.14249,RHC,RURAL_HEALTH_CENTRE,Government,GOVERNMENT,Rural,RURAL,Primary,PRIMARY,772871670,Fuctioning,ACTIVE_OR_OPERATIONAL,6,1986,,,,NO,READY_WITH_COORDINATES,IMPORTED_PENDING_CONFIGURATION,MASTER_HEALTH_FACILITY_2024_07_23
1721,ZW074040,Zhomba Clinic,Midlands,Gokwe North,-17.5717,28.31392,RDC,CLINIC,Rural Council,RURAL_DISTRICT_COUNCIL,Rural,RURAL,Primary,PRIMARY,777170238,Fuctioning,ACTIVE_OR_OPERATIONAL,10,1984,,,,NO,READY_WITH_COORDINATES,IMPORTED_PENDING_CONFIGURATION,MASTER_HEALTH_FACILITY_2024_07_23
1723,ZW070244,Zvanaka Clinic,Midlands,Gokwe North,,,RDC,CLINIC,Government,GOVERNMENT,Rural,RURAL,Primary,PRIMARY,719656671,Fuctioning,ACTIVE_OR_OPERATIONAL,0,2023,,,Latitude; Longitude,YES,INCOMPLETE_MISSING_COORDINATES,IMPORTED_PENDING_CONFIGURATION,MASTER_HEALTH_FACILITY_2024_07_23
1724,ZW070325,Chemahororo Clinic,Midlands,Gokwe South,-18.349928,29.113109,RDC,CLINIC,Rural Council,RURAL_DISTRICT_COUNCIL,Rural,RURAL,Primary,PRIMARY,779167413,,,,1982,,,Status,YES,READY_WITH_COORDINATES,IMPORTED_PENDING_CONFIGURATION,MASTER_HEALTH_FACILITY_2024_07_23
1725,ZW070313,Cheziya Clinic,Midlands,Gokwe South,-18.218137,28.940765,RDC,CLINIC,Rural Council,RURAL_DISTRICT_COUNCIL,Urban,URBAN,Primary,PRIMARY,718848116,,,,2004,,,Status,YES,READY_WITH_COORDINATES,IMPORTED_PENDING_CONFIGURATION,MASTER_HEALTH_FACILITY_2024_07_23
1726,ZW070307,Chitapo Clinic,Midlands,Gokwe South,-18.215302,29.004275,RDC,CLINIC,Rural Council,RURAL_DISTRICT_COUNCIL,Rural,RURAL,Primary,PRIMARY,No cell phone,,,,2014,,,Status,YES,READY_WITH_COORDINATES,IMPORTED_PENDING_CONFIGURATION,MASTER_HEALTH_FACILITY_2024_07_23
1727,ZW070316,Chitave Clinic,Midlands,Gokwe South,-18.197523,28.451455,RDC,CLINIC,Rural Council,RURAL_DISTRICT_COUNCIL,Rural,RURAL,Primary,PRIMARY,718956577,,,,,,,Status,YES,READY_WITH_COORDINATES,IMPORTED_PENDING_CONFIGURATION,MASTER_HEALTH_FACILITY_2024_07_23
1728,ZW070326,Gawa Clinic,Midlands,Gokwe South,-18.262378,28.733693,RDC,CLINIC,Rural Council,RURAL_DISTRICT_COUNCIL,Rural,RURAL,Primary,PRIMARY,786933128,,,,1984,,,Status,YES,READY_WITH_COORDINATES,IMPORTED_PENDING_CONFIGURATION,MASTER_HEALTH_FACILITY_2024_07_23
1730,ZW07030A,Gokwe South District Hospital,Midlands,Gokwe South,-18.211302,28.925304,District Hospital,DISTRICT_HOSPITAL,Government,GOVERNMENT,Rural,RURAL,Secondary,SECONDARY,,,,,1940,,,Status,YES,READY_WITH_COORDINATES,IMPORTED_PENDING_CONFIGURATION,MASTER_HEALTH_FACILITY_2024_07_23
1731,ZW070324,Gokwe South Population Services Zimbabwe,Midlands,Gokwe South,,,RHC,RURAL_HEALTH_CENTRE,Private,PRIVATE,Urban,URBAN,Primary,PRIMARY,,,,,,,,Latitude; Longitude; Status,YES,INCOMPLETE_MISSING_COORDINATES,IMPORTED_PENDING_CONFIGURATION,MASTER_HEALTH_FACILITY_2024_07_23
1732,ZW070315,Gokwe South ZRP Camp Clinic,Midlands,Gokwe South,,,RHC,RURAL_HEALTH_CENTRE,ZRP,ZIMBABWE_REPUBLIC_POLICE,Urban,URBAN,Primary,PRIMARY,,,,,1996,,,Latitude; Longitude; Status,YES,INCOMPLETE_MISSING_COORDINATES,IMPORTED_PENDING_CONFIGURATION,MASTER_HEALTH_FACILITY_2024_07_23
1733,ZW070301,Gwanyika Rural Health Centre,Midlands,Gokwe South,-18.263497,29.242235,RHC,RURAL_HEALTH_CENTRE,Government,GOVERNMENT,Rural,RURAL,Primary,PRIMARY,783585686,,,,1982,,,Status,YES,READY_WITH_COORDINATES,IMPORTED_PENDING_CONFIGURATION,MASTER_HEALTH_FACILITY_2024_07_23
1734,ZW070329,Health and healing medical centre Private,Midlands,Gokwe south,,,RHC,RURAL_HEALTH_CENTRE,Private,PRIVATE,Rural,RURAL,Primary,PRIMARY,,,,,,,,Latitude; Longitude; Status,YES,INCOMPLETE_MISSING_COORDINATES,IMPORTED_PENDING_CONFIGURATION,MASTER_HEALTH_FACILITY_2024_07_23
1735,ZW070397,Huchu Clinic,Midlands,Gokwe South,-17.98611,28.5324993134,RDC,CLINIC,Rural Council,RURAL_DISTRICT_COUNCIL,Rural,RURAL,Primary,PRIMARY,718956704,,,,1993,,,Status,YES,READY_WITH_COORDINATES,IMPORTED_PENDING_CONFIGURATION,MASTER_HEALTH_FACILITY_2024_07_23
1736,ZW070319,Jahana Clinic,Midlands,Gokwe South,-18.01839,28.953668,RDC,CLINIC,Rural Council,RURAL_DISTRICT_COUNCIL,Rural,RURAL,Primary,PRIMARY,713361843,,,,2003,,,Status,YES,READY_WITH_COORDINATES,IMPORTED_PENDING_CONFIGURATION,MASTER_HEALTH_FACILITY_2024_07_23
1737,ZW070328,Jiri/ndoza Clinic,Midlands,Gokwe South,-18.344715,28.257457,RDC,CLINIC,Rural Council,RURAL_DISTRICT_COUNCIL,Rural,RURAL,Primary,PRIMARY,713361840,,,,1981,,,Status,YES,READY_WITH_COORDINATES,IMPORTED_PENDING_CONFIGURATION,MASTER_HEALTH_FACILITY_2024_07_23
1738,ZW07030C,Kana Mission Hospital,Midlands,Gokwe South,-18.555486,28.515737,Mission Hospital,MISSION_HOSPITAL,Mission,MISSION_FAITH_BASED,Rural,RURAL,Secondary,SECONDARY,783585711,,,,Jan-54,,,Status,YES,READY_WITH_COORDINATES,IMPORTED_PENDING_CONFIGURATION,MASTER_HEALTH_FACILITY_2024_07_23
1739,ZW070314,Katema RDC,Midlands,Gokwe South,-18.306755,28.153052,RHC,RURAL_HEALTH_CENTRE,Rural Council,RURAL_DISTRICT_COUNCIL,Rural,RURAL,Primary,PRIMARY,718956867,,,,45888,,,Status,YES,READY_WITH_COORDINATES,IMPORTED_PENDING_CONFIGURATION,MASTER_HEALTH_FACILITY_2024_07_23
1740,ZW070330,Krima Clinic,Midlands,Gokwe South,-18.450445,29.372226,RDC,CLINIC,Rural Council,RURAL_DISTRICT_COUNCIL,Rural,RURAL,Primary,PRIMARY,783585693,,,,1983,,,Status,YES,READY_WITH_COORDINATES,IMPORTED_PENDING_CONFIGURATION,MASTER_HEALTH_FACILITY_2024_07_23
1741,ZW070332,Mangidi Clinic,Midlands,Gokwe South,-18.121538,28.356175,RDC,CLINIC,Rural Council,RURAL_DISTRICT_COUNCIL,Rural,RURAL,Primary,PRIMARY,713361823,,,,1982,,,Status,YES,READY_WITH_COORDINATES,IMPORTED_PENDING_CONFIGURATION,MASTER_HEALTH_FACILITY_2024_07_23
1742,ZW070333,Manoti Clinic,Midlands,Gokwe South,-18.458084,28.379518,RDC,CLINIC,Rural Council,RURAL_DISTRICT_COUNCIL,Rural,RURAL,Primary,PRIMARY,No functional cell phone,,,,1989,,,Status,YES,READY_WITH_COORDINATES,IMPORTED_PENDING_CONFIGURATION,MASTER_HEALTH_FACILITY_2024_07_23
1743,ZW070393,Manyoni Clinic,Midlands,Gokwe South,-18.147789,28.602364,RDC,CLINIC,Rural Council,RURAL_DISTRICT_COUNCIL,Rural,RURAL,Primary,PRIMARY,786933125,,,,1983,,,Status,YES,READY_WITH_COORDINATES,IMPORTED_PENDING_CONFIGURATION,MASTER_HEALTH_FACILITY_2024_07_23
1744,ZW070334,Masuka Clinic,Midlands,Gokwe South,-18.003416,28.402916,RDC,CLINIC,Rural Council,RURAL_DISTRICT_COUNCIL,Rural,RURAL,Primary,PRIMARY,718956699,,,,1986,,,Status,YES,READY_WITH_COORDINATES,IMPORTED_PENDING_CONFIGURATION,MASTER_HEALTH_FACILITY_2024_07_23
1745,ZW070317,Mateme SDA Clinic,Midlands,Gokwe South,-18.575404,28.920286,RHC,RURAL_HEALTH_CENTRE,Mission,MISSION_FAITH_BASED,Rural,RURAL,Primary,PRIMARY,718956689,,,,,,,Status,YES,READY_WITH_COORDINATES,IMPORTED_PENDING_CONFIGURATION,MASTER_HEALTH_FACILITY_2024_07_23
1746,ZW070306,Mateta Rural Health Centre,Midlands,Gokwe South,-18.392521,28.532849,RHC,RURAL_HEALTH_CENTRE,Government,GOVERNMENT,Rural,RURAL,Primary,PRIMARY,,,,,1982,,,Status,YES,READY_WITH_COORDINATES,IMPORTED_PENDING_CONFIGURATION,MASTER_HEALTH_FACILITY_2024_07_23
1747,ZW070354,Medpak Surgery Clinic,Midlands,Gokwe South,,,,,,,,,,,,,,,,,,Latitude; Longitude; Facility Type; Ownership; Status,YES,INCOMPLETE_MISSING_COORDINATES,IMPORTED_PENDING_CONFIGURATION,MASTER_HEALTH_FACILITY_2024_07_23
1748,ZW070341,Mkoka Clinic,Midlands,Gokwe South,-18.548287,28.305051,RDC,CLINIC,Rural Council,RURAL_DISTRICT_COUNCIL,Rural,RURAL,Primary,PRIMARY,788178001,,,,1982,,,Status,YES,READY_WITH_COORDINATES,IMPORTED_PENDING_CONFIGURATION,MASTER_HEALTH_FACILITY_2024_07_23
1749,ZW070335,Msala Clinic,Midlands,Gokwe South,-18.464973,28.044908,RDC,CLINIC,Rural Council,RURAL_DISTRICT_COUNCIL,Rural,RURAL,Primary,PRIMARY,716940276,,,,1982,,,Status,YES,READY_WITH_COORDINATES,IMPORTED_PENDING_CONFIGURATION,MASTER_HEALTH_FACILITY_2024_07_23
1750,ZW070394,Mtanke Clinic,Midlands,Gokwe South,-18.205134,29.240668,Mission Clinic,MISSION_CLINIC,Mission,MISSION_FAITH_BASED,Rural,RURAL,Primary,PRIMARY,713361828,,,,1989,,,Status,YES,READY_WITH_COORDINATES,IMPORTED_PENDING_CONFIGURATION,MASTER_HEALTH_FACILITY_2024_07_23
1751,ZW070336,Musita Clinic,Midlands,Gokwe South,-17.843819,28.578341,RDC,CLINIC,Rural Council,RURAL_DISTRICT_COUNCIL,Rural,RURAL,Primary,PRIMARY,718956711,,,,1982,,,Status,YES,READY_WITH_COORDINATES,IMPORTED_PENDING_CONFIGURATION,MASTER_HEALTH_FACILITY_2024_07_23
1752,ZW070309,Ndavambi Clinic,Midlands,Gokwe South,-18.322728,29.352334,RDC,CLINIC,Rural Council,RURAL_DISTRICT_COUNCIL,Rural,RURAL,Primary,PRIMARY,,,,,,,,Status,YES,READY_WITH_COORDINATES,IMPORTED_PENDING_CONFIGURATION,MASTER_HEALTH_FACILITY_2024_07_23
1753,ZW070310,Ndhlalambi RDC,Midlands,Gokwe South,-18.434156,28.639695,RHC,RURAL_HEALTH_CENTRE,Rural Council,RURAL_DISTRICT_COUNCIL,Rural,RURAL,Primary,PRIMARY,783285166,,,,45676,,,Status,YES,READY_WITH_COORDINATES,IMPORTED_PENDING_CONFIGURATION,MASTER_HEALTH_FACILITY_2024_07_23
1754,ZW070318,Njelele clinic,Midlands,Gokwe South,-18.30263,29.073092,RDC,CLINIC,Rural Council,RURAL_DISTRICT_COUNCIL,Rural,RURAL,Primary,PRIMARY,786933126,,,,46002,,,Status,YES,READY_WITH_COORDINATES,IMPORTED_PENDING_CONFIGURATION,MASTER_HEALTH_FACILITY_2024_07_23
1755,ZW070308,Nyaje Rural Health Centre,Midlands,Gokwe South,-18.55227,28.797592,RHC,RURAL_HEALTH_CENTRE,Government,GOVERNMENT,Rural,RURAL,Primary,PRIMARY,,,,,1979,,,Status,YES,READY_WITH_COORDINATES,IMPORTED_PENDING_CONFIGURATION,MASTER_HEALTH_FACILITY_2024_07_23
1756,ZW070337,Nyamhunga Clinic,Midlands,Gokwe South,-18.346441,28.462551,RDC,CLINIC,Rural Council,RURAL_DISTRICT_COUNCIL,Rural,RURAL,Primary,PRIMARY,718854288,,,,1974,,,Status,YES,READY_WITH_COORDINATES,IMPORTED_PENDING_CONFIGURATION,MASTER_HEALTH_FACILITY_2024_07_23
1757,ZW070320,Nyaradza clinic,Midlands,Gokwe South,-18.335277,28.842592,RHC,RURAL_HEALTH_CENTRE,Government,GOVERNMENT,Rural,RURAL,Primary,PRIMARY,781534521,,,,6-Sept-27,,,Status,YES,READY_WITH_COORDINATES,IMPORTED_PENDING_CONFIGURATION,MASTER_HEALTH_FACILITY_2024_07_23
1758,ZW070338,Sai Clinic,Midlands,Gokwe South,-18.258731,28.328771,RDC,CLINIC,Rural Council,RURAL_DISTRICT_COUNCIL,Rural,RURAL,Primary,PRIMARY,0713306001/0718956594,,,,1982,,,Status,YES,READY_WITH_COORDINATES,IMPORTED_PENDING_CONFIGURATION,MASTER_HEALTH_FACILITY_2024_07_23
1759,ZW070396,Sessame Clinic,Midlands,Gokwe South,-17.954522,28.735044,Mission Clinic,MISSION_CLINIC,Mission,MISSION_FAITH_BASED,Rural,RURAL,Primary,PRIMARY,783585697,,,,1964,,,Status,YES,READY_WITH_COORDINATES,IMPORTED_PENDING_CONFIGURATION,MASTER_HEALTH_FACILITY_2024_07_23
1760,ZW070311,Svisvi Clinic,Midlands,Gokwe South,-18.060443,28.777287,RDC,CLINIC,Rural Council,RURAL_DISTRICT_COUNCIL,Rural,RURAL,Primary,PRIMARY,780839516,,,,1983,,,Status,YES,READY_WITH_COORDINATES,IMPORTED_PENDING_CONFIGURATION,MASTER_HEALTH_FACILITY_2024_07_23
1762,ZW070312,Zhamba Clinic,Midlands,Gokwe South,-18.225109,28.061095,RDC,CLINIC,Rural Council,RURAL_DISTRICT_COUNCIL,Rural,RURAL,Primary,PRIMARY,770010502,,,,1993,,,Status,YES,READY_WITH_COORDINATES,IMPORTED_PENDING_CONFIGURATION,MASTER_HEALTH_FACILITY_2024_07_23
1763,ZW070383,ZPS Gokwe Prison Clinic,Midlands,Gokwe South,,,RHC,RURAL_HEALTH_CENTRE,ZPS,ZIMBABWE_PRISONS_AND_CORRECTIONAL_SERVICE,Urban,URBAN,Primary,PRIMARY,,,,,2006,,,Latitude; Longitude; Status,YES,INCOMPLETE_MISSING_COORDINATES,IMPORTED_PENDING_CONFIGURATION,MASTER_HEALTH_FACILITY_2024_07_23
1764,ZW070451,Bata Clinic Private,Midlands,Gweru,,,RHC,RURAL_HEALTH_CENTRE,Private,PRIVATE,Urban,URBAN,Primary,PRIMARY,,,,,,,,Latitude; Longitude; Status,YES,INCOMPLETE_MISSING_COORDINATES,IMPORTED_PENDING_CONFIGURATION,MASTER_HEALTH_FACILITY_2024_07_23
1765,ZW070461,Child Welfare Clinic,Midlands,Gweru,,,RHC,RURAL_HEALTH_CENTRE,Town/City Council,LOCAL_AUTHORITY,Urban,URBAN,Primary,PRIMARY,786933224,,,,,,,Latitude; Longitude; Status,YES,INCOMPLETE_MISSING_COORDINATES,IMPORTED_PENDING_CONFIGURATION,MASTER_HEALTH_FACILITY_2024_07_23
1767,ZW070425,Chiwundura Clinic,Midlands,Gweru,-19.236886,29.947453,RDC,CLINIC,Rural Council,RURAL_DISTRICT_COUNCIL,Rural,RURAL,Primary,PRIMARY,786933214,,,,,,,Status,YES,READY_WITH_COORDINATES,IMPORTED_PENDING_CONFIGURATION,MASTER_HEALTH_FACILITY_2024_07_23
1768,ZW07040E,Claybank Private Hospital,Midlands,Gweru,,,General Hospital,HOSPITAL_REQUIRES_LEVEL_REVIEW,Private,PRIVATE,Urban,URBAN,Secondary,SECONDARY,778128087,,,,,,,Latitude; Longitude; Status,YES,INCOMPLETE_MISSING_COORDINATES,IMPORTED_PENDING_CONFIGURATION,MASTER_HEALTH_FACILITY_2024_07_23
1769,ZW070481,Dabuka NRZ Clinic,Midlands,Gweru,,,RHC,RURAL_HEALTH_CENTRE,Parastatal,PARASTATAL,Urban,URBAN,Primary,PRIMARY,,,,,,,,Latitude; Longitude; Status,YES,INCOMPLETE_MISSING_COORDINATES,IMPORTED_PENDING_CONFIGURATION,MASTER_HEALTH_FACILITY_2024_07_23
1770,ZW070409,Five Maintenance Clinic,Midlands,Gweru,,,RHC,RURAL_HEALTH_CENTRE,ZNA,UNIFORMED_SERVICE,Urban,URBAN,Primary,PRIMARY,715208979,,,,,,,Latitude; Longitude; Status,YES,INCOMPLETE_MISSING_COORDINATES,IMPORTED_PENDING_CONFIGURATION,MASTER_HEALTH_FACILITY_2024_07_23
1771,ZW070401,Gunde Rural Health Centre,Midlands,Gweru,-19.187613,29.99699,RHC,RURAL_HEALTH_CENTRE,Government,GOVERNMENT,Rural,RURAL,Primary,PRIMARY,786933190,,,,,,,Status,YES,READY_WITH_COORDINATES,IMPORTED_PENDING_CONFIGURATION,MASTER_HEALTH_FACILITY_2024_07_23
1772,ZW07040B,Gweru District Hospital,Midlands,Gweru,-19.479689,29.815469,District Hospital,DISTRICT_HOSPITAL,Government,GOVERNMENT,Urban,URBAN,Secondary,SECONDARY,773739568,,,,,,,Status,YES,READY_WITH_COORDINATES,IMPORTED_PENDING_CONFIGURATION,MASTER_HEALTH_FACILITY_2024_07_23
1773,ZW07040D,Gweru Infectious Diseases Hospital,Midlands,Gweru,-19.430065,29.791993,General Hospital,HOSPITAL_REQUIRES_LEVEL_REVIEW,Town/City Council,LOCAL_AUTHORITY,Urban,URBAN,Special,SPECIAL,,,,,,,,Status,YES,READY_WITH_COORDINATES,IMPORTED_PENDING_CONFIGURATION,MASTER_HEALTH_FACILITY_2024_07_23
1774,ZW070485,Gweru NRZ Clinic,Midlands,Gweru,,,RHC,RURAL_HEALTH_CENTRE,Parastatal,PARASTATAL,Urban,URBAN,Primary,PRIMARY,,,,,,,,Latitude; Longitude; Status,YES,INCOMPLETE_MISSING_COORDINATES,IMPORTED_PENDING_CONFIGURATION,MASTER_HEALTH_FACILITY_2024_07_23
1776,ZW07040A,Gweru Provincial Hospital,Midlands,Gweru,-19.461232,29.83052,Provincial Hospital,PROVINCIAL_HOSPITAL,Government,GOVERNMENT,Urban,URBAN,Secondary,SECONDARY,,,,,,,,Status,YES,READY_WITH_COORDINATES,IMPORTED_PENDING_CONFIGURATION,MASTER_HEALTH_FACILITY_2024_07_23
1777,ZW070416,Gweru ZRP Clinic,Midlands,Gweru,,,RHC,RURAL_HEALTH_CENTRE,ZRP,ZIMBABWE_REPUBLIC_POLICE,Urban,URBAN,Primary,PRIMARY,,,,,,,,Latitude; Longitude; Status,YES,INCOMPLETE_MISSING_COORDINATES,IMPORTED_PENDING_CONFIGURATION,MASTER_HEALTH_FACILITY_2024_07_23
1778,ZW070494,Hozheri Clinic,Midlands,Gweru,-19.364219,30.096444,Mission Clinic,MISSION_CLINIC,Mission,MISSION_FAITH_BASED,Rural,RURAL,Primary,PRIMARY,786933240,,,,,,,Status,YES,READY_WITH_COORDINATES,IMPORTED_PENDING_CONFIGURATION,MASTER_HEALTH_FACILITY_2024_07_23
1779,ZW070466,Ivene Clinic,Midlands,Gweru,-19.489397,29.808987,RHC,RURAL_HEALTH_CENTRE,Town/City Council,LOCAL_AUTHORITY,Urban,URBAN,Primary,PRIMARY,786933220,,,,,,,Status,YES,READY_WITH_COORDINATES,IMPORTED_PENDING_CONFIGURATION,MASTER_HEALTH_FACILITY_2024_07_23
1780,ZW070402,Kabanga Rural Health Centre,Midlands,Gweru,-19.139377,30.073501,RHC,RURAL_HEALTH_CENTRE,Government,GOVERNMENT,Rural,RURAL,Primary,PRIMARY,786933230,,,,,,,Status,YES,READY_WITH_COORDINATES,IMPORTED_PENDING_CONFIGURATION,MASTER_HEALTH_FACILITY_2024_07_23
1781,ZW070491,Lower Gweru clinic,Midlands,Gweru,-19.379298,29.526122,RHC,RURAL_HEALTH_CENTRE,Government,GOVERNMENT,Rural,RURAL,Primary,PRIMARY,786015018,,,,,,,Status,YES,READY_WITH_COORDINATES,IMPORTED_PENDING_CONFIGURATION,MASTER_HEALTH_FACILITY_2024_07_23
1783,ZW070427,Madikani Clinic,Midlands,Gweru,-19.262916,29.294826,RDC,CLINIC,Rural Council,RURAL_DISTRICT_COUNCIL,Rural,RURAL,Primary,PRIMARY,786933176,,,,,,,Status,YES,READY_WITH_COORDINATES,IMPORTED_PENDING_CONFIGURATION,MASTER_HEALTH_FACILITY_2024_07_23
1784,ZW070428,Makepesi Clinic,Midlands,Gweru,-19.377737,29.568779,RDC,CLINIC,Rural Council,RURAL_DISTRICT_COUNCIL,Rural,RURAL,Primary,PRIMARY,786933194,,,,,,,Status,YES,READY_WITH_COORDINATES,IMPORTED_PENDING_CONFIGURATION,MASTER_HEALTH_FACILITY_2024_07_23
1785,ZW070403,Mangwandi Rural Health Centre,Midlands,Gweru,-19.372813,29.420498,RHC,RURAL_HEALTH_CENTRE,Government,GOVERNMENT,Rural,RURAL,Primary,PRIMARY,786933136,,,,,,,Status,YES,READY_WITH_COORDINATES,IMPORTED_PENDING_CONFIGURATION,MASTER_HEALTH_FACILITY_2024_07_23
1786,ZW070404,Masvori Rural Health Centre,Midlands,Gweru,-19.212784,30.060414,RHC,RURAL_HEALTH_CENTRE,Government,GOVERNMENT,Rural,RURAL,Primary,PRIMARY,786933212,,,,,,,Status,YES,READY_WITH_COORDINATES,IMPORTED_PENDING_CONFIGURATION,MASTER_HEALTH_FACILITY_2024_07_23
1787,ZW07040F,Midlands Private Hospital,Midlands,Gweru,,,General Hospital,HOSPITAL_REQUIRES_LEVEL_REVIEW,Private,PRIVATE,Urban,URBAN,Secondary,SECONDARY,772244144,,,,,,,Latitude; Longitude; Status,YES,INCOMPLETE_MISSING_COORDINATES,IMPORTED_PENDING_CONFIGURATION,MASTER_HEALTH_FACILITY_2024_07_23
1788,ZW070407,Midlands State University Clinic,Midlands,Gweru,,,RHC,RURAL_HEALTH_CENTRE,Private,PRIVATE,Urban,URBAN,Primary,PRIMARY,775068902,,,,,,,Latitude; Longitude; Status,YES,INCOMPLETE_MISSING_COORDINATES,IMPORTED_PENDING_CONFIGURATION,MASTER_HEALTH_FACILITY_2024_07_23
1789,ZW070462,Mkoba I Clinic,Midlands,Gweru,-19.467572,29.766552,RHC,RURAL_HEALTH_CENTRE,Town/City Council,LOCAL_AUTHORITY,Urban,URBAN,Primary,PRIMARY,715609490,,,,,,,Status,YES,READY_WITH_COORDINATES,IMPORTED_PENDING_CONFIGURATION,MASTER_HEALTH_FACILITY_2024_07_23
1790,ZW070463,Mkoba PolyClinic,Midlands,Gweru,-19.459519,29.750945,RHC,RURAL_HEALTH_CENTRE,Town/City Council,LOCAL_AUTHORITY,Urban,URBAN,Primary,PRIMARY,774169189,,,,,,,Status,YES,READY_WITH_COORDINATES,IMPORTED_PENDING_CONFIGURATION,MASTER_HEALTH_FACILITY_2024_07_23
1791,ZW070464,Monomutapa Clinic,Midlands,Gweru,-19.444519,29.802754,RHC,RURAL_HEALTH_CENTRE,Town/City Council,LOCAL_AUTHORITY,Urban,URBAN,Primary,PRIMARY,779167501,,,,,,,Status,YES,READY_WITH_COORDINATES,IMPORTED_PENDING_CONFIGURATION,MASTER_HEALTH_FACILITY_2024_07_23
1792,ZW070405,Nkululeko Rural Health Centre,Midlands,Gweru,-1920103.0,29.6528091431,RHC,RURAL_HEALTH_CENTRE,Government,GOVERNMENT,Rural,RURAL,Primary,PRIMARY,,,,,,,,Status,YES,READY_WITH_COORDINATES,IMPORTED_PENDING_CONFIGURATION,MASTER_HEALTH_FACILITY_2024_07_23
1793,ZW070406,Ntabamhlope Rural Health Centre,Midlands,Gweru,-19.160992,29.405158,RHC,RURAL_HEALTH_CENTRE,Government,GOVERNMENT,Rural,RURAL,Primary,PRIMARY,786933182,,,,,,,Status,YES,READY_WITH_COORDINATES,IMPORTED_PENDING_CONFIGURATION,MASTER_HEALTH_FACILITY_2024_07_23
1795,ZW070465,PSI New Start Centre,Midlands,Gweru,,,RHC,RURAL_HEALTH_CENTRE,Private,PRIVATE,Urban,URBAN,Primary,PRIMARY,771725144,,,,,,,Latitude; Longitude; Status,YES,INCOMPLETE_MISSING_COORDINATES,IMPORTED_PENDING_CONFIGURATION,MASTER_HEALTH_FACILITY_2024_07_23
1796,ZW070429,Riverdale Clinic,Midlands,Gweru,,,,,,,,,,,,,,,,,,Latitude; Longitude; Facility Type; Ownership; Status,YES,INCOMPLETE_MISSING_COORDINATES,IMPORTED_PENDING_CONFIGURATION,MASTER_HEALTH_FACILITY_2024_07_23
1797,ZW070423,Rubi Clinic,Midlands,Gweru,-19.611095,29.444921,RDC,CLINIC,Rural Council,RURAL_DISTRICT_COUNCIL,Rural,RURAL,Primary,PRIMARY,786933168,,,,,,,Status,YES,READY_WITH_COORDINATES,IMPORTED_PENDING_CONFIGURATION,MASTER_HEALTH_FACILITY_2024_07_23
1798,ZW070467,Senga Clinic,Midlands,Gweru,-19.496222,29.838114,RHC,RURAL_HEALTH_CENTRE,Town/City Council,LOCAL_AUTHORITY,Urban,URBAN,Primary,PRIMARY,715609491,,,,,,,Status,YES,READY_WITH_COORDINATES,IMPORTED_PENDING_CONFIGURATION,MASTER_HEALTH_FACILITY_2024_07_23
1799,ZW070486,Sino Zimbabwe Clinic,Midlands,Gweru,,,RHC,RURAL_HEALTH_CENTRE,Mine,MINE,Rural,RURAL,Primary,PRIMARY,773530058,,,,,,,Latitude; Longitude; Status,YES,INCOMPLETE_MISSING_COORDINATES,IMPORTED_PENDING_CONFIGURATION,MASTER_HEALTH_FACILITY_2024_07_23
1800,ZW070445,Somabhula Clinic,Midlands,Gweru,-19.700696,29.663357,RDC,CLINIC,Rural Council,RURAL_DISTRICT_COUNCIL,Rural,RURAL,Primary,PRIMARY,786933218,,,,,,,Status,YES,READY_WITH_COORDINATES,IMPORTED_PENDING_CONFIGURATION,MASTER_HEALTH_FACILITY_2024_07_23
1801,ZW070492,St Patrick's Clinic,Midlands,Gweru,-19.22423,29.901954,Mission Clinic,MISSION_CLINIC,Mission,MISSION_FAITH_BASED,Rural,RURAL,Primary,PRIMARY,786933123,,,,,,,Status,YES,READY_WITH_COORDINATES,IMPORTED_PENDING_CONFIGURATION,MASTER_HEALTH_FACILITY_2024_07_23
1804,ZW070422,Tumbire Clinic,Midlands,Gweru,-19.250545,29.459067,RDC,CLINIC,Rural Council,RURAL_DISTRICT_COUNCIL,Rural,RURAL,Primary,PRIMARY,786933138,,,,,,,Status,YES,READY_WITH_COORDINATES,IMPORTED_PENDING_CONFIGURATION,MASTER_HEALTH_FACILITY_2024_07_23
1805,ZW070446,Vungu Clinic,Midlands,Gweru,-19.396909,29.472252,RDC,CLINIC,Rural Council,RURAL_DISTRICT_COUNCIL,Rural,RURAL,Primary,PRIMARY,786933106,,,,,,,Status,YES,READY_WITH_COORDINATES,IMPORTED_PENDING_CONFIGURATION,MASTER_HEALTH_FACILITY_2024_07_23
1806,ZW070448,Vungu District Mobile,Midlands,Gweru,,,,,,,,,,,,,,,,,,Latitude; Longitude; Facility Type; Ownership; Status,YES,INCOMPLETE_MISSING_COORDINATES,IMPORTED_PENDING_CONFIGURATION,MASTER_HEALTH_FACILITY_2024_07_23
1807,ZW070413,ZPS Connemara Prison Clinic,Midlands,Gweru,-19.2072,29.82,RHC,RURAL_HEALTH_CENTRE,ZPS,ZIMBABWE_PRISONS_AND_CORRECTIONAL_SERVICE,Rural,RURAL,Primary,PRIMARY,,,,,,,,Status,YES,READY_WITH_COORDINATES,IMPORTED_PENDING_CONFIGURATION,MASTER_HEALTH_FACILITY_2024_07_23
1808,ZW070417,ZPS Thornhill Prison Clinic,Midlands,Gweru,,,RHC,RURAL_HEALTH_CENTRE,ZPS,ZIMBABWE_PRISONS_AND_CORRECTIONAL_SERVICE,Urban,URBAN,Primary,PRIMARY,,,,,,,,Latitude; Longitude; Status,YES,INCOMPLETE_MISSING_COORDINATES,IMPORTED_PENDING_CONFIGURATION,MASTER_HEALTH_FACILITY_2024_07_23
1809,ZW070414,ZPS Whawha Prison Clinic,Midlands,Gweru,,,RHC,RURAL_HEALTH_CENTRE,ZPS,ZIMBABWE_PRISONS_AND_CORRECTIONAL_SERVICE,Peri-Urban,PERI_URBAN,Primary,PRIMARY,786933211,,,,,,,Latitude; Longitude; Status,YES,INCOMPLETE_MISSING_COORDINATES,IMPORTED_PENDING_CONFIGURATION,MASTER_HEALTH_FACILITY_2024_07_23
1810,ZW070415,ZPS Whawha Prison Young Offenders Clinic,Midlands,Gweru,,,RHC,RURAL_HEALTH_CENTRE,ZPS,ZIMBABWE_PRISONS_AND_CORRECTIONAL_SERVICE,Peri-Urban,PERI_URBAN,Primary,PRIMARY,,,,,,,,Latitude; Longitude; Status,YES,INCOMPLETE_MISSING_COORDINATES,IMPORTED_PENDING_CONFIGURATION,MASTER_HEALTH_FACILITY_2024_07_23
1813,ZW070561,Amaveni Clinic,Midlands,Kwekwe,-18.924499,29.784531,RHC,RURAL_HEALTH_CENTRE,Town/City Council,LOCAL_AUTHORITY,Urban,URBAN,Primary,PRIMARY,783283016,Functional,ACTIVE_OR_OPERATIONAL,,,,,,NO,READY_WITH_COORDINATES,IMPORTED_PENDING_CONFIGURATION,MASTER_HEALTH_FACILITY_2024_07_23
1814,ZW070576,Community Polyclinic,Midlands,Kwekwe,,,RHC,RURAL_HEALTH_CENTRE,Private,PRIVATE,Urban,URBAN,Primary,PRIMARY,715920391,Functional,ACTIVE_OR_OPERATIONAL,,,,,Latitude; Longitude,YES,INCOMPLETE_MISSING_COORDINATES,IMPORTED_PENDING_CONFIGURATION,MASTER_HEALTH_FACILITY_2024_07_23
1816,ZW070501,Dendera Rural Health Centre,Midlands,Kwekwe,-18.707059,29.097488,RHC,RURAL_HEALTH_CENTRE,Government,GOVERNMENT,Rural,RURAL,Primary,PRIMARY,787968083,Functional,ACTIVE_OR_OPERATIONAL,,,,,,NO,READY_WITH_COORDINATES,IMPORTED_PENDING_CONFIGURATION,MASTER_HEALTH_FACILITY_2024_07_23
1817,ZW070525,Donjuan Clinic,Midlands,Kwekwe,-18.607244,29.507577,RDC,CLINIC,Rural Council,RURAL_DISTRICT_COUNCIL,Rural,RURAL,Primary,PRIMARY,787968084,Functional,ACTIVE_OR_OPERATIONAL,,,,,,NO,READY_WITH_COORDINATES,IMPORTED_PENDING_CONFIGURATION,MASTER_HEALTH_FACILITY_2024_07_23
1818,ZW070502,Donza Rural Health Centre,Midlands,Kwekwe,-18.768669,28.905546,RHC,RURAL_HEALTH_CENTRE,Rural Council,RURAL_DISTRICT_COUNCIL,Rural,RURAL,Primary,PRIMARY,787968085,Functional,ACTIVE_OR_OPERATIONAL,,,,,,NO,READY_WITH_COORDINATES,IMPORTED_PENDING_CONFIGURATION,MASTER_HEALTH_FACILITY_2024_07_23
1819,ZW070526,Exchange Clinic,Midlands,Kwekwe,-18.848169,29.075561,RDC,CLINIC,Rural Council,RURAL_DISTRICT_COUNCIL,Rural,RURAL,Primary,PRIMARY,787968086,Functional,ACTIVE_OR_OPERATIONAL,,,,,,NO,READY_WITH_COORDINATES,IMPORTED_PENDING_CONFIGURATION,MASTER_HEALTH_FACILITY_2024_07_23
1820,ZW070551,Globe and Phoenix Clinic,Midlands,Kwekwe,,,,,Private,PRIVATE,,,Primary,PRIMARY,,Functional,ACTIVE_OR_OPERATIONAL,,,,,Latitude; Longitude; Facility Type,YES,INCOMPLETE_MISSING_COORDINATES,IMPORTED_PENDING_CONFIGURATION,MASTER_HEALTH_FACILITY_2024_07_23
1821,ZW070588,Gomola Clinic,Midlands,Kwekwe,-18.769135,29.45265,RDC,CLINIC,Rural Council,RURAL_DISTRICT_COUNCIL,Rural,RURAL,Primary,PRIMARY,787968087,,,,,,,Status,YES,READY_WITH_COORDINATES,IMPORTED_PENDING_CONFIGURATION,MASTER_HEALTH_FACILITY_2024_07_23
1822,ZW070577,Jena Mines Clinic,Midlands,Kwekwe,,,RHC,RURAL_HEALTH_CENTRE,Private,PRIVATE,Rural,RURAL,Primary,PRIMARY,787968089,,,,,,,Latitude; Longitude; Status,YES,INCOMPLETE_MISSING_COORDINATES,IMPORTED_PENDING_CONFIGURATION,MASTER_HEALTH_FACILITY_2024_07_23
1823,ZW0705A,Kwekwe General Hospital,Midlands,Kwekwe,-18.936497,29.825826,General Hospital,HOSPITAL_REQUIRES_LEVEL_REVIEW,Government,GOVERNMENT,Urban,URBAN,Secondary,SECONDARY,783283023,,,,,,,Status,YES,READY_WITH_COORDINATES,IMPORTED_PENDING_CONFIGURATION,MASTER_HEALTH_FACILITY_2024_07_23
1824,ZW070527,Malisa Joshepha Clinic,Midlands,Kwekwe,-18.996433,29.109705,RDC,CLINIC,Rural Council,RURAL_DISTRICT_COUNCIL,Rural,RURAL,Primary,PRIMARY,787968090,,,,,,,Status,YES,READY_WITH_COORDINATES,IMPORTED_PENDING_CONFIGURATION,MASTER_HEALTH_FACILITY_2024_07_23
1825,ZW070528,Malisa Zhombe Clinic,Midlands,Kwekwe,-18.724989,29.241816,RDC,CLINIC,Rural Council,RURAL_DISTRICT_COUNCIL,Rural,RURAL,Primary,PRIMARY,787968091,,,,,,,Status,YES,READY_WITH_COORDINATES,IMPORTED_PENDING_CONFIGURATION,MASTER_HEALTH_FACILITY_2024_07_23
1826,ZW070509,Mayoka Clinic,Midlands,Kwekwe,-18.761014,29.60149,RDC,CLINIC,Government,GOVERNMENT,Rural,RURAL,Primary,PRIMARY,713756678,,,,,,,Status,YES,READY_WITH_COORDINATES,IMPORTED_PENDING_CONFIGURATION,MASTER_HEALTH_FACILITY_2024_07_23
1827,ZW070503,Mazebe Rural Health Centre,Midlands,Kwekwe,-18.930989,28.993582,RHC,RURAL_HEALTH_CENTRE,Government,GOVERNMENT,Rural,RURAL,Primary,PRIMARY,774150575,,,,,,,Status,YES,READY_WITH_COORDINATES,IMPORTED_PENDING_CONFIGURATION,MASTER_HEALTH_FACILITY_2024_07_23
1829,ZW070562,Mbizo I Clinic,Midlands,Kwekwe,-18.905727,29.834909,RHC,RURAL_HEALTH_CENTRE,Town/City Council,LOCAL_AUTHORITY,Urban,URBAN,Primary,PRIMARY,783283019,,,,,,,Status,YES,READY_WITH_COORDINATES,IMPORTED_PENDING_CONFIGURATION,MASTER_HEALTH_FACILITY_2024_07_23
1830,ZW070563,Mbizo II Clinic,Midlands,Kwekwe,-18.905682,29.850265,RHC,RURAL_HEALTH_CENTRE,Town/City Council,LOCAL_AUTHORITY,Urban,URBAN,Primary,PRIMARY,783283018,,,,,,,Status,YES,READY_WITH_COORDINATES,IMPORTED_PENDING_CONFIGURATION,MASTER_HEALTH_FACILITY_2024_07_23
1831,ZW070553,Mlezu Clinic,Midlands,Kwekwe,-19.143875,29.920312,RHC,RURAL_HEALTH_CENTRE,Government,GOVERNMENT,Rural,RURAL,Primary,PRIMARY,787968095,,,,,,,Status,YES,READY_WITH_COORDINATES,IMPORTED_PENDING_CONFIGURATION,MASTER_HEALTH_FACILITY_2024_07_23
1833,ZW070504,Msilahobe Rural Health Centre,Midlands,Kwekwe,-19.173073,29.144018,RHC,RURAL_HEALTH_CENTRE,Government,GOVERNMENT,Rural,RURAL,Primary,PRIMARY,775306631,,,,,,,Status,YES,READY_WITH_COORDINATES,IMPORTED_PENDING_CONFIGURATION,MASTER_HEALTH_FACILITY_2024_07_23
1834,ZW070585,Munyati Clinic,Midlands,Kwekwe,-18.661223,29.780026,RHC,RURAL_HEALTH_CENTRE,Private,PRIVATE,Rural,RURAL,Primary,PRIMARY,787968066,,,,,,,Status,YES,READY_WITH_COORDINATES,IMPORTED_PENDING_CONFIGURATION,MASTER_HEALTH_FACILITY_2024_07_23
1836,ZW070529,Ntabeni Clinic,Midlands,Kwekwe,-18.801924,29.331628,RDC,CLINIC,Rural Council,RURAL_DISTRICT_COUNCIL,Rural,RURAL,Primary,PRIMARY,776150604,,,,,,,Status,YES,READY_WITH_COORDINATES,IMPORTED_PENDING_CONFIGURATION,MASTER_HEALTH_FACILITY_2024_07_23
1837,ZW070505,Nyoni Rural Health Centre,Midlands,Kwekwe,-18.965577,29.328545,RHC,RURAL_HEALTH_CENTRE,Government,GOVERNMENT,Rural,RURAL,Primary,PRIMARY,787968068,,,,,,,Status,YES,READY_WITH_COORDINATES,IMPORTED_PENDING_CONFIGURATION,MASTER_HEALTH_FACILITY_2024_07_23
1839,ZW070559,Redcliff Clinic,Midlands,Kwekwe,-19.022492,29.782271,RHC,RURAL_HEALTH_CENTRE,Town/City Council,LOCAL_AUTHORITY,Urban,URBAN,Primary,PRIMARY,787968069,,,,,,,Status,YES,READY_WITH_COORDINATES,IMPORTED_PENDING_CONFIGURATION,MASTER_HEALTH_FACILITY_2024_07_23
1840,ZW070552,Rio Tinto Clinic,Midlands,Kwekwe,-18.4676,29.430962,RHC,RURAL_HEALTH_CENTRE,Government,GOVERNMENT,Urban,URBAN,Primary,PRIMARY,787968070,,,,,,,Status,YES,READY_WITH_COORDINATES,IMPORTED_PENDING_CONFIGURATION,MASTER_HEALTH_FACILITY_2024_07_23
1841,ZW070564,Rutendo Clinic,Midlands,Kwekwe,-19.008408,29.773365,RHC,RURAL_HEALTH_CENTRE,Town/City Council,LOCAL_AUTHORITY,Urban,URBAN,Primary,PRIMARY,787968071,,,,,,,Status,YES,READY_WITH_COORDINATES,IMPORTED_PENDING_CONFIGURATION,MASTER_HEALTH_FACILITY_2024_07_23
1843,ZW070530,Samambwa Clinic,Midlands,Kwekwe,-18.334046,29.44704,RDC,CLINIC,Rural Council,RURAL_DISTRICT_COUNCIL,Rural,RURAL,Primary,PRIMARY,787968072,,,,,,,Status,YES,READY_WITH_COORDINATES,IMPORTED_PENDING_CONFIGURATION,MASTER_HEALTH_FACILITY_2024_07_23
1844,ZW070565,Sebakwe Clinic,Midlands,Kwekwe,-18.977504,30.110742,RDC,CLINIC,Rural Council,RURAL_DISTRICT_COUNCIL,Rural,RURAL,Primary,PRIMARY,713755772,,,,,,,Status,YES,READY_WITH_COORDINATES,IMPORTED_PENDING_CONFIGURATION,MASTER_HEALTH_FACILITY_2024_07_23
1845,ZW070531,Senkwazi Clinic,Midlands,Kwekwe,-18.58236,29.435235,RDC,CLINIC,Rural Council,RURAL_DISTRICT_COUNCIL,Rural,RURAL,Primary,PRIMARY,713755769,,,,,,,Status,YES,READY_WITH_COORDINATES,IMPORTED_PENDING_CONFIGURATION,MASTER_HEALTH_FACILITY_2024_07_23
1846,ZW070566,Sherwood Clinic,Midlands,Kwekwe,-18.81485,29.777653,RDC,CLINIC,Rural Council,RURAL_DISTRICT_COUNCIL,Urban,URBAN,Primary,PRIMARY,787968073,,,,,,,Status,YES,READY_WITH_COORDINATES,IMPORTED_PENDING_CONFIGURATION,MASTER_HEALTH_FACILITY_2024_07_23
1848,ZW070532,Sidakeni Clinic,Midlands,Kwekwe,-18.440249,29.468618,RDC,CLINIC,Rural Council,RURAL_DISTRICT_COUNCIL,Rural,RURAL,Primary,PRIMARY,787968074,,,,,,,Status,YES,READY_WITH_COORDINATES,IMPORTED_PENDING_CONFIGURATION,MASTER_HEALTH_FACILITY_2024_07_23
1850,ZW0705B,Silobela District Hospital,Midlands,Kwekwe,-18.994534,29.304649,District Hospital,DISTRICT_HOSPITAL,Government,GOVERNMENT,Rural,RURAL,Secondary,SECONDARY,783283021,,,,,,,Status,YES,READY_WITH_COORDINATES,IMPORTED_PENDING_CONFIGURATION,MASTER_HEALTH_FACILITY_2024_07_23
1851,ZW070533,Silobela Jackson Clinic,Midlands,Kwekwe,-19.1041,29.2501,RDC,CLINIC,Rural Council,RURAL_DISTRICT_COUNCIL,Rural,RURAL,Primary,PRIMARY,787968088,,,,,,,Status,YES,READY_WITH_COORDINATES,IMPORTED_PENDING_CONFIGURATION,MASTER_HEALTH_FACILITY_2024_07_23
1852,ZW070534,Simana Clinic,Midlands,Kwekwe,-18.921939,29.113389,RDC,CLINIC,Rural Council,RURAL_DISTRICT_COUNCIL,Rural,RURAL,Primary,PRIMARY,787968076,,,,,,,Status,YES,READY_WITH_COORDINATES,IMPORTED_PENDING_CONFIGURATION,MASTER_HEALTH_FACILITY_2024_07_23
1853,ZW070584,Tiger Reef Clinic,Midlands,Kwekwe,,,,,Private,PRIVATE,,,,,,,,,,,,Latitude; Longitude; Facility Type; Status,YES,INCOMPLETE_MISSING_COORDINATES,IMPORTED_PENDING_CONFIGURATION,MASTER_HEALTH_FACILITY_2024_07_23
1855,ZW070554,Torwood Clinic,Midlands,Kwekwe,-19.009926,29.73403,RHC,RURAL_HEALTH_CENTRE,Town/City Council,LOCAL_AUTHORITY,Urban,URBAN,Primary,PRIMARY,,,,,,,,Status,YES,READY_WITH_COORDINATES,IMPORTED_PENDING_CONFIGURATION,MASTER_HEALTH_FACILITY_2024_07_23
1856,ZW0705C,Zhombe Mission Hospital,Midlands,Kwekwe,-18.696999,29.38544,Mission Hospital,MISSION_HOSPITAL,Mission,MISSION_FAITH_BASED,Rural,RURAL,Secondary,SECONDARY,,,,,,,,Status,YES,READY_WITH_COORDINATES,IMPORTED_PENDING_CONFIGURATION,MASTER_HEALTH_FACILITY_2024_07_23
1860,ZW070625,Bonda Clinic,Midlands,Mberengwa,-20.870584,30.407251,RDC,CLINIC,Rural Council,RURAL_DISTRICT_COUNCIL,Rural,RURAL,Primary,PRIMARY,0713-119-894,Open,ACTIVE_OR_OPERATIONAL,3,,,,,NO,READY_WITH_COORDINATES,IMPORTED_PENDING_CONFIGURATION,MASTER_HEALTH_FACILITY_2024_07_23
1861,ZW070679,Buchwa Camp Clinic,Midlands,Mberengwa,-20.6077,30.38104,RHC,RURAL_HEALTH_CENTRE,ZRP,ZIMBABWE_REPUBLIC_POLICE,Rural,RURAL,Primary,PRIMARY,,Open,ACTIVE_OR_OPERATIONAL,3,,,,,NO,READY_WITH_COORDINATES,IMPORTED_PENDING_CONFIGURATION,MASTER_HEALTH_FACILITY_2024_07_23
1862,ZW070626,Chabwira Clinic,Midlands,Mberengwa,-20.670804,30.239549,RDC,CLINIC,Rural Council,RURAL_DISTRICT_COUNCIL,Rural,RURAL,Primary,PRIMARY,0787-834-128,Open,ACTIVE_OR_OPERATIONAL,3,,,,,NO,READY_WITH_COORDINATES,IMPORTED_PENDING_CONFIGURATION,MASTER_HEALTH_FACILITY_2024_07_23
1863,ZW070642,Chaza Clinic,Midlands,Mberengwa,-20.709634,29.973022,RDC,CLINIC,Rural Council,RURAL_DISTRICT_COUNCIL,Rural,RURAL,Primary,PRIMARY,0713-119-986,Open,ACTIVE_OR_OPERATIONAL,3,,,,,NO,READY_WITH_COORDINATES,IMPORTED_PENDING_CONFIGURATION,MASTER_HEALTH_FACILITY_2024_07_23
1864,ZW070627,Chidembeko Clinic,Midlands,Mberengwa,-20.727705,29.892321,RDC,CLINIC,Rural Council,RURAL_DISTRICT_COUNCIL,Rural,RURAL,Primary,PRIMARY,0718-956-869,Open,ACTIVE_OR_OPERATIONAL,3,,,,,NO,READY_WITH_COORDINATES,IMPORTED_PENDING_CONFIGURATION,MASTER_HEALTH_FACILITY_2024_07_23
1865,ZW070640,Chiedza Clinic,Midlands,Mberengwa,-20.916888,29.679472,RDC,CLINIC,Rural Council,RURAL_DISTRICT_COUNCIL,Rural,RURAL,Primary,PRIMARY,0713-119-902,Open,ACTIVE_OR_OPERATIONAL,3,,,,,NO,READY_WITH_COORDINATES,IMPORTED_PENDING_CONFIGURATION,MASTER_HEALTH_FACILITY_2024_07_23
1866,ZW070628,Chingezi Clinic,Midlands,Mberengwa,-20.710871,29.785957,RDC,CLINIC,Rural Council,RURAL_DISTRICT_COUNCIL,Rural,RURAL,Primary,PRIMARY,0718-956-731,Open,ACTIVE_OR_OPERATIONAL,3,,,,,NO,READY_WITH_COORDINATES,IMPORTED_PENDING_CONFIGURATION,MASTER_HEALTH_FACILITY_2024_07_23
1867,ZW070676,Gaha Clinic,Midlands,Mberengwa,-20.971337,29.807844,RDC,CLINIC,Rural Council,RURAL_DISTRICT_COUNCIL,Rural,RURAL,Primary,PRIMARY,0718-956-204,Open,ACTIVE_OR_OPERATIONAL,3,,,,,NO,READY_WITH_COORDINATES,IMPORTED_PENDING_CONFIGURATION,MASTER_HEALTH_FACILITY_2024_07_23
1868,ZW070601,Gwarawa Rural Health Centre,Midlands,Mberengwa,-20.945934,30.065049,RHC,RURAL_HEALTH_CENTRE,Government,GOVERNMENT,Rural,RURAL,Primary,PRIMARY,0718-956-744,Open,ACTIVE_OR_OPERATIONAL,3,,,,,NO,READY_WITH_COORDINATES,IMPORTED_PENDING_CONFIGURATION,MASTER_HEALTH_FACILITY_2024_07_23
1869,ZW070632,Imbahuru Clinic,Midlands,Mberengwa,-20.868413,30.099206,RDC,CLINIC,Rural Council,RURAL_DISTRICT_COUNCIL,Rural,RURAL,Primary,PRIMARY,0718-883-135,Open,ACTIVE_OR_OPERATIONAL,3,,,,,NO,READY_WITH_COORDINATES,IMPORTED_PENDING_CONFIGURATION,MASTER_HEALTH_FACILITY_2024_07_23
1870,ZW070635,Ingezi Clinic,Midlands,Mberengwa,-20.588788,30.389601,RDC,CLINIC,Rural Council,RURAL_DISTRICT_COUNCIL,Rural,RURAL,Primary,PRIMARY,0713-623-810,Open,ACTIVE_OR_OPERATIONAL,3,,,,,NO,READY_WITH_COORDINATES,IMPORTED_PENDING_CONFIGURATION,MASTER_HEALTH_FACILITY_2024_07_23
1872,ZW070608,Kotokwe Rural Health Centre,Midlands,Mberengwa,-20.984648,29.578225,RHC,RURAL_HEALTH_CENTRE,Government,GOVERNMENT,Rural,RURAL,Primary,PRIMARY,0718-956-721,Open,ACTIVE_OR_OPERATIONAL,3,,,,,NO,READY_WITH_COORDINATES,IMPORTED_PENDING_CONFIGURATION,MASTER_HEALTH_FACILITY_2024_07_23
1873,ZW070629,Makuwerere Clinic,Midlands,Mberengwa,-20.988932,30.235068,RDC,CLINIC,Rural Council,RURAL_DISTRICT_COUNCIL,Rural,RURAL,Primary,PRIMARY,0718-956-771,Open,ACTIVE_OR_OPERATIONAL,3,,,,,NO,READY_WITH_COORDINATES,IMPORTED_PENDING_CONFIGURATION,MASTER_HEALTH_FACILITY_2024_07_23
1874,ZW070644,Marirazhombe,Midlands,Mberengwa,-20.679394,29.721056,RDC,CLINIC,Rural Council,RURAL_DISTRICT_COUNCIL,Rural,RURAL,Primary,PRIMARY,,Open,ACTIVE_OR_OPERATIONAL,,,,,,NO,READY_WITH_COORDINATES,IMPORTED_PENDING_CONFIGURATION,MASTER_HEALTH_FACILITY_2024_07_23
1875,ZW0706C,Masase Mission Hospital,Midlands,Mberengwa,-20.986319,29.666996,Mission Hospital,MISSION_HOSPITAL,Mission,MISSION_FAITH_BASED,Rural,RURAL,Primary,PRIMARY,0716-813-927,Open,ACTIVE_OR_OPERATIONAL,101,,,,,NO,READY_WITH_COORDINATES,IMPORTED_PENDING_CONFIGURATION,MASTER_HEALTH_FACILITY_2024_07_23
1876,ZW070602,Mataga Rural Health Centre,Midlands,Mberengwa,-20.840924,30.18982,RHC,RURAL_HEALTH_CENTRE,Government,GOVERNMENT,Rural,RURAL,Primary,PRIMARY,0713-119-929,Open,ACTIVE_OR_OPERATIONAL,3,,,,,NO,READY_WITH_COORDINATES,IMPORTED_PENDING_CONFIGURATION,MASTER_HEALTH_FACILITY_2024_07_23
1877,ZW070609,Mataga Health Centre,Midlands,Mberengwa,,,HC,HC,Government,GOVERNMENT,Rural,RURAL,Secondary,SECONDARY,,Open,ACTIVE_OR_OPERATIONAL,22,45842,,,Latitude; Longitude,YES,INCOMPLETE_MISSING_COORDINATES,IMPORTED_PENDING_CONFIGURATION,MASTER_HEALTH_FACILITY_2024_07_23
1878,ZW070630,Matedzi Clinic,Midlands,Mberengwa,-20.807672,30.287693,RDC,CLINIC,Rural Council,RURAL_DISTRICT_COUNCIL,Rural,RURAL,Primary,PRIMARY,0718-956-222,Open,ACTIVE_OR_OPERATIONAL,3,,,,,NO,READY_WITH_COORDINATES,IMPORTED_PENDING_CONFIGURATION,MASTER_HEALTH_FACILITY_2024_07_23
1879,ZW070603,Mavorovondo Rural Health Centre,Midlands,Mberengwa,-20.912073,29.815416,RHC,RURAL_HEALTH_CENTRE,Government,GOVERNMENT,Rural,RURAL,Primary,PRIMARY,0718-956-589,Open,ACTIVE_OR_OPERATIONAL,3,,,,,NO,READY_WITH_COORDINATES,IMPORTED_PENDING_CONFIGURATION,MASTER_HEALTH_FACILITY_2024_07_23
1880,ZW070631,Mazivofa Clinic,Midlands,Mberengwa,-20.74182,30.101717,RDC,CLINIC,Rural Council,RURAL_DISTRICT_COUNCIL,Rural,RURAL,Primary,PRIMARY,0713-382-973,Open,ACTIVE_OR_OPERATIONAL,3,,,,,NO,READY_WITH_COORDINATES,IMPORTED_PENDING_CONFIGURATION,MASTER_HEALTH_FACILITY_2024_07_23
1881,ZW0706A,Mberengwa District Hospital,Midlands,Mberengwa,-20.478416,29.913226,District Hospital,DISTRICT_HOSPITAL,Government,GOVERNMENT,Rural,RURAL,Secondary,SECONDARY,0713-119-940,Open,ACTIVE_OR_OPERATIONAL,61,,,,,NO,READY_WITH_COORDINATES,IMPORTED_PENDING_CONFIGURATION,MASTER_HEALTH_FACILITY_2024_07_23
1882,ZW070633,Mketi Clinic,Midlands,Mberengwa,-21.007268,30.126367,RDC,CLINIC,Rural Council,RURAL_DISTRICT_COUNCIL,Rural,RURAL,Primary,PRIMARY,0786-933-289,Open,ACTIVE_OR_OPERATIONAL,3,,,,,NO,READY_WITH_COORDINATES,IMPORTED_PENDING_CONFIGURATION,MASTER_HEALTH_FACILITY_2024_07_23
1883,ZW0706D,Mnene Mission Hospital,Midlands,Mberengwa,-20.623206,30.054464,Mission Hospital,MISSION_HOSPITAL,Mission,MISSION_FAITH_BASED,Rural,RURAL,Secondary,SECONDARY,0718-956-216,Open,ACTIVE_OR_OPERATIONAL,218,,,,,NO,READY_WITH_COORDINATES,IMPORTED_PENDING_CONFIGURATION,MASTER_HEALTH_FACILITY_2024_07_23
1884,ZW070638,Mponjani Clinic,Midlands,Mberengwa,-20.713843,30.390249,RDC,CLINIC,Rural Council,RURAL_DISTRICT_COUNCIL,Rural,RURAL,Primary,PRIMARY,0714-164-353,Open,ACTIVE_OR_OPERATIONAL,3,,,,,NO,READY_WITH_COORDINATES,IMPORTED_PENDING_CONFIGURATION,MASTER_HEALTH_FACILITY_2024_07_23
1885,ZW070639,Mposi Clinic,Midlands,Mberengwa,-20.811199,30.020993,RDC,CLINIC,Rural Council,RURAL_DISTRICT_COUNCIL,Rural,RURAL,Primary,PRIMARY,0718-956-219,Open,ACTIVE_OR_OPERATIONAL,3,,,,,NO,READY_WITH_COORDINATES,IMPORTED_PENDING_CONFIGURATION,MASTER_HEALTH_FACILITY_2024_07_23
1886,ZW070604,Murongwe Rural Health Centre,Midlands,Mberengwa,-20.598368,30.257775,RHC,RURAL_HEALTH_CENTRE,Government,GOVERNMENT,Rural,RURAL,Primary,PRIMARY,0718-956-672,Open,ACTIVE_OR_OPERATIONAL,3,,,,,NO,READY_WITH_COORDINATES,IMPORTED_PENDING_CONFIGURATION,MASTER_HEALTH_FACILITY_2024_07_23
1887,ZW0706E,Musume Mission Hospital,Midlands,Mberengwa,-20.910894,30.227992,Mission Hospital,MISSION_HOSPITAL,Mission,MISSION_FAITH_BASED,Rural,RURAL,Primary,PRIMARY,0713-119-947,Open,ACTIVE_OR_OPERATIONAL,159,,,,,NO,READY_WITH_COORDINATES,IMPORTED_PENDING_CONFIGURATION,MASTER_HEALTH_FACILITY_2024_07_23
1888,ZW070605,Mwanezi Rural Health Centre,Midlands,Mberengwa,-20.760241,29.695702,RHC,RURAL_HEALTH_CENTRE,Government,GOVERNMENT,Rural,RURAL,Primary,PRIMARY,0718-956-220,Open,ACTIVE_OR_OPERATIONAL,3,,,,,NO,READY_WITH_COORDINATES,IMPORTED_PENDING_CONFIGURATION,MASTER_HEALTH_FACILITY_2024_07_23
1889,ZW070634,Negove Clinic,Midlands,Mberengwa,-20.686079,30.345439,RDC,CLINIC,Rural Council,RURAL_DISTRICT_COUNCIL,Rural,RURAL,Primary,PRIMARY,0718-956-604,Open,ACTIVE_OR_OPERATIONAL,3,,,,,NO,READY_WITH_COORDINATES,IMPORTED_PENDING_CONFIGURATION,MASTER_HEALTH_FACILITY_2024_07_23
1890,ZW070643,Neta Clinic,Midlands,Mberengwa,-20.416588,29.775857,RDC,CLINIC,Rural Council,RURAL_DISTRICT_COUNCIL,Rural,RURAL,Primary,PRIMARY,0718-956-766,Open,ACTIVE_OR_OPERATIONAL,3,,,,,NO,READY_WITH_COORDINATES,IMPORTED_PENDING_CONFIGURATION,MASTER_HEALTH_FACILITY_2024_07_23
1891,ZW070636,Ngungumbane Clinic,Midlands,Mberengwa,-20.780926,30.421413,RDC,CLINIC,Rural Council,RURAL_DISTRICT_COUNCIL,Rural,RURAL,Primary,PRIMARY,0718-956-864,Open,ACTIVE_OR_OPERATIONAL,3,,,,,NO,READY_WITH_COORDINATES,IMPORTED_PENDING_CONFIGURATION,MASTER_HEALTH_FACILITY_2024_07_23
1892,ZW070678,Sandawana Clinic,Midlands,Mberengwa,-20.920537,29.93094,RHC,RURAL_HEALTH_CENTRE,Mine,MINE,Rural,RURAL,Primary,PRIMARY,0718-956-591,Open,ACTIVE_OR_OPERATIONAL,3,,,,,NO,READY_WITH_COORDINATES,IMPORTED_PENDING_CONFIGURATION,MASTER_HEALTH_FACILITY_2024_07_23
1893,ZW070637,Svita Clinic,Midlands,Mberengwa,-20.585732,30.127671,RDC,CLINIC,Rural Council,RURAL_DISTRICT_COUNCIL,Rural,RURAL,Primary,PRIMARY,0787-852-443,Open,ACTIVE_OR_OPERATIONAL,3,,,,,NO,READY_WITH_COORDINATES,IMPORTED_PENDING_CONFIGURATION,MASTER_HEALTH_FACILITY_2024_07_23
1894,ZW070606,Vurasha Rural Health Centre,Midlands,Mberengwa,-20.936216,30.384117,RHC,RURAL_HEALTH_CENTRE,Government,GOVERNMENT,Rural,RURAL,Primary,PRIMARY,0718-956-232,Open,ACTIVE_OR_OPERATIONAL,3,,,,,NO,READY_WITH_COORDINATES,IMPORTED_PENDING_CONFIGURATION,MASTER_HEALTH_FACILITY_2024_07_23
1895,ZW070641,Vutsanana Clinic,Midlands,Mberengwa,-20.734304,30.196444,RDC,CLINIC,Rural Council,RURAL_DISTRICT_COUNCIL,Rural,RURAL,Primary,PRIMARY,0786-933-286,Open,ACTIVE_OR_OPERATIONAL,3,,,,,NO,READY_WITH_COORDINATES,IMPORTED_PENDING_CONFIGURATION,MASTER_HEALTH_FACILITY_2024_07_23
1896,ZW070607,Wanezi Rural Health Centre,Midlands,Mberengwa,-20.563745,29.740273,RHC,RURAL_HEALTH_CENTRE,Government,GOVERNMENT,Rural,RURAL,Primary,PRIMARY,0718-956-540,Open,ACTIVE_OR_OPERATIONAL,3,,,,,NO,READY_WITH_COORDINATES,IMPORTED_PENDING_CONFIGURATION,MASTER_HEALTH_FACILITY_2024_07_23
1897,ZW070680,ZPS Mberengwa Prison Clinic,Midlands,Mberengwa,,,RHC,RURAL_HEALTH_CENTRE,ZPS,ZIMBABWE_PRISONS_AND_CORRECTIONAL_SERVICE,Rural,RURAL,Primary,PRIMARY,,Open,ACTIVE_OR_OPERATIONAL,3,,,,Latitude; Longitude,YES,INCOMPLETE_MISSING_COORDINATES,IMPORTED_PENDING_CONFIGURATION,MASTER_HEALTH_FACILITY_2024_07_23
1898,ZW070725,Banga Clinic,Midlands,Shurugwi,-19.975098,30.263496,RDC,CLINIC,Rural Council,RURAL_DISTRICT_COUNCIL,Rural,RURAL,Primary,PRIMARY,263 772250669,Open,ACTIVE_OR_OPERATIONAL,4,1981,,,,NO,READY_WITH_COORDINATES,IMPORTED_PENDING_CONFIGURATION,MASTER_HEALTH_FACILITY_2024_07_23
1899,ZW070701,Chikato Rural Health Centre,Midlands,Shurugwi,-19.81631,30.297682,RHC,RURAL_HEALTH_CENTRE,Government,GOVERNMENT,Rural,RURAL,Primary,PRIMARY,263 713272484,Open,ACTIVE_OR_OPERATIONAL,11,1983,,,,NO,READY_WITH_COORDINATES,IMPORTED_PENDING_CONFIGURATION,MASTER_HEALTH_FACILITY_2024_07_23
1900,ZW07070D,Chikwingwizha Mission Hospital,Midlands,Shurugwi,-19.555569,29.943719,Mission Hospital,MISSION_HOSPITAL,Mission,MISSION_FAITH_BASED,Rural,RURAL,Secondary,SECONDARY,263786124738,Open,ACTIVE_OR_OPERATIONAL,,23018,,,,NO,READY_WITH_COORDINATES,IMPORTED_PENDING_CONFIGURATION,MASTER_HEALTH_FACILITY_2024_07_23
1902,ZW070703,Chitora Rural Health Centre,Midlands,Shurugwi,-19.572224,30.328173,RHC,RURAL_HEALTH_CENTRE,Government,GOVERNMENT,Rural,RURAL,Primary,PRIMARY,263 773746757,Open,ACTIVE_OR_OPERATIONAL,5,1984,,,,NO,READY_WITH_COORDINATES,IMPORTED_PENDING_CONFIGURATION,MASTER_HEALTH_FACILITY_2024_07_23
1903,ZW070798,Dorset Rural Health Centre,Midlands,Shurugwi,-19.951592,29.813248,RHC,RURAL_HEALTH_CENTRE,Government,GOVERNMENT,Rural,RURAL,Primary,PRIMARY,263 78986237,Open,ACTIVE_OR_OPERATIONAL,9,38879,,,,NO,READY_WITH_COORDINATES,IMPORTED_PENDING_CONFIGURATION,MASTER_HEALTH_FACILITY_2024_07_23
1904,ZW070770,Gamwa,Midlands,Shurugwi,-19.969842,30.374774,RDC,CLINIC,Rural Council,RURAL_DISTRICT_COUNCIL,Rural,RURAL,Primary,PRIMARY,263783111579,Open,ACTIVE_OR_OPERATIONAL,2,44760,,,,NO,READY_WITH_COORDINATES,IMPORTED_PENDING_CONFIGURATION,MASTER_HEALTH_FACILITY_2024_07_23
1905,ZW070779,Golden Quarry Mine Clinic,Midlands,Shurugwi,-19.620977,29.982237,RHC,RURAL_HEALTH_CENTRE,Mine,MINE,Rural,RURAL,Primary,PRIMARY,263772111171,Open,ACTIVE_OR_OPERATIONAL,0,Feb-98,,,,NO,READY_WITH_COORDINATES,IMPORTED_PENDING_CONFIGURATION,MASTER_HEALTH_FACILITY_2024_07_23
1907,ZW070704,Gwanza Rural Health Centre,Midlands,Shurugwi,-19.779355,30.388623,RHC,RURAL_HEALTH_CENTRE,Government,GOVERNMENT,Rural,RURAL,Primary,PRIMARY,263 773257161,Open,ACTIVE_OR_OPERATIONAL,7,31362,,,,NO,READY_WITH_COORDINATES,IMPORTED_PENDING_CONFIGURATION,MASTER_HEALTH_FACILITY_2024_07_23
1908,ZW070790,Hanke Clinic,Midlands,Shurugwi,-19.643058,30.164115,RDC,CLINIC,Rural Council,RURAL_DISTRICT_COUNCIL,Rural,RURAL,Primary,PRIMARY,263 716866221,Open,ACTIVE_OR_OPERATIONAL,6,1983,,,,NO,READY_WITH_COORDINATES,IMPORTED_PENDING_CONFIGURATION,MASTER_HEALTH_FACILITY_2024_07_23
1909,ZW070777,Impali clinic,Midlands,Shurugwi,-19.657195,29.944132,RHC,RURAL_HEALTH_CENTRE,Private,PRIVATE,Rural,RURAL,Primary,PRIMARY,263 713982780,Open,ACTIVE_OR_OPERATIONAL,0,2020,,,,NO,READY_WITH_COORDINATES,IMPORTED_PENDING_CONFIGURATION,MASTER_HEALTH_FACILITY_2024_07_23
1910,ZW070745,Jobolinko Clinic,Midlands,Shurugwi,-19.68019812,30.28538228,RDC,CLINIC,Rural Council,RURAL_DISTRICT_COUNCIL,Rural,RURAL,Primary,PRIMARY,263 773691050,Open,ACTIVE_OR_OPERATIONAL,4,1971,,,,NO,READY_WITH_COORDINATES,IMPORTED_PENDING_CONFIGURATION,MASTER_HEALTH_FACILITY_2024_07_23
1911,ZW070746,Makusha Clinic,Midlands,Shurugwi,-19.676366,29.999425,RDC,CLINIC,Rural Council,RURAL_DISTRICT_COUNCIL,Urban,URBAN,Primary,PRIMARY,263 775041233,Open,ACTIVE_OR_OPERATIONAL,0,29618,,,,NO,READY_WITH_COORDINATES,IMPORTED_PENDING_CONFIGURATION,MASTER_HEALTH_FACILITY_2024_07_23
1912,ZW070705,Marishongwe Rural Health Centre,Midlands,Shurugwi,-19.862704,30.013937,RHC,RURAL_HEALTH_CENTRE,Government,GOVERNMENT,Rural,RURAL,Primary,PRIMARY,263 773742906,Open,ACTIVE_OR_OPERATIONAL,2,32810,,,,NO,READY_WITH_COORDINATES,IMPORTED_PENDING_CONFIGURATION,MASTER_HEALTH_FACILITY_2024_07_23
1913,ZW070727,Mazibisa Clinic,Midlands,Shurugwi,-19.85529,30.243709,RDC,CLINIC,Rural Council,RURAL_DISTRICT_COUNCIL,Rural,RURAL,Primary,PRIMARY,263 783283005,Open,ACTIVE_OR_OPERATIONAL,7,Oct-87,,,,NO,READY_WITH_COORDINATES,IMPORTED_PENDING_CONFIGURATION,MASTER_HEALTH_FACILITY_2024_07_23
1914,ZW070782,Munikwa Clinic,Midlands,Shurugwi,-19.48695559,30.32073192,RDC,CLINIC,Government,GOVERNMENT,Rural,RURAL,Primary,PRIMARY,263 7773491117,Open,ACTIVE_OR_OPERATIONAL,3,44057,,,,NO,READY_WITH_COORDINATES,IMPORTED_PENDING_CONFIGURATION,MASTER_HEALTH_FACILITY_2024_07_23
1916,ZW070792,Pakame Clinic,Midlands,Shurugwi,-19.93782,30.040947,RDC,CLINIC,Rural Council,RURAL_DISTRICT_COUNCIL,Rural,RURAL,Primary,PRIMARY,263 777426687,Open,ACTIVE_OR_OPERATIONAL,5,Aug-87,,,,NO,READY_WITH_COORDINATES,IMPORTED_PENDING_CONFIGURATION,MASTER_HEALTH_FACILITY_2024_07_23
1917,ZW070747,Rockford Clinic,Midlands,Shurugwi,-19.751278,30.307683,RDC,CLINIC,Rural Council,RURAL_DISTRICT_COUNCIL,Rural,RURAL,Primary,PRIMARY,263 713335525,Open,ACTIVE_OR_OPERATIONAL,3,30165,,,,NO,READY_WITH_COORDINATES,IMPORTED_PENDING_CONFIGURATION,MASTER_HEALTH_FACILITY_2024_07_23
1918,ZW070724,Ruchanyu,Midlands,Shurugwi,-19.842794,29.962744,RHC,RURAL_HEALTH_CENTRE,Government,GOVERNMENT,Rural,RURAL,Primary,PRIMARY,263 773580031,Open,ACTIVE_OR_OPERATIONAL,6,43248,,,,NO,READY_WITH_COORDINATES,IMPORTED_PENDING_CONFIGURATION,MASTER_HEALTH_FACILITY_2024_07_23
1919,ZW070706,Rusike Rural Health Centre,Midlands,Shurugwi,-19.898322,30.135983,RHC,RURAL_HEALTH_CENTRE,Government,GOVERNMENT,Rural,RURAL,Primary,PRIMARY,263 714032959,Open,ACTIVE_OR_OPERATIONAL,7,1986,,,,NO,READY_WITH_COORDINATES,IMPORTED_PENDING_CONFIGURATION,MASTER_HEALTH_FACILITY_2024_07_23
1920,ZW070772,Sebanga,Midlands,Shurugwi,-19.67723,29.975899,Clinic,CLINIC,Town Council,LOCAL_AUTHORITY,Urban,URBAN,Primary,PRIMARY,263781114042,Open,ACTIVE_OR_OPERATIONAL,0,44968,,,,NO,READY_WITH_COORDINATES,IMPORTED_PENDING_CONFIGURATION,MASTER_HEALTH_FACILITY_2024_07_23
1921,ZW07070A,Shurugwi District Hospital,Midlands,Shurugwi,-19.672045,29.998977,District Hospital,DISTRICT_HOSPITAL,Government,GOVERNMENT,Urban,URBAN,Secondary,SECONDARY,263 712760775,Open,ACTIVE_OR_OPERATIONAL,99,,,,,NO,READY_WITH_COORDINATES,IMPORTED_PENDING_CONFIGURATION,MASTER_HEALTH_FACILITY_2024_07_23
1922,ZW07070E,Shurugwi Impali Pvt Hosp,Midlands,Shurugwi,-19.649853,29.941326,PVT,PVT,Private,PRIVATE,Urban,URBAN,Secondary,SECONDARY,263773942503,Open,ACTIVE_OR_OPERATIONAL,,2022,,,,NO,READY_WITH_COORDINATES,IMPORTED_PENDING_CONFIGURATION,MASTER_HEALTH_FACILITY_2024_07_23
1923,ZW070709,Svika Rural Health Centre,Midlands,Shurugwi,-19.574648,30.254127,RHC,RURAL_HEALTH_CENTRE,Government,GOVERNMENT,Rural,RURAL,Primary,PRIMARY,263 773933547,Open,ACTIVE_OR_OPERATIONAL,20,38646,,,,NO,READY_WITH_COORDINATES,IMPORTED_PENDING_CONFIGURATION,MASTER_HEALTH_FACILITY_2024_07_23
1924,ZW070707,Tana Rural Health Centre,Midlands,Shurugwi,-19.890139,30.294923,RHC,RURAL_HEALTH_CENTRE,Government,GOVERNMENT,Rural,RURAL,Primary,PRIMARY,263 716836283,Open,ACTIVE_OR_OPERATIONAL,4,1987,,,,NO,READY_WITH_COORDINATES,IMPORTED_PENDING_CONFIGURATION,MASTER_HEALTH_FACILITY_2024_07_23
1925,ZW070748,Tokwe Clinic,Midlands,Shurugwi,-19.873273,30.403119,RDC,CLINIC,Rural Council,RURAL_DISTRICT_COUNCIL,Rural,RURAL,Primary,PRIMARY,263 775559777,Open,ACTIVE_OR_OPERATIONAL,9,15/112003,,,,NO,READY_WITH_COORDINATES,IMPORTED_PENDING_CONFIGURATION,MASTER_HEALTH_FACILITY_2024_07_23
1927,ZW070729,Tongogara Clinic,Midlands,Shurugwi,-19.721271,30.207943,RDC,CLINIC,Rural Council,RURAL_DISTRICT_COUNCIL,Rural,RURAL,Primary,PRIMARY,263 773273409,Open,ACTIVE_OR_OPERATIONAL,12,1971,,,,NO,READY_WITH_COORDINATES,IMPORTED_PENDING_CONFIGURATION,MASTER_HEALTH_FACILITY_2024_07_23
1928,ZW070780,Unki Clinic,Midlands,Shurugwi,,,RHC,RURAL_HEALTH_CENTRE,Mine,MINE,Rural,RURAL,Primary,PRIMARY,263 772100091,Open,ACTIVE_OR_OPERATIONAL,0,2012,,,Latitude; Longitude,YES,INCOMPLETE_MISSING_COORDINATES,IMPORTED_PENDING_CONFIGURATION,MASTER_HEALTH_FACILITY_2024_07_23
1929,ZW070710,Zhaugwe Rural Health Centre,Midlands,Shurugwi,-19.912185,29.884138,RHC,RURAL_HEALTH_CENTRE,Government,GOVERNMENT,Rural,RURAL,Primary,PRIMARY,263 774150988,Open,ACTIVE_OR_OPERATIONAL,7,2005,,,,NO,READY_WITH_COORDINATES,IMPORTED_PENDING_CONFIGURATION,MASTER_HEALTH_FACILITY_2024_07_23
1930,ZW070776,ZPS Shurugwi Prison Clinic,Midlands,Shurugwi,-19.670055,29.999733,RHC,RURAL_HEALTH_CENTRE,ZPS,ZIMBABWE_PRISONS_AND_CORRECTIONAL_SERVICE,Urban,URBAN,Primary,PRIMARY,263 712389906,Open,ACTIVE_OR_OPERATIONAL,0,,,,,NO,READY_WITH_COORDINATES,IMPORTED_PENDING_CONFIGURATION,MASTER_HEALTH_FACILITY_2024_07_23
1932,ZW070708,Zvarota Rural Health Centre,Midlands,Shurugwi,-19.556596,30.21228,RHC,RURAL_HEALTH_CENTRE,Government,GOVERNMENT,Rural,RURAL,Primary,PRIMARY,263 774150977,Open,ACTIVE_OR_OPERATIONAL,4,30616,,,,NO,READY_WITH_COORDINATES,IMPORTED_PENDING_CONFIGURATION,MASTER_HEALTH_FACILITY_2024_07_23
1933,ZW070781,Zviumwa RDC,Midlands,Shurugwi,-19.518944,30.132508,RHC,RURAL_HEALTH_CENTRE,Rural Council,RURAL_DISTRICT_COUNCIL,Rural,RURAL,Primary,PRIMARY,263 787184162,Open,ACTIVE_OR_OPERATIONAL,8,2017,,,,NO,READY_WITH_COORDINATES,IMPORTED_PENDING_CONFIGURATION,MASTER_HEALTH_FACILITY_2024_07_23
1935,ZW070881,Bannockburn Clinic,Midlands,Zvishavane,-20.290475,29.872367,RDC,CLINIC,Rural Council,RURAL_DISTRICT_COUNCIL,Rural,RURAL,Primary,PRIMARY,0776106710,Open,ACTIVE_OR_OPERATIONAL,0,,,,,NO,READY_WITH_COORDINATES,IMPORTED_PENDING_CONFIGURATION,MASTER_HEALTH_FACILITY_2024_07_23
1936,ZW070834,Chirere clinic,Midlands,Zvishavane,-20.237968,30.190062,RDC,CLINIC,Rural Council,RURAL_DISTRICT_COUNCIL,Rural,RURAL,Primary,PRIMARY,,,,8,,,,Status,YES,READY_WITH_COORDINATES,IMPORTED_PENDING_CONFIGURATION,MASTER_HEALTH_FACILITY_2024_07_23
1937,ZW070831,Dambudzo clinic,Midlands,Zvishavane,-20.019939,29.991817,RHC,RURAL_HEALTH_CENTRE,Rural Council,RURAL_DISTRICT_COUNCIL,Rural,RURAL,Primary,PRIMARY,0787177358,Open,ACTIVE_OR_OPERATIONAL,9,,,,,NO,READY_WITH_COORDINATES,IMPORTED_PENDING_CONFIGURATION,MASTER_HEALTH_FACILITY_2024_07_23
1938,ZW070832,Dayataya RHC,Midlands,Zvishavane,-20.241475,30.015337,RHC,RURAL_HEALTH_CENTRE,Rural Council,RURAL_DISTRICT_COUNCIL,Rural,RURAL,Primary,PRIMARY,0787177352,Open,ACTIVE_OR_OPERATIONAL,11,,,,,NO,READY_WITH_COORDINATES,IMPORTED_PENDING_CONFIGURATION,MASTER_HEALTH_FACILITY_2024_07_23
1940,ZW070825,Gudo Clinic,Midlands,Zvishavane,-20.390555,30.21943,RDC,CLINIC,Rural Council,RURAL_DISTRICT_COUNCIL,Rural,RURAL,Primary,PRIMARY,0787177357,Open,ACTIVE_OR_OPERATIONAL,0,,,,,NO,READY_WITH_COORDINATES,IMPORTED_PENDING_CONFIGURATION,MASTER_HEALTH_FACILITY_2024_07_23
1941,ZW070883,Itai Ngoni Medical Centre,Midlands,Zvishavane,,,Private,PRIVATE,Private,PRIVATE,Urban,URBAN,Primary,PRIMARY,0787951847,Open,ACTIVE_OR_OPERATIONAL,,,,,Latitude; Longitude,YES,INCOMPLETE_MISSING_COORDINATES,IMPORTED_PENDING_CONFIGURATION,MASTER_HEALTH_FACILITY_2024_07_23
1942,ZW07080B,Lundi Rural Hospital,Midlands,Zvishavane,-20.241475,30.015337,Rural Hospital,RURAL_HOSPITAL,Government,GOVERNMENT,Rural,RURAL,Secondary,SECONDARY,0787177349,Open,ACTIVE_OR_OPERATIONAL,60,,,,,NO,READY_WITH_COORDINATES,IMPORTED_PENDING_CONFIGURATION,MASTER_HEALTH_FACILITY_2024_07_23
1943,ZW070826,Mabasa Clinic,Midlands,Zvishavane,-20.145413,30.08657,RDC,CLINIC,Rural Council,RURAL_DISTRICT_COUNCIL,Rural,RURAL,Primary,PRIMARY,0787177354,Open,ACTIVE_OR_OPERATIONAL,6,,,,,NO,READY_WITH_COORDINATES,IMPORTED_PENDING_CONFIGURATION,MASTER_HEALTH_FACILITY_2024_07_23
1944,ZW070801,Maketo Rural Health Centre,Midlands,Zvishavane,-20.194874,29.934154,RHC,RURAL_HEALTH_CENTRE,Government,GOVERNMENT,Rural,RURAL,Primary,PRIMARY,0787177346,Open,ACTIVE_OR_OPERATIONAL,2,,,,,NO,READY_WITH_COORDINATES,IMPORTED_PENDING_CONFIGURATION,MASTER_HEALTH_FACILITY_2024_07_23
1945,ZW070802,Mandava Health Centre,Midlands,Zvishavane,-20.305413,30.060627,RHC,RURAL_HEALTH_CENTRE,Government,GOVERNMENT,Urban,URBAN,Primary,PRIMARY,0787177344,Open,ACTIVE_OR_OPERATIONAL,1,,,,,NO,READY_WITH_COORDINATES,IMPORTED_PENDING_CONFIGURATION,MASTER_HEALTH_FACILITY_2024_07_23
1947,ZW070833,Marira Clinic,Midlands,Zvishavane,-20.074231,30.106957,RDC,CLINIC,Government,GOVERNMENT,Rural,RURAL,Primary,PRIMARY,,Open,ACTIVE_OR_OPERATIONAL,,,,,,NO,READY_WITH_COORDINATES,IMPORTED_PENDING_CONFIGURATION,MASTER_HEALTH_FACILITY_2024_07_23
1949,ZW070887,Mhondongori Rural Health Centre,Midlands,Zvishavane,-20.27637,29.7905,RHC,RURAL_HEALTH_CENTRE,Government,GOVERNMENT,Rural,RURAL,Primary,PRIMARY,0787177344,Open,ACTIVE_OR_OPERATIONAL,6,,,,,NO,READY_WITH_COORDINATES,IMPORTED_PENDING_CONFIGURATION,MASTER_HEALTH_FACILITY_2024_07_23
1950,ZW070877,Mimosa Clinic,Midlands,Zvishavane,-20.329606,29.827812,RHC,RURAL_HEALTH_CENTRE,Mine,MINE,Rural,RURAL,Primary,PRIMARY,392354444,Open,ACTIVE_OR_OPERATIONAL,16,,,,,NO,READY_WITH_COORDINATES,IMPORTED_PENDING_CONFIGURATION,MASTER_HEALTH_FACILITY_2024_07_23
1951,ZW070828,Mrowa Clinic,Midlands,Zvishavane,-20.487795,30.388509,RDC,CLINIC,Rural Council,RURAL_DISTRICT_COUNCIL,Rural,RURAL,Primary,PRIMARY,0787177356,Open,ACTIVE_OR_OPERATIONAL,10,,,,,NO,READY_WITH_COORDINATES,IMPORTED_PENDING_CONFIGURATION,MASTER_HEALTH_FACILITY_2024_07_23
1953,ZW070829,Mtambi Clinic,Midlands,Zvishavane,-20.465314,30.283111,RDC,CLINIC,Rural Council,RURAL_DISTRICT_COUNCIL,Rural,RURAL,Primary,PRIMARY,0787177355,Open,ACTIVE_OR_OPERATIONAL,13,,,,,NO,READY_WITH_COORDINATES,IMPORTED_PENDING_CONFIGURATION,MASTER_HEALTH_FACILITY_2024_07_23
1954,ZW070808,Nectacare highlands family clinic,Midlands,Zvishavane,-20.297649,30.062795,RHC,RURAL_HEALTH_CENTRE,Private,PRIVATE,Urban,URBAN,Primary,PRIMARY,0773253567,Open,ACTIVE_OR_OPERATIONAL,0,,,,,NO,READY_WITH_COORDINATES,IMPORTED_PENDING_CONFIGURATION,MASTER_HEALTH_FACILITY_2024_07_23
1955,ZW070884,Rutendo Polyclinic,Midlands,Zvishavane,-20.31725,30.052589,RHC,RURAL_HEALTH_CENTRE,Private,PRIVATE,Urban,URBAN,Primary,PRIMARY,0712736596,Open,ACTIVE_OR_OPERATIONAL,6,,,,,NO,READY_WITH_COORDINATES,IMPORTED_PENDING_CONFIGURATION,MASTER_HEALTH_FACILITY_2024_07_23
1956,ZW07080D,RZM Mrowa Hospital,Midlands,Zvishavane,,,Private Hospital,PRIVATE_HOSPITAL,Mine,MINE,Rural,RURAL,Secondary,SECONDARY,,Open,ACTIVE_OR_OPERATIONAL,,,,,Latitude; Longitude,YES,INCOMPLETE_MISSING_COORDINATES,IMPORTED_PENDING_CONFIGURATION,MASTER_HEALTH_FACILITY_2024_07_23
1957,ZW070876,Sabi Mine Clinic,Midlands,Zvishavane,-20.389915,30.127206,RHC,RURAL_HEALTH_CENTRE,Mine,MINE,Peri-Urban,PERI_URBAN,Primary,PRIMARY,0718027711,Open,ACTIVE_OR_OPERATIONAL,2,,,,,NO,READY_WITH_COORDINATES,IMPORTED_PENDING_CONFIGURATION,MASTER_HEALTH_FACILITY_2024_07_23
1958,ZW07080C,Shabani Mine Hospital,Midlands,Zvishavane,-20.320886,30.062327,RHC,RURAL_HEALTH_CENTRE,Mine,MINE,Urban,URBAN,Secondary,SECONDARY,392354177,Open,ACTIVE_OR_OPERATIONAL,25,,,,,NO,READY_WITH_COORDINATES,IMPORTED_PENDING_CONFIGURATION,MASTER_HEALTH_FACILITY_2024_07_23
1959,ZW070804,Vugwi Rural Health Centre,Midlands,Zvishavane,-20.47233,30.176685,RHC,RURAL_HEALTH_CENTRE,Government,GOVERNMENT,Rural,RURAL,Primary,PRIMARY,0787177342,Open,ACTIVE_OR_OPERATIONAL,8,,,,,NO,READY_WITH_COORDINATES,IMPORTED_PENDING_CONFIGURATION,MASTER_HEALTH_FACILITY_2024_07_23
1960,ZW070805,Vukuzenzele Rural Health Centre,Midlands,Zvishavane,-20.019939,29.991817,RHC,RURAL_HEALTH_CENTRE,Government,GOVERNMENT,Rural,RURAL,Primary,PRIMARY,0787177353,Open,ACTIVE_OR_OPERATIONAL,3,,,,,NO,READY_WITH_COORDINATES,IMPORTED_PENDING_CONFIGURATION,MASTER_HEALTH_FACILITY_2024_07_23
1961,ZW070830,Welezi Clinic,Midlands,Zvishavane,-20.235021,30.114738,RDC,CLINIC,Rural Council,RURAL_DISTRICT_COUNCIL,Rural,RURAL,Primary,PRIMARY,0787177350,Open,ACTIVE_OR_OPERATIONAL,7,,,,,NO,READY_WITH_COORDINATES,IMPORTED_PENDING_CONFIGURATION,MASTER_HEALTH_FACILITY_2024_07_23
1962,ZW070880,ZPS Zvishavane Prison Clinic,Midlands,Zvishavane,-20.301862,30.0484101,RHC,RURAL_HEALTH_CENTRE,ZPS,ZIMBABWE_PRISONS_AND_CORRECTIONAL_SERVICE,Urban,URBAN,Primary,PRIMARY,392352000,Open,ACTIVE_OR_OPERATIONAL,1,,,,,NO,READY_WITH_COORDINATES,IMPORTED_PENDING_CONFIGURATION,MASTER_HEALTH_FACILITY_2024_07_23
1963,ZW07080A,Zvishavane District Hospital,Midlands,Zvishavane,-20.306401,30.047567,District Hospital,DISTRICT_HOSPITAL,Government,GOVERNMENT,Urban,URBAN,Secondary,SECONDARY,0776121558,Open,ACTIVE_OR_OPERATIONAL,140,,,,,NO,READY_WITH_COORDINATES,IMPORTED_PENDING_CONFIGURATION,MASTER_HEALTH_FACILITY_2024_07_23
1964,ZW070885,Zvishavane ZRP Clinic,Midlands,Zvishavane,-19.9061659,30.0033532,RHC,RURAL_HEALTH_CENTRE,ZRP,ZIMBABWE_REPUBLIC_POLICE,Urban,URBAN,Primary,PRIMARY,392352752,Open,ACTIVE_OR_OPERATIONAL,1,,,,,NO,READY_WITH_COORDINATES,IMPORTED_PENDING_CONFIGURATION,MASTER_HEALTH_FACILITY_2024_07_23
1965,ZW090A31,24 Hour Medical Centre,Bulawayo,Northern Surbubs,-20.195978,28.527843,Clinic,CLINIC,Private,PRIVATE,Urban,URBAN,Primary,PRIMARY,,Open,ACTIVE_OR_OPERATIONAL,,,,,,NO,READY_WITH_COORDINATES,IMPORTED_PENDING_CONFIGURATION,MASTER_HEALTH_FACILITY_2024_07_23
1966,ZW090A60,Blessed Heart,Bulawayo,Northern Surbubs,-20.165461,28.513986,Clinic,CLINIC,Private,PRIVATE,Urban,URBAN,Primary,PRIMARY,,Open,ACTIVE_OR_OPERATIONAL,,,,,,NO,READY_WITH_COORDINATES,IMPORTED_PENDING_CONFIGURATION,MASTER_HEALTH_FACILITY_2024_07_23
1967,ZW090A30,Bulawayo Family Health Clinic,Bulawayo,Northern Surbubs,-20.1372254,28.5064369,Clinic,CLINIC,Private,PRIVATE,Urban,URBAN,Primary,PRIMARY,,Open,ACTIVE_OR_OPERATIONAL,,,,,,NO,READY_WITH_COORDINATES,IMPORTED_PENDING_CONFIGURATION,MASTER_HEALTH_FACILITY_2024_07_23
1968,ZW090A49,Khami - Ceshhar Clinic,Bulawayo,Northern Surbubs,-20.1608593074753,28.5617335145795,Clinic,CLINIC,Private,PRIVATE,Urban,URBAN,Primary,PRIMARY,263782443719,Open,ACTIVE_OR_OPERATIONAL,,,,,,NO,READY_WITH_COORDINATES,IMPORTED_PENDING_CONFIGURATION,MASTER_HEALTH_FACILITY_2024_07_23
1969,ZW090A66,Charter House,Bulawayo,Northern Suburbs,-20.141735496107,28.5763026838643,Clinic,CLINIC,Private,PRIVATE,Urban,URBAN,Primary,PRIMARY,,Open,ACTIVE_OR_OPERATIONAL,,,,,,NO,READY_WITH_COORDINATES,IMPORTED_PENDING_CONFIGURATION,MASTER_HEALTH_FACILITY_2024_07_23
1970,ZW090A42,CIMAS,Bulawayo,Northern Surbubs,-20.1564505282563,28.588335884561,Clinic,CLINIC,Private,PRIVATE,Urban,URBAN,Primary,PRIMARY,2922-886239,Open,ACTIVE_OR_OPERATIONAL,,,,,,NO,READY_WITH_COORDINATES,IMPORTED_PENDING_CONFIGURATION,MASTER_HEALTH_FACILITY_2024_07_23
1971,ZW090A67,Conaught Health Centre,Bulawayo,Bulawayo,-20.142703,28.583906,Clinic,CLINIC,Private,PRIVATE,Urban,URBAN,Primary,PRIMARY,2922-70855 / 881421,Open,ACTIVE_OR_OPERATIONAL,,,,,,NO,READY_WITH_COORDINATES,IMPORTED_PENDING_CONFIGURATION,MASTER_HEALTH_FACILITY_2024_07_23
1972,ZW090A57,Corporate 24 Private Hospital,Bulawayo,Northen Suburbs,-20.1576161833008,28.5877752710607,Hospital,HOSPITAL_REQUIRES_LEVEL_REVIEW,Private,PRIVATE,Urban,URBAN,Primary,PRIMARY,,Open,ACTIVE_OR_OPERATIONAL,,,,,,NO,READY_WITH_COORDINATES,IMPORTED_PENDING_CONFIGURATION,MASTER_HEALTH_FACILITY_2024_07_23
1973,ZW090A27,Cowdray Park Clinic,Bulawayo,Bulawayo,-20.079605,28.508729,Clinic,CLINIC,Town/City Council,LOCAL_AUTHORITY,Urban,URBAN,Primary,PRIMARY,2922-561306 / 561565,Open,ACTIVE_OR_OPERATIONAL,,,,,,NO,READY_WITH_COORDINATES,IMPORTED_PENDING_CONFIGURATION,MASTER_HEALTH_FACILITY_2024_07_23
1974,ZW090A0I,Cowdray Park Health Centre,Bulawayo,Bulawayo,-20.071672,28.487899,Health Centre,HEALTH_CENTRE,Government,GOVERNMENT,Urban,URBAN,Primary,PRIMARY,,Open,ACTIVE_OR_OPERATIONAL,22,,,,,NO,READY_WITH_COORDINATES,IMPORTED_PENDING_CONFIGURATION,MASTER_HEALTH_FACILITY_2024_07_23
1975,ZW090A14,Dr Shennan Clinic,Bulawayo,Bulawayo,-20.189865,28.567552,Clinic,CLINIC,Town/City Council,LOCAL_AUTHORITY,Urban,URBAN,Primary,PRIMARY,2922-479209,Open,ACTIVE_OR_OPERATIONAL,,,,,,NO,READY_WITH_COORDINATES,IMPORTED_PENDING_CONFIGURATION,MASTER_HEALTH_FACILITY_2024_07_23
1976,ZW090A39,Dr W Ndebele Clinic,Bulawayo,Northern Surbubs,-20.1577155101316,28.588066998192,Clinic,CLINIC,Private,PRIVATE,Urban,URBAN,Primary,PRIMARY,2922-885439,Open,ACTIVE_OR_OPERATIONAL,,,,,,NO,READY_WITH_COORDINATES,IMPORTED_PENDING_CONFIGURATION,MASTER_HEALTH_FACILITY_2024_07_23
1977,ZW090A03,EF Watson Clinic,Bulawayo,Bulawayo,-20.143301,28.545191,Clinic,CLINIC,City Council,LOCAL_AUTHORITY,Urban,URBAN,Primary,PRIMARY,2922404214 / 400487,Open,ACTIVE_OR_OPERATIONAL,0,,,,,NO,READY_WITH_COORDINATES,IMPORTED_PENDING_CONFIGURATION,MASTER_HEALTH_FACILITY_2024_07_23
1978,ZW090A01,Emakhandeni Clinic,Bulawayo,Emakandeni,-20.1182876837212,28.5253750576024,Clinic,CLINIC,Town/City Council,LOCAL_AUTHORITY,Urban,URBAN,Primary,PRIMARY,2922-521677/8,Open,ACTIVE_OR_OPERATIONAL,,,,,,NO,READY_WITH_COORDINATES,IMPORTED_PENDING_CONFIGURATION,MASTER_HEALTH_FACILITY_2024_07_23
1979,ZW090A55,Emergency Poly Clinic,Bulawayo,Northern Surbubs,-20.1504683438591,28.5885708183778,Clinic,CLINIC,Private,PRIVATE,Urban,URBAN,Primary,PRIMARY,2922-521677/8,Open,ACTIVE_OR_OPERATIONAL,,,,,,NO,READY_WITH_COORDINATES,IMPORTED_PENDING_CONFIGURATION,MASTER_HEALTH_FACILITY_2024_07_23
1980,ZW090A65,Emganwini Clinic,Bulawayo,Bulawayo,-20.224589,28.510827,Clinic,CLINIC,Town/City Council,LOCAL_AUTHORITY,Urban,URBAN,Primary,PRIMARY,,Open,ACTIVE_OR_OPERATIONAL,,,,,,NO,READY_WITH_COORDINATES,IMPORTED_PENDING_CONFIGURATION,MASTER_HEALTH_FACILITY_2024_07_23
1981,ZW090A04,Entumbane Clinic,Bulawayo,Bulawayo,-20.121328,28.543961,Clinic,CLINIC,Town/City Council,LOCAL_AUTHORITY,Urban,URBAN,Primary,PRIMARY,,Open,ACTIVE_OR_OPERATIONAL,,,,,,NO,READY_WITH_COORDINATES,IMPORTED_PENDING_CONFIGURATION,MASTER_HEALTH_FACILITY_2024_07_23
1982,ZW090A22,Galen House Clinic,Bulawayo,Northern Surbubs,-20.1576919250297,28.5881736864214,Clinic,CLINIC,Private,PRIVATE,Urban,URBAN,Primary,PRIMARY,2922-419809 / 416276,Open,ACTIVE_OR_OPERATIONAL,,,,,,NO,READY_WITH_COORDINATES,IMPORTED_PENDING_CONFIGURATION,MASTER_HEALTH_FACILITY_2024_07_23
1983,ZW090A48,Hillside Teachers' College,Bulawayo,Northern Surbubs,-20.1843061409731,28.613042855739,Clinic,CLINIC,Private,PRIVATE,Urban,URBAN,Primary,PRIMARY,,Open,ACTIVE_OR_OPERATIONAL,,,,,,NO,READY_WITH_COORDINATES,IMPORTED_PENDING_CONFIGURATION,MASTER_HEALTH_FACILITY_2024_07_23
1984,ZW090B0B,Ingutsheni Central Hospital,Bulawayo,Northern Surbubs,-19.0153264228784,29.1548784576004,Central Hospital,CENTRAL_HOSPITAL,Government,GOVERNMENT,Urban,URBAN,Primary,PRIMARY,2922-42283/4,Open,ACTIVE_OR_OPERATIONAL,,,,,,NO,READY_WITH_COORDINATES,IMPORTED_PENDING_CONFIGURATION,MASTER_HEALTH_FACILITY_2024_07_23
1985,ZW090A0H,JMN Ekusileni Hospital,Bulawayo,Bulawayo,-20.177241,28.617545,Hospital,HOSPITAL_REQUIRES_LEVEL_REVIEW,Government,GOVERNMENT,Urban,URBAN,Quaternary,QUATERNARY,0292-466463-5,Open,ACTIVE_OR_OPERATIONAL,708,,,,,NO,READY_WITH_COORDINATES,IMPORTED_PENDING_CONFIGURATION,MASTER_HEALTH_FACILITY_2024_07_23
1986,ZW090A20,Jubilee Clinic,Bulawayo,Bulawayo,-20.155784,28.582036,Clinic,CLINIC,Private,PRIVATE,Urban,URBAN,Primary,PRIMARY,,Open,ACTIVE_OR_OPERATIONAL,,,,,,NO,READY_WITH_COORDINATES,IMPORTED_PENDING_CONFIGURATION,MASTER_HEALTH_FACILITY_2024_07_23
1987,ZW090A05,Khami Road Clinic,Bulawayo,Bulawayo,-20.155643,28.569871,Clinic,CLINIC,Town/City Council,LOCAL_AUTHORITY,Urban,URBAN,Primary,PRIMARY,2922-67579,Open,ACTIVE_OR_OPERATIONAL,,,,,,NO,READY_WITH_COORDINATES,IMPORTED_PENDING_CONFIGURATION,MASTER_HEALTH_FACILITY_2024_07_23
1988,ZW090A19,King's Maternity Clinic,Bulawayo,Northern Surbubs,-20.1513109673499,28.5806307885954,Clinic,CLINIC,Private,PRIVATE,Urban,URBAN,Primary,PRIMARY,2922-68576,Open,ACTIVE_OR_OPERATIONAL,,,,,,NO,READY_WITH_COORDINATES,IMPORTED_PENDING_CONFIGURATION,MASTER_HEALTH_FACILITY_2024_07_23
1989,ZW090A58,Lister House - Zimbabwe National Family Planning Services (ZNFPS),Bulawayo,Northen Suburbs,-17.8655137358872,31.0136221504795,Clinic,CLINIC,Private,PRIVATE,Urban,URBAN,Primary,PRIMARY,,Open,ACTIVE_OR_OPERATIONAL,,,,,,NO,READY_WITH_COORDINATES,IMPORTED_PENDING_CONFIGURATION,MASTER_HEALTH_FACILITY_2024_07_23
1990,ZW090A06,Luveve Clinic,Bulawayo,Bulawayo,-20.113787,28.512097,Clinic,CLINIC,Town/City Council,LOCAL_AUTHORITY,Urban,URBAN,Primary,PRIMARY,2922-520505 520200,Open,ACTIVE_OR_OPERATIONAL,,,,,,NO,READY_WITH_COORDINATES,IMPORTED_PENDING_CONFIGURATION,MASTER_HEALTH_FACILITY_2024_07_23
1991,ZW090A56,Luveve Private Clinic,Bulawayo,Northern Surbubs,-20.1206176,28.5148311,Clinic,CLINIC,private,PRIVATE,urban,URBAN,primary,PRIMARY,,open,ACTIVE_OR_OPERATIONAL,,,,,,NO,READY_WITH_COORDINATES,IMPORTED_PENDING_CONFIGURATION,MASTER_HEALTH_FACILITY_2024_07_23
1992,ZW090A07,Magwegwe Clinic,Bulawayo,Bulawayo,-20.136642,28.508323,Clinic,CLINIC,Town/City Council,LOCAL_AUTHORITY,Urban,URBAN,Primary,PRIMARY,2922-427589 / 425050,Open,ACTIVE_OR_OPERATIONAL,,,,,,NO,READY_WITH_COORDINATES,IMPORTED_PENDING_CONFIGURATION,MASTER_HEALTH_FACILITY_2024_07_23
1993,ZW090A47,Mahatshula Clinic,Bulawayo,Northen Suburbs,-20.1104598,28.6368622,Clinic,CLINIC,Town/City Council,LOCAL_AUTHORITY,Urban,URBAN,Primary,PRIMARY,,Open,ACTIVE_OR_OPERATIONAL,,,,,,NO,READY_WITH_COORDINATES,IMPORTED_PENDING_CONFIGURATION,MASTER_HEALTH_FACILITY_2024_07_23
1994,ZW090A33,Maqhawe Clinic,Bulawayo,Bulawayo,-20.182791,28.500535,Clinic,CLINIC,Town/City Council,LOCAL_AUTHORITY,Urban,URBAN,Primary,PRIMARY,2922-482304,Open,ACTIVE_OR_OPERATIONAL,,,,,,NO,READY_WITH_COORDINATES,IMPORTED_PENDING_CONFIGURATION,MASTER_HEALTH_FACILITY_2024_07_23
1995,ZW090A23,Marondera Poly Clinic,Bulawayo,Bulawayo,-20.138254,28.568022,Clinic,CLINIC,Private,PRIVATE,Urban,URBAN,Primary,PRIMARY,2922-209274,Open,ACTIVE_OR_OPERATIONAL,,,,,,NO,READY_WITH_COORDINATES,IMPORTED_PENDING_CONFIGURATION,MASTER_HEALTH_FACILITY_2024_07_23
1996,ZW090A0G,Mater Dei Hospital,Bulawayo,Northern Surbubs,-20.1805552068004,28.5970419287763,Hospital,HOSPITAL_REQUIRES_LEVEL_REVIEW,Private,PRIVATE,Urban,URBAN,Primary,PRIMARY,2922-240001,Open,ACTIVE_OR_OPERATIONAL,,,,,,NO,READY_WITH_COORDINATES,IMPORTED_PENDING_CONFIGURATION,MASTER_HEALTH_FACILITY_2024_07_23
1997,ZW090A21,Maternal and Child Health Centre,Bulawayo,Northern Surbubs,-20.1600676197984,28.5870524207867,Clinic,CLINIC,Private,PRIVATE,Urban,URBAN,Primary,PRIMARY,2922-763838,Open,ACTIVE_OR_OPERATIONAL,,,,,,NO,READY_WITH_COORDINATES,IMPORTED_PENDING_CONFIGURATION,MASTER_HEALTH_FACILITY_2024_07_23
1998,ZW090A0D,Mpilo Central Hospital,Bulawayo,Northern Surbubs,-20.1260102629113,28.5693734287649,Central Hospital,CENTRAL_HOSPITAL,Government,GOVERNMENT,Urban,URBAN,Quaternary,QUATERNARY,0292-212011-17,Open,ACTIVE_OR_OPERATIONAL,933,,,,,NO,READY_WITH_COORDINATES,IMPORTED_PENDING_CONFIGURATION,MASTER_HEALTH_FACILITY_2024_07_23
1999,ZW090A59,Mpilo ZNFPC Clinic,Bulawayo,Northen Suburbs,-20.1250678056196,28.5746514911084,Clinic,CLINIC,Private,PRIVATE,Urban,URBAN,Primary,PRIMARY,,Open,ACTIVE_OR_OPERATIONAL,,,,,,NO,READY_WITH_COORDINATES,IMPORTED_PENDING_CONFIGURATION,MASTER_HEALTH_FACILITY_2024_07_23
2000,ZW090A08,Mzilikazi Clinic,Bulawayo,Bulawayo,-20.138254,28.568022,Clinic,CLINIC,Town/City Council,LOCAL_AUTHORITY,Urban,URBAN,Primary,PRIMARY,2922-202829,Open,ACTIVE_OR_OPERATIONAL,,,,,,NO,READY_WITH_COORDINATES,IMPORTED_PENDING_CONFIGURATION,MASTER_HEALTH_FACILITY_2024_07_23
2001,ZW090A54,National University of Science and Technology,Bulawayo,Northern Surbubs,-20.153754223061,28.6395012291279,Clinic,CLINIC,Private,PRIVATE,Urban,URBAN,Primary,PRIMARY,263778711988,Open,ACTIVE_OR_OPERATIONAL,,,,,,NO,READY_WITH_COORDINATES,IMPORTED_PENDING_CONFIGURATION,MASTER_HEALTH_FACILITY_2024_07_23
2002,ZW090A09,Njube Clinic,Bulawayo,Bulawayo,-20.143301,28.545191,Clinic,CLINIC,Town/City Council,LOCAL_AUTHORITY,Urban,URBAN,Primary,PRIMARY,2922-419429,Open,ACTIVE_OR_OPERATIONAL,,,,,,NO,READY_WITH_COORDINATES,IMPORTED_PENDING_CONFIGURATION,MASTER_HEALTH_FACILITY_2024_07_23
2003,ZW090A17,Nketa Clinic,Bulawayo,Bulawayo,-20.202727,28.53169,Clinic,CLINIC,Town/City Council,LOCAL_AUTHORITY,Urban,URBAN,Primary,PRIMARY,2922-462315 /462203,Open,ACTIVE_OR_OPERATIONAL,,,,,,NO,READY_WITH_COORDINATES,IMPORTED_PENDING_CONFIGURATION,MASTER_HEALTH_FACILITY_2024_07_23
2004,ZW090A10,Nkulumane Clinic,Bulawayo,Bulawayo,-20.188798,28.519817,Clinic,CLINIC,Town/City Council,LOCAL_AUTHORITY,Urban,URBAN,Primary,PRIMARY,2922484152 /489144,Open,ACTIVE_OR_OPERATIONAL,,,,,,NO,READY_WITH_COORDINATES,IMPORTED_PENDING_CONFIGURATION,MASTER_HEALTH_FACILITY_2024_07_23
2005,ZW090A18,Northern Suburbs Clinic,Bulawayo,Bulawayo,-20.126838,28.590497,Clinic,CLINIC,Town/City Council,LOCAL_AUTHORITY,Urban,URBAN,Primary,PRIMARY,2922-201960 / 203260,Open,ACTIVE_OR_OPERATIONAL,,,,,,NO,READY_WITH_COORDINATES,IMPORTED_PENDING_CONFIGURATION,MASTER_HEALTH_FACILITY_2024_07_23
2006,ZW090A,Northlynne Clinic,Bulawayo,Northern Surbubs,-20.0886011123301,28.6008505098072,Clinic,CLINIC,Private,PRIVATE,Urban,URBAN,Primary,PRIMARY,,Open,ACTIVE_OR_OPERATIONAL,,,,,,NO,READY_WITH_COORDINATES,IMPORTED_PENDING_CONFIGURATION,MASTER_HEALTH_FACILITY_2024_07_23
2007,ZW090A53,NRZ,Bulawayo,Northern Surbubs,-20.1556497621302,28.5855992296092,Clinic,CLINIC,Private,PRIVATE,Urban,URBAN,Primary,PRIMARY,,Open,ACTIVE_OR_OPERATIONAL,,,,,,NO,READY_WITH_COORDINATES,IMPORTED_PENDING_CONFIGURATION,MASTER_HEALTH_FACILITY_2024_07_23
2008,ZW090A43,Parkade Centre,Bulawayo,Northern Surbubs,-20.156329060566,28.5846760342103,Clinic,CLINIC,Private,PRIVATE,Urban,URBAN,Primary,PRIMARY,2922-74244,Open,ACTIVE_OR_OPERATIONAL,,,,,,NO,READY_WITH_COORDINATES,IMPORTED_PENDING_CONFIGURATION,MASTER_HEALTH_FACILITY_2024_07_23
2009,ZW090A11,Pelandaba Clinic,Bulawayo,Bulawayo,-20.146954,28.527512,Clinic,CLINIC,Town/City Council,LOCAL_AUTHORITY,Urban,URBAN,Primary,PRIMARY,2922-412461,Open,ACTIVE_OR_OPERATIONAL,,,,,,NO,READY_WITH_COORDINATES,IMPORTED_PENDING_CONFIGURATION,MASTER_HEALTH_FACILITY_2024_07_23
2010,ZW090A12,Princess Margaret Clinic,Bulawayo,Bulawayo,-20.155507,28.589614,Clinic,CLINIC,Town/City Council,LOCAL_AUTHORITY,Urban,URBAN,Primary,PRIMARY,2922-60785,Open,ACTIVE_OR_OPERATIONAL,,,,,,NO,READY_WITH_COORDINATES,IMPORTED_PENDING_CONFIGURATION,MASTER_HEALTH_FACILITY_2024_07_23
2011,ZW090A41,PSI New Start Clinic,Bulawayo,Northern Surbubs,-20.1574558955298,28.5880234207758,Clinic,CLINIC,Private,PRIVATE,Urban,URBAN,Primary,PRIMARY,2922-882690/3 / 882691,Open,ACTIVE_OR_OPERATIONAL,,,,,,NO,READY_WITH_COORDINATES,IMPORTED_PENDING_CONFIGURATION,MASTER_HEALTH_FACILITY_2024_07_23
2012,ZW090A13,Pumula Clinic,Bulawayo,Bulawayo,-20.142204,28.480738,Clinic,CLINIC,Town/City Council,LOCAL_AUTHORITY,Urban,URBAN,Primary,PRIMARY,2922-429080,Open,ACTIVE_OR_OPERATIONAL,,,,,,NO,READY_WITH_COORDINATES,IMPORTED_PENDING_CONFIGURATION,MASTER_HEALTH_FACILITY_2024_07_23
2013,ZW090A35,Pumula South Clinic,Bulawayo,Bulawayo,-20.161452,28.478612,Clinic,CLINIC,Town/City Council,LOCAL_AUTHORITY,Urban,URBAN,Primary,PRIMARY,2922-422395,Open,ACTIVE_OR_OPERATIONAL,,,,,,NO,READY_WITH_COORDINATES,IMPORTED_PENDING_CONFIGURATION,MASTER_HEALTH_FACILITY_2024_07_23
2014,ZW090A44,Pumula South Private Maternity Clinic,Bulawayo,Northern Surbubs,-20.1622121891867,28.4684967764849,Clinic,CLINIC,Private,PRIVATE,Urban,URBAN,Primary,PRIMARY,263776990532,Open,ACTIVE_OR_OPERATIONAL,,,,,,NO,READY_WITH_COORDINATES,IMPORTED_PENDING_CONFIGURATION,MASTER_HEALTH_FACILITY_2024_07_23
2015,ZW090A45,Royal Women's Clinic,Bulawayo,Northern Surbubs,-20.1921533230575,28.6011885949107,Clinic,CLINIC,Private,PRIVATE,Urban,URBAN,Primary,PRIMARY,2922-245122/3,Open,ACTIVE_OR_OPERATIONAL,,,,,,NO,READY_WITH_COORDINATES,IMPORTED_PENDING_CONFIGURATION,MASTER_HEALTH_FACILITY_2024_07_23
2016,ZW090A28,Silver Oaks Medical Centre,Bulawayo,Northern Surbubs,-20.1636406619344,28.5859136832062,Clinic,CLINIC,Private,PRIVATE,Urban,URBAN,Primary,PRIMARY,2922-251266,Open,ACTIVE_OR_OPERATIONAL,,,,,,NO,READY_WITH_COORDINATES,IMPORTED_PENDING_CONFIGURATION,MASTER_HEALTH_FACILITY_2024_07_23
2017,ZW090A0E,Thorngrove Infectious Diseases Hospital,Bulawayo,Bulawayo,-20.147005,28.555921,Infectious Hospital,HOSPITAL_REQUIRES_LEVEL_REVIEW,Town/City Council,LOCAL_AUTHORITY,Urban,URBAN,Primary,PRIMARY,292261930 / 66745,Open,ACTIVE_OR_OPERATIONAL,240,,,,,NO,READY_WITH_COORDINATES,IMPORTED_PENDING_CONFIGURATION,MASTER_HEALTH_FACILITY_2024_07_23
2018,ZW090A02,Tshabalala Clinic,Bulawayo,Bulawayo,-20.174418,28.536174,Clinic,CLINIC,Town/City Council,LOCAL_AUTHORITY,Urban,URBAN,Primary,PRIMARY,2922-480861,Open,ACTIVE_OR_OPERATIONAL,,,,,,NO,READY_WITH_COORDINATES,IMPORTED_PENDING_CONFIGURATION,MASTER_HEALTH_FACILITY_2024_07_23
2019,ZW090C0C,United Bulawayo Hospital,Bulawayo,Northern Surbubs,-20.1641993082419,28.6162682342355,Central Hospital,CENTRAL_HOSPITAL,Government,GOVERNMENT,Urban,URBAN,Quaternary,QUATERNARY,0292-252111,Open,ACTIVE_OR_OPERATIONAL,650,,,,,NO,READY_WITH_COORDINATES,IMPORTED_PENDING_CONFIGURATION,MASTER_HEALTH_FACILITY_2024_07_23
2020,ZW090A64,ZNA Braddy BarracksClinic,Bulawayo,Northen Suburbs,-20.138992,28.47079,Clinic,CLINIC,ZNA,UNIFORMED_SERVICE,Urban,URBAN,Primary,PRIMARY,,Open,ACTIVE_OR_OPERATIONAL,,,,,,NO,READY_WITH_COORDINATES,IMPORTED_PENDING_CONFIGURATION,MASTER_HEALTH_FACILITY_2024_07_23
2021,ZW090A63,ZPS Bulawayo Prison Clinic,Bulawayo,Northen Suburbs,-20.0087120477649,28.6294642424037,Clinic,CLINIC,ZPS,ZIMBABWE_PRISONS_AND_CORRECTIONAL_SERVICE,Urban,URBAN,Primary,PRIMARY,,Open,ACTIVE_OR_OPERATIONAL,,,,,,NO,READY_WITH_COORDINATES,IMPORTED_PENDING_CONFIGURATION,MASTER_HEALTH_FACILITY_2024_07_23
2022,ZW090A62,ZRP Rosecamp Clinic,Bulawayo,Northern Surbubs,-20.1517204018765,28.5730334205744,Clinic,CLINIC,ZRP,ZIMBABWE_REPUBLIC_POLICE,Urban,URBAN,Primary,PRIMARY,,Open,ACTIVE_OR_OPERATIONAL,,,,,,NO,READY_WITH_COORDINATES,IMPORTED_PENDING_CONFIGURATION,MASTER_HEALTH_FACILITY_2024_07_23
2023,ZW030272,Chivaraidze Clinic(Pvt),Mashonaland East,Goromonzi,-17.8507077,31.3278751,clinic,CLINIC,Private,PRIVATE,Rural,RURAL,Primary,PRIMARY,,Active,ACTIVE_OR_OPERATIONAL,,,,,,NO,READY_WITH_COORDINATES,IMPORTED_PENDING_CONFIGURATION,MASTER_HEALTH_FACILITY_2024_07_23
